[2025-11-15T02:07:30.631+0000] {processor.py:161} INFO - Started process (PID=652) to work on /opt/airflow/dags/daily_summary.py
[2025-11-15T02:07:30.635+0000] {processor.py:830} INFO - Processing file /opt/airflow/dags/daily_summary.py for tasks to queue
[2025-11-15T02:07:30.638+0000] {logging_mixin.py:188} INFO - [2025-11-15T02:07:30.637+0000] {dagbag.py:538} INFO - Filling up the DagBag from /opt/airflow/dags/daily_summary.py
[2025-11-15T02:07:31.230+0000] {processor.py:840} INFO - DAG(s) 'daily_summary' retrieved from /opt/airflow/dags/daily_summary.py
[2025-11-15T02:07:31.506+0000] {logging_mixin.py:188} INFO - [2025-11-15T02:07:31.505+0000] {dag.py:3036} INFO - Sync 1 DAGs
[2025-11-15T02:07:31.784+0000] {logging_mixin.py:188} INFO - [2025-11-15T02:07:31.783+0000] {dag.py:3823} INFO - Setting next_dagrun for daily_summary to 2025-11-15 00:00:00+00:00, run_after=2025-11-16 00:00:00+00:00
[2025-11-15T02:07:32.066+0000] {processor.py:183} INFO - Processing /opt/airflow/dags/daily_summary.py took 1.446 seconds
[2025-11-15T02:08:02.511+0000] {processor.py:161} INFO - Started process (PID=664) to work on /opt/airflow/dags/daily_summary.py
[2025-11-15T02:08:02.514+0000] {processor.py:830} INFO - Processing file /opt/airflow/dags/daily_summary.py for tasks to queue
[2025-11-15T02:08:02.517+0000] {logging_mixin.py:188} INFO - [2025-11-15T02:08:02.516+0000] {dagbag.py:538} INFO - Filling up the DagBag from /opt/airflow/dags/daily_summary.py
[2025-11-15T02:08:02.677+0000] {processor.py:840} INFO - DAG(s) 'daily_summary' retrieved from /opt/airflow/dags/daily_summary.py
[2025-11-15T02:08:02.728+0000] {logging_mixin.py:188} INFO - [2025-11-15T02:08:02.727+0000] {dag.py:3036} INFO - Sync 1 DAGs
[2025-11-15T02:08:02.766+0000] {logging_mixin.py:188} INFO - [2025-11-15T02:08:02.766+0000] {dag.py:3823} INFO - Setting next_dagrun for daily_summary to 2025-11-15 00:00:00+00:00, run_after=2025-11-16 00:00:00+00:00
[2025-11-15T02:08:02.799+0000] {processor.py:183} INFO - Processing /opt/airflow/dags/daily_summary.py took 0.295 seconds
[2025-11-15T02:08:33.077+0000] {processor.py:161} INFO - Started process (PID=669) to work on /opt/airflow/dags/daily_summary.py
[2025-11-15T02:08:33.079+0000] {processor.py:830} INFO - Processing file /opt/airflow/dags/daily_summary.py for tasks to queue
[2025-11-15T02:08:33.080+0000] {logging_mixin.py:188} INFO - [2025-11-15T02:08:33.080+0000] {dagbag.py:538} INFO - Filling up the DagBag from /opt/airflow/dags/daily_summary.py
[2025-11-15T02:08:33.151+0000] {processor.py:840} INFO - DAG(s) 'daily_summary' retrieved from /opt/airflow/dags/daily_summary.py
[2025-11-15T02:08:33.165+0000] {logging_mixin.py:188} INFO - [2025-11-15T02:08:33.165+0000] {dag.py:3036} INFO - Sync 1 DAGs
[2025-11-15T02:08:33.184+0000] {logging_mixin.py:188} INFO - [2025-11-15T02:08:33.183+0000] {dag.py:3823} INFO - Setting next_dagrun for daily_summary to 2025-11-15 00:00:00+00:00, run_after=2025-11-16 00:00:00+00:00
[2025-11-15T02:08:33.214+0000] {processor.py:183} INFO - Processing /opt/airflow/dags/daily_summary.py took 0.140 seconds
[2025-11-15T02:11:50.132+0000] {processor.py:161} INFO - Started process (PID=175) to work on /opt/airflow/dags/daily_summary.py
[2025-11-15T02:11:50.133+0000] {processor.py:830} INFO - Processing file /opt/airflow/dags/daily_summary.py for tasks to queue
[2025-11-15T02:11:50.135+0000] {logging_mixin.py:188} INFO - [2025-11-15T02:11:50.134+0000] {dagbag.py:538} INFO - Filling up the DagBag from /opt/airflow/dags/daily_summary.py
[2025-11-15T02:11:50.317+0000] {processor.py:840} INFO - DAG(s) 'daily_summary' retrieved from /opt/airflow/dags/daily_summary.py
[2025-11-15T02:11:50.359+0000] {logging_mixin.py:188} INFO - [2025-11-15T02:11:50.359+0000] {dag.py:3036} INFO - Sync 1 DAGs
[2025-11-15T02:11:50.394+0000] {logging_mixin.py:188} INFO - [2025-11-15T02:11:50.393+0000] {dag.py:3823} INFO - Setting next_dagrun for daily_summary to 2025-11-15 00:00:00+00:00, run_after=2025-11-16 00:00:00+00:00
[2025-11-15T02:11:50.425+0000] {processor.py:183} INFO - Processing /opt/airflow/dags/daily_summary.py took 0.297 seconds
[2025-11-15T02:12:20.784+0000] {processor.py:161} INFO - Started process (PID=180) to work on /opt/airflow/dags/daily_summary.py
[2025-11-15T02:12:20.786+0000] {processor.py:830} INFO - Processing file /opt/airflow/dags/daily_summary.py for tasks to queue
[2025-11-15T02:12:20.787+0000] {logging_mixin.py:188} INFO - [2025-11-15T02:12:20.787+0000] {dagbag.py:538} INFO - Filling up the DagBag from /opt/airflow/dags/daily_summary.py
[2025-11-15T02:12:20.904+0000] {processor.py:840} INFO - DAG(s) 'daily_summary' retrieved from /opt/airflow/dags/daily_summary.py
[2025-11-15T02:12:21.158+0000] {logging_mixin.py:188} INFO - [2025-11-15T02:12:21.157+0000] {dag.py:3036} INFO - Sync 1 DAGs
[2025-11-15T02:12:21.188+0000] {logging_mixin.py:188} INFO - [2025-11-15T02:12:21.188+0000] {dag.py:3823} INFO - Setting next_dagrun for daily_summary to 2025-11-15 00:00:00+00:00, run_after=2025-11-16 00:00:00+00:00
[2025-11-15T02:12:21.223+0000] {processor.py:183} INFO - Processing /opt/airflow/dags/daily_summary.py took 0.443 seconds
[2025-11-15T02:12:51.702+0000] {processor.py:161} INFO - Started process (PID=185) to work on /opt/airflow/dags/daily_summary.py
[2025-11-15T02:12:51.706+0000] {processor.py:830} INFO - Processing file /opt/airflow/dags/daily_summary.py for tasks to queue
[2025-11-15T02:12:51.708+0000] {logging_mixin.py:188} INFO - [2025-11-15T02:12:51.708+0000] {dagbag.py:538} INFO - Filling up the DagBag from /opt/airflow/dags/daily_summary.py
[2025-11-15T02:12:51.862+0000] {processor.py:840} INFO - DAG(s) 'daily_summary' retrieved from /opt/airflow/dags/daily_summary.py
[2025-11-15T02:12:51.920+0000] {logging_mixin.py:188} INFO - [2025-11-15T02:12:51.919+0000] {dag.py:3036} INFO - Sync 1 DAGs
[2025-11-15T02:12:51.980+0000] {logging_mixin.py:188} INFO - [2025-11-15T02:12:51.980+0000] {dag.py:3823} INFO - Setting next_dagrun for daily_summary to 2025-11-15 00:00:00+00:00, run_after=2025-11-16 00:00:00+00:00
[2025-11-15T02:12:52.030+0000] {processor.py:183} INFO - Processing /opt/airflow/dags/daily_summary.py took 0.337 seconds
[2025-11-15T02:13:22.446+0000] {processor.py:161} INFO - Started process (PID=190) to work on /opt/airflow/dags/daily_summary.py
[2025-11-15T02:13:22.448+0000] {processor.py:830} INFO - Processing file /opt/airflow/dags/daily_summary.py for tasks to queue
[2025-11-15T02:13:22.449+0000] {logging_mixin.py:188} INFO - [2025-11-15T02:13:22.449+0000] {dagbag.py:538} INFO - Filling up the DagBag from /opt/airflow/dags/daily_summary.py
[2025-11-15T02:13:22.571+0000] {processor.py:840} INFO - DAG(s) 'daily_summary' retrieved from /opt/airflow/dags/daily_summary.py
[2025-11-15T02:13:22.643+0000] {logging_mixin.py:188} INFO - [2025-11-15T02:13:22.643+0000] {dag.py:3036} INFO - Sync 1 DAGs
[2025-11-15T02:13:22.688+0000] {logging_mixin.py:188} INFO - [2025-11-15T02:13:22.688+0000] {dag.py:3823} INFO - Setting next_dagrun for daily_summary to 2025-11-15 00:00:00+00:00, run_after=2025-11-16 00:00:00+00:00
[2025-11-15T02:13:22.745+0000] {processor.py:183} INFO - Processing /opt/airflow/dags/daily_summary.py took 0.303 seconds
[2025-11-15T02:13:53.190+0000] {processor.py:161} INFO - Started process (PID=195) to work on /opt/airflow/dags/daily_summary.py
[2025-11-15T02:13:53.193+0000] {processor.py:830} INFO - Processing file /opt/airflow/dags/daily_summary.py for tasks to queue
[2025-11-15T02:13:53.195+0000] {logging_mixin.py:188} INFO - [2025-11-15T02:13:53.195+0000] {dagbag.py:538} INFO - Filling up the DagBag from /opt/airflow/dags/daily_summary.py
[2025-11-15T02:13:53.348+0000] {processor.py:840} INFO - DAG(s) 'daily_summary' retrieved from /opt/airflow/dags/daily_summary.py
[2025-11-15T02:13:53.387+0000] {logging_mixin.py:188} INFO - [2025-11-15T02:13:53.386+0000] {dag.py:3036} INFO - Sync 1 DAGs
[2025-11-15T02:13:53.426+0000] {logging_mixin.py:188} INFO - [2025-11-15T02:13:53.425+0000] {dag.py:3823} INFO - Setting next_dagrun for daily_summary to 2025-11-15 00:00:00+00:00, run_after=2025-11-16 00:00:00+00:00
[2025-11-15T02:13:53.483+0000] {processor.py:183} INFO - Processing /opt/airflow/dags/daily_summary.py took 0.300 seconds
[2025-11-15T02:14:23.945+0000] {processor.py:161} INFO - Started process (PID=200) to work on /opt/airflow/dags/daily_summary.py
[2025-11-15T02:14:23.946+0000] {processor.py:830} INFO - Processing file /opt/airflow/dags/daily_summary.py for tasks to queue
[2025-11-15T02:14:23.948+0000] {logging_mixin.py:188} INFO - [2025-11-15T02:14:23.948+0000] {dagbag.py:538} INFO - Filling up the DagBag from /opt/airflow/dags/daily_summary.py
[2025-11-15T02:14:24.071+0000] {processor.py:840} INFO - DAG(s) 'daily_summary' retrieved from /opt/airflow/dags/daily_summary.py
[2025-11-15T02:14:24.126+0000] {logging_mixin.py:188} INFO - [2025-11-15T02:14:24.125+0000] {dag.py:3036} INFO - Sync 1 DAGs
[2025-11-15T02:14:24.170+0000] {logging_mixin.py:188} INFO - [2025-11-15T02:14:24.169+0000] {dag.py:3823} INFO - Setting next_dagrun for daily_summary to 2025-11-15 00:00:00+00:00, run_after=2025-11-16 00:00:00+00:00
[2025-11-15T02:14:24.208+0000] {processor.py:183} INFO - Processing /opt/airflow/dags/daily_summary.py took 0.268 seconds
[2025-11-15T02:14:54.564+0000] {processor.py:161} INFO - Started process (PID=205) to work on /opt/airflow/dags/daily_summary.py
[2025-11-15T02:14:54.566+0000] {processor.py:830} INFO - Processing file /opt/airflow/dags/daily_summary.py for tasks to queue
[2025-11-15T02:14:54.568+0000] {logging_mixin.py:188} INFO - [2025-11-15T02:14:54.567+0000] {dagbag.py:538} INFO - Filling up the DagBag from /opt/airflow/dags/daily_summary.py
[2025-11-15T02:14:54.673+0000] {processor.py:840} INFO - DAG(s) 'daily_summary' retrieved from /opt/airflow/dags/daily_summary.py
[2025-11-15T02:14:54.709+0000] {logging_mixin.py:188} INFO - [2025-11-15T02:14:54.709+0000] {dag.py:3036} INFO - Sync 1 DAGs
[2025-11-15T02:14:54.739+0000] {logging_mixin.py:188} INFO - [2025-11-15T02:14:54.739+0000] {dag.py:3823} INFO - Setting next_dagrun for daily_summary to 2025-11-15 00:00:00+00:00, run_after=2025-11-16 00:00:00+00:00
[2025-11-15T02:14:54.779+0000] {processor.py:183} INFO - Processing /opt/airflow/dags/daily_summary.py took 0.220 seconds
[2025-11-15T02:15:24.963+0000] {processor.py:161} INFO - Started process (PID=210) to work on /opt/airflow/dags/daily_summary.py
[2025-11-15T02:15:24.965+0000] {processor.py:830} INFO - Processing file /opt/airflow/dags/daily_summary.py for tasks to queue
[2025-11-15T02:15:24.967+0000] {logging_mixin.py:188} INFO - [2025-11-15T02:15:24.967+0000] {dagbag.py:538} INFO - Filling up the DagBag from /opt/airflow/dags/daily_summary.py
[2025-11-15T02:15:25.109+0000] {processor.py:840} INFO - DAG(s) 'daily_summary' retrieved from /opt/airflow/dags/daily_summary.py
[2025-11-15T02:15:25.159+0000] {logging_mixin.py:188} INFO - [2025-11-15T02:15:25.159+0000] {dag.py:3036} INFO - Sync 1 DAGs
[2025-11-15T02:15:25.209+0000] {logging_mixin.py:188} INFO - [2025-11-15T02:15:25.208+0000] {dag.py:3823} INFO - Setting next_dagrun for daily_summary to 2025-11-15 00:00:00+00:00, run_after=2025-11-16 00:00:00+00:00
[2025-11-15T02:15:25.258+0000] {processor.py:183} INFO - Processing /opt/airflow/dags/daily_summary.py took 0.301 seconds
[2025-11-15T02:15:55.533+0000] {processor.py:161} INFO - Started process (PID=215) to work on /opt/airflow/dags/daily_summary.py
[2025-11-15T02:15:55.535+0000] {processor.py:830} INFO - Processing file /opt/airflow/dags/daily_summary.py for tasks to queue
[2025-11-15T02:15:55.536+0000] {logging_mixin.py:188} INFO - [2025-11-15T02:15:55.536+0000] {dagbag.py:538} INFO - Filling up the DagBag from /opt/airflow/dags/daily_summary.py
[2025-11-15T02:15:55.642+0000] {processor.py:840} INFO - DAG(s) 'daily_summary' retrieved from /opt/airflow/dags/daily_summary.py
[2025-11-15T02:15:55.674+0000] {logging_mixin.py:188} INFO - [2025-11-15T02:15:55.674+0000] {dag.py:3036} INFO - Sync 1 DAGs
[2025-11-15T02:15:55.706+0000] {logging_mixin.py:188} INFO - [2025-11-15T02:15:55.706+0000] {dag.py:3823} INFO - Setting next_dagrun for daily_summary to 2025-11-15 00:00:00+00:00, run_after=2025-11-16 00:00:00+00:00
[2025-11-15T02:15:55.752+0000] {processor.py:183} INFO - Processing /opt/airflow/dags/daily_summary.py took 0.225 seconds
[2025-11-15T02:17:01.100+0000] {processor.py:161} INFO - Started process (PID=175) to work on /opt/airflow/dags/daily_summary.py
[2025-11-15T02:17:01.102+0000] {processor.py:830} INFO - Processing file /opt/airflow/dags/daily_summary.py for tasks to queue
[2025-11-15T02:17:01.103+0000] {logging_mixin.py:188} INFO - [2025-11-15T02:17:01.103+0000] {dagbag.py:538} INFO - Filling up the DagBag from /opt/airflow/dags/daily_summary.py
[2025-11-15T02:17:01.262+0000] {processor.py:840} INFO - DAG(s) 'daily_summary' retrieved from /opt/airflow/dags/daily_summary.py
[2025-11-15T02:17:01.292+0000] {logging_mixin.py:188} INFO - [2025-11-15T02:17:01.292+0000] {dag.py:3036} INFO - Sync 1 DAGs
[2025-11-15T02:17:01.318+0000] {logging_mixin.py:188} INFO - [2025-11-15T02:17:01.318+0000] {dag.py:3823} INFO - Setting next_dagrun for daily_summary to 2025-11-15 00:00:00+00:00, run_after=2025-11-16 00:00:00+00:00
[2025-11-15T02:17:01.357+0000] {processor.py:183} INFO - Processing /opt/airflow/dags/daily_summary.py took 0.263 seconds
[2025-11-15T02:17:31.479+0000] {processor.py:161} INFO - Started process (PID=180) to work on /opt/airflow/dags/daily_summary.py
[2025-11-15T02:17:31.481+0000] {processor.py:830} INFO - Processing file /opt/airflow/dags/daily_summary.py for tasks to queue
[2025-11-15T02:17:31.483+0000] {logging_mixin.py:188} INFO - [2025-11-15T02:17:31.482+0000] {dagbag.py:538} INFO - Filling up the DagBag from /opt/airflow/dags/daily_summary.py
[2025-11-15T02:17:31.640+0000] {processor.py:840} INFO - DAG(s) 'daily_summary' retrieved from /opt/airflow/dags/daily_summary.py
[2025-11-15T02:17:31.870+0000] {logging_mixin.py:188} INFO - [2025-11-15T02:17:31.870+0000] {dag.py:3036} INFO - Sync 1 DAGs
[2025-11-15T02:17:31.912+0000] {logging_mixin.py:188} INFO - [2025-11-15T02:17:31.911+0000] {dag.py:3823} INFO - Setting next_dagrun for daily_summary to 2025-11-15 00:00:00+00:00, run_after=2025-11-16 00:00:00+00:00
[2025-11-15T02:17:31.957+0000] {processor.py:183} INFO - Processing /opt/airflow/dags/daily_summary.py took 0.487 seconds
[2025-11-15T02:18:02.375+0000] {processor.py:161} INFO - Started process (PID=185) to work on /opt/airflow/dags/daily_summary.py
[2025-11-15T02:18:02.377+0000] {processor.py:830} INFO - Processing file /opt/airflow/dags/daily_summary.py for tasks to queue
[2025-11-15T02:18:02.379+0000] {logging_mixin.py:188} INFO - [2025-11-15T02:18:02.379+0000] {dagbag.py:538} INFO - Filling up the DagBag from /opt/airflow/dags/daily_summary.py
[2025-11-15T02:18:02.539+0000] {processor.py:840} INFO - DAG(s) 'daily_summary' retrieved from /opt/airflow/dags/daily_summary.py
[2025-11-15T02:18:02.597+0000] {logging_mixin.py:188} INFO - [2025-11-15T02:18:02.597+0000] {dag.py:3036} INFO - Sync 1 DAGs
[2025-11-15T02:18:02.644+0000] {logging_mixin.py:188} INFO - [2025-11-15T02:18:02.643+0000] {dag.py:3823} INFO - Setting next_dagrun for daily_summary to 2025-11-15 00:00:00+00:00, run_after=2025-11-16 00:00:00+00:00
[2025-11-15T02:18:02.679+0000] {processor.py:183} INFO - Processing /opt/airflow/dags/daily_summary.py took 0.308 seconds
[2025-11-15T02:18:33.093+0000] {processor.py:161} INFO - Started process (PID=190) to work on /opt/airflow/dags/daily_summary.py
[2025-11-15T02:18:33.095+0000] {processor.py:830} INFO - Processing file /opt/airflow/dags/daily_summary.py for tasks to queue
[2025-11-15T02:18:33.097+0000] {logging_mixin.py:188} INFO - [2025-11-15T02:18:33.096+0000] {dagbag.py:538} INFO - Filling up the DagBag from /opt/airflow/dags/daily_summary.py
[2025-11-15T02:18:33.241+0000] {processor.py:840} INFO - DAG(s) 'daily_summary' retrieved from /opt/airflow/dags/daily_summary.py
[2025-11-15T02:18:33.296+0000] {logging_mixin.py:188} INFO - [2025-11-15T02:18:33.296+0000] {dag.py:3036} INFO - Sync 1 DAGs
[2025-11-15T02:18:33.334+0000] {logging_mixin.py:188} INFO - [2025-11-15T02:18:33.334+0000] {dag.py:3823} INFO - Setting next_dagrun for daily_summary to 2025-11-15 00:00:00+00:00, run_after=2025-11-16 00:00:00+00:00
[2025-11-15T02:18:33.388+0000] {processor.py:183} INFO - Processing /opt/airflow/dags/daily_summary.py took 0.301 seconds
[2025-11-15T02:19:03.798+0000] {processor.py:161} INFO - Started process (PID=195) to work on /opt/airflow/dags/daily_summary.py
[2025-11-15T02:19:03.800+0000] {processor.py:830} INFO - Processing file /opt/airflow/dags/daily_summary.py for tasks to queue
[2025-11-15T02:19:03.803+0000] {logging_mixin.py:188} INFO - [2025-11-15T02:19:03.802+0000] {dagbag.py:538} INFO - Filling up the DagBag from /opt/airflow/dags/daily_summary.py
[2025-11-15T02:19:03.935+0000] {processor.py:840} INFO - DAG(s) 'daily_summary' retrieved from /opt/airflow/dags/daily_summary.py
[2025-11-15T02:19:03.970+0000] {logging_mixin.py:188} INFO - [2025-11-15T02:19:03.970+0000] {dag.py:3036} INFO - Sync 1 DAGs
[2025-11-15T02:19:04.008+0000] {logging_mixin.py:188} INFO - [2025-11-15T02:19:04.007+0000] {dag.py:3823} INFO - Setting next_dagrun for daily_summary to 2025-11-15 00:00:00+00:00, run_after=2025-11-16 00:00:00+00:00
[2025-11-15T02:19:04.040+0000] {processor.py:183} INFO - Processing /opt/airflow/dags/daily_summary.py took 0.251 seconds
[2025-11-15T02:19:34.193+0000] {processor.py:161} INFO - Started process (PID=200) to work on /opt/airflow/dags/daily_summary.py
[2025-11-15T02:19:34.196+0000] {processor.py:830} INFO - Processing file /opt/airflow/dags/daily_summary.py for tasks to queue
[2025-11-15T02:19:34.200+0000] {logging_mixin.py:188} INFO - [2025-11-15T02:19:34.199+0000] {dagbag.py:538} INFO - Filling up the DagBag from /opt/airflow/dags/daily_summary.py
[2025-11-15T02:19:34.325+0000] {processor.py:840} INFO - DAG(s) 'daily_summary' retrieved from /opt/airflow/dags/daily_summary.py
[2025-11-15T02:19:34.353+0000] {logging_mixin.py:188} INFO - [2025-11-15T02:19:34.353+0000] {dag.py:3036} INFO - Sync 1 DAGs
[2025-11-15T02:19:34.388+0000] {logging_mixin.py:188} INFO - [2025-11-15T02:19:34.387+0000] {dag.py:3823} INFO - Setting next_dagrun for daily_summary to 2025-11-15 00:00:00+00:00, run_after=2025-11-16 00:00:00+00:00
[2025-11-15T02:19:34.439+0000] {processor.py:183} INFO - Processing /opt/airflow/dags/daily_summary.py took 0.255 seconds
[2025-11-15T02:20:04.836+0000] {processor.py:161} INFO - Started process (PID=205) to work on /opt/airflow/dags/daily_summary.py
[2025-11-15T02:20:04.838+0000] {processor.py:830} INFO - Processing file /opt/airflow/dags/daily_summary.py for tasks to queue
[2025-11-15T02:20:04.840+0000] {logging_mixin.py:188} INFO - [2025-11-15T02:20:04.839+0000] {dagbag.py:538} INFO - Filling up the DagBag from /opt/airflow/dags/daily_summary.py
[2025-11-15T02:20:04.967+0000] {processor.py:840} INFO - DAG(s) 'daily_summary' retrieved from /opt/airflow/dags/daily_summary.py
[2025-11-15T02:20:05.001+0000] {logging_mixin.py:188} INFO - [2025-11-15T02:20:05.000+0000] {dag.py:3036} INFO - Sync 1 DAGs
[2025-11-15T02:20:05.031+0000] {logging_mixin.py:188} INFO - [2025-11-15T02:20:05.031+0000] {dag.py:3823} INFO - Setting next_dagrun for daily_summary to 2025-11-15 00:00:00+00:00, run_after=2025-11-16 00:00:00+00:00
[2025-11-15T02:20:05.061+0000] {processor.py:183} INFO - Processing /opt/airflow/dags/daily_summary.py took 0.229 seconds
[2025-11-15T02:20:35.238+0000] {processor.py:161} INFO - Started process (PID=210) to work on /opt/airflow/dags/daily_summary.py
[2025-11-15T02:20:35.240+0000] {processor.py:830} INFO - Processing file /opt/airflow/dags/daily_summary.py for tasks to queue
[2025-11-15T02:20:35.243+0000] {logging_mixin.py:188} INFO - [2025-11-15T02:20:35.242+0000] {dagbag.py:538} INFO - Filling up the DagBag from /opt/airflow/dags/daily_summary.py
[2025-11-15T02:20:35.345+0000] {processor.py:840} INFO - DAG(s) 'daily_summary' retrieved from /opt/airflow/dags/daily_summary.py
[2025-11-15T02:20:35.378+0000] {logging_mixin.py:188} INFO - [2025-11-15T02:20:35.378+0000] {dag.py:3036} INFO - Sync 1 DAGs
[2025-11-15T02:20:35.405+0000] {logging_mixin.py:188} INFO - [2025-11-15T02:20:35.405+0000] {dag.py:3823} INFO - Setting next_dagrun for daily_summary to 2025-11-15 00:00:00+00:00, run_after=2025-11-16 00:00:00+00:00
[2025-11-15T02:20:35.433+0000] {processor.py:183} INFO - Processing /opt/airflow/dags/daily_summary.py took 0.202 seconds
[2025-11-15T02:21:05.814+0000] {processor.py:161} INFO - Started process (PID=215) to work on /opt/airflow/dags/daily_summary.py
[2025-11-15T02:21:05.817+0000] {processor.py:830} INFO - Processing file /opt/airflow/dags/daily_summary.py for tasks to queue
[2025-11-15T02:21:05.819+0000] {logging_mixin.py:188} INFO - [2025-11-15T02:21:05.819+0000] {dagbag.py:538} INFO - Filling up the DagBag from /opt/airflow/dags/daily_summary.py
[2025-11-15T02:21:05.972+0000] {processor.py:840} INFO - DAG(s) 'daily_summary' retrieved from /opt/airflow/dags/daily_summary.py
[2025-11-15T02:21:06.014+0000] {logging_mixin.py:188} INFO - [2025-11-15T02:21:06.014+0000] {dag.py:3036} INFO - Sync 1 DAGs
[2025-11-15T02:21:06.043+0000] {logging_mixin.py:188} INFO - [2025-11-15T02:21:06.042+0000] {dag.py:3823} INFO - Setting next_dagrun for daily_summary to 2025-11-15 00:00:00+00:00, run_after=2025-11-16 00:00:00+00:00
[2025-11-15T02:21:06.074+0000] {processor.py:183} INFO - Processing /opt/airflow/dags/daily_summary.py took 0.267 seconds
[2025-11-15T02:21:36.185+0000] {processor.py:161} INFO - Started process (PID=220) to work on /opt/airflow/dags/daily_summary.py
[2025-11-15T02:21:36.187+0000] {processor.py:830} INFO - Processing file /opt/airflow/dags/daily_summary.py for tasks to queue
[2025-11-15T02:21:36.188+0000] {logging_mixin.py:188} INFO - [2025-11-15T02:21:36.188+0000] {dagbag.py:538} INFO - Filling up the DagBag from /opt/airflow/dags/daily_summary.py
[2025-11-15T02:21:36.310+0000] {processor.py:840} INFO - DAG(s) 'daily_summary' retrieved from /opt/airflow/dags/daily_summary.py
[2025-11-15T02:21:36.348+0000] {logging_mixin.py:188} INFO - [2025-11-15T02:21:36.347+0000] {dag.py:3036} INFO - Sync 1 DAGs
[2025-11-15T02:21:36.378+0000] {logging_mixin.py:188} INFO - [2025-11-15T02:21:36.377+0000] {dag.py:3823} INFO - Setting next_dagrun for daily_summary to 2025-11-15 00:00:00+00:00, run_after=2025-11-16 00:00:00+00:00
[2025-11-15T02:21:36.433+0000] {processor.py:183} INFO - Processing /opt/airflow/dags/daily_summary.py took 0.252 seconds
[2025-11-15T02:22:06.967+0000] {processor.py:161} INFO - Started process (PID=225) to work on /opt/airflow/dags/daily_summary.py
[2025-11-15T02:22:06.969+0000] {processor.py:830} INFO - Processing file /opt/airflow/dags/daily_summary.py for tasks to queue
[2025-11-15T02:22:06.971+0000] {logging_mixin.py:188} INFO - [2025-11-15T02:22:06.970+0000] {dagbag.py:538} INFO - Filling up the DagBag from /opt/airflow/dags/daily_summary.py
[2025-11-15T02:22:07.074+0000] {processor.py:840} INFO - DAG(s) 'daily_summary' retrieved from /opt/airflow/dags/daily_summary.py
[2025-11-15T02:22:07.105+0000] {logging_mixin.py:188} INFO - [2025-11-15T02:22:07.104+0000] {dag.py:3036} INFO - Sync 1 DAGs
[2025-11-15T02:22:07.128+0000] {logging_mixin.py:188} INFO - [2025-11-15T02:22:07.128+0000] {dag.py:3823} INFO - Setting next_dagrun for daily_summary to 2025-11-15 00:00:00+00:00, run_after=2025-11-16 00:00:00+00:00
[2025-11-15T02:22:07.150+0000] {processor.py:183} INFO - Processing /opt/airflow/dags/daily_summary.py took 0.187 seconds
[2025-11-15T02:22:37.397+0000] {processor.py:161} INFO - Started process (PID=230) to work on /opt/airflow/dags/daily_summary.py
[2025-11-15T02:22:37.400+0000] {processor.py:830} INFO - Processing file /opt/airflow/dags/daily_summary.py for tasks to queue
[2025-11-15T02:22:37.403+0000] {logging_mixin.py:188} INFO - [2025-11-15T02:22:37.402+0000] {dagbag.py:538} INFO - Filling up the DagBag from /opt/airflow/dags/daily_summary.py
[2025-11-15T02:22:37.541+0000] {processor.py:840} INFO - DAG(s) 'daily_summary' retrieved from /opt/airflow/dags/daily_summary.py
[2025-11-15T02:22:37.575+0000] {logging_mixin.py:188} INFO - [2025-11-15T02:22:37.574+0000] {dag.py:3036} INFO - Sync 1 DAGs
[2025-11-15T02:22:37.603+0000] {logging_mixin.py:188} INFO - [2025-11-15T02:22:37.602+0000] {dag.py:3823} INFO - Setting next_dagrun for daily_summary to 2025-11-15 00:00:00+00:00, run_after=2025-11-16 00:00:00+00:00
[2025-11-15T02:22:37.641+0000] {processor.py:183} INFO - Processing /opt/airflow/dags/daily_summary.py took 0.254 seconds
[2025-11-15T02:23:07.894+0000] {processor.py:161} INFO - Started process (PID=235) to work on /opt/airflow/dags/daily_summary.py
[2025-11-15T02:23:07.896+0000] {processor.py:830} INFO - Processing file /opt/airflow/dags/daily_summary.py for tasks to queue
[2025-11-15T02:23:07.897+0000] {logging_mixin.py:188} INFO - [2025-11-15T02:23:07.897+0000] {dagbag.py:538} INFO - Filling up the DagBag from /opt/airflow/dags/daily_summary.py
[2025-11-15T02:23:07.995+0000] {processor.py:840} INFO - DAG(s) 'daily_summary' retrieved from /opt/airflow/dags/daily_summary.py
[2025-11-15T02:23:08.024+0000] {logging_mixin.py:188} INFO - [2025-11-15T02:23:08.024+0000] {dag.py:3036} INFO - Sync 1 DAGs
[2025-11-15T02:23:08.053+0000] {logging_mixin.py:188} INFO - [2025-11-15T02:23:08.052+0000] {dag.py:3823} INFO - Setting next_dagrun for daily_summary to 2025-11-15 00:00:00+00:00, run_after=2025-11-16 00:00:00+00:00
[2025-11-15T02:23:08.079+0000] {processor.py:183} INFO - Processing /opt/airflow/dags/daily_summary.py took 0.190 seconds
[2025-11-15T02:23:38.456+0000] {processor.py:161} INFO - Started process (PID=240) to work on /opt/airflow/dags/daily_summary.py
[2025-11-15T02:23:38.459+0000] {processor.py:830} INFO - Processing file /opt/airflow/dags/daily_summary.py for tasks to queue
[2025-11-15T02:23:38.461+0000] {logging_mixin.py:188} INFO - [2025-11-15T02:23:38.461+0000] {dagbag.py:538} INFO - Filling up the DagBag from /opt/airflow/dags/daily_summary.py
[2025-11-15T02:23:38.583+0000] {processor.py:840} INFO - DAG(s) 'daily_summary' retrieved from /opt/airflow/dags/daily_summary.py
[2025-11-15T02:23:38.618+0000] {logging_mixin.py:188} INFO - [2025-11-15T02:23:38.618+0000] {dag.py:3036} INFO - Sync 1 DAGs
[2025-11-15T02:23:38.644+0000] {logging_mixin.py:188} INFO - [2025-11-15T02:23:38.644+0000] {dag.py:3823} INFO - Setting next_dagrun for daily_summary to 2025-11-15 00:00:00+00:00, run_after=2025-11-16 00:00:00+00:00
[2025-11-15T02:23:38.669+0000] {processor.py:183} INFO - Processing /opt/airflow/dags/daily_summary.py took 0.221 seconds
[2025-11-15T02:24:08.879+0000] {processor.py:161} INFO - Started process (PID=245) to work on /opt/airflow/dags/daily_summary.py
[2025-11-15T02:24:08.882+0000] {processor.py:830} INFO - Processing file /opt/airflow/dags/daily_summary.py for tasks to queue
[2025-11-15T02:24:08.884+0000] {logging_mixin.py:188} INFO - [2025-11-15T02:24:08.884+0000] {dagbag.py:538} INFO - Filling up the DagBag from /opt/airflow/dags/daily_summary.py
[2025-11-15T02:24:08.995+0000] {processor.py:840} INFO - DAG(s) 'daily_summary' retrieved from /opt/airflow/dags/daily_summary.py
[2025-11-15T02:24:09.038+0000] {logging_mixin.py:188} INFO - [2025-11-15T02:24:09.037+0000] {dag.py:3036} INFO - Sync 1 DAGs
[2025-11-15T02:24:09.087+0000] {logging_mixin.py:188} INFO - [2025-11-15T02:24:09.086+0000] {dag.py:3823} INFO - Setting next_dagrun for daily_summary to 2025-11-15 00:00:00+00:00, run_after=2025-11-16 00:00:00+00:00
[2025-11-15T02:24:09.146+0000] {processor.py:183} INFO - Processing /opt/airflow/dags/daily_summary.py took 0.281 seconds
[2025-11-15T02:24:39.436+0000] {processor.py:161} INFO - Started process (PID=250) to work on /opt/airflow/dags/daily_summary.py
[2025-11-15T02:24:39.438+0000] {processor.py:830} INFO - Processing file /opt/airflow/dags/daily_summary.py for tasks to queue
[2025-11-15T02:24:39.440+0000] {logging_mixin.py:188} INFO - [2025-11-15T02:24:39.439+0000] {dagbag.py:538} INFO - Filling up the DagBag from /opt/airflow/dags/daily_summary.py
[2025-11-15T02:24:39.544+0000] {processor.py:840} INFO - DAG(s) 'daily_summary' retrieved from /opt/airflow/dags/daily_summary.py
[2025-11-15T02:24:39.573+0000] {logging_mixin.py:188} INFO - [2025-11-15T02:24:39.573+0000] {dag.py:3036} INFO - Sync 1 DAGs
[2025-11-15T02:24:39.595+0000] {logging_mixin.py:188} INFO - [2025-11-15T02:24:39.595+0000] {dag.py:3823} INFO - Setting next_dagrun for daily_summary to 2025-11-15 00:00:00+00:00, run_after=2025-11-16 00:00:00+00:00
[2025-11-15T02:24:39.616+0000] {processor.py:183} INFO - Processing /opt/airflow/dags/daily_summary.py took 0.185 seconds
[2025-11-15T02:25:09.924+0000] {processor.py:161} INFO - Started process (PID=255) to work on /opt/airflow/dags/daily_summary.py
[2025-11-15T02:25:09.926+0000] {processor.py:830} INFO - Processing file /opt/airflow/dags/daily_summary.py for tasks to queue
[2025-11-15T02:25:09.929+0000] {logging_mixin.py:188} INFO - [2025-11-15T02:25:09.928+0000] {dagbag.py:538} INFO - Filling up the DagBag from /opt/airflow/dags/daily_summary.py
[2025-11-15T02:25:10.047+0000] {processor.py:840} INFO - DAG(s) 'daily_summary' retrieved from /opt/airflow/dags/daily_summary.py
[2025-11-15T02:25:10.078+0000] {logging_mixin.py:188} INFO - [2025-11-15T02:25:10.078+0000] {dag.py:3036} INFO - Sync 1 DAGs
[2025-11-15T02:25:10.127+0000] {logging_mixin.py:188} INFO - [2025-11-15T02:25:10.126+0000] {dag.py:3823} INFO - Setting next_dagrun for daily_summary to 2025-11-15 00:00:00+00:00, run_after=2025-11-16 00:00:00+00:00
[2025-11-15T02:25:10.190+0000] {processor.py:183} INFO - Processing /opt/airflow/dags/daily_summary.py took 0.274 seconds
[2025-11-15T02:25:40.406+0000] {processor.py:161} INFO - Started process (PID=260) to work on /opt/airflow/dags/daily_summary.py
[2025-11-15T02:25:40.409+0000] {processor.py:830} INFO - Processing file /opt/airflow/dags/daily_summary.py for tasks to queue
[2025-11-15T02:25:40.412+0000] {logging_mixin.py:188} INFO - [2025-11-15T02:25:40.411+0000] {dagbag.py:538} INFO - Filling up the DagBag from /opt/airflow/dags/daily_summary.py
[2025-11-15T02:25:40.565+0000] {processor.py:840} INFO - DAG(s) 'daily_summary' retrieved from /opt/airflow/dags/daily_summary.py
[2025-11-15T02:25:40.614+0000] {logging_mixin.py:188} INFO - [2025-11-15T02:25:40.613+0000] {dag.py:3036} INFO - Sync 1 DAGs
[2025-11-15T02:25:40.662+0000] {logging_mixin.py:188} INFO - [2025-11-15T02:25:40.661+0000] {dag.py:3823} INFO - Setting next_dagrun for daily_summary to 2025-11-15 00:00:00+00:00, run_after=2025-11-16 00:00:00+00:00
[2025-11-15T02:25:40.713+0000] {processor.py:183} INFO - Processing /opt/airflow/dags/daily_summary.py took 0.315 seconds
[2025-11-15T02:26:57.692+0000] {processor.py:161} INFO - Started process (PID=175) to work on /opt/airflow/dags/daily_summary.py
[2025-11-15T02:26:57.695+0000] {processor.py:830} INFO - Processing file /opt/airflow/dags/daily_summary.py for tasks to queue
[2025-11-15T02:26:57.697+0000] {logging_mixin.py:188} INFO - [2025-11-15T02:26:57.697+0000] {dagbag.py:538} INFO - Filling up the DagBag from /opt/airflow/dags/daily_summary.py
[2025-11-15T02:26:57.831+0000] {processor.py:840} INFO - DAG(s) 'daily_summary' retrieved from /opt/airflow/dags/daily_summary.py
[2025-11-15T02:26:57.871+0000] {logging_mixin.py:188} INFO - [2025-11-15T02:26:57.871+0000] {dag.py:3036} INFO - Sync 1 DAGs
[2025-11-15T02:26:57.922+0000] {logging_mixin.py:188} INFO - [2025-11-15T02:26:57.921+0000] {dag.py:3823} INFO - Setting next_dagrun for daily_summary to 2025-11-15 00:00:00+00:00, run_after=2025-11-16 00:00:00+00:00
[2025-11-15T02:26:57.962+0000] {processor.py:183} INFO - Processing /opt/airflow/dags/daily_summary.py took 0.278 seconds
[2025-11-15T02:27:28.091+0000] {processor.py:161} INFO - Started process (PID=180) to work on /opt/airflow/dags/daily_summary.py
[2025-11-15T02:27:28.094+0000] {processor.py:830} INFO - Processing file /opt/airflow/dags/daily_summary.py for tasks to queue
[2025-11-15T02:27:28.097+0000] {logging_mixin.py:188} INFO - [2025-11-15T02:27:28.096+0000] {dagbag.py:538} INFO - Filling up the DagBag from /opt/airflow/dags/daily_summary.py
[2025-11-15T02:27:28.251+0000] {processor.py:840} INFO - DAG(s) 'daily_summary' retrieved from /opt/airflow/dags/daily_summary.py
[2025-11-15T02:27:28.526+0000] {logging_mixin.py:188} INFO - [2025-11-15T02:27:28.525+0000] {dag.py:3036} INFO - Sync 1 DAGs
[2025-11-15T02:27:28.573+0000] {logging_mixin.py:188} INFO - [2025-11-15T02:27:28.573+0000] {dag.py:3823} INFO - Setting next_dagrun for daily_summary to 2025-11-15 00:00:00+00:00, run_after=2025-11-16 00:00:00+00:00
[2025-11-15T02:27:28.616+0000] {processor.py:183} INFO - Processing /opt/airflow/dags/daily_summary.py took 0.535 seconds
[2025-11-15T02:27:59.076+0000] {processor.py:161} INFO - Started process (PID=185) to work on /opt/airflow/dags/daily_summary.py
[2025-11-15T02:27:59.079+0000] {processor.py:830} INFO - Processing file /opt/airflow/dags/daily_summary.py for tasks to queue
[2025-11-15T02:27:59.082+0000] {logging_mixin.py:188} INFO - [2025-11-15T02:27:59.081+0000] {dagbag.py:538} INFO - Filling up the DagBag from /opt/airflow/dags/daily_summary.py
[2025-11-15T02:27:59.257+0000] {processor.py:840} INFO - DAG(s) 'daily_summary' retrieved from /opt/airflow/dags/daily_summary.py
[2025-11-15T02:27:59.289+0000] {logging_mixin.py:188} INFO - [2025-11-15T02:27:59.288+0000] {dag.py:3036} INFO - Sync 1 DAGs
[2025-11-15T02:27:59.313+0000] {logging_mixin.py:188} INFO - [2025-11-15T02:27:59.313+0000] {dag.py:3823} INFO - Setting next_dagrun for daily_summary to 2025-11-15 00:00:00+00:00, run_after=2025-11-16 00:00:00+00:00
[2025-11-15T02:27:59.346+0000] {processor.py:183} INFO - Processing /opt/airflow/dags/daily_summary.py took 0.278 seconds
[2025-11-15T02:28:29.739+0000] {processor.py:161} INFO - Started process (PID=190) to work on /opt/airflow/dags/daily_summary.py
[2025-11-15T02:28:29.741+0000] {processor.py:830} INFO - Processing file /opt/airflow/dags/daily_summary.py for tasks to queue
[2025-11-15T02:28:29.743+0000] {logging_mixin.py:188} INFO - [2025-11-15T02:28:29.743+0000] {dagbag.py:538} INFO - Filling up the DagBag from /opt/airflow/dags/daily_summary.py
[2025-11-15T02:28:29.902+0000] {processor.py:840} INFO - DAG(s) 'daily_summary' retrieved from /opt/airflow/dags/daily_summary.py
[2025-11-15T02:28:29.932+0000] {logging_mixin.py:188} INFO - [2025-11-15T02:28:29.932+0000] {dag.py:3036} INFO - Sync 1 DAGs
[2025-11-15T02:28:29.958+0000] {logging_mixin.py:188} INFO - [2025-11-15T02:28:29.958+0000] {dag.py:3823} INFO - Setting next_dagrun for daily_summary to 2025-11-15 00:00:00+00:00, run_after=2025-11-16 00:00:00+00:00
[2025-11-15T02:28:29.995+0000] {processor.py:183} INFO - Processing /opt/airflow/dags/daily_summary.py took 0.261 seconds
[2025-11-15T02:29:00.122+0000] {processor.py:161} INFO - Started process (PID=195) to work on /opt/airflow/dags/daily_summary.py
[2025-11-15T02:29:00.126+0000] {processor.py:830} INFO - Processing file /opt/airflow/dags/daily_summary.py for tasks to queue
[2025-11-15T02:29:00.129+0000] {logging_mixin.py:188} INFO - [2025-11-15T02:29:00.128+0000] {dagbag.py:538} INFO - Filling up the DagBag from /opt/airflow/dags/daily_summary.py
[2025-11-15T02:29:00.266+0000] {processor.py:840} INFO - DAG(s) 'daily_summary' retrieved from /opt/airflow/dags/daily_summary.py
[2025-11-15T02:29:00.303+0000] {logging_mixin.py:188} INFO - [2025-11-15T02:29:00.303+0000] {dag.py:3036} INFO - Sync 1 DAGs
[2025-11-15T02:29:00.335+0000] {logging_mixin.py:188} INFO - [2025-11-15T02:29:00.334+0000] {dag.py:3823} INFO - Setting next_dagrun for daily_summary to 2025-11-15 00:00:00+00:00, run_after=2025-11-16 00:00:00+00:00
[2025-11-15T02:29:00.361+0000] {processor.py:183} INFO - Processing /opt/airflow/dags/daily_summary.py took 0.251 seconds
[2025-11-15T02:29:30.714+0000] {processor.py:161} INFO - Started process (PID=200) to work on /opt/airflow/dags/daily_summary.py
[2025-11-15T02:29:30.716+0000] {processor.py:830} INFO - Processing file /opt/airflow/dags/daily_summary.py for tasks to queue
[2025-11-15T02:29:30.718+0000] {logging_mixin.py:188} INFO - [2025-11-15T02:29:30.717+0000] {dagbag.py:538} INFO - Filling up the DagBag from /opt/airflow/dags/daily_summary.py
[2025-11-15T02:29:30.818+0000] {processor.py:840} INFO - DAG(s) 'daily_summary' retrieved from /opt/airflow/dags/daily_summary.py
[2025-11-15T02:29:30.848+0000] {logging_mixin.py:188} INFO - [2025-11-15T02:29:30.848+0000] {dag.py:3036} INFO - Sync 1 DAGs
[2025-11-15T02:29:30.875+0000] {logging_mixin.py:188} INFO - [2025-11-15T02:29:30.875+0000] {dag.py:3823} INFO - Setting next_dagrun for daily_summary to 2025-11-15 00:00:00+00:00, run_after=2025-11-16 00:00:00+00:00
[2025-11-15T02:29:30.909+0000] {processor.py:183} INFO - Processing /opt/airflow/dags/daily_summary.py took 0.198 seconds
[2025-11-15T02:30:01.125+0000] {processor.py:161} INFO - Started process (PID=205) to work on /opt/airflow/dags/daily_summary.py
[2025-11-15T02:30:01.129+0000] {processor.py:830} INFO - Processing file /opt/airflow/dags/daily_summary.py for tasks to queue
[2025-11-15T02:30:01.132+0000] {logging_mixin.py:188} INFO - [2025-11-15T02:30:01.131+0000] {dagbag.py:538} INFO - Filling up the DagBag from /opt/airflow/dags/daily_summary.py
[2025-11-15T02:30:01.280+0000] {processor.py:840} INFO - DAG(s) 'daily_summary' retrieved from /opt/airflow/dags/daily_summary.py
[2025-11-15T02:30:01.334+0000] {logging_mixin.py:188} INFO - [2025-11-15T02:30:01.333+0000] {dag.py:3036} INFO - Sync 1 DAGs
[2025-11-15T02:30:01.383+0000] {logging_mixin.py:188} INFO - [2025-11-15T02:30:01.383+0000] {dag.py:3823} INFO - Setting next_dagrun for daily_summary to 2025-11-15 00:00:00+00:00, run_after=2025-11-16 00:00:00+00:00
[2025-11-15T02:30:01.439+0000] {processor.py:183} INFO - Processing /opt/airflow/dags/daily_summary.py took 0.323 seconds
[2025-11-15T02:30:31.688+0000] {processor.py:161} INFO - Started process (PID=210) to work on /opt/airflow/dags/daily_summary.py
[2025-11-15T02:30:31.690+0000] {processor.py:830} INFO - Processing file /opt/airflow/dags/daily_summary.py for tasks to queue
[2025-11-15T02:30:31.691+0000] {logging_mixin.py:188} INFO - [2025-11-15T02:30:31.691+0000] {dagbag.py:538} INFO - Filling up the DagBag from /opt/airflow/dags/daily_summary.py
[2025-11-15T02:30:31.813+0000] {processor.py:840} INFO - DAG(s) 'daily_summary' retrieved from /opt/airflow/dags/daily_summary.py
[2025-11-15T02:30:31.842+0000] {logging_mixin.py:188} INFO - [2025-11-15T02:30:31.842+0000] {dag.py:3036} INFO - Sync 1 DAGs
[2025-11-15T02:30:31.866+0000] {logging_mixin.py:188} INFO - [2025-11-15T02:30:31.866+0000] {dag.py:3823} INFO - Setting next_dagrun for daily_summary to 2025-11-15 00:00:00+00:00, run_after=2025-11-16 00:00:00+00:00
[2025-11-15T02:30:31.911+0000] {processor.py:183} INFO - Processing /opt/airflow/dags/daily_summary.py took 0.229 seconds
[2025-11-15T02:31:02.179+0000] {processor.py:161} INFO - Started process (PID=215) to work on /opt/airflow/dags/daily_summary.py
[2025-11-15T02:31:02.181+0000] {processor.py:830} INFO - Processing file /opt/airflow/dags/daily_summary.py for tasks to queue
[2025-11-15T02:31:02.183+0000] {logging_mixin.py:188} INFO - [2025-11-15T02:31:02.183+0000] {dagbag.py:538} INFO - Filling up the DagBag from /opt/airflow/dags/daily_summary.py
[2025-11-15T02:31:02.291+0000] {processor.py:840} INFO - DAG(s) 'daily_summary' retrieved from /opt/airflow/dags/daily_summary.py
[2025-11-15T02:31:02.321+0000] {logging_mixin.py:188} INFO - [2025-11-15T02:31:02.321+0000] {dag.py:3036} INFO - Sync 1 DAGs
[2025-11-15T02:31:02.350+0000] {logging_mixin.py:188} INFO - [2025-11-15T02:31:02.350+0000] {dag.py:3823} INFO - Setting next_dagrun for daily_summary to 2025-11-15 00:00:00+00:00, run_after=2025-11-16 00:00:00+00:00
[2025-11-15T02:31:02.395+0000] {processor.py:183} INFO - Processing /opt/airflow/dags/daily_summary.py took 0.222 seconds
[2025-11-15T02:31:32.711+0000] {processor.py:161} INFO - Started process (PID=220) to work on /opt/airflow/dags/daily_summary.py
[2025-11-15T02:31:32.714+0000] {processor.py:830} INFO - Processing file /opt/airflow/dags/daily_summary.py for tasks to queue
[2025-11-15T02:31:32.717+0000] {logging_mixin.py:188} INFO - [2025-11-15T02:31:32.716+0000] {dagbag.py:538} INFO - Filling up the DagBag from /opt/airflow/dags/daily_summary.py
[2025-11-15T02:31:32.844+0000] {processor.py:840} INFO - DAG(s) 'daily_summary' retrieved from /opt/airflow/dags/daily_summary.py
[2025-11-15T02:31:32.875+0000] {logging_mixin.py:188} INFO - [2025-11-15T02:31:32.874+0000] {dag.py:3036} INFO - Sync 1 DAGs
[2025-11-15T02:31:32.898+0000] {logging_mixin.py:188} INFO - [2025-11-15T02:31:32.898+0000] {dag.py:3823} INFO - Setting next_dagrun for daily_summary to 2025-11-15 00:00:00+00:00, run_after=2025-11-16 00:00:00+00:00
[2025-11-15T02:31:32.936+0000] {processor.py:183} INFO - Processing /opt/airflow/dags/daily_summary.py took 0.234 seconds
[2025-11-15T02:32:03.289+0000] {processor.py:161} INFO - Started process (PID=225) to work on /opt/airflow/dags/daily_summary.py
[2025-11-15T02:32:03.292+0000] {processor.py:830} INFO - Processing file /opt/airflow/dags/daily_summary.py for tasks to queue
[2025-11-15T02:32:03.295+0000] {logging_mixin.py:188} INFO - [2025-11-15T02:32:03.294+0000] {dagbag.py:538} INFO - Filling up the DagBag from /opt/airflow/dags/daily_summary.py
[2025-11-15T02:32:03.447+0000] {processor.py:840} INFO - DAG(s) 'daily_summary' retrieved from /opt/airflow/dags/daily_summary.py
[2025-11-15T02:32:03.498+0000] {logging_mixin.py:188} INFO - [2025-11-15T02:32:03.497+0000] {dag.py:3036} INFO - Sync 1 DAGs
[2025-11-15T02:32:03.546+0000] {logging_mixin.py:188} INFO - [2025-11-15T02:32:03.545+0000] {dag.py:3823} INFO - Setting next_dagrun for daily_summary to 2025-11-15 00:00:00+00:00, run_after=2025-11-16 00:00:00+00:00
[2025-11-15T02:32:03.604+0000] {processor.py:183} INFO - Processing /opt/airflow/dags/daily_summary.py took 0.321 seconds
[2025-11-15T02:32:33.744+0000] {processor.py:161} INFO - Started process (PID=230) to work on /opt/airflow/dags/daily_summary.py
[2025-11-15T02:32:33.748+0000] {processor.py:830} INFO - Processing file /opt/airflow/dags/daily_summary.py for tasks to queue
[2025-11-15T02:32:33.750+0000] {logging_mixin.py:188} INFO - [2025-11-15T02:32:33.750+0000] {dagbag.py:538} INFO - Filling up the DagBag from /opt/airflow/dags/daily_summary.py
[2025-11-15T02:32:33.899+0000] {processor.py:840} INFO - DAG(s) 'daily_summary' retrieved from /opt/airflow/dags/daily_summary.py
[2025-11-15T02:32:33.957+0000] {logging_mixin.py:188} INFO - [2025-11-15T02:32:33.957+0000] {dag.py:3036} INFO - Sync 1 DAGs
[2025-11-15T02:32:33.994+0000] {logging_mixin.py:188} INFO - [2025-11-15T02:32:33.994+0000] {dag.py:3823} INFO - Setting next_dagrun for daily_summary to 2025-11-15 00:00:00+00:00, run_after=2025-11-16 00:00:00+00:00
[2025-11-15T02:32:34.044+0000] {processor.py:183} INFO - Processing /opt/airflow/dags/daily_summary.py took 0.308 seconds
[2025-11-15T02:33:04.417+0000] {processor.py:161} INFO - Started process (PID=235) to work on /opt/airflow/dags/daily_summary.py
[2025-11-15T02:33:04.420+0000] {processor.py:830} INFO - Processing file /opt/airflow/dags/daily_summary.py for tasks to queue
[2025-11-15T02:33:04.422+0000] {logging_mixin.py:188} INFO - [2025-11-15T02:33:04.422+0000] {dagbag.py:538} INFO - Filling up the DagBag from /opt/airflow/dags/daily_summary.py
[2025-11-15T02:33:04.561+0000] {processor.py:840} INFO - DAG(s) 'daily_summary' retrieved from /opt/airflow/dags/daily_summary.py
[2025-11-15T02:33:04.621+0000] {logging_mixin.py:188} INFO - [2025-11-15T02:33:04.621+0000] {dag.py:3036} INFO - Sync 1 DAGs
[2025-11-15T02:33:04.681+0000] {logging_mixin.py:188} INFO - [2025-11-15T02:33:04.680+0000] {dag.py:3823} INFO - Setting next_dagrun for daily_summary to 2025-11-15 00:00:00+00:00, run_after=2025-11-16 00:00:00+00:00
[2025-11-15T02:33:04.731+0000] {processor.py:183} INFO - Processing /opt/airflow/dags/daily_summary.py took 0.320 seconds
[2025-11-15T02:34:30.645+0000] {processor.py:161} INFO - Started process (PID=175) to work on /opt/airflow/dags/daily_summary.py
[2025-11-15T02:34:30.648+0000] {processor.py:830} INFO - Processing file /opt/airflow/dags/daily_summary.py for tasks to queue
[2025-11-15T02:34:30.649+0000] {logging_mixin.py:188} INFO - [2025-11-15T02:34:30.649+0000] {dagbag.py:538} INFO - Filling up the DagBag from /opt/airflow/dags/daily_summary.py
[2025-11-15T02:34:30.759+0000] {processor.py:840} INFO - DAG(s) 'daily_summary' retrieved from /opt/airflow/dags/daily_summary.py
[2025-11-15T02:34:30.805+0000] {logging_mixin.py:188} INFO - [2025-11-15T02:34:30.805+0000] {dag.py:3036} INFO - Sync 1 DAGs
[2025-11-15T02:34:30.850+0000] {logging_mixin.py:188} INFO - [2025-11-15T02:34:30.850+0000] {dag.py:3823} INFO - Setting next_dagrun for daily_summary to 2025-11-15 00:00:00+00:00, run_after=2025-11-16 00:00:00+00:00
[2025-11-15T02:34:30.894+0000] {processor.py:183} INFO - Processing /opt/airflow/dags/daily_summary.py took 0.252 seconds
[2025-11-15T02:35:00.985+0000] {processor.py:161} INFO - Started process (PID=180) to work on /opt/airflow/dags/daily_summary.py
[2025-11-15T02:35:00.986+0000] {processor.py:830} INFO - Processing file /opt/airflow/dags/daily_summary.py for tasks to queue
[2025-11-15T02:35:00.987+0000] {logging_mixin.py:188} INFO - [2025-11-15T02:35:00.987+0000] {dagbag.py:538} INFO - Filling up the DagBag from /opt/airflow/dags/daily_summary.py
[2025-11-15T02:35:01.097+0000] {processor.py:840} INFO - DAG(s) 'daily_summary' retrieved from /opt/airflow/dags/daily_summary.py
[2025-11-15T02:35:01.360+0000] {logging_mixin.py:188} INFO - [2025-11-15T02:35:01.360+0000] {dag.py:3036} INFO - Sync 1 DAGs
[2025-11-15T02:35:01.390+0000] {logging_mixin.py:188} INFO - [2025-11-15T02:35:01.390+0000] {dag.py:3823} INFO - Setting next_dagrun for daily_summary to 2025-11-15 00:00:00+00:00, run_after=2025-11-16 00:00:00+00:00
[2025-11-15T02:35:01.421+0000] {processor.py:183} INFO - Processing /opt/airflow/dags/daily_summary.py took 0.440 seconds
[2025-11-15T02:35:27.798+0000] {processor.py:161} INFO - Started process (PID=176) to work on /opt/airflow/dags/daily_summary.py
[2025-11-15T02:35:27.800+0000] {processor.py:830} INFO - Processing file /opt/airflow/dags/daily_summary.py for tasks to queue
[2025-11-15T02:35:27.801+0000] {logging_mixin.py:188} INFO - [2025-11-15T02:35:27.801+0000] {dagbag.py:538} INFO - Filling up the DagBag from /opt/airflow/dags/daily_summary.py
[2025-11-15T02:35:27.954+0000] {processor.py:840} INFO - DAG(s) 'daily_summary' retrieved from /opt/airflow/dags/daily_summary.py
[2025-11-15T02:35:28.018+0000] {logging_mixin.py:188} INFO - [2025-11-15T02:35:28.018+0000] {dag.py:3036} INFO - Sync 1 DAGs
[2025-11-15T02:35:28.065+0000] {logging_mixin.py:188} INFO - [2025-11-15T02:35:28.065+0000] {dag.py:3823} INFO - Setting next_dagrun for daily_summary to 2025-11-15 00:00:00+00:00, run_after=2025-11-16 00:00:00+00:00
[2025-11-15T02:35:28.111+0000] {processor.py:183} INFO - Processing /opt/airflow/dags/daily_summary.py took 0.318 seconds
[2025-11-15T02:35:58.490+0000] {processor.py:161} INFO - Started process (PID=181) to work on /opt/airflow/dags/daily_summary.py
[2025-11-15T02:35:58.493+0000] {processor.py:830} INFO - Processing file /opt/airflow/dags/daily_summary.py for tasks to queue
[2025-11-15T02:35:58.496+0000] {logging_mixin.py:188} INFO - [2025-11-15T02:35:58.495+0000] {dagbag.py:538} INFO - Filling up the DagBag from /opt/airflow/dags/daily_summary.py
[2025-11-15T02:35:58.647+0000] {processor.py:840} INFO - DAG(s) 'daily_summary' retrieved from /opt/airflow/dags/daily_summary.py
[2025-11-15T02:35:58.889+0000] {logging_mixin.py:188} INFO - [2025-11-15T02:35:58.888+0000] {dag.py:3036} INFO - Sync 1 DAGs
[2025-11-15T02:35:58.919+0000] {logging_mixin.py:188} INFO - [2025-11-15T02:35:58.919+0000] {dag.py:3823} INFO - Setting next_dagrun for daily_summary to 2025-11-15 00:00:00+00:00, run_after=2025-11-16 00:00:00+00:00
[2025-11-15T02:35:58.958+0000] {processor.py:183} INFO - Processing /opt/airflow/dags/daily_summary.py took 0.475 seconds
[2025-11-15T02:36:29.352+0000] {processor.py:161} INFO - Started process (PID=186) to work on /opt/airflow/dags/daily_summary.py
[2025-11-15T02:36:29.355+0000] {processor.py:830} INFO - Processing file /opt/airflow/dags/daily_summary.py for tasks to queue
[2025-11-15T02:36:29.357+0000] {logging_mixin.py:188} INFO - [2025-11-15T02:36:29.357+0000] {dagbag.py:538} INFO - Filling up the DagBag from /opt/airflow/dags/daily_summary.py
[2025-11-15T02:36:29.458+0000] {processor.py:840} INFO - DAG(s) 'daily_summary' retrieved from /opt/airflow/dags/daily_summary.py
[2025-11-15T02:36:29.488+0000] {logging_mixin.py:188} INFO - [2025-11-15T02:36:29.487+0000] {dag.py:3036} INFO - Sync 1 DAGs
[2025-11-15T02:36:29.523+0000] {logging_mixin.py:188} INFO - [2025-11-15T02:36:29.522+0000] {dag.py:3823} INFO - Setting next_dagrun for daily_summary to 2025-11-15 00:00:00+00:00, run_after=2025-11-16 00:00:00+00:00
[2025-11-15T02:36:29.564+0000] {processor.py:183} INFO - Processing /opt/airflow/dags/daily_summary.py took 0.220 seconds
[2025-11-15T02:36:59.692+0000] {processor.py:161} INFO - Started process (PID=191) to work on /opt/airflow/dags/daily_summary.py
[2025-11-15T02:36:59.695+0000] {processor.py:830} INFO - Processing file /opt/airflow/dags/daily_summary.py for tasks to queue
[2025-11-15T02:36:59.696+0000] {logging_mixin.py:188} INFO - [2025-11-15T02:36:59.696+0000] {dagbag.py:538} INFO - Filling up the DagBag from /opt/airflow/dags/daily_summary.py
[2025-11-15T02:36:59.810+0000] {processor.py:840} INFO - DAG(s) 'daily_summary' retrieved from /opt/airflow/dags/daily_summary.py
[2025-11-15T02:36:59.852+0000] {logging_mixin.py:188} INFO - [2025-11-15T02:36:59.852+0000] {dag.py:3036} INFO - Sync 1 DAGs
[2025-11-15T02:36:59.879+0000] {logging_mixin.py:188} INFO - [2025-11-15T02:36:59.879+0000] {dag.py:3823} INFO - Setting next_dagrun for daily_summary to 2025-11-15 00:00:00+00:00, run_after=2025-11-16 00:00:00+00:00
[2025-11-15T02:36:59.903+0000] {processor.py:183} INFO - Processing /opt/airflow/dags/daily_summary.py took 0.217 seconds
[2025-11-15T02:37:30.359+0000] {processor.py:161} INFO - Started process (PID=196) to work on /opt/airflow/dags/daily_summary.py
[2025-11-15T02:37:30.362+0000] {processor.py:830} INFO - Processing file /opt/airflow/dags/daily_summary.py for tasks to queue
[2025-11-15T02:37:30.364+0000] {logging_mixin.py:188} INFO - [2025-11-15T02:37:30.363+0000] {dagbag.py:538} INFO - Filling up the DagBag from /opt/airflow/dags/daily_summary.py
[2025-11-15T02:37:30.533+0000] {processor.py:840} INFO - DAG(s) 'daily_summary' retrieved from /opt/airflow/dags/daily_summary.py
[2025-11-15T02:37:30.576+0000] {logging_mixin.py:188} INFO - [2025-11-15T02:37:30.575+0000] {dag.py:3036} INFO - Sync 1 DAGs
[2025-11-15T02:37:30.617+0000] {logging_mixin.py:188} INFO - [2025-11-15T02:37:30.617+0000] {dag.py:3823} INFO - Setting next_dagrun for daily_summary to 2025-11-15 00:00:00+00:00, run_after=2025-11-16 00:00:00+00:00
[2025-11-15T02:37:30.671+0000] {processor.py:183} INFO - Processing /opt/airflow/dags/daily_summary.py took 0.319 seconds
[2025-11-15T02:38:01.151+0000] {processor.py:161} INFO - Started process (PID=201) to work on /opt/airflow/dags/daily_summary.py
[2025-11-15T02:38:01.154+0000] {processor.py:830} INFO - Processing file /opt/airflow/dags/daily_summary.py for tasks to queue
[2025-11-15T02:38:01.156+0000] {logging_mixin.py:188} INFO - [2025-11-15T02:38:01.156+0000] {dagbag.py:538} INFO - Filling up the DagBag from /opt/airflow/dags/daily_summary.py
[2025-11-15T02:38:01.343+0000] {processor.py:840} INFO - DAG(s) 'daily_summary' retrieved from /opt/airflow/dags/daily_summary.py
[2025-11-15T02:38:01.407+0000] {logging_mixin.py:188} INFO - [2025-11-15T02:38:01.407+0000] {dag.py:3036} INFO - Sync 1 DAGs
[2025-11-15T02:38:01.457+0000] {logging_mixin.py:188} INFO - [2025-11-15T02:38:01.456+0000] {dag.py:3823} INFO - Setting next_dagrun for daily_summary to 2025-11-15 00:00:00+00:00, run_after=2025-11-16 00:00:00+00:00
[2025-11-15T02:38:01.518+0000] {processor.py:183} INFO - Processing /opt/airflow/dags/daily_summary.py took 0.374 seconds
[2025-11-15T02:38:32.009+0000] {processor.py:161} INFO - Started process (PID=206) to work on /opt/airflow/dags/daily_summary.py
[2025-11-15T02:38:32.013+0000] {processor.py:830} INFO - Processing file /opt/airflow/dags/daily_summary.py for tasks to queue
[2025-11-15T02:38:32.016+0000] {logging_mixin.py:188} INFO - [2025-11-15T02:38:32.015+0000] {dagbag.py:538} INFO - Filling up the DagBag from /opt/airflow/dags/daily_summary.py
[2025-11-15T02:38:32.149+0000] {processor.py:840} INFO - DAG(s) 'daily_summary' retrieved from /opt/airflow/dags/daily_summary.py
[2025-11-15T02:38:32.178+0000] {logging_mixin.py:188} INFO - [2025-11-15T02:38:32.177+0000] {dag.py:3036} INFO - Sync 1 DAGs
[2025-11-15T02:38:32.201+0000] {logging_mixin.py:188} INFO - [2025-11-15T02:38:32.201+0000] {dag.py:3823} INFO - Setting next_dagrun for daily_summary to 2025-11-15 00:00:00+00:00, run_after=2025-11-16 00:00:00+00:00
[2025-11-15T02:38:32.238+0000] {processor.py:183} INFO - Processing /opt/airflow/dags/daily_summary.py took 0.239 seconds
[2025-11-15T02:39:02.397+0000] {processor.py:161} INFO - Started process (PID=211) to work on /opt/airflow/dags/daily_summary.py
[2025-11-15T02:39:02.399+0000] {processor.py:830} INFO - Processing file /opt/airflow/dags/daily_summary.py for tasks to queue
[2025-11-15T02:39:02.400+0000] {logging_mixin.py:188} INFO - [2025-11-15T02:39:02.400+0000] {dagbag.py:538} INFO - Filling up the DagBag from /opt/airflow/dags/daily_summary.py
[2025-11-15T02:39:02.517+0000] {processor.py:840} INFO - DAG(s) 'daily_summary' retrieved from /opt/airflow/dags/daily_summary.py
[2025-11-15T02:39:02.553+0000] {logging_mixin.py:188} INFO - [2025-11-15T02:39:02.552+0000] {dag.py:3036} INFO - Sync 1 DAGs
[2025-11-15T02:39:02.580+0000] {logging_mixin.py:188} INFO - [2025-11-15T02:39:02.580+0000] {dag.py:3823} INFO - Setting next_dagrun for daily_summary to 2025-11-15 00:00:00+00:00, run_after=2025-11-16 00:00:00+00:00
[2025-11-15T02:39:02.603+0000] {processor.py:183} INFO - Processing /opt/airflow/dags/daily_summary.py took 0.211 seconds
[2025-11-15T02:39:33.036+0000] {processor.py:161} INFO - Started process (PID=216) to work on /opt/airflow/dags/daily_summary.py
[2025-11-15T02:39:33.039+0000] {processor.py:830} INFO - Processing file /opt/airflow/dags/daily_summary.py for tasks to queue
[2025-11-15T02:39:33.042+0000] {logging_mixin.py:188} INFO - [2025-11-15T02:39:33.041+0000] {dagbag.py:538} INFO - Filling up the DagBag from /opt/airflow/dags/daily_summary.py
[2025-11-15T02:39:33.186+0000] {processor.py:840} INFO - DAG(s) 'daily_summary' retrieved from /opt/airflow/dags/daily_summary.py
[2025-11-15T02:39:33.218+0000] {logging_mixin.py:188} INFO - [2025-11-15T02:39:33.217+0000] {dag.py:3036} INFO - Sync 1 DAGs
[2025-11-15T02:39:33.245+0000] {logging_mixin.py:188} INFO - [2025-11-15T02:39:33.245+0000] {dag.py:3823} INFO - Setting next_dagrun for daily_summary to 2025-11-15 00:00:00+00:00, run_after=2025-11-16 00:00:00+00:00
[2025-11-15T02:39:33.280+0000] {processor.py:183} INFO - Processing /opt/airflow/dags/daily_summary.py took 0.251 seconds
[2025-11-15T02:40:03.437+0000] {processor.py:161} INFO - Started process (PID=221) to work on /opt/airflow/dags/daily_summary.py
[2025-11-15T02:40:03.439+0000] {processor.py:830} INFO - Processing file /opt/airflow/dags/daily_summary.py for tasks to queue
[2025-11-15T02:40:03.441+0000] {logging_mixin.py:188} INFO - [2025-11-15T02:40:03.440+0000] {dagbag.py:538} INFO - Filling up the DagBag from /opt/airflow/dags/daily_summary.py
[2025-11-15T02:40:03.605+0000] {processor.py:840} INFO - DAG(s) 'daily_summary' retrieved from /opt/airflow/dags/daily_summary.py
[2025-11-15T02:40:03.639+0000] {logging_mixin.py:188} INFO - [2025-11-15T02:40:03.639+0000] {dag.py:3036} INFO - Sync 1 DAGs
[2025-11-15T02:40:03.676+0000] {logging_mixin.py:188} INFO - [2025-11-15T02:40:03.676+0000] {dag.py:3823} INFO - Setting next_dagrun for daily_summary to 2025-11-15 00:00:00+00:00, run_after=2025-11-16 00:00:00+00:00
[2025-11-15T02:40:03.716+0000] {processor.py:183} INFO - Processing /opt/airflow/dags/daily_summary.py took 0.285 seconds
[2025-11-15T02:40:34.124+0000] {processor.py:161} INFO - Started process (PID=226) to work on /opt/airflow/dags/daily_summary.py
[2025-11-15T02:40:34.126+0000] {processor.py:830} INFO - Processing file /opt/airflow/dags/daily_summary.py for tasks to queue
[2025-11-15T02:40:34.128+0000] {logging_mixin.py:188} INFO - [2025-11-15T02:40:34.127+0000] {dagbag.py:538} INFO - Filling up the DagBag from /opt/airflow/dags/daily_summary.py
[2025-11-15T02:40:34.241+0000] {processor.py:840} INFO - DAG(s) 'daily_summary' retrieved from /opt/airflow/dags/daily_summary.py
[2025-11-15T02:40:34.273+0000] {logging_mixin.py:188} INFO - [2025-11-15T02:40:34.273+0000] {dag.py:3036} INFO - Sync 1 DAGs
[2025-11-15T02:40:34.308+0000] {logging_mixin.py:188} INFO - [2025-11-15T02:40:34.307+0000] {dag.py:3823} INFO - Setting next_dagrun for daily_summary to 2025-11-15 00:00:00+00:00, run_after=2025-11-16 00:00:00+00:00
[2025-11-15T02:40:34.360+0000] {processor.py:183} INFO - Processing /opt/airflow/dags/daily_summary.py took 0.245 seconds
[2025-11-15T02:41:04.528+0000] {processor.py:161} INFO - Started process (PID=231) to work on /opt/airflow/dags/daily_summary.py
[2025-11-15T02:41:04.530+0000] {processor.py:830} INFO - Processing file /opt/airflow/dags/daily_summary.py for tasks to queue
[2025-11-15T02:41:04.533+0000] {logging_mixin.py:188} INFO - [2025-11-15T02:41:04.532+0000] {dagbag.py:538} INFO - Filling up the DagBag from /opt/airflow/dags/daily_summary.py
[2025-11-15T02:41:04.689+0000] {processor.py:840} INFO - DAG(s) 'daily_summary' retrieved from /opt/airflow/dags/daily_summary.py
[2025-11-15T02:41:04.746+0000] {logging_mixin.py:188} INFO - [2025-11-15T02:41:04.745+0000] {dag.py:3036} INFO - Sync 1 DAGs
[2025-11-15T02:41:04.774+0000] {logging_mixin.py:188} INFO - [2025-11-15T02:41:04.774+0000] {dag.py:3823} INFO - Setting next_dagrun for daily_summary to 2025-11-15 00:00:00+00:00, run_after=2025-11-16 00:00:00+00:00
[2025-11-15T02:41:04.828+0000] {processor.py:183} INFO - Processing /opt/airflow/dags/daily_summary.py took 0.309 seconds
[2025-11-15T02:41:44.328+0000] {processor.py:161} INFO - Started process (PID=175) to work on /opt/airflow/dags/daily_summary.py
[2025-11-15T02:41:44.330+0000] {processor.py:830} INFO - Processing file /opt/airflow/dags/daily_summary.py for tasks to queue
[2025-11-15T02:41:44.331+0000] {logging_mixin.py:188} INFO - [2025-11-15T02:41:44.331+0000] {dagbag.py:538} INFO - Filling up the DagBag from /opt/airflow/dags/daily_summary.py
[2025-11-15T02:41:44.445+0000] {processor.py:840} INFO - DAG(s) 'daily_summary' retrieved from /opt/airflow/dags/daily_summary.py
[2025-11-15T02:41:44.477+0000] {logging_mixin.py:188} INFO - [2025-11-15T02:41:44.477+0000] {dag.py:3036} INFO - Sync 1 DAGs
[2025-11-15T02:41:44.507+0000] {logging_mixin.py:188} INFO - [2025-11-15T02:41:44.507+0000] {dag.py:3823} INFO - Setting next_dagrun for daily_summary to 2025-11-15 00:00:00+00:00, run_after=2025-11-16 00:00:00+00:00
[2025-11-15T02:41:44.556+0000] {processor.py:183} INFO - Processing /opt/airflow/dags/daily_summary.py took 0.233 seconds
[2025-11-15T02:42:14.714+0000] {processor.py:161} INFO - Started process (PID=180) to work on /opt/airflow/dags/daily_summary.py
[2025-11-15T02:42:14.715+0000] {processor.py:830} INFO - Processing file /opt/airflow/dags/daily_summary.py for tasks to queue
[2025-11-15T02:42:14.716+0000] {logging_mixin.py:188} INFO - [2025-11-15T02:42:14.716+0000] {dagbag.py:538} INFO - Filling up the DagBag from /opt/airflow/dags/daily_summary.py
[2025-11-15T02:42:14.818+0000] {processor.py:840} INFO - DAG(s) 'daily_summary' retrieved from /opt/airflow/dags/daily_summary.py
[2025-11-15T02:42:15.044+0000] {logging_mixin.py:188} INFO - [2025-11-15T02:42:15.044+0000] {dag.py:3036} INFO - Sync 1 DAGs
[2025-11-15T02:42:15.072+0000] {logging_mixin.py:188} INFO - [2025-11-15T02:42:15.071+0000] {dag.py:3823} INFO - Setting next_dagrun for daily_summary to 2025-11-15 00:00:00+00:00, run_after=2025-11-16 00:00:00+00:00
[2025-11-15T02:42:15.104+0000] {processor.py:183} INFO - Processing /opt/airflow/dags/daily_summary.py took 0.395 seconds
[2025-11-15T02:42:45.299+0000] {processor.py:161} INFO - Started process (PID=185) to work on /opt/airflow/dags/daily_summary.py
[2025-11-15T02:42:45.301+0000] {processor.py:830} INFO - Processing file /opt/airflow/dags/daily_summary.py for tasks to queue
[2025-11-15T02:42:45.304+0000] {logging_mixin.py:188} INFO - [2025-11-15T02:42:45.303+0000] {dagbag.py:538} INFO - Filling up the DagBag from /opt/airflow/dags/daily_summary.py
[2025-11-15T02:42:45.463+0000] {processor.py:840} INFO - DAG(s) 'daily_summary' retrieved from /opt/airflow/dags/daily_summary.py
[2025-11-15T02:42:45.499+0000] {logging_mixin.py:188} INFO - [2025-11-15T02:42:45.498+0000] {dag.py:3036} INFO - Sync 1 DAGs
[2025-11-15T02:42:45.525+0000] {logging_mixin.py:188} INFO - [2025-11-15T02:42:45.525+0000] {dag.py:3823} INFO - Setting next_dagrun for daily_summary to 2025-11-15 00:00:00+00:00, run_after=2025-11-16 00:00:00+00:00
[2025-11-15T02:42:45.553+0000] {processor.py:183} INFO - Processing /opt/airflow/dags/daily_summary.py took 0.264 seconds
[2025-11-15T02:43:15.905+0000] {processor.py:161} INFO - Started process (PID=190) to work on /opt/airflow/dags/daily_summary.py
[2025-11-15T02:43:15.907+0000] {processor.py:830} INFO - Processing file /opt/airflow/dags/daily_summary.py for tasks to queue
[2025-11-15T02:43:15.910+0000] {logging_mixin.py:188} INFO - [2025-11-15T02:43:15.909+0000] {dagbag.py:538} INFO - Filling up the DagBag from /opt/airflow/dags/daily_summary.py
[2025-11-15T02:43:16.066+0000] {processor.py:840} INFO - DAG(s) 'daily_summary' retrieved from /opt/airflow/dags/daily_summary.py
[2025-11-15T02:43:16.120+0000] {logging_mixin.py:188} INFO - [2025-11-15T02:43:16.120+0000] {dag.py:3036} INFO - Sync 1 DAGs
[2025-11-15T02:43:16.154+0000] {logging_mixin.py:188} INFO - [2025-11-15T02:43:16.154+0000] {dag.py:3823} INFO - Setting next_dagrun for daily_summary to 2025-11-15 00:00:00+00:00, run_after=2025-11-16 00:00:00+00:00
[2025-11-15T02:43:16.192+0000] {processor.py:183} INFO - Processing /opt/airflow/dags/daily_summary.py took 0.294 seconds
[2025-11-15T02:43:46.351+0000] {processor.py:161} INFO - Started process (PID=195) to work on /opt/airflow/dags/daily_summary.py
[2025-11-15T02:43:46.354+0000] {processor.py:830} INFO - Processing file /opt/airflow/dags/daily_summary.py for tasks to queue
[2025-11-15T02:43:46.357+0000] {logging_mixin.py:188} INFO - [2025-11-15T02:43:46.356+0000] {dagbag.py:538} INFO - Filling up the DagBag from /opt/airflow/dags/daily_summary.py
[2025-11-15T02:43:46.513+0000] {processor.py:840} INFO - DAG(s) 'daily_summary' retrieved from /opt/airflow/dags/daily_summary.py
[2025-11-15T02:43:46.547+0000] {logging_mixin.py:188} INFO - [2025-11-15T02:43:46.546+0000] {dag.py:3036} INFO - Sync 1 DAGs
[2025-11-15T02:43:46.577+0000] {logging_mixin.py:188} INFO - [2025-11-15T02:43:46.577+0000] {dag.py:3823} INFO - Setting next_dagrun for daily_summary to 2025-11-15 00:00:00+00:00, run_after=2025-11-16 00:00:00+00:00
[2025-11-15T02:43:46.618+0000] {processor.py:183} INFO - Processing /opt/airflow/dags/daily_summary.py took 0.275 seconds
[2025-11-15T02:44:16.991+0000] {processor.py:161} INFO - Started process (PID=200) to work on /opt/airflow/dags/daily_summary.py
[2025-11-15T02:44:16.994+0000] {processor.py:830} INFO - Processing file /opt/airflow/dags/daily_summary.py for tasks to queue
[2025-11-15T02:44:16.996+0000] {logging_mixin.py:188} INFO - [2025-11-15T02:44:16.996+0000] {dagbag.py:538} INFO - Filling up the DagBag from /opt/airflow/dags/daily_summary.py
[2025-11-15T02:44:17.154+0000] {processor.py:840} INFO - DAG(s) 'daily_summary' retrieved from /opt/airflow/dags/daily_summary.py
[2025-11-15T02:44:17.184+0000] {logging_mixin.py:188} INFO - [2025-11-15T02:44:17.183+0000] {dag.py:3036} INFO - Sync 1 DAGs
[2025-11-15T02:44:17.217+0000] {logging_mixin.py:188} INFO - [2025-11-15T02:44:17.217+0000] {dag.py:3823} INFO - Setting next_dagrun for daily_summary to 2025-11-15 00:00:00+00:00, run_after=2025-11-16 00:00:00+00:00
[2025-11-15T02:44:17.246+0000] {processor.py:183} INFO - Processing /opt/airflow/dags/daily_summary.py took 0.262 seconds
[2025-11-15T02:44:47.394+0000] {processor.py:161} INFO - Started process (PID=205) to work on /opt/airflow/dags/daily_summary.py
[2025-11-15T02:44:47.396+0000] {processor.py:830} INFO - Processing file /opt/airflow/dags/daily_summary.py for tasks to queue
[2025-11-15T02:44:47.398+0000] {logging_mixin.py:188} INFO - [2025-11-15T02:44:47.397+0000] {dagbag.py:538} INFO - Filling up the DagBag from /opt/airflow/dags/daily_summary.py
[2025-11-15T02:44:47.532+0000] {processor.py:840} INFO - DAG(s) 'daily_summary' retrieved from /opt/airflow/dags/daily_summary.py
[2025-11-15T02:44:47.576+0000] {logging_mixin.py:188} INFO - [2025-11-15T02:44:47.575+0000] {dag.py:3036} INFO - Sync 1 DAGs
[2025-11-15T02:44:47.623+0000] {logging_mixin.py:188} INFO - [2025-11-15T02:44:47.623+0000] {dag.py:3823} INFO - Setting next_dagrun for daily_summary to 2025-11-15 00:00:00+00:00, run_after=2025-11-16 00:00:00+00:00
[2025-11-15T02:44:47.677+0000] {processor.py:183} INFO - Processing /opt/airflow/dags/daily_summary.py took 0.290 seconds
[2025-11-15T02:45:18.078+0000] {processor.py:161} INFO - Started process (PID=210) to work on /opt/airflow/dags/daily_summary.py
[2025-11-15T02:45:18.080+0000] {processor.py:830} INFO - Processing file /opt/airflow/dags/daily_summary.py for tasks to queue
[2025-11-15T02:45:18.083+0000] {logging_mixin.py:188} INFO - [2025-11-15T02:45:18.082+0000] {dagbag.py:538} INFO - Filling up the DagBag from /opt/airflow/dags/daily_summary.py
[2025-11-15T02:45:18.217+0000] {processor.py:840} INFO - DAG(s) 'daily_summary' retrieved from /opt/airflow/dags/daily_summary.py
[2025-11-15T02:45:18.250+0000] {logging_mixin.py:188} INFO - [2025-11-15T02:45:18.249+0000] {dag.py:3036} INFO - Sync 1 DAGs
[2025-11-15T02:45:18.279+0000] {logging_mixin.py:188} INFO - [2025-11-15T02:45:18.279+0000] {dag.py:3823} INFO - Setting next_dagrun for daily_summary to 2025-11-15 00:00:00+00:00, run_after=2025-11-16 00:00:00+00:00
[2025-11-15T02:45:18.301+0000] {processor.py:183} INFO - Processing /opt/airflow/dags/daily_summary.py took 0.230 seconds
[2025-11-15T02:45:48.507+0000] {processor.py:161} INFO - Started process (PID=215) to work on /opt/airflow/dags/daily_summary.py
[2025-11-15T02:45:48.509+0000] {processor.py:830} INFO - Processing file /opt/airflow/dags/daily_summary.py for tasks to queue
[2025-11-15T02:45:48.512+0000] {logging_mixin.py:188} INFO - [2025-11-15T02:45:48.511+0000] {dagbag.py:538} INFO - Filling up the DagBag from /opt/airflow/dags/daily_summary.py
[2025-11-15T02:45:48.661+0000] {processor.py:840} INFO - DAG(s) 'daily_summary' retrieved from /opt/airflow/dags/daily_summary.py
[2025-11-15T02:45:48.690+0000] {logging_mixin.py:188} INFO - [2025-11-15T02:45:48.689+0000] {dag.py:3036} INFO - Sync 1 DAGs
[2025-11-15T02:45:48.716+0000] {logging_mixin.py:188} INFO - [2025-11-15T02:45:48.714+0000] {dag.py:3823} INFO - Setting next_dagrun for daily_summary to 2025-11-15 00:00:00+00:00, run_after=2025-11-16 00:00:00+00:00
[2025-11-15T02:45:48.744+0000] {processor.py:183} INFO - Processing /opt/airflow/dags/daily_summary.py took 0.246 seconds
[2025-11-15T02:46:19.106+0000] {processor.py:161} INFO - Started process (PID=220) to work on /opt/airflow/dags/daily_summary.py
[2025-11-15T02:46:19.108+0000] {processor.py:830} INFO - Processing file /opt/airflow/dags/daily_summary.py for tasks to queue
[2025-11-15T02:46:19.111+0000] {logging_mixin.py:188} INFO - [2025-11-15T02:46:19.110+0000] {dagbag.py:538} INFO - Filling up the DagBag from /opt/airflow/dags/daily_summary.py
[2025-11-15T02:46:19.253+0000] {processor.py:840} INFO - DAG(s) 'daily_summary' retrieved from /opt/airflow/dags/daily_summary.py
[2025-11-15T02:46:19.294+0000] {logging_mixin.py:188} INFO - [2025-11-15T02:46:19.293+0000] {dag.py:3036} INFO - Sync 1 DAGs
[2025-11-15T02:46:19.319+0000] {logging_mixin.py:188} INFO - [2025-11-15T02:46:19.319+0000] {dag.py:3823} INFO - Setting next_dagrun for daily_summary to 2025-11-15 00:00:00+00:00, run_after=2025-11-16 00:00:00+00:00
[2025-11-15T02:46:19.360+0000] {processor.py:183} INFO - Processing /opt/airflow/dags/daily_summary.py took 0.261 seconds
[2025-11-15T02:46:49.636+0000] {processor.py:161} INFO - Started process (PID=225) to work on /opt/airflow/dags/daily_summary.py
[2025-11-15T02:46:49.638+0000] {processor.py:830} INFO - Processing file /opt/airflow/dags/daily_summary.py for tasks to queue
[2025-11-15T02:46:49.640+0000] {logging_mixin.py:188} INFO - [2025-11-15T02:46:49.640+0000] {dagbag.py:538} INFO - Filling up the DagBag from /opt/airflow/dags/daily_summary.py
[2025-11-15T02:46:49.791+0000] {processor.py:840} INFO - DAG(s) 'daily_summary' retrieved from /opt/airflow/dags/daily_summary.py
[2025-11-15T02:46:49.830+0000] {logging_mixin.py:188} INFO - [2025-11-15T02:46:49.830+0000] {dag.py:3036} INFO - Sync 1 DAGs
[2025-11-15T02:46:49.861+0000] {logging_mixin.py:188} INFO - [2025-11-15T02:46:49.861+0000] {dag.py:3823} INFO - Setting next_dagrun for daily_summary to 2025-11-15 00:00:00+00:00, run_after=2025-11-16 00:00:00+00:00
[2025-11-15T02:46:49.912+0000] {processor.py:183} INFO - Processing /opt/airflow/dags/daily_summary.py took 0.284 seconds
[2025-11-15T02:47:20.170+0000] {processor.py:161} INFO - Started process (PID=230) to work on /opt/airflow/dags/daily_summary.py
[2025-11-15T02:47:20.173+0000] {processor.py:830} INFO - Processing file /opt/airflow/dags/daily_summary.py for tasks to queue
[2025-11-15T02:47:20.176+0000] {logging_mixin.py:188} INFO - [2025-11-15T02:47:20.175+0000] {dagbag.py:538} INFO - Filling up the DagBag from /opt/airflow/dags/daily_summary.py
[2025-11-15T02:47:20.310+0000] {processor.py:840} INFO - DAG(s) 'daily_summary' retrieved from /opt/airflow/dags/daily_summary.py
[2025-11-15T02:47:20.355+0000] {logging_mixin.py:188} INFO - [2025-11-15T02:47:20.354+0000] {dag.py:3036} INFO - Sync 1 DAGs
[2025-11-15T02:47:20.383+0000] {logging_mixin.py:188} INFO - [2025-11-15T02:47:20.382+0000] {dag.py:3823} INFO - Setting next_dagrun for daily_summary to 2025-11-15 00:00:00+00:00, run_after=2025-11-16 00:00:00+00:00
[2025-11-15T02:47:20.419+0000] {processor.py:183} INFO - Processing /opt/airflow/dags/daily_summary.py took 0.259 seconds
[2025-11-15T02:47:50.708+0000] {processor.py:161} INFO - Started process (PID=235) to work on /opt/airflow/dags/daily_summary.py
[2025-11-15T02:47:50.710+0000] {processor.py:830} INFO - Processing file /opt/airflow/dags/daily_summary.py for tasks to queue
[2025-11-15T02:47:50.712+0000] {logging_mixin.py:188} INFO - [2025-11-15T02:47:50.712+0000] {dagbag.py:538} INFO - Filling up the DagBag from /opt/airflow/dags/daily_summary.py
[2025-11-15T02:47:50.823+0000] {processor.py:840} INFO - DAG(s) 'daily_summary' retrieved from /opt/airflow/dags/daily_summary.py
[2025-11-15T02:47:50.855+0000] {logging_mixin.py:188} INFO - [2025-11-15T02:47:50.855+0000] {dag.py:3036} INFO - Sync 1 DAGs
[2025-11-15T02:47:50.884+0000] {logging_mixin.py:188} INFO - [2025-11-15T02:47:50.883+0000] {dag.py:3823} INFO - Setting next_dagrun for daily_summary to 2025-11-15 00:00:00+00:00, run_after=2025-11-16 00:00:00+00:00
[2025-11-15T02:47:50.918+0000] {processor.py:183} INFO - Processing /opt/airflow/dags/daily_summary.py took 0.215 seconds
[2025-11-15T02:48:21.223+0000] {processor.py:161} INFO - Started process (PID=240) to work on /opt/airflow/dags/daily_summary.py
[2025-11-15T02:48:21.226+0000] {processor.py:830} INFO - Processing file /opt/airflow/dags/daily_summary.py for tasks to queue
[2025-11-15T02:48:21.229+0000] {logging_mixin.py:188} INFO - [2025-11-15T02:48:21.228+0000] {dagbag.py:538} INFO - Filling up the DagBag from /opt/airflow/dags/daily_summary.py
[2025-11-15T02:48:21.373+0000] {processor.py:840} INFO - DAG(s) 'daily_summary' retrieved from /opt/airflow/dags/daily_summary.py
[2025-11-15T02:48:21.409+0000] {logging_mixin.py:188} INFO - [2025-11-15T02:48:21.409+0000] {dag.py:3036} INFO - Sync 1 DAGs
[2025-11-15T02:48:21.447+0000] {logging_mixin.py:188} INFO - [2025-11-15T02:48:21.446+0000] {dag.py:3823} INFO - Setting next_dagrun for daily_summary to 2025-11-15 00:00:00+00:00, run_after=2025-11-16 00:00:00+00:00
[2025-11-15T02:48:21.497+0000] {processor.py:183} INFO - Processing /opt/airflow/dags/daily_summary.py took 0.282 seconds
[2025-11-15T02:48:51.718+0000] {processor.py:161} INFO - Started process (PID=245) to work on /opt/airflow/dags/daily_summary.py
[2025-11-15T02:48:51.720+0000] {processor.py:830} INFO - Processing file /opt/airflow/dags/daily_summary.py for tasks to queue
[2025-11-15T02:48:51.723+0000] {logging_mixin.py:188} INFO - [2025-11-15T02:48:51.722+0000] {dagbag.py:538} INFO - Filling up the DagBag from /opt/airflow/dags/daily_summary.py
[2025-11-15T02:48:51.863+0000] {processor.py:840} INFO - DAG(s) 'daily_summary' retrieved from /opt/airflow/dags/daily_summary.py
[2025-11-15T02:48:51.911+0000] {logging_mixin.py:188} INFO - [2025-11-15T02:48:51.911+0000] {dag.py:3036} INFO - Sync 1 DAGs
[2025-11-15T02:48:51.954+0000] {logging_mixin.py:188} INFO - [2025-11-15T02:48:51.953+0000] {dag.py:3823} INFO - Setting next_dagrun for daily_summary to 2025-11-15 00:00:00+00:00, run_after=2025-11-16 00:00:00+00:00
[2025-11-15T02:48:52.010+0000] {processor.py:183} INFO - Processing /opt/airflow/dags/daily_summary.py took 0.300 seconds
[2025-11-15T02:49:22.302+0000] {processor.py:161} INFO - Started process (PID=250) to work on /opt/airflow/dags/daily_summary.py
[2025-11-15T02:49:22.305+0000] {processor.py:830} INFO - Processing file /opt/airflow/dags/daily_summary.py for tasks to queue
[2025-11-15T02:49:22.308+0000] {logging_mixin.py:188} INFO - [2025-11-15T02:49:22.307+0000] {dagbag.py:538} INFO - Filling up the DagBag from /opt/airflow/dags/daily_summary.py
[2025-11-15T02:49:22.454+0000] {processor.py:840} INFO - DAG(s) 'daily_summary' retrieved from /opt/airflow/dags/daily_summary.py
[2025-11-15T02:49:22.488+0000] {logging_mixin.py:188} INFO - [2025-11-15T02:49:22.487+0000] {dag.py:3036} INFO - Sync 1 DAGs
[2025-11-15T02:49:22.515+0000] {logging_mixin.py:188} INFO - [2025-11-15T02:49:22.515+0000] {dag.py:3823} INFO - Setting next_dagrun for daily_summary to 2025-11-15 00:00:00+00:00, run_after=2025-11-16 00:00:00+00:00
[2025-11-15T02:49:22.560+0000] {processor.py:183} INFO - Processing /opt/airflow/dags/daily_summary.py took 0.266 seconds
[2025-11-15T02:49:52.804+0000] {processor.py:161} INFO - Started process (PID=255) to work on /opt/airflow/dags/daily_summary.py
[2025-11-15T02:49:52.805+0000] {processor.py:830} INFO - Processing file /opt/airflow/dags/daily_summary.py for tasks to queue
[2025-11-15T02:49:52.807+0000] {logging_mixin.py:188} INFO - [2025-11-15T02:49:52.806+0000] {dagbag.py:538} INFO - Filling up the DagBag from /opt/airflow/dags/daily_summary.py
[2025-11-15T02:49:52.936+0000] {processor.py:840} INFO - DAG(s) 'daily_summary' retrieved from /opt/airflow/dags/daily_summary.py
[2025-11-15T02:49:52.968+0000] {logging_mixin.py:188} INFO - [2025-11-15T02:49:52.968+0000] {dag.py:3036} INFO - Sync 1 DAGs
[2025-11-15T02:49:52.993+0000] {logging_mixin.py:188} INFO - [2025-11-15T02:49:52.993+0000] {dag.py:3823} INFO - Setting next_dagrun for daily_summary to 2025-11-15 00:00:00+00:00, run_after=2025-11-16 00:00:00+00:00
[2025-11-15T02:49:53.021+0000] {processor.py:183} INFO - Processing /opt/airflow/dags/daily_summary.py took 0.222 seconds
[2025-11-15T02:50:23.342+0000] {processor.py:161} INFO - Started process (PID=260) to work on /opt/airflow/dags/daily_summary.py
[2025-11-15T02:50:23.344+0000] {processor.py:830} INFO - Processing file /opt/airflow/dags/daily_summary.py for tasks to queue
[2025-11-15T02:50:23.346+0000] {logging_mixin.py:188} INFO - [2025-11-15T02:50:23.345+0000] {dagbag.py:538} INFO - Filling up the DagBag from /opt/airflow/dags/daily_summary.py
[2025-11-15T02:50:23.452+0000] {processor.py:840} INFO - DAG(s) 'daily_summary' retrieved from /opt/airflow/dags/daily_summary.py
[2025-11-15T02:50:23.486+0000] {logging_mixin.py:188} INFO - [2025-11-15T02:50:23.486+0000] {dag.py:3036} INFO - Sync 1 DAGs
[2025-11-15T02:50:23.516+0000] {logging_mixin.py:188} INFO - [2025-11-15T02:50:23.515+0000] {dag.py:3823} INFO - Setting next_dagrun for daily_summary to 2025-11-15 00:00:00+00:00, run_after=2025-11-16 00:00:00+00:00
[2025-11-15T02:50:23.553+0000] {processor.py:183} INFO - Processing /opt/airflow/dags/daily_summary.py took 0.217 seconds
[2025-11-15T02:50:53.832+0000] {processor.py:161} INFO - Started process (PID=265) to work on /opt/airflow/dags/daily_summary.py
[2025-11-15T02:50:53.834+0000] {processor.py:830} INFO - Processing file /opt/airflow/dags/daily_summary.py for tasks to queue
[2025-11-15T02:50:53.836+0000] {logging_mixin.py:188} INFO - [2025-11-15T02:50:53.835+0000] {dagbag.py:538} INFO - Filling up the DagBag from /opt/airflow/dags/daily_summary.py
[2025-11-15T02:50:53.981+0000] {processor.py:840} INFO - DAG(s) 'daily_summary' retrieved from /opt/airflow/dags/daily_summary.py
[2025-11-15T02:50:54.016+0000] {logging_mixin.py:188} INFO - [2025-11-15T02:50:54.016+0000] {dag.py:3036} INFO - Sync 1 DAGs
[2025-11-15T02:50:54.040+0000] {logging_mixin.py:188} INFO - [2025-11-15T02:50:54.040+0000] {dag.py:3823} INFO - Setting next_dagrun for daily_summary to 2025-11-15 00:00:00+00:00, run_after=2025-11-16 00:00:00+00:00
[2025-11-15T02:50:54.079+0000] {processor.py:183} INFO - Processing /opt/airflow/dags/daily_summary.py took 0.255 seconds
[2025-11-15T02:51:24.326+0000] {processor.py:161} INFO - Started process (PID=270) to work on /opt/airflow/dags/daily_summary.py
[2025-11-15T02:51:24.328+0000] {processor.py:830} INFO - Processing file /opt/airflow/dags/daily_summary.py for tasks to queue
[2025-11-15T02:51:24.331+0000] {logging_mixin.py:188} INFO - [2025-11-15T02:51:24.330+0000] {dagbag.py:538} INFO - Filling up the DagBag from /opt/airflow/dags/daily_summary.py
[2025-11-15T02:51:24.453+0000] {processor.py:840} INFO - DAG(s) 'daily_summary' retrieved from /opt/airflow/dags/daily_summary.py
[2025-11-15T02:51:24.489+0000] {logging_mixin.py:188} INFO - [2025-11-15T02:51:24.488+0000] {dag.py:3036} INFO - Sync 1 DAGs
[2025-11-15T02:51:24.527+0000] {logging_mixin.py:188} INFO - [2025-11-15T02:51:24.526+0000] {dag.py:3823} INFO - Setting next_dagrun for daily_summary to 2025-11-15 00:00:00+00:00, run_after=2025-11-16 00:00:00+00:00
[2025-11-15T02:51:24.584+0000] {processor.py:183} INFO - Processing /opt/airflow/dags/daily_summary.py took 0.270 seconds
[2025-11-15T02:51:54.952+0000] {processor.py:161} INFO - Started process (PID=275) to work on /opt/airflow/dags/daily_summary.py
[2025-11-15T02:51:54.953+0000] {processor.py:830} INFO - Processing file /opt/airflow/dags/daily_summary.py for tasks to queue
[2025-11-15T02:51:54.955+0000] {logging_mixin.py:188} INFO - [2025-11-15T02:51:54.954+0000] {dagbag.py:538} INFO - Filling up the DagBag from /opt/airflow/dags/daily_summary.py
[2025-11-15T02:51:55.058+0000] {processor.py:840} INFO - DAG(s) 'daily_summary' retrieved from /opt/airflow/dags/daily_summary.py
[2025-11-15T02:51:55.103+0000] {logging_mixin.py:188} INFO - [2025-11-15T02:51:55.102+0000] {dag.py:3036} INFO - Sync 1 DAGs
[2025-11-15T02:51:55.144+0000] {logging_mixin.py:188} INFO - [2025-11-15T02:51:55.144+0000] {dag.py:3823} INFO - Setting next_dagrun for daily_summary to 2025-11-15 00:00:00+00:00, run_after=2025-11-16 00:00:00+00:00
[2025-11-15T02:51:55.208+0000] {processor.py:183} INFO - Processing /opt/airflow/dags/daily_summary.py took 0.261 seconds
[2025-11-15T02:52:25.349+0000] {processor.py:161} INFO - Started process (PID=280) to work on /opt/airflow/dags/daily_summary.py
[2025-11-15T02:52:25.352+0000] {processor.py:830} INFO - Processing file /opt/airflow/dags/daily_summary.py for tasks to queue
[2025-11-15T02:52:25.354+0000] {logging_mixin.py:188} INFO - [2025-11-15T02:52:25.354+0000] {dagbag.py:538} INFO - Filling up the DagBag from /opt/airflow/dags/daily_summary.py
[2025-11-15T02:52:25.531+0000] {processor.py:840} INFO - DAG(s) 'daily_summary' retrieved from /opt/airflow/dags/daily_summary.py
[2025-11-15T02:52:25.570+0000] {logging_mixin.py:188} INFO - [2025-11-15T02:52:25.570+0000] {dag.py:3036} INFO - Sync 1 DAGs
[2025-11-15T02:52:25.603+0000] {logging_mixin.py:188} INFO - [2025-11-15T02:52:25.603+0000] {dag.py:3823} INFO - Setting next_dagrun for daily_summary to 2025-11-15 00:00:00+00:00, run_after=2025-11-16 00:00:00+00:00
[2025-11-15T02:52:25.651+0000] {processor.py:183} INFO - Processing /opt/airflow/dags/daily_summary.py took 0.310 seconds
[2025-11-15T02:52:55.956+0000] {processor.py:161} INFO - Started process (PID=285) to work on /opt/airflow/dags/daily_summary.py
[2025-11-15T02:52:55.957+0000] {processor.py:830} INFO - Processing file /opt/airflow/dags/daily_summary.py for tasks to queue
[2025-11-15T02:52:55.959+0000] {logging_mixin.py:188} INFO - [2025-11-15T02:52:55.959+0000] {dagbag.py:538} INFO - Filling up the DagBag from /opt/airflow/dags/daily_summary.py
[2025-11-15T02:52:56.075+0000] {processor.py:840} INFO - DAG(s) 'daily_summary' retrieved from /opt/airflow/dags/daily_summary.py
[2025-11-15T02:52:56.109+0000] {logging_mixin.py:188} INFO - [2025-11-15T02:52:56.109+0000] {dag.py:3036} INFO - Sync 1 DAGs
[2025-11-15T02:52:56.138+0000] {logging_mixin.py:188} INFO - [2025-11-15T02:52:56.138+0000] {dag.py:3823} INFO - Setting next_dagrun for daily_summary to 2025-11-15 00:00:00+00:00, run_after=2025-11-16 00:00:00+00:00
[2025-11-15T02:52:56.172+0000] {processor.py:183} INFO - Processing /opt/airflow/dags/daily_summary.py took 0.222 seconds
[2025-11-15T02:53:34.887+0000] {processor.py:161} INFO - Started process (PID=175) to work on /opt/airflow/dags/daily_summary.py
[2025-11-15T02:53:34.889+0000] {processor.py:830} INFO - Processing file /opt/airflow/dags/daily_summary.py for tasks to queue
[2025-11-15T02:53:34.890+0000] {logging_mixin.py:188} INFO - [2025-11-15T02:53:34.890+0000] {dagbag.py:538} INFO - Filling up the DagBag from /opt/airflow/dags/daily_summary.py
[2025-11-15T02:53:34.998+0000] {processor.py:840} INFO - DAG(s) 'daily_summary' retrieved from /opt/airflow/dags/daily_summary.py
[2025-11-15T02:53:35.026+0000] {logging_mixin.py:188} INFO - [2025-11-15T02:53:35.026+0000] {dag.py:3036} INFO - Sync 1 DAGs
[2025-11-15T02:53:35.067+0000] {logging_mixin.py:188} INFO - [2025-11-15T02:53:35.067+0000] {dag.py:3823} INFO - Setting next_dagrun for daily_summary to 2025-11-15 00:00:00+00:00, run_after=2025-11-16 00:00:00+00:00
[2025-11-15T02:53:35.103+0000] {processor.py:183} INFO - Processing /opt/airflow/dags/daily_summary.py took 0.224 seconds
[2025-11-15T02:54:05.290+0000] {processor.py:161} INFO - Started process (PID=180) to work on /opt/airflow/dags/daily_summary.py
[2025-11-15T02:54:05.292+0000] {processor.py:830} INFO - Processing file /opt/airflow/dags/daily_summary.py for tasks to queue
[2025-11-15T02:54:05.297+0000] {logging_mixin.py:188} INFO - [2025-11-15T02:54:05.293+0000] {dagbag.py:538} INFO - Filling up the DagBag from /opt/airflow/dags/daily_summary.py
[2025-11-15T02:54:05.407+0000] {processor.py:840} INFO - DAG(s) 'daily_summary' retrieved from /opt/airflow/dags/daily_summary.py
[2025-11-15T02:54:05.739+0000] {logging_mixin.py:188} INFO - [2025-11-15T02:54:05.738+0000] {dag.py:3036} INFO - Sync 1 DAGs
[2025-11-15T02:54:05.784+0000] {logging_mixin.py:188} INFO - [2025-11-15T02:54:05.783+0000] {dag.py:3823} INFO - Setting next_dagrun for daily_summary to 2025-11-15 00:00:00+00:00, run_after=2025-11-16 00:00:00+00:00
[2025-11-15T02:54:05.849+0000] {processor.py:183} INFO - Processing /opt/airflow/dags/daily_summary.py took 0.564 seconds
[2025-11-15T02:54:36.282+0000] {processor.py:161} INFO - Started process (PID=185) to work on /opt/airflow/dags/daily_summary.py
[2025-11-15T02:54:36.285+0000] {processor.py:830} INFO - Processing file /opt/airflow/dags/daily_summary.py for tasks to queue
[2025-11-15T02:54:36.287+0000] {logging_mixin.py:188} INFO - [2025-11-15T02:54:36.286+0000] {dagbag.py:538} INFO - Filling up the DagBag from /opt/airflow/dags/daily_summary.py
[2025-11-15T02:54:36.446+0000] {processor.py:840} INFO - DAG(s) 'daily_summary' retrieved from /opt/airflow/dags/daily_summary.py
[2025-11-15T02:54:36.502+0000] {logging_mixin.py:188} INFO - [2025-11-15T02:54:36.502+0000] {dag.py:3036} INFO - Sync 1 DAGs
[2025-11-15T02:54:36.551+0000] {logging_mixin.py:188} INFO - [2025-11-15T02:54:36.551+0000] {dag.py:3823} INFO - Setting next_dagrun for daily_summary to 2025-11-15 00:00:00+00:00, run_after=2025-11-16 00:00:00+00:00
[2025-11-15T02:54:36.610+0000] {processor.py:183} INFO - Processing /opt/airflow/dags/daily_summary.py took 0.336 seconds
[2025-11-15T02:55:07.036+0000] {processor.py:161} INFO - Started process (PID=190) to work on /opt/airflow/dags/daily_summary.py
[2025-11-15T02:55:07.038+0000] {processor.py:830} INFO - Processing file /opt/airflow/dags/daily_summary.py for tasks to queue
[2025-11-15T02:55:07.041+0000] {logging_mixin.py:188} INFO - [2025-11-15T02:55:07.040+0000] {dagbag.py:538} INFO - Filling up the DagBag from /opt/airflow/dags/daily_summary.py
[2025-11-15T02:55:07.192+0000] {processor.py:840} INFO - DAG(s) 'daily_summary' retrieved from /opt/airflow/dags/daily_summary.py
[2025-11-15T02:55:07.235+0000] {logging_mixin.py:188} INFO - [2025-11-15T02:55:07.235+0000] {dag.py:3036} INFO - Sync 1 DAGs
[2025-11-15T02:55:07.270+0000] {logging_mixin.py:188} INFO - [2025-11-15T02:55:07.269+0000] {dag.py:3823} INFO - Setting next_dagrun for daily_summary to 2025-11-15 00:00:00+00:00, run_after=2025-11-16 00:00:00+00:00
[2025-11-15T02:55:07.312+0000] {processor.py:183} INFO - Processing /opt/airflow/dags/daily_summary.py took 0.281 seconds
[2025-11-15T02:55:37.711+0000] {processor.py:161} INFO - Started process (PID=195) to work on /opt/airflow/dags/daily_summary.py
[2025-11-15T02:55:37.713+0000] {processor.py:830} INFO - Processing file /opt/airflow/dags/daily_summary.py for tasks to queue
[2025-11-15T02:55:37.714+0000] {logging_mixin.py:188} INFO - [2025-11-15T02:55:37.714+0000] {dagbag.py:538} INFO - Filling up the DagBag from /opt/airflow/dags/daily_summary.py
[2025-11-15T02:55:37.842+0000] {processor.py:840} INFO - DAG(s) 'daily_summary' retrieved from /opt/airflow/dags/daily_summary.py
[2025-11-15T02:55:37.883+0000] {logging_mixin.py:188} INFO - [2025-11-15T02:55:37.883+0000] {dag.py:3036} INFO - Sync 1 DAGs
[2025-11-15T02:55:37.914+0000] {logging_mixin.py:188} INFO - [2025-11-15T02:55:37.914+0000] {dag.py:3823} INFO - Setting next_dagrun for daily_summary to 2025-11-15 00:00:00+00:00, run_after=2025-11-16 00:00:00+00:00
[2025-11-15T02:55:37.942+0000] {processor.py:183} INFO - Processing /opt/airflow/dags/daily_summary.py took 0.236 seconds
[2025-11-15T02:56:08.111+0000] {processor.py:161} INFO - Started process (PID=200) to work on /opt/airflow/dags/daily_summary.py
[2025-11-15T02:56:08.114+0000] {processor.py:830} INFO - Processing file /opt/airflow/dags/daily_summary.py for tasks to queue
[2025-11-15T02:56:08.117+0000] {logging_mixin.py:188} INFO - [2025-11-15T02:56:08.116+0000] {dagbag.py:538} INFO - Filling up the DagBag from /opt/airflow/dags/daily_summary.py
[2025-11-15T02:56:08.258+0000] {processor.py:840} INFO - DAG(s) 'daily_summary' retrieved from /opt/airflow/dags/daily_summary.py
[2025-11-15T02:56:08.302+0000] {logging_mixin.py:188} INFO - [2025-11-15T02:56:08.301+0000] {dag.py:3036} INFO - Sync 1 DAGs
[2025-11-15T02:56:08.327+0000] {logging_mixin.py:188} INFO - [2025-11-15T02:56:08.327+0000] {dag.py:3823} INFO - Setting next_dagrun for daily_summary to 2025-11-15 00:00:00+00:00, run_after=2025-11-16 00:00:00+00:00
[2025-11-15T02:56:08.371+0000] {processor.py:183} INFO - Processing /opt/airflow/dags/daily_summary.py took 0.267 seconds
[2025-11-15T02:56:38.641+0000] {processor.py:161} INFO - Started process (PID=205) to work on /opt/airflow/dags/daily_summary.py
[2025-11-15T02:56:38.644+0000] {processor.py:830} INFO - Processing file /opt/airflow/dags/daily_summary.py for tasks to queue
[2025-11-15T02:56:38.646+0000] {logging_mixin.py:188} INFO - [2025-11-15T02:56:38.645+0000] {dagbag.py:538} INFO - Filling up the DagBag from /opt/airflow/dags/daily_summary.py
[2025-11-15T02:56:38.770+0000] {processor.py:840} INFO - DAG(s) 'daily_summary' retrieved from /opt/airflow/dags/daily_summary.py
[2025-11-15T02:56:38.806+0000] {logging_mixin.py:188} INFO - [2025-11-15T02:56:38.805+0000] {dag.py:3036} INFO - Sync 1 DAGs
[2025-11-15T02:56:38.835+0000] {logging_mixin.py:188} INFO - [2025-11-15T02:56:38.835+0000] {dag.py:3823} INFO - Setting next_dagrun for daily_summary to 2025-11-15 00:00:00+00:00, run_after=2025-11-16 00:00:00+00:00
[2025-11-15T02:56:38.871+0000] {processor.py:183} INFO - Processing /opt/airflow/dags/daily_summary.py took 0.236 seconds
[2025-11-15T02:57:30.492+0000] {processor.py:161} INFO - Started process (PID=176) to work on /opt/airflow/dags/daily_summary.py
[2025-11-15T02:57:30.493+0000] {processor.py:830} INFO - Processing file /opt/airflow/dags/daily_summary.py for tasks to queue
[2025-11-15T02:57:30.495+0000] {logging_mixin.py:188} INFO - [2025-11-15T02:57:30.494+0000] {dagbag.py:538} INFO - Filling up the DagBag from /opt/airflow/dags/daily_summary.py
[2025-11-15T02:57:30.592+0000] {processor.py:840} INFO - DAG(s) 'daily_summary' retrieved from /opt/airflow/dags/daily_summary.py
[2025-11-15T02:57:30.619+0000] {logging_mixin.py:188} INFO - [2025-11-15T02:57:30.618+0000] {dag.py:3036} INFO - Sync 1 DAGs
[2025-11-15T02:57:30.646+0000] {logging_mixin.py:188} INFO - [2025-11-15T02:57:30.645+0000] {dag.py:3823} INFO - Setting next_dagrun for daily_summary to 2025-11-15 00:00:00+00:00, run_after=2025-11-16 00:00:00+00:00
[2025-11-15T02:57:30.680+0000] {processor.py:183} INFO - Processing /opt/airflow/dags/daily_summary.py took 0.192 seconds
[2025-11-15T02:58:00.897+0000] {processor.py:161} INFO - Started process (PID=181) to work on /opt/airflow/dags/daily_summary.py
[2025-11-15T02:58:00.899+0000] {processor.py:830} INFO - Processing file /opt/airflow/dags/daily_summary.py for tasks to queue
[2025-11-15T02:58:00.902+0000] {logging_mixin.py:188} INFO - [2025-11-15T02:58:00.901+0000] {dagbag.py:538} INFO - Filling up the DagBag from /opt/airflow/dags/daily_summary.py
[2025-11-15T02:58:01.053+0000] {processor.py:840} INFO - DAG(s) 'daily_summary' retrieved from /opt/airflow/dags/daily_summary.py
[2025-11-15T02:58:01.262+0000] {logging_mixin.py:188} INFO - [2025-11-15T02:58:01.261+0000] {dag.py:3036} INFO - Sync 1 DAGs
[2025-11-15T02:58:01.291+0000] {logging_mixin.py:188} INFO - [2025-11-15T02:58:01.290+0000] {dag.py:3823} INFO - Setting next_dagrun for daily_summary to 2025-11-15 00:00:00+00:00, run_after=2025-11-16 00:00:00+00:00
[2025-11-15T02:58:01.338+0000] {processor.py:183} INFO - Processing /opt/airflow/dags/daily_summary.py took 0.449 seconds
[2025-11-15T02:58:31.792+0000] {processor.py:161} INFO - Started process (PID=186) to work on /opt/airflow/dags/daily_summary.py
[2025-11-15T02:58:31.795+0000] {processor.py:830} INFO - Processing file /opt/airflow/dags/daily_summary.py for tasks to queue
[2025-11-15T02:58:31.798+0000] {logging_mixin.py:188} INFO - [2025-11-15T02:58:31.797+0000] {dagbag.py:538} INFO - Filling up the DagBag from /opt/airflow/dags/daily_summary.py
[2025-11-15T02:58:31.956+0000] {processor.py:840} INFO - DAG(s) 'daily_summary' retrieved from /opt/airflow/dags/daily_summary.py
[2025-11-15T02:58:32.002+0000] {logging_mixin.py:188} INFO - [2025-11-15T02:58:32.002+0000] {dag.py:3036} INFO - Sync 1 DAGs
[2025-11-15T02:58:32.048+0000] {logging_mixin.py:188} INFO - [2025-11-15T02:58:32.047+0000] {dag.py:3823} INFO - Setting next_dagrun for daily_summary to 2025-11-15 00:00:00+00:00, run_after=2025-11-16 00:00:00+00:00
[2025-11-15T02:58:32.098+0000] {processor.py:183} INFO - Processing /opt/airflow/dags/daily_summary.py took 0.313 seconds
[2025-11-15T02:59:02.566+0000] {processor.py:161} INFO - Started process (PID=191) to work on /opt/airflow/dags/daily_summary.py
[2025-11-15T02:59:02.569+0000] {processor.py:830} INFO - Processing file /opt/airflow/dags/daily_summary.py for tasks to queue
[2025-11-15T02:59:02.572+0000] {logging_mixin.py:188} INFO - [2025-11-15T02:59:02.571+0000] {dagbag.py:538} INFO - Filling up the DagBag from /opt/airflow/dags/daily_summary.py
[2025-11-15T02:59:02.679+0000] {processor.py:840} INFO - DAG(s) 'daily_summary' retrieved from /opt/airflow/dags/daily_summary.py
[2025-11-15T02:59:02.710+0000] {logging_mixin.py:188} INFO - [2025-11-15T02:59:02.710+0000] {dag.py:3036} INFO - Sync 1 DAGs
[2025-11-15T02:59:02.734+0000] {logging_mixin.py:188} INFO - [2025-11-15T02:59:02.734+0000] {dag.py:3823} INFO - Setting next_dagrun for daily_summary to 2025-11-15 00:00:00+00:00, run_after=2025-11-16 00:00:00+00:00
[2025-11-15T02:59:02.772+0000] {processor.py:183} INFO - Processing /opt/airflow/dags/daily_summary.py took 0.215 seconds
[2025-11-15T02:59:32.959+0000] {processor.py:161} INFO - Started process (PID=196) to work on /opt/airflow/dags/daily_summary.py
[2025-11-15T02:59:32.961+0000] {processor.py:830} INFO - Processing file /opt/airflow/dags/daily_summary.py for tasks to queue
[2025-11-15T02:59:32.963+0000] {logging_mixin.py:188} INFO - [2025-11-15T02:59:32.963+0000] {dagbag.py:538} INFO - Filling up the DagBag from /opt/airflow/dags/daily_summary.py
[2025-11-15T02:59:33.103+0000] {processor.py:840} INFO - DAG(s) 'daily_summary' retrieved from /opt/airflow/dags/daily_summary.py
[2025-11-15T02:59:33.135+0000] {logging_mixin.py:188} INFO - [2025-11-15T02:59:33.135+0000] {dag.py:3036} INFO - Sync 1 DAGs
[2025-11-15T02:59:33.164+0000] {logging_mixin.py:188} INFO - [2025-11-15T02:59:33.163+0000] {dag.py:3823} INFO - Setting next_dagrun for daily_summary to 2025-11-15 00:00:00+00:00, run_after=2025-11-16 00:00:00+00:00
[2025-11-15T02:59:33.203+0000] {processor.py:183} INFO - Processing /opt/airflow/dags/daily_summary.py took 0.254 seconds
[2025-11-15T03:00:03.547+0000] {processor.py:161} INFO - Started process (PID=201) to work on /opt/airflow/dags/daily_summary.py
[2025-11-15T03:00:03.549+0000] {processor.py:830} INFO - Processing file /opt/airflow/dags/daily_summary.py for tasks to queue
[2025-11-15T03:00:03.552+0000] {logging_mixin.py:188} INFO - [2025-11-15T03:00:03.551+0000] {dagbag.py:538} INFO - Filling up the DagBag from /opt/airflow/dags/daily_summary.py
[2025-11-15T03:00:03.702+0000] {processor.py:840} INFO - DAG(s) 'daily_summary' retrieved from /opt/airflow/dags/daily_summary.py
[2025-11-15T03:00:03.757+0000] {logging_mixin.py:188} INFO - [2025-11-15T03:00:03.756+0000] {dag.py:3036} INFO - Sync 1 DAGs
[2025-11-15T03:00:03.803+0000] {logging_mixin.py:188} INFO - [2025-11-15T03:00:03.802+0000] {dag.py:3823} INFO - Setting next_dagrun for daily_summary to 2025-11-15 00:00:00+00:00, run_after=2025-11-16 00:00:00+00:00
[2025-11-15T03:00:03.853+0000] {processor.py:183} INFO - Processing /opt/airflow/dags/daily_summary.py took 0.312 seconds
[2025-11-15T03:00:34.004+0000] {processor.py:161} INFO - Started process (PID=206) to work on /opt/airflow/dags/daily_summary.py
[2025-11-15T03:00:34.006+0000] {processor.py:830} INFO - Processing file /opt/airflow/dags/daily_summary.py for tasks to queue
[2025-11-15T03:00:34.007+0000] {logging_mixin.py:188} INFO - [2025-11-15T03:00:34.007+0000] {dagbag.py:538} INFO - Filling up the DagBag from /opt/airflow/dags/daily_summary.py
[2025-11-15T03:00:34.125+0000] {processor.py:840} INFO - DAG(s) 'daily_summary' retrieved from /opt/airflow/dags/daily_summary.py
[2025-11-15T03:00:34.158+0000] {logging_mixin.py:188} INFO - [2025-11-15T03:00:34.158+0000] {dag.py:3036} INFO - Sync 1 DAGs
[2025-11-15T03:00:34.183+0000] {logging_mixin.py:188} INFO - [2025-11-15T03:00:34.182+0000] {dag.py:3823} INFO - Setting next_dagrun for daily_summary to 2025-11-15 00:00:00+00:00, run_after=2025-11-16 00:00:00+00:00
[2025-11-15T03:00:34.219+0000] {processor.py:183} INFO - Processing /opt/airflow/dags/daily_summary.py took 0.220 seconds
[2025-11-15T03:01:04.683+0000] {processor.py:161} INFO - Started process (PID=211) to work on /opt/airflow/dags/daily_summary.py
[2025-11-15T03:01:04.686+0000] {processor.py:830} INFO - Processing file /opt/airflow/dags/daily_summary.py for tasks to queue
[2025-11-15T03:01:04.687+0000] {logging_mixin.py:188} INFO - [2025-11-15T03:01:04.687+0000] {dagbag.py:538} INFO - Filling up the DagBag from /opt/airflow/dags/daily_summary.py
[2025-11-15T03:01:04.855+0000] {processor.py:840} INFO - DAG(s) 'daily_summary' retrieved from /opt/airflow/dags/daily_summary.py
[2025-11-15T03:01:04.916+0000] {logging_mixin.py:188} INFO - [2025-11-15T03:01:04.915+0000] {dag.py:3036} INFO - Sync 1 DAGs
[2025-11-15T03:01:04.946+0000] {logging_mixin.py:188} INFO - [2025-11-15T03:01:04.946+0000] {dag.py:3823} INFO - Setting next_dagrun for daily_summary to 2025-11-15 00:00:00+00:00, run_after=2025-11-16 00:00:00+00:00
[2025-11-15T03:01:04.974+0000] {processor.py:183} INFO - Processing /opt/airflow/dags/daily_summary.py took 0.299 seconds
[2025-11-15T03:01:35.070+0000] {processor.py:161} INFO - Started process (PID=216) to work on /opt/airflow/dags/daily_summary.py
[2025-11-15T03:01:35.072+0000] {processor.py:830} INFO - Processing file /opt/airflow/dags/daily_summary.py for tasks to queue
[2025-11-15T03:01:35.074+0000] {logging_mixin.py:188} INFO - [2025-11-15T03:01:35.074+0000] {dagbag.py:538} INFO - Filling up the DagBag from /opt/airflow/dags/daily_summary.py
[2025-11-15T03:01:35.190+0000] {processor.py:840} INFO - DAG(s) 'daily_summary' retrieved from /opt/airflow/dags/daily_summary.py
[2025-11-15T03:01:35.225+0000] {logging_mixin.py:188} INFO - [2025-11-15T03:01:35.225+0000] {dag.py:3036} INFO - Sync 1 DAGs
[2025-11-15T03:01:35.253+0000] {logging_mixin.py:188} INFO - [2025-11-15T03:01:35.253+0000] {dag.py:3823} INFO - Setting next_dagrun for daily_summary to 2025-11-15 00:00:00+00:00, run_after=2025-11-16 00:00:00+00:00
[2025-11-15T03:01:35.287+0000] {processor.py:183} INFO - Processing /opt/airflow/dags/daily_summary.py took 0.223 seconds
[2025-11-15T03:02:05.456+0000] {processor.py:161} INFO - Started process (PID=221) to work on /opt/airflow/dags/daily_summary.py
[2025-11-15T03:02:05.459+0000] {processor.py:830} INFO - Processing file /opt/airflow/dags/daily_summary.py for tasks to queue
[2025-11-15T03:02:05.461+0000] {logging_mixin.py:188} INFO - [2025-11-15T03:02:05.461+0000] {dagbag.py:538} INFO - Filling up the DagBag from /opt/airflow/dags/daily_summary.py
[2025-11-15T03:02:05.592+0000] {processor.py:840} INFO - DAG(s) 'daily_summary' retrieved from /opt/airflow/dags/daily_summary.py
[2025-11-15T03:02:05.628+0000] {logging_mixin.py:188} INFO - [2025-11-15T03:02:05.628+0000] {dag.py:3036} INFO - Sync 1 DAGs
[2025-11-15T03:02:05.655+0000] {logging_mixin.py:188} INFO - [2025-11-15T03:02:05.654+0000] {dag.py:3823} INFO - Setting next_dagrun for daily_summary to 2025-11-15 00:00:00+00:00, run_after=2025-11-16 00:00:00+00:00
[2025-11-15T03:02:05.694+0000] {processor.py:183} INFO - Processing /opt/airflow/dags/daily_summary.py took 0.247 seconds
[2025-11-15T03:02:36.180+0000] {processor.py:161} INFO - Started process (PID=226) to work on /opt/airflow/dags/daily_summary.py
[2025-11-15T03:02:36.183+0000] {processor.py:830} INFO - Processing file /opt/airflow/dags/daily_summary.py for tasks to queue
[2025-11-15T03:02:36.186+0000] {logging_mixin.py:188} INFO - [2025-11-15T03:02:36.186+0000] {dagbag.py:538} INFO - Filling up the DagBag from /opt/airflow/dags/daily_summary.py
[2025-11-15T03:02:36.340+0000] {processor.py:840} INFO - DAG(s) 'daily_summary' retrieved from /opt/airflow/dags/daily_summary.py
[2025-11-15T03:02:36.397+0000] {logging_mixin.py:188} INFO - [2025-11-15T03:02:36.396+0000] {dag.py:3036} INFO - Sync 1 DAGs
[2025-11-15T03:02:36.449+0000] {logging_mixin.py:188} INFO - [2025-11-15T03:02:36.448+0000] {dag.py:3823} INFO - Setting next_dagrun for daily_summary to 2025-11-15 00:00:00+00:00, run_after=2025-11-16 00:00:00+00:00
[2025-11-15T03:02:36.510+0000] {processor.py:183} INFO - Processing /opt/airflow/dags/daily_summary.py took 0.338 seconds
[2025-11-15T03:03:06.962+0000] {processor.py:161} INFO - Started process (PID=231) to work on /opt/airflow/dags/daily_summary.py
[2025-11-15T03:03:06.966+0000] {processor.py:830} INFO - Processing file /opt/airflow/dags/daily_summary.py for tasks to queue
[2025-11-15T03:03:06.969+0000] {logging_mixin.py:188} INFO - [2025-11-15T03:03:06.968+0000] {dagbag.py:538} INFO - Filling up the DagBag from /opt/airflow/dags/daily_summary.py
[2025-11-15T03:03:07.138+0000] {processor.py:840} INFO - DAG(s) 'daily_summary' retrieved from /opt/airflow/dags/daily_summary.py
[2025-11-15T03:03:07.171+0000] {logging_mixin.py:188} INFO - [2025-11-15T03:03:07.171+0000] {dag.py:3036} INFO - Sync 1 DAGs
[2025-11-15T03:03:07.213+0000] {logging_mixin.py:188} INFO - [2025-11-15T03:03:07.212+0000] {dag.py:3823} INFO - Setting next_dagrun for daily_summary to 2025-11-15 00:00:00+00:00, run_after=2025-11-16 00:00:00+00:00
[2025-11-15T03:03:07.273+0000] {processor.py:183} INFO - Processing /opt/airflow/dags/daily_summary.py took 0.318 seconds
[2025-11-15T03:03:37.702+0000] {processor.py:161} INFO - Started process (PID=236) to work on /opt/airflow/dags/daily_summary.py
[2025-11-15T03:03:37.705+0000] {processor.py:830} INFO - Processing file /opt/airflow/dags/daily_summary.py for tasks to queue
[2025-11-15T03:03:37.708+0000] {logging_mixin.py:188} INFO - [2025-11-15T03:03:37.707+0000] {dagbag.py:538} INFO - Filling up the DagBag from /opt/airflow/dags/daily_summary.py
[2025-11-15T03:03:37.838+0000] {processor.py:840} INFO - DAG(s) 'daily_summary' retrieved from /opt/airflow/dags/daily_summary.py
[2025-11-15T03:03:37.883+0000] {logging_mixin.py:188} INFO - [2025-11-15T03:03:37.882+0000] {dag.py:3036} INFO - Sync 1 DAGs
[2025-11-15T03:03:37.914+0000] {logging_mixin.py:188} INFO - [2025-11-15T03:03:37.914+0000] {dag.py:3823} INFO - Setting next_dagrun for daily_summary to 2025-11-15 00:00:00+00:00, run_after=2025-11-16 00:00:00+00:00
[2025-11-15T03:03:37.964+0000] {processor.py:183} INFO - Processing /opt/airflow/dags/daily_summary.py took 0.270 seconds
[2025-11-15T03:04:08.419+0000] {processor.py:161} INFO - Started process (PID=241) to work on /opt/airflow/dags/daily_summary.py
[2025-11-15T03:04:08.422+0000] {processor.py:830} INFO - Processing file /opt/airflow/dags/daily_summary.py for tasks to queue
[2025-11-15T03:04:08.424+0000] {logging_mixin.py:188} INFO - [2025-11-15T03:04:08.424+0000] {dagbag.py:538} INFO - Filling up the DagBag from /opt/airflow/dags/daily_summary.py
[2025-11-15T03:04:08.559+0000] {processor.py:840} INFO - DAG(s) 'daily_summary' retrieved from /opt/airflow/dags/daily_summary.py
[2025-11-15T03:04:08.606+0000] {logging_mixin.py:188} INFO - [2025-11-15T03:04:08.605+0000] {dag.py:3036} INFO - Sync 1 DAGs
[2025-11-15T03:04:08.654+0000] {logging_mixin.py:188} INFO - [2025-11-15T03:04:08.654+0000] {dag.py:3823} INFO - Setting next_dagrun for daily_summary to 2025-11-15 00:00:00+00:00, run_after=2025-11-16 00:00:00+00:00
[2025-11-15T03:04:08.701+0000] {processor.py:183} INFO - Processing /opt/airflow/dags/daily_summary.py took 0.290 seconds
[2025-11-15T03:04:39.126+0000] {processor.py:161} INFO - Started process (PID=246) to work on /opt/airflow/dags/daily_summary.py
[2025-11-15T03:04:39.128+0000] {processor.py:830} INFO - Processing file /opt/airflow/dags/daily_summary.py for tasks to queue
[2025-11-15T03:04:39.131+0000] {logging_mixin.py:188} INFO - [2025-11-15T03:04:39.130+0000] {dagbag.py:538} INFO - Filling up the DagBag from /opt/airflow/dags/daily_summary.py
[2025-11-15T03:04:39.265+0000] {processor.py:840} INFO - DAG(s) 'daily_summary' retrieved from /opt/airflow/dags/daily_summary.py
[2025-11-15T03:04:39.315+0000] {logging_mixin.py:188} INFO - [2025-11-15T03:04:39.314+0000] {dag.py:3036} INFO - Sync 1 DAGs
[2025-11-15T03:04:39.353+0000] {logging_mixin.py:188} INFO - [2025-11-15T03:04:39.353+0000] {dag.py:3823} INFO - Setting next_dagrun for daily_summary to 2025-11-15 00:00:00+00:00, run_after=2025-11-16 00:00:00+00:00
[2025-11-15T03:04:39.383+0000] {processor.py:183} INFO - Processing /opt/airflow/dags/daily_summary.py took 0.265 seconds
[2025-11-15T03:05:09.527+0000] {processor.py:161} INFO - Started process (PID=251) to work on /opt/airflow/dags/daily_summary.py
[2025-11-15T03:05:09.530+0000] {processor.py:830} INFO - Processing file /opt/airflow/dags/daily_summary.py for tasks to queue
[2025-11-15T03:05:09.533+0000] {logging_mixin.py:188} INFO - [2025-11-15T03:05:09.532+0000] {dagbag.py:538} INFO - Filling up the DagBag from /opt/airflow/dags/daily_summary.py
[2025-11-15T03:05:09.661+0000] {processor.py:840} INFO - DAG(s) 'daily_summary' retrieved from /opt/airflow/dags/daily_summary.py
[2025-11-15T03:05:09.712+0000] {logging_mixin.py:188} INFO - [2025-11-15T03:05:09.712+0000] {dag.py:3036} INFO - Sync 1 DAGs
[2025-11-15T03:05:09.750+0000] {logging_mixin.py:188} INFO - [2025-11-15T03:05:09.750+0000] {dag.py:3823} INFO - Setting next_dagrun for daily_summary to 2025-11-15 00:00:00+00:00, run_after=2025-11-16 00:00:00+00:00
[2025-11-15T03:05:09.795+0000] {processor.py:183} INFO - Processing /opt/airflow/dags/daily_summary.py took 0.279 seconds
[2025-11-15T03:05:40.108+0000] {processor.py:161} INFO - Started process (PID=256) to work on /opt/airflow/dags/daily_summary.py
[2025-11-15T03:05:40.111+0000] {processor.py:830} INFO - Processing file /opt/airflow/dags/daily_summary.py for tasks to queue
[2025-11-15T03:05:40.113+0000] {logging_mixin.py:188} INFO - [2025-11-15T03:05:40.113+0000] {dagbag.py:538} INFO - Filling up the DagBag from /opt/airflow/dags/daily_summary.py
[2025-11-15T03:05:40.289+0000] {processor.py:840} INFO - DAG(s) 'daily_summary' retrieved from /opt/airflow/dags/daily_summary.py
[2025-11-15T03:05:40.321+0000] {logging_mixin.py:188} INFO - [2025-11-15T03:05:40.321+0000] {dag.py:3036} INFO - Sync 1 DAGs
[2025-11-15T03:05:40.365+0000] {logging_mixin.py:188} INFO - [2025-11-15T03:05:40.365+0000] {dag.py:3823} INFO - Setting next_dagrun for daily_summary to 2025-11-15 00:00:00+00:00, run_after=2025-11-16 00:00:00+00:00
[2025-11-15T03:05:40.402+0000] {processor.py:183} INFO - Processing /opt/airflow/dags/daily_summary.py took 0.299 seconds
[2025-11-15T03:06:10.557+0000] {processor.py:161} INFO - Started process (PID=261) to work on /opt/airflow/dags/daily_summary.py
[2025-11-15T03:06:10.560+0000] {processor.py:830} INFO - Processing file /opt/airflow/dags/daily_summary.py for tasks to queue
[2025-11-15T03:06:10.563+0000] {logging_mixin.py:188} INFO - [2025-11-15T03:06:10.562+0000] {dagbag.py:538} INFO - Filling up the DagBag from /opt/airflow/dags/daily_summary.py
[2025-11-15T03:06:10.732+0000] {processor.py:840} INFO - DAG(s) 'daily_summary' retrieved from /opt/airflow/dags/daily_summary.py
[2025-11-15T03:06:10.778+0000] {logging_mixin.py:188} INFO - [2025-11-15T03:06:10.777+0000] {dag.py:3036} INFO - Sync 1 DAGs
[2025-11-15T03:06:10.807+0000] {logging_mixin.py:188} INFO - [2025-11-15T03:06:10.807+0000] {dag.py:3823} INFO - Setting next_dagrun for daily_summary to 2025-11-15 00:00:00+00:00, run_after=2025-11-16 00:00:00+00:00
[2025-11-15T03:06:10.845+0000] {processor.py:183} INFO - Processing /opt/airflow/dags/daily_summary.py took 0.296 seconds
[2025-11-15T03:06:41.183+0000] {processor.py:161} INFO - Started process (PID=266) to work on /opt/airflow/dags/daily_summary.py
[2025-11-15T03:06:41.185+0000] {processor.py:830} INFO - Processing file /opt/airflow/dags/daily_summary.py for tasks to queue
[2025-11-15T03:06:41.188+0000] {logging_mixin.py:188} INFO - [2025-11-15T03:06:41.187+0000] {dagbag.py:538} INFO - Filling up the DagBag from /opt/airflow/dags/daily_summary.py
[2025-11-15T03:06:41.306+0000] {processor.py:840} INFO - DAG(s) 'daily_summary' retrieved from /opt/airflow/dags/daily_summary.py
[2025-11-15T03:06:41.351+0000] {logging_mixin.py:188} INFO - [2025-11-15T03:06:41.351+0000] {dag.py:3036} INFO - Sync 1 DAGs
[2025-11-15T03:06:41.382+0000] {logging_mixin.py:188} INFO - [2025-11-15T03:06:41.382+0000] {dag.py:3823} INFO - Setting next_dagrun for daily_summary to 2025-11-15 00:00:00+00:00, run_after=2025-11-16 00:00:00+00:00
[2025-11-15T03:06:41.431+0000] {processor.py:183} INFO - Processing /opt/airflow/dags/daily_summary.py took 0.255 seconds
[2025-11-15T03:07:11.615+0000] {processor.py:161} INFO - Started process (PID=271) to work on /opt/airflow/dags/daily_summary.py
[2025-11-15T03:07:11.617+0000] {processor.py:830} INFO - Processing file /opt/airflow/dags/daily_summary.py for tasks to queue
[2025-11-15T03:07:11.620+0000] {logging_mixin.py:188} INFO - [2025-11-15T03:07:11.619+0000] {dagbag.py:538} INFO - Filling up the DagBag from /opt/airflow/dags/daily_summary.py
[2025-11-15T03:07:11.747+0000] {processor.py:840} INFO - DAG(s) 'daily_summary' retrieved from /opt/airflow/dags/daily_summary.py
[2025-11-15T03:07:11.778+0000] {logging_mixin.py:188} INFO - [2025-11-15T03:07:11.778+0000] {dag.py:3036} INFO - Sync 1 DAGs
[2025-11-15T03:07:11.819+0000] {logging_mixin.py:188} INFO - [2025-11-15T03:07:11.818+0000] {dag.py:3823} INFO - Setting next_dagrun for daily_summary to 2025-11-15 00:00:00+00:00, run_after=2025-11-16 00:00:00+00:00
[2025-11-15T03:07:11.859+0000] {processor.py:183} INFO - Processing /opt/airflow/dags/daily_summary.py took 0.253 seconds
[2025-11-15T03:07:42.339+0000] {processor.py:161} INFO - Started process (PID=276) to work on /opt/airflow/dags/daily_summary.py
[2025-11-15T03:07:42.341+0000] {processor.py:830} INFO - Processing file /opt/airflow/dags/daily_summary.py for tasks to queue
[2025-11-15T03:07:42.343+0000] {logging_mixin.py:188} INFO - [2025-11-15T03:07:42.342+0000] {dagbag.py:538} INFO - Filling up the DagBag from /opt/airflow/dags/daily_summary.py
[2025-11-15T03:07:42.463+0000] {processor.py:840} INFO - DAG(s) 'daily_summary' retrieved from /opt/airflow/dags/daily_summary.py
[2025-11-15T03:07:42.495+0000] {logging_mixin.py:188} INFO - [2025-11-15T03:07:42.495+0000] {dag.py:3036} INFO - Sync 1 DAGs
[2025-11-15T03:07:42.526+0000] {logging_mixin.py:188} INFO - [2025-11-15T03:07:42.525+0000] {dag.py:3823} INFO - Setting next_dagrun for daily_summary to 2025-11-15 00:00:00+00:00, run_after=2025-11-16 00:00:00+00:00
[2025-11-15T03:07:42.565+0000] {processor.py:183} INFO - Processing /opt/airflow/dags/daily_summary.py took 0.232 seconds
[2025-11-15T03:08:12.713+0000] {processor.py:161} INFO - Started process (PID=281) to work on /opt/airflow/dags/daily_summary.py
[2025-11-15T03:08:12.716+0000] {processor.py:830} INFO - Processing file /opt/airflow/dags/daily_summary.py for tasks to queue
[2025-11-15T03:08:12.718+0000] {logging_mixin.py:188} INFO - [2025-11-15T03:08:12.718+0000] {dagbag.py:538} INFO - Filling up the DagBag from /opt/airflow/dags/daily_summary.py
[2025-11-15T03:08:12.831+0000] {processor.py:840} INFO - DAG(s) 'daily_summary' retrieved from /opt/airflow/dags/daily_summary.py
[2025-11-15T03:08:12.883+0000] {logging_mixin.py:188} INFO - [2025-11-15T03:08:12.883+0000] {dag.py:3036} INFO - Sync 1 DAGs
[2025-11-15T03:08:12.927+0000] {logging_mixin.py:188} INFO - [2025-11-15T03:08:12.926+0000] {dag.py:3823} INFO - Setting next_dagrun for daily_summary to 2025-11-15 00:00:00+00:00, run_after=2025-11-16 00:00:00+00:00
[2025-11-15T03:08:12.970+0000] {processor.py:183} INFO - Processing /opt/airflow/dags/daily_summary.py took 0.265 seconds
[2025-11-15T03:08:43.297+0000] {processor.py:161} INFO - Started process (PID=286) to work on /opt/airflow/dags/daily_summary.py
[2025-11-15T03:08:43.299+0000] {processor.py:830} INFO - Processing file /opt/airflow/dags/daily_summary.py for tasks to queue
[2025-11-15T03:08:43.301+0000] {logging_mixin.py:188} INFO - [2025-11-15T03:08:43.301+0000] {dagbag.py:538} INFO - Filling up the DagBag from /opt/airflow/dags/daily_summary.py
[2025-11-15T03:08:43.434+0000] {processor.py:840} INFO - DAG(s) 'daily_summary' retrieved from /opt/airflow/dags/daily_summary.py
[2025-11-15T03:08:43.464+0000] {logging_mixin.py:188} INFO - [2025-11-15T03:08:43.463+0000] {dag.py:3036} INFO - Sync 1 DAGs
[2025-11-15T03:08:43.490+0000] {logging_mixin.py:188} INFO - [2025-11-15T03:08:43.490+0000] {dag.py:3823} INFO - Setting next_dagrun for daily_summary to 2025-11-15 00:00:00+00:00, run_after=2025-11-16 00:00:00+00:00
[2025-11-15T03:08:43.516+0000] {processor.py:183} INFO - Processing /opt/airflow/dags/daily_summary.py took 0.226 seconds
[2025-11-15T03:09:13.683+0000] {processor.py:161} INFO - Started process (PID=291) to work on /opt/airflow/dags/daily_summary.py
[2025-11-15T03:09:13.685+0000] {processor.py:830} INFO - Processing file /opt/airflow/dags/daily_summary.py for tasks to queue
[2025-11-15T03:09:13.687+0000] {logging_mixin.py:188} INFO - [2025-11-15T03:09:13.687+0000] {dagbag.py:538} INFO - Filling up the DagBag from /opt/airflow/dags/daily_summary.py
[2025-11-15T03:09:13.812+0000] {processor.py:840} INFO - DAG(s) 'daily_summary' retrieved from /opt/airflow/dags/daily_summary.py
[2025-11-15T03:09:13.870+0000] {logging_mixin.py:188} INFO - [2025-11-15T03:09:13.869+0000] {dag.py:3036} INFO - Sync 1 DAGs
[2025-11-15T03:09:13.924+0000] {logging_mixin.py:188} INFO - [2025-11-15T03:09:13.923+0000] {dag.py:3823} INFO - Setting next_dagrun for daily_summary to 2025-11-15 00:00:00+00:00, run_after=2025-11-16 00:00:00+00:00
[2025-11-15T03:09:13.982+0000] {processor.py:183} INFO - Processing /opt/airflow/dags/daily_summary.py took 0.305 seconds
[2025-11-15T03:09:44.268+0000] {processor.py:161} INFO - Started process (PID=296) to work on /opt/airflow/dags/daily_summary.py
[2025-11-15T03:09:44.270+0000] {processor.py:830} INFO - Processing file /opt/airflow/dags/daily_summary.py for tasks to queue
[2025-11-15T03:09:44.272+0000] {logging_mixin.py:188} INFO - [2025-11-15T03:09:44.272+0000] {dagbag.py:538} INFO - Filling up the DagBag from /opt/airflow/dags/daily_summary.py
[2025-11-15T03:09:44.380+0000] {processor.py:840} INFO - DAG(s) 'daily_summary' retrieved from /opt/airflow/dags/daily_summary.py
[2025-11-15T03:09:44.413+0000] {logging_mixin.py:188} INFO - [2025-11-15T03:09:44.413+0000] {dag.py:3036} INFO - Sync 1 DAGs
[2025-11-15T03:09:44.439+0000] {logging_mixin.py:188} INFO - [2025-11-15T03:09:44.439+0000] {dag.py:3823} INFO - Setting next_dagrun for daily_summary to 2025-11-15 00:00:00+00:00, run_after=2025-11-16 00:00:00+00:00
[2025-11-15T03:09:44.464+0000] {processor.py:183} INFO - Processing /opt/airflow/dags/daily_summary.py took 0.201 seconds
[2025-11-15T03:10:14.764+0000] {processor.py:161} INFO - Started process (PID=301) to work on /opt/airflow/dags/daily_summary.py
[2025-11-15T03:10:14.766+0000] {processor.py:830} INFO - Processing file /opt/airflow/dags/daily_summary.py for tasks to queue
[2025-11-15T03:10:14.767+0000] {logging_mixin.py:188} INFO - [2025-11-15T03:10:14.767+0000] {dagbag.py:538} INFO - Filling up the DagBag from /opt/airflow/dags/daily_summary.py
[2025-11-15T03:10:14.884+0000] {processor.py:840} INFO - DAG(s) 'daily_summary' retrieved from /opt/airflow/dags/daily_summary.py
[2025-11-15T03:10:14.922+0000] {logging_mixin.py:188} INFO - [2025-11-15T03:10:14.921+0000] {dag.py:3036} INFO - Sync 1 DAGs
[2025-11-15T03:10:14.963+0000] {logging_mixin.py:188} INFO - [2025-11-15T03:10:14.962+0000] {dag.py:3823} INFO - Setting next_dagrun for daily_summary to 2025-11-15 00:00:00+00:00, run_after=2025-11-16 00:00:00+00:00
[2025-11-15T03:10:14.990+0000] {processor.py:183} INFO - Processing /opt/airflow/dags/daily_summary.py took 0.231 seconds
[2025-11-15T03:10:32.150+0000] {processor.py:161} INFO - Started process (PID=175) to work on /opt/airflow/dags/daily_summary.py
[2025-11-15T03:10:32.151+0000] {processor.py:830} INFO - Processing file /opt/airflow/dags/daily_summary.py for tasks to queue
[2025-11-15T03:10:32.153+0000] {logging_mixin.py:188} INFO - [2025-11-15T03:10:32.153+0000] {dagbag.py:538} INFO - Filling up the DagBag from /opt/airflow/dags/daily_summary.py
[2025-11-15T03:10:32.258+0000] {processor.py:840} INFO - DAG(s) 'daily_summary' retrieved from /opt/airflow/dags/daily_summary.py
[2025-11-15T03:10:32.289+0000] {logging_mixin.py:188} INFO - [2025-11-15T03:10:32.288+0000] {dag.py:3036} INFO - Sync 1 DAGs
[2025-11-15T03:10:32.317+0000] {logging_mixin.py:188} INFO - [2025-11-15T03:10:32.317+0000] {dag.py:3823} INFO - Setting next_dagrun for daily_summary to 2025-11-15 00:00:00+00:00, run_after=2025-11-16 00:00:00+00:00
[2025-11-15T03:10:32.352+0000] {processor.py:183} INFO - Processing /opt/airflow/dags/daily_summary.py took 0.205 seconds
[2025-11-15T03:11:02.558+0000] {processor.py:161} INFO - Started process (PID=180) to work on /opt/airflow/dags/daily_summary.py
[2025-11-15T03:11:02.560+0000] {processor.py:830} INFO - Processing file /opt/airflow/dags/daily_summary.py for tasks to queue
[2025-11-15T03:11:02.563+0000] {logging_mixin.py:188} INFO - [2025-11-15T03:11:02.562+0000] {dagbag.py:538} INFO - Filling up the DagBag from /opt/airflow/dags/daily_summary.py
[2025-11-15T03:11:02.693+0000] {processor.py:840} INFO - DAG(s) 'daily_summary' retrieved from /opt/airflow/dags/daily_summary.py
[2025-11-15T03:11:02.803+0000] {logging_mixin.py:188} INFO - [2025-11-15T03:11:02.802+0000] {dag.py:3036} INFO - Sync 1 DAGs
[2025-11-15T03:11:02.830+0000] {logging_mixin.py:188} INFO - [2025-11-15T03:11:02.830+0000] {dag.py:3823} INFO - Setting next_dagrun for daily_summary to 2025-11-15 00:00:00+00:00, run_after=2025-11-16 00:00:00+00:00
[2025-11-15T03:11:02.866+0000] {processor.py:183} INFO - Processing /opt/airflow/dags/daily_summary.py took 0.315 seconds
[2025-11-15T03:11:33.119+0000] {processor.py:161} INFO - Started process (PID=185) to work on /opt/airflow/dags/daily_summary.py
[2025-11-15T03:11:33.121+0000] {processor.py:830} INFO - Processing file /opt/airflow/dags/daily_summary.py for tasks to queue
[2025-11-15T03:11:33.124+0000] {logging_mixin.py:188} INFO - [2025-11-15T03:11:33.124+0000] {dagbag.py:538} INFO - Filling up the DagBag from /opt/airflow/dags/daily_summary.py
[2025-11-15T03:11:33.255+0000] {processor.py:840} INFO - DAG(s) 'daily_summary' retrieved from /opt/airflow/dags/daily_summary.py
[2025-11-15T03:11:33.289+0000] {logging_mixin.py:188} INFO - [2025-11-15T03:11:33.289+0000] {dag.py:3036} INFO - Sync 1 DAGs
[2025-11-15T03:11:33.323+0000] {logging_mixin.py:188} INFO - [2025-11-15T03:11:33.323+0000] {dag.py:3823} INFO - Setting next_dagrun for daily_summary to 2025-11-15 00:00:00+00:00, run_after=2025-11-16 00:00:00+00:00
[2025-11-15T03:11:33.356+0000] {processor.py:183} INFO - Processing /opt/airflow/dags/daily_summary.py took 0.245 seconds
[2025-11-15T03:12:03.637+0000] {processor.py:161} INFO - Started process (PID=190) to work on /opt/airflow/dags/daily_summary.py
[2025-11-15T03:12:03.640+0000] {processor.py:830} INFO - Processing file /opt/airflow/dags/daily_summary.py for tasks to queue
[2025-11-15T03:12:03.642+0000] {logging_mixin.py:188} INFO - [2025-11-15T03:12:03.642+0000] {dagbag.py:538} INFO - Filling up the DagBag from /opt/airflow/dags/daily_summary.py
[2025-11-15T03:12:03.778+0000] {processor.py:840} INFO - DAG(s) 'daily_summary' retrieved from /opt/airflow/dags/daily_summary.py
[2025-11-15T03:12:03.809+0000] {logging_mixin.py:188} INFO - [2025-11-15T03:12:03.808+0000] {dag.py:3036} INFO - Sync 1 DAGs
[2025-11-15T03:12:03.840+0000] {logging_mixin.py:188} INFO - [2025-11-15T03:12:03.840+0000] {dag.py:3823} INFO - Setting next_dagrun for daily_summary to 2025-11-15 00:00:00+00:00, run_after=2025-11-16 00:00:00+00:00
[2025-11-15T03:12:03.895+0000] {processor.py:183} INFO - Processing /opt/airflow/dags/daily_summary.py took 0.266 seconds
[2025-11-15T03:12:25.926+0000] {processor.py:161} INFO - Started process (PID=175) to work on /opt/airflow/dags/daily_summary.py
[2025-11-15T03:12:25.928+0000] {processor.py:830} INFO - Processing file /opt/airflow/dags/daily_summary.py for tasks to queue
[2025-11-15T03:12:25.929+0000] {logging_mixin.py:188} INFO - [2025-11-15T03:12:25.929+0000] {dagbag.py:538} INFO - Filling up the DagBag from /opt/airflow/dags/daily_summary.py
[2025-11-15T03:12:26.033+0000] {processor.py:840} INFO - DAG(s) 'daily_summary' retrieved from /opt/airflow/dags/daily_summary.py
[2025-11-15T03:12:26.060+0000] {logging_mixin.py:188} INFO - [2025-11-15T03:12:26.059+0000] {dag.py:3036} INFO - Sync 1 DAGs
[2025-11-15T03:12:26.087+0000] {logging_mixin.py:188} INFO - [2025-11-15T03:12:26.087+0000] {dag.py:3823} INFO - Setting next_dagrun for daily_summary to 2025-11-15 00:00:00+00:00, run_after=2025-11-16 00:00:00+00:00
[2025-11-15T03:12:26.123+0000] {processor.py:183} INFO - Processing /opt/airflow/dags/daily_summary.py took 0.200 seconds
[2025-11-15T03:12:56.332+0000] {processor.py:161} INFO - Started process (PID=180) to work on /opt/airflow/dags/daily_summary.py
[2025-11-15T03:12:56.336+0000] {processor.py:830} INFO - Processing file /opt/airflow/dags/daily_summary.py for tasks to queue
[2025-11-15T03:12:56.338+0000] {logging_mixin.py:188} INFO - [2025-11-15T03:12:56.338+0000] {dagbag.py:538} INFO - Filling up the DagBag from /opt/airflow/dags/daily_summary.py
[2025-11-15T03:12:56.459+0000] {processor.py:840} INFO - DAG(s) 'daily_summary' retrieved from /opt/airflow/dags/daily_summary.py
[2025-11-15T03:12:56.603+0000] {logging_mixin.py:188} INFO - [2025-11-15T03:12:56.603+0000] {dag.py:3036} INFO - Sync 1 DAGs
[2025-11-15T03:12:56.630+0000] {logging_mixin.py:188} INFO - [2025-11-15T03:12:56.630+0000] {dag.py:3823} INFO - Setting next_dagrun for daily_summary to 2025-11-15 00:00:00+00:00, run_after=2025-11-16 00:00:00+00:00
[2025-11-15T03:12:56.660+0000] {processor.py:183} INFO - Processing /opt/airflow/dags/daily_summary.py took 0.336 seconds
[2025-11-15T03:13:38.788+0000] {processor.py:161} INFO - Started process (PID=175) to work on /opt/airflow/dags/daily_summary.py
[2025-11-15T03:13:38.790+0000] {processor.py:830} INFO - Processing file /opt/airflow/dags/daily_summary.py for tasks to queue
[2025-11-15T03:13:38.791+0000] {logging_mixin.py:188} INFO - [2025-11-15T03:13:38.791+0000] {dagbag.py:538} INFO - Filling up the DagBag from /opt/airflow/dags/daily_summary.py
[2025-11-15T03:13:38.893+0000] {processor.py:840} INFO - DAG(s) 'daily_summary' retrieved from /opt/airflow/dags/daily_summary.py
[2025-11-15T03:13:38.925+0000] {logging_mixin.py:188} INFO - [2025-11-15T03:13:38.924+0000] {dag.py:3036} INFO - Sync 1 DAGs
[2025-11-15T03:13:38.957+0000] {logging_mixin.py:188} INFO - [2025-11-15T03:13:38.957+0000] {dag.py:3823} INFO - Setting next_dagrun for daily_summary to 2025-11-15 00:00:00+00:00, run_after=2025-11-16 00:00:00+00:00
[2025-11-15T03:13:38.982+0000] {processor.py:183} INFO - Processing /opt/airflow/dags/daily_summary.py took 0.197 seconds
[2025-11-15T03:14:09.199+0000] {processor.py:161} INFO - Started process (PID=180) to work on /opt/airflow/dags/daily_summary.py
[2025-11-15T03:14:09.202+0000] {processor.py:830} INFO - Processing file /opt/airflow/dags/daily_summary.py for tasks to queue
[2025-11-15T03:14:09.205+0000] {logging_mixin.py:188} INFO - [2025-11-15T03:14:09.204+0000] {dagbag.py:538} INFO - Filling up the DagBag from /opt/airflow/dags/daily_summary.py
[2025-11-15T03:14:09.348+0000] {processor.py:840} INFO - DAG(s) 'daily_summary' retrieved from /opt/airflow/dags/daily_summary.py
[2025-11-15T03:14:09.465+0000] {logging_mixin.py:188} INFO - [2025-11-15T03:14:09.465+0000] {dag.py:3036} INFO - Sync 1 DAGs
[2025-11-15T03:14:09.491+0000] {logging_mixin.py:188} INFO - [2025-11-15T03:14:09.490+0000] {dag.py:3823} INFO - Setting next_dagrun for daily_summary to 2025-11-15 00:00:00+00:00, run_after=2025-11-16 00:00:00+00:00
[2025-11-15T03:14:09.541+0000] {processor.py:183} INFO - Processing /opt/airflow/dags/daily_summary.py took 0.352 seconds
[2025-11-15T03:14:39.727+0000] {processor.py:161} INFO - Started process (PID=185) to work on /opt/airflow/dags/daily_summary.py
[2025-11-15T03:14:39.730+0000] {processor.py:830} INFO - Processing file /opt/airflow/dags/daily_summary.py for tasks to queue
[2025-11-15T03:14:39.732+0000] {logging_mixin.py:188} INFO - [2025-11-15T03:14:39.732+0000] {dagbag.py:538} INFO - Filling up the DagBag from /opt/airflow/dags/daily_summary.py
[2025-11-15T03:14:39.893+0000] {processor.py:840} INFO - DAG(s) 'daily_summary' retrieved from /opt/airflow/dags/daily_summary.py
[2025-11-15T03:14:39.935+0000] {logging_mixin.py:188} INFO - [2025-11-15T03:14:39.935+0000] {dag.py:3036} INFO - Sync 1 DAGs
[2025-11-15T03:14:39.996+0000] {logging_mixin.py:188} INFO - [2025-11-15T03:14:39.995+0000] {dag.py:3823} INFO - Setting next_dagrun for daily_summary to 2025-11-15 00:00:00+00:00, run_after=2025-11-16 00:00:00+00:00
[2025-11-15T03:14:40.062+0000] {processor.py:183} INFO - Processing /opt/airflow/dags/daily_summary.py took 0.344 seconds
[2025-11-15T03:16:30.760+0000] {processor.py:161} INFO - Started process (PID=176) to work on /opt/airflow/dags/daily_summary.py
[2025-11-15T03:16:30.762+0000] {processor.py:830} INFO - Processing file /opt/airflow/dags/daily_summary.py for tasks to queue
[2025-11-15T03:16:30.764+0000] {logging_mixin.py:188} INFO - [2025-11-15T03:16:30.763+0000] {dagbag.py:538} INFO - Filling up the DagBag from /opt/airflow/dags/daily_summary.py
[2025-11-15T03:16:30.864+0000] {processor.py:840} INFO - DAG(s) 'daily_summary' retrieved from /opt/airflow/dags/daily_summary.py
[2025-11-15T03:16:30.891+0000] {logging_mixin.py:188} INFO - [2025-11-15T03:16:30.890+0000] {dag.py:3036} INFO - Sync 1 DAGs
[2025-11-15T03:16:30.917+0000] {logging_mixin.py:188} INFO - [2025-11-15T03:16:30.916+0000] {dag.py:3823} INFO - Setting next_dagrun for daily_summary to 2025-11-15 00:00:00+00:00, run_after=2025-11-16 00:00:00+00:00
[2025-11-15T03:16:30.951+0000] {processor.py:183} INFO - Processing /opt/airflow/dags/daily_summary.py took 0.195 seconds
[2025-11-15T03:17:01.166+0000] {processor.py:161} INFO - Started process (PID=181) to work on /opt/airflow/dags/daily_summary.py
[2025-11-15T03:17:01.169+0000] {processor.py:830} INFO - Processing file /opt/airflow/dags/daily_summary.py for tasks to queue
[2025-11-15T03:17:01.171+0000] {logging_mixin.py:188} INFO - [2025-11-15T03:17:01.171+0000] {dagbag.py:538} INFO - Filling up the DagBag from /opt/airflow/dags/daily_summary.py
[2025-11-15T03:17:01.306+0000] {processor.py:840} INFO - DAG(s) 'daily_summary' retrieved from /opt/airflow/dags/daily_summary.py
[2025-11-15T03:17:01.590+0000] {logging_mixin.py:188} INFO - [2025-11-15T03:17:01.590+0000] {dag.py:3036} INFO - Sync 1 DAGs
[2025-11-15T03:17:01.619+0000] {logging_mixin.py:188} INFO - [2025-11-15T03:17:01.619+0000] {dag.py:3823} INFO - Setting next_dagrun for daily_summary to 2025-11-15 00:00:00+00:00, run_after=2025-11-16 00:00:00+00:00
[2025-11-15T03:17:01.669+0000] {processor.py:183} INFO - Processing /opt/airflow/dags/daily_summary.py took 0.512 seconds
[2025-11-15T03:18:46.172+0000] {processor.py:161} INFO - Started process (PID=175) to work on /opt/airflow/dags/daily_summary.py
[2025-11-15T03:18:46.174+0000] {processor.py:830} INFO - Processing file /opt/airflow/dags/daily_summary.py for tasks to queue
[2025-11-15T03:18:46.176+0000] {logging_mixin.py:188} INFO - [2025-11-15T03:18:46.175+0000] {dagbag.py:538} INFO - Filling up the DagBag from /opt/airflow/dags/daily_summary.py
[2025-11-15T03:18:46.327+0000] {processor.py:840} INFO - DAG(s) 'daily_summary' retrieved from /opt/airflow/dags/daily_summary.py
[2025-11-15T03:18:46.355+0000] {logging_mixin.py:188} INFO - [2025-11-15T03:18:46.355+0000] {dag.py:3036} INFO - Sync 1 DAGs
[2025-11-15T03:18:46.382+0000] {logging_mixin.py:188} INFO - [2025-11-15T03:18:46.381+0000] {dag.py:3823} INFO - Setting next_dagrun for daily_summary to 2025-11-15 00:00:00+00:00, run_after=2025-11-16 00:00:00+00:00
[2025-11-15T03:18:46.416+0000] {processor.py:183} INFO - Processing /opt/airflow/dags/daily_summary.py took 0.249 seconds
[2025-11-15T03:19:16.528+0000] {processor.py:161} INFO - Started process (PID=180) to work on /opt/airflow/dags/daily_summary.py
[2025-11-15T03:19:16.529+0000] {processor.py:830} INFO - Processing file /opt/airflow/dags/daily_summary.py for tasks to queue
[2025-11-15T03:19:16.530+0000] {logging_mixin.py:188} INFO - [2025-11-15T03:19:16.530+0000] {dagbag.py:538} INFO - Filling up the DagBag from /opt/airflow/dags/daily_summary.py
[2025-11-15T03:19:16.637+0000] {processor.py:840} INFO - DAG(s) 'daily_summary' retrieved from /opt/airflow/dags/daily_summary.py
[2025-11-15T03:19:16.862+0000] {logging_mixin.py:188} INFO - [2025-11-15T03:19:16.861+0000] {dag.py:3036} INFO - Sync 1 DAGs
[2025-11-15T03:19:16.893+0000] {logging_mixin.py:188} INFO - [2025-11-15T03:19:16.893+0000] {dag.py:3823} INFO - Setting next_dagrun for daily_summary to 2025-11-15 00:00:00+00:00, run_after=2025-11-16 00:00:00+00:00
[2025-11-15T03:19:16.918+0000] {processor.py:183} INFO - Processing /opt/airflow/dags/daily_summary.py took 0.396 seconds
[2025-11-15T03:19:47.087+0000] {processor.py:161} INFO - Started process (PID=185) to work on /opt/airflow/dags/daily_summary.py
[2025-11-15T03:19:47.089+0000] {processor.py:830} INFO - Processing file /opt/airflow/dags/daily_summary.py for tasks to queue
[2025-11-15T03:19:47.091+0000] {logging_mixin.py:188} INFO - [2025-11-15T03:19:47.090+0000] {dagbag.py:538} INFO - Filling up the DagBag from /opt/airflow/dags/daily_summary.py
[2025-11-15T03:19:47.206+0000] {processor.py:840} INFO - DAG(s) 'daily_summary' retrieved from /opt/airflow/dags/daily_summary.py
[2025-11-15T03:19:47.238+0000] {logging_mixin.py:188} INFO - [2025-11-15T03:19:47.237+0000] {dag.py:3036} INFO - Sync 1 DAGs
[2025-11-15T03:19:47.265+0000] {logging_mixin.py:188} INFO - [2025-11-15T03:19:47.265+0000] {dag.py:3823} INFO - Setting next_dagrun for daily_summary to 2025-11-15 00:00:00+00:00, run_after=2025-11-16 00:00:00+00:00
[2025-11-15T03:19:47.304+0000] {processor.py:183} INFO - Processing /opt/airflow/dags/daily_summary.py took 0.225 seconds
[2025-11-15T03:29:18.008+0000] {processor.py:161} INFO - Started process (PID=176) to work on /opt/airflow/dags/daily_summary.py
[2025-11-15T03:29:18.010+0000] {processor.py:830} INFO - Processing file /opt/airflow/dags/daily_summary.py for tasks to queue
[2025-11-15T03:29:18.013+0000] {logging_mixin.py:188} INFO - [2025-11-15T03:29:18.012+0000] {dagbag.py:538} INFO - Filling up the DagBag from /opt/airflow/dags/daily_summary.py
[2025-11-15T03:29:18.177+0000] {processor.py:840} INFO - DAG(s) 'daily_summary' retrieved from /opt/airflow/dags/daily_summary.py
[2025-11-15T03:29:18.222+0000] {logging_mixin.py:188} INFO - [2025-11-15T03:29:18.221+0000] {dag.py:3036} INFO - Sync 1 DAGs
[2025-11-15T03:29:18.268+0000] {logging_mixin.py:188} INFO - [2025-11-15T03:29:18.268+0000] {dag.py:3823} INFO - Setting next_dagrun for daily_summary to 2025-11-15 00:00:00+00:00, run_after=2025-11-16 00:00:00+00:00
[2025-11-15T03:29:18.309+0000] {processor.py:183} INFO - Processing /opt/airflow/dags/daily_summary.py took 0.307 seconds
[2025-11-15T03:29:48.605+0000] {processor.py:161} INFO - Started process (PID=181) to work on /opt/airflow/dags/daily_summary.py
[2025-11-15T03:29:48.607+0000] {processor.py:830} INFO - Processing file /opt/airflow/dags/daily_summary.py for tasks to queue
[2025-11-15T03:29:48.610+0000] {logging_mixin.py:188} INFO - [2025-11-15T03:29:48.610+0000] {dagbag.py:538} INFO - Filling up the DagBag from /opt/airflow/dags/daily_summary.py
[2025-11-15T03:29:48.742+0000] {processor.py:840} INFO - DAG(s) 'daily_summary' retrieved from /opt/airflow/dags/daily_summary.py
[2025-11-15T03:29:49.014+0000] {logging_mixin.py:188} INFO - [2025-11-15T03:29:49.014+0000] {dag.py:3036} INFO - Sync 1 DAGs
[2025-11-15T03:29:49.044+0000] {logging_mixin.py:188} INFO - [2025-11-15T03:29:49.043+0000] {dag.py:3823} INFO - Setting next_dagrun for daily_summary to 2025-11-15 00:00:00+00:00, run_after=2025-11-16 00:00:00+00:00
[2025-11-15T03:29:49.078+0000] {processor.py:183} INFO - Processing /opt/airflow/dags/daily_summary.py took 0.481 seconds
[2025-11-15T03:30:19.430+0000] {processor.py:161} INFO - Started process (PID=186) to work on /opt/airflow/dags/daily_summary.py
[2025-11-15T03:30:19.432+0000] {processor.py:830} INFO - Processing file /opt/airflow/dags/daily_summary.py for tasks to queue
[2025-11-15T03:30:19.435+0000] {logging_mixin.py:188} INFO - [2025-11-15T03:30:19.434+0000] {dagbag.py:538} INFO - Filling up the DagBag from /opt/airflow/dags/daily_summary.py
[2025-11-15T03:30:19.573+0000] {processor.py:840} INFO - DAG(s) 'daily_summary' retrieved from /opt/airflow/dags/daily_summary.py
[2025-11-15T03:30:19.616+0000] {logging_mixin.py:188} INFO - [2025-11-15T03:30:19.615+0000] {dag.py:3036} INFO - Sync 1 DAGs
[2025-11-15T03:30:19.645+0000] {logging_mixin.py:188} INFO - [2025-11-15T03:30:19.645+0000] {dag.py:3823} INFO - Setting next_dagrun for daily_summary to 2025-11-15 00:00:00+00:00, run_after=2025-11-16 00:00:00+00:00
[2025-11-15T03:30:19.680+0000] {processor.py:183} INFO - Processing /opt/airflow/dags/daily_summary.py took 0.255 seconds
[2025-11-15T03:30:49.777+0000] {processor.py:161} INFO - Started process (PID=191) to work on /opt/airflow/dags/daily_summary.py
[2025-11-15T03:30:49.779+0000] {processor.py:830} INFO - Processing file /opt/airflow/dags/daily_summary.py for tasks to queue
[2025-11-15T03:30:49.781+0000] {logging_mixin.py:188} INFO - [2025-11-15T03:30:49.780+0000] {dagbag.py:538} INFO - Filling up the DagBag from /opt/airflow/dags/daily_summary.py
[2025-11-15T03:30:49.948+0000] {processor.py:840} INFO - DAG(s) 'daily_summary' retrieved from /opt/airflow/dags/daily_summary.py
[2025-11-15T03:30:49.990+0000] {logging_mixin.py:188} INFO - [2025-11-15T03:30:49.990+0000] {dag.py:3036} INFO - Sync 1 DAGs
[2025-11-15T03:30:50.020+0000] {logging_mixin.py:188} INFO - [2025-11-15T03:30:50.019+0000] {dag.py:3823} INFO - Setting next_dagrun for daily_summary to 2025-11-15 00:00:00+00:00, run_after=2025-11-16 00:00:00+00:00
[2025-11-15T03:30:50.063+0000] {processor.py:183} INFO - Processing /opt/airflow/dags/daily_summary.py took 0.292 seconds
[2025-11-15T03:31:20.385+0000] {processor.py:161} INFO - Started process (PID=196) to work on /opt/airflow/dags/daily_summary.py
[2025-11-15T03:31:20.388+0000] {processor.py:830} INFO - Processing file /opt/airflow/dags/daily_summary.py for tasks to queue
[2025-11-15T03:31:20.389+0000] {logging_mixin.py:188} INFO - [2025-11-15T03:31:20.389+0000] {dagbag.py:538} INFO - Filling up the DagBag from /opt/airflow/dags/daily_summary.py
[2025-11-15T03:31:20.520+0000] {processor.py:840} INFO - DAG(s) 'daily_summary' retrieved from /opt/airflow/dags/daily_summary.py
[2025-11-15T03:31:20.556+0000] {logging_mixin.py:188} INFO - [2025-11-15T03:31:20.556+0000] {dag.py:3036} INFO - Sync 1 DAGs
[2025-11-15T03:31:20.590+0000] {logging_mixin.py:188} INFO - [2025-11-15T03:31:20.590+0000] {dag.py:3823} INFO - Setting next_dagrun for daily_summary to 2025-11-15 00:00:00+00:00, run_after=2025-11-16 00:00:00+00:00
[2025-11-15T03:31:20.633+0000] {processor.py:183} INFO - Processing /opt/airflow/dags/daily_summary.py took 0.254 seconds
[2025-11-15T03:31:50.779+0000] {processor.py:161} INFO - Started process (PID=201) to work on /opt/airflow/dags/daily_summary.py
[2025-11-15T03:31:50.783+0000] {processor.py:830} INFO - Processing file /opt/airflow/dags/daily_summary.py for tasks to queue
[2025-11-15T03:31:50.792+0000] {logging_mixin.py:188} INFO - [2025-11-15T03:31:50.791+0000] {dagbag.py:538} INFO - Filling up the DagBag from /opt/airflow/dags/daily_summary.py
[2025-11-15T03:31:50.951+0000] {processor.py:840} INFO - DAG(s) 'daily_summary' retrieved from /opt/airflow/dags/daily_summary.py
[2025-11-15T03:31:50.999+0000] {logging_mixin.py:188} INFO - [2025-11-15T03:31:50.999+0000] {dag.py:3036} INFO - Sync 1 DAGs
[2025-11-15T03:31:51.036+0000] {logging_mixin.py:188} INFO - [2025-11-15T03:31:51.036+0000] {dag.py:3823} INFO - Setting next_dagrun for daily_summary to 2025-11-15 00:00:00+00:00, run_after=2025-11-16 00:00:00+00:00
[2025-11-15T03:31:51.064+0000] {processor.py:183} INFO - Processing /opt/airflow/dags/daily_summary.py took 0.294 seconds
[2025-11-15T03:32:21.415+0000] {processor.py:161} INFO - Started process (PID=206) to work on /opt/airflow/dags/daily_summary.py
[2025-11-15T03:32:21.418+0000] {processor.py:830} INFO - Processing file /opt/airflow/dags/daily_summary.py for tasks to queue
[2025-11-15T03:32:21.421+0000] {logging_mixin.py:188} INFO - [2025-11-15T03:32:21.420+0000] {dagbag.py:538} INFO - Filling up the DagBag from /opt/airflow/dags/daily_summary.py
[2025-11-15T03:32:21.544+0000] {processor.py:840} INFO - DAG(s) 'daily_summary' retrieved from /opt/airflow/dags/daily_summary.py
[2025-11-15T03:32:21.580+0000] {logging_mixin.py:188} INFO - [2025-11-15T03:32:21.579+0000] {dag.py:3036} INFO - Sync 1 DAGs
[2025-11-15T03:32:21.607+0000] {logging_mixin.py:188} INFO - [2025-11-15T03:32:21.607+0000] {dag.py:3823} INFO - Setting next_dagrun for daily_summary to 2025-11-15 00:00:00+00:00, run_after=2025-11-16 00:00:00+00:00
[2025-11-15T03:32:21.634+0000] {processor.py:183} INFO - Processing /opt/airflow/dags/daily_summary.py took 0.228 seconds
[2025-11-15T03:32:51.859+0000] {processor.py:161} INFO - Started process (PID=211) to work on /opt/airflow/dags/daily_summary.py
[2025-11-15T03:32:51.862+0000] {processor.py:830} INFO - Processing file /opt/airflow/dags/daily_summary.py for tasks to queue
[2025-11-15T03:32:51.865+0000] {logging_mixin.py:188} INFO - [2025-11-15T03:32:51.864+0000] {dagbag.py:538} INFO - Filling up the DagBag from /opt/airflow/dags/daily_summary.py
[2025-11-15T03:32:52.045+0000] {processor.py:840} INFO - DAG(s) 'daily_summary' retrieved from /opt/airflow/dags/daily_summary.py
[2025-11-15T03:32:52.090+0000] {logging_mixin.py:188} INFO - [2025-11-15T03:32:52.089+0000] {dag.py:3036} INFO - Sync 1 DAGs
[2025-11-15T03:32:52.129+0000] {logging_mixin.py:188} INFO - [2025-11-15T03:32:52.128+0000] {dag.py:3823} INFO - Setting next_dagrun for daily_summary to 2025-11-15 00:00:00+00:00, run_after=2025-11-16 00:00:00+00:00
[2025-11-15T03:32:52.185+0000] {processor.py:183} INFO - Processing /opt/airflow/dags/daily_summary.py took 0.334 seconds
[2025-11-15T03:33:22.424+0000] {processor.py:161} INFO - Started process (PID=216) to work on /opt/airflow/dags/daily_summary.py
[2025-11-15T03:33:22.427+0000] {processor.py:830} INFO - Processing file /opt/airflow/dags/daily_summary.py for tasks to queue
[2025-11-15T03:33:22.430+0000] {logging_mixin.py:188} INFO - [2025-11-15T03:33:22.429+0000] {dagbag.py:538} INFO - Filling up the DagBag from /opt/airflow/dags/daily_summary.py
[2025-11-15T03:33:22.571+0000] {processor.py:840} INFO - DAG(s) 'daily_summary' retrieved from /opt/airflow/dags/daily_summary.py
[2025-11-15T03:33:22.631+0000] {logging_mixin.py:188} INFO - [2025-11-15T03:33:22.631+0000] {dag.py:3036} INFO - Sync 1 DAGs
[2025-11-15T03:33:22.685+0000] {logging_mixin.py:188} INFO - [2025-11-15T03:33:22.685+0000] {dag.py:3823} INFO - Setting next_dagrun for daily_summary to 2025-11-15 00:00:00+00:00, run_after=2025-11-16 00:00:00+00:00
[2025-11-15T03:33:22.745+0000] {processor.py:183} INFO - Processing /opt/airflow/dags/daily_summary.py took 0.331 seconds
[2025-11-15T03:33:52.962+0000] {processor.py:161} INFO - Started process (PID=221) to work on /opt/airflow/dags/daily_summary.py
[2025-11-15T03:33:52.966+0000] {processor.py:830} INFO - Processing file /opt/airflow/dags/daily_summary.py for tasks to queue
[2025-11-15T03:33:52.968+0000] {logging_mixin.py:188} INFO - [2025-11-15T03:33:52.967+0000] {dagbag.py:538} INFO - Filling up the DagBag from /opt/airflow/dags/daily_summary.py
[2025-11-15T03:33:53.123+0000] {processor.py:840} INFO - DAG(s) 'daily_summary' retrieved from /opt/airflow/dags/daily_summary.py
[2025-11-15T03:33:53.157+0000] {logging_mixin.py:188} INFO - [2025-11-15T03:33:53.157+0000] {dag.py:3036} INFO - Sync 1 DAGs
[2025-11-15T03:33:53.186+0000] {logging_mixin.py:188} INFO - [2025-11-15T03:33:53.186+0000] {dag.py:3823} INFO - Setting next_dagrun for daily_summary to 2025-11-15 00:00:00+00:00, run_after=2025-11-16 00:00:00+00:00
[2025-11-15T03:33:53.226+0000] {processor.py:183} INFO - Processing /opt/airflow/dags/daily_summary.py took 0.271 seconds
[2025-11-15T03:34:23.616+0000] {processor.py:161} INFO - Started process (PID=226) to work on /opt/airflow/dags/daily_summary.py
[2025-11-15T03:34:23.619+0000] {processor.py:830} INFO - Processing file /opt/airflow/dags/daily_summary.py for tasks to queue
[2025-11-15T03:34:23.621+0000] {logging_mixin.py:188} INFO - [2025-11-15T03:34:23.621+0000] {dagbag.py:538} INFO - Filling up the DagBag from /opt/airflow/dags/daily_summary.py
[2025-11-15T03:34:23.746+0000] {processor.py:840} INFO - DAG(s) 'daily_summary' retrieved from /opt/airflow/dags/daily_summary.py
[2025-11-15T03:34:23.793+0000] {logging_mixin.py:188} INFO - [2025-11-15T03:34:23.793+0000] {dag.py:3036} INFO - Sync 1 DAGs
[2025-11-15T03:34:23.817+0000] {logging_mixin.py:188} INFO - [2025-11-15T03:34:23.817+0000] {dag.py:3823} INFO - Setting next_dagrun for daily_summary to 2025-11-15 00:00:00+00:00, run_after=2025-11-16 00:00:00+00:00
[2025-11-15T03:34:23.852+0000] {processor.py:183} INFO - Processing /opt/airflow/dags/daily_summary.py took 0.243 seconds
[2025-11-15T03:34:53.948+0000] {processor.py:161} INFO - Started process (PID=231) to work on /opt/airflow/dags/daily_summary.py
[2025-11-15T03:34:53.950+0000] {processor.py:830} INFO - Processing file /opt/airflow/dags/daily_summary.py for tasks to queue
[2025-11-15T03:34:53.952+0000] {logging_mixin.py:188} INFO - [2025-11-15T03:34:53.951+0000] {dagbag.py:538} INFO - Filling up the DagBag from /opt/airflow/dags/daily_summary.py
[2025-11-15T03:34:54.052+0000] {processor.py:840} INFO - DAG(s) 'daily_summary' retrieved from /opt/airflow/dags/daily_summary.py
[2025-11-15T03:34:54.090+0000] {logging_mixin.py:188} INFO - [2025-11-15T03:34:54.089+0000] {dag.py:3036} INFO - Sync 1 DAGs
[2025-11-15T03:34:54.133+0000] {logging_mixin.py:188} INFO - [2025-11-15T03:34:54.133+0000] {dag.py:3823} INFO - Setting next_dagrun for daily_summary to 2025-11-15 00:00:00+00:00, run_after=2025-11-16 00:00:00+00:00
[2025-11-15T03:34:54.181+0000] {processor.py:183} INFO - Processing /opt/airflow/dags/daily_summary.py took 0.238 seconds
[2025-11-15T03:35:47.071+0000] {processor.py:161} INFO - Started process (PID=175) to work on /opt/airflow/dags/daily_summary.py
[2025-11-15T03:35:47.074+0000] {processor.py:830} INFO - Processing file /opt/airflow/dags/daily_summary.py for tasks to queue
[2025-11-15T03:35:47.078+0000] {logging_mixin.py:188} INFO - [2025-11-15T03:35:47.077+0000] {dagbag.py:538} INFO - Filling up the DagBag from /opt/airflow/dags/daily_summary.py
[2025-11-15T03:35:47.223+0000] {processor.py:840} INFO - DAG(s) 'daily_summary' retrieved from /opt/airflow/dags/daily_summary.py
[2025-11-15T03:35:47.254+0000] {logging_mixin.py:188} INFO - [2025-11-15T03:35:47.254+0000] {dag.py:3036} INFO - Sync 1 DAGs
[2025-11-15T03:35:47.301+0000] {logging_mixin.py:188} INFO - [2025-11-15T03:35:47.301+0000] {dag.py:3823} INFO - Setting next_dagrun for daily_summary to 2025-11-15 00:00:00+00:00, run_after=2025-11-16 00:00:00+00:00
[2025-11-15T03:35:47.345+0000] {processor.py:183} INFO - Processing /opt/airflow/dags/daily_summary.py took 0.283 seconds
[2025-11-15T03:36:17.501+0000] {processor.py:161} INFO - Started process (PID=180) to work on /opt/airflow/dags/daily_summary.py
[2025-11-15T03:36:17.503+0000] {processor.py:830} INFO - Processing file /opt/airflow/dags/daily_summary.py for tasks to queue
[2025-11-15T03:36:17.506+0000] {logging_mixin.py:188} INFO - [2025-11-15T03:36:17.505+0000] {dagbag.py:538} INFO - Filling up the DagBag from /opt/airflow/dags/daily_summary.py
[2025-11-15T03:36:17.649+0000] {processor.py:840} INFO - DAG(s) 'daily_summary' retrieved from /opt/airflow/dags/daily_summary.py
[2025-11-15T03:36:17.909+0000] {logging_mixin.py:188} INFO - [2025-11-15T03:36:17.909+0000] {dag.py:3036} INFO - Sync 1 DAGs
[2025-11-15T03:36:17.943+0000] {logging_mixin.py:188} INFO - [2025-11-15T03:36:17.942+0000] {dag.py:3823} INFO - Setting next_dagrun for daily_summary to 2025-11-15 00:00:00+00:00, run_after=2025-11-16 00:00:00+00:00
[2025-11-15T03:36:17.989+0000] {processor.py:183} INFO - Processing /opt/airflow/dags/daily_summary.py took 0.495 seconds
[2025-11-15T03:36:48.393+0000] {processor.py:161} INFO - Started process (PID=185) to work on /opt/airflow/dags/daily_summary.py
[2025-11-15T03:36:48.395+0000] {processor.py:830} INFO - Processing file /opt/airflow/dags/daily_summary.py for tasks to queue
[2025-11-15T03:36:48.397+0000] {logging_mixin.py:188} INFO - [2025-11-15T03:36:48.396+0000] {dagbag.py:538} INFO - Filling up the DagBag from /opt/airflow/dags/daily_summary.py
[2025-11-15T03:36:48.506+0000] {processor.py:840} INFO - DAG(s) 'daily_summary' retrieved from /opt/airflow/dags/daily_summary.py
[2025-11-15T03:36:48.542+0000] {logging_mixin.py:188} INFO - [2025-11-15T03:36:48.541+0000] {dag.py:3036} INFO - Sync 1 DAGs
[2025-11-15T03:36:48.574+0000] {logging_mixin.py:188} INFO - [2025-11-15T03:36:48.574+0000] {dag.py:3823} INFO - Setting next_dagrun for daily_summary to 2025-11-15 00:00:00+00:00, run_after=2025-11-16 00:00:00+00:00
[2025-11-15T03:36:48.609+0000] {processor.py:183} INFO - Processing /opt/airflow/dags/daily_summary.py took 0.222 seconds
[2025-11-15T03:37:18.775+0000] {processor.py:161} INFO - Started process (PID=190) to work on /opt/airflow/dags/daily_summary.py
[2025-11-15T03:37:18.777+0000] {processor.py:830} INFO - Processing file /opt/airflow/dags/daily_summary.py for tasks to queue
[2025-11-15T03:37:18.779+0000] {logging_mixin.py:188} INFO - [2025-11-15T03:37:18.778+0000] {dagbag.py:538} INFO - Filling up the DagBag from /opt/airflow/dags/daily_summary.py
[2025-11-15T03:37:18.916+0000] {processor.py:840} INFO - DAG(s) 'daily_summary' retrieved from /opt/airflow/dags/daily_summary.py
[2025-11-15T03:37:18.958+0000] {logging_mixin.py:188} INFO - [2025-11-15T03:37:18.958+0000] {dag.py:3036} INFO - Sync 1 DAGs
[2025-11-15T03:37:18.993+0000] {logging_mixin.py:188} INFO - [2025-11-15T03:37:18.992+0000] {dag.py:3823} INFO - Setting next_dagrun for daily_summary to 2025-11-15 00:00:00+00:00, run_after=2025-11-16 00:00:00+00:00
[2025-11-15T03:37:19.033+0000] {processor.py:183} INFO - Processing /opt/airflow/dags/daily_summary.py took 0.265 seconds
[2025-11-15T03:37:49.373+0000] {processor.py:161} INFO - Started process (PID=195) to work on /opt/airflow/dags/daily_summary.py
[2025-11-15T03:37:49.374+0000] {processor.py:830} INFO - Processing file /opt/airflow/dags/daily_summary.py for tasks to queue
[2025-11-15T03:37:49.376+0000] {logging_mixin.py:188} INFO - [2025-11-15T03:37:49.376+0000] {dagbag.py:538} INFO - Filling up the DagBag from /opt/airflow/dags/daily_summary.py
[2025-11-15T03:37:49.495+0000] {processor.py:840} INFO - DAG(s) 'daily_summary' retrieved from /opt/airflow/dags/daily_summary.py
[2025-11-15T03:37:49.527+0000] {logging_mixin.py:188} INFO - [2025-11-15T03:37:49.526+0000] {dag.py:3036} INFO - Sync 1 DAGs
[2025-11-15T03:37:49.562+0000] {logging_mixin.py:188} INFO - [2025-11-15T03:37:49.562+0000] {dag.py:3823} INFO - Setting next_dagrun for daily_summary to 2025-11-15 00:00:00+00:00, run_after=2025-11-16 00:00:00+00:00
[2025-11-15T03:37:49.606+0000] {processor.py:183} INFO - Processing /opt/airflow/dags/daily_summary.py took 0.237 seconds
[2025-11-15T03:38:19.786+0000] {processor.py:161} INFO - Started process (PID=200) to work on /opt/airflow/dags/daily_summary.py
[2025-11-15T03:38:19.788+0000] {processor.py:830} INFO - Processing file /opt/airflow/dags/daily_summary.py for tasks to queue
[2025-11-15T03:38:19.791+0000] {logging_mixin.py:188} INFO - [2025-11-15T03:38:19.790+0000] {dagbag.py:538} INFO - Filling up the DagBag from /opt/airflow/dags/daily_summary.py
[2025-11-15T03:38:19.938+0000] {processor.py:840} INFO - DAG(s) 'daily_summary' retrieved from /opt/airflow/dags/daily_summary.py
[2025-11-15T03:38:19.975+0000] {logging_mixin.py:188} INFO - [2025-11-15T03:38:19.974+0000] {dag.py:3036} INFO - Sync 1 DAGs
[2025-11-15T03:38:20.013+0000] {logging_mixin.py:188} INFO - [2025-11-15T03:38:20.012+0000] {dag.py:3823} INFO - Setting next_dagrun for daily_summary to 2025-11-15 00:00:00+00:00, run_after=2025-11-16 00:00:00+00:00
[2025-11-15T03:38:20.067+0000] {processor.py:183} INFO - Processing /opt/airflow/dags/daily_summary.py took 0.287 seconds
[2025-11-15T03:38:50.404+0000] {processor.py:161} INFO - Started process (PID=205) to work on /opt/airflow/dags/daily_summary.py
[2025-11-15T03:38:50.407+0000] {processor.py:830} INFO - Processing file /opt/airflow/dags/daily_summary.py for tasks to queue
[2025-11-15T03:38:50.409+0000] {logging_mixin.py:188} INFO - [2025-11-15T03:38:50.409+0000] {dagbag.py:538} INFO - Filling up the DagBag from /opt/airflow/dags/daily_summary.py
[2025-11-15T03:38:50.567+0000] {processor.py:840} INFO - DAG(s) 'daily_summary' retrieved from /opt/airflow/dags/daily_summary.py
[2025-11-15T03:38:50.625+0000] {logging_mixin.py:188} INFO - [2025-11-15T03:38:50.624+0000] {dag.py:3036} INFO - Sync 1 DAGs
[2025-11-15T03:38:50.670+0000] {logging_mixin.py:188} INFO - [2025-11-15T03:38:50.670+0000] {dag.py:3823} INFO - Setting next_dagrun for daily_summary to 2025-11-15 00:00:00+00:00, run_after=2025-11-16 00:00:00+00:00
[2025-11-15T03:38:50.728+0000] {processor.py:183} INFO - Processing /opt/airflow/dags/daily_summary.py took 0.332 seconds
[2025-11-15T03:39:21.182+0000] {processor.py:161} INFO - Started process (PID=210) to work on /opt/airflow/dags/daily_summary.py
[2025-11-15T03:39:21.186+0000] {processor.py:830} INFO - Processing file /opt/airflow/dags/daily_summary.py for tasks to queue
[2025-11-15T03:39:21.189+0000] {logging_mixin.py:188} INFO - [2025-11-15T03:39:21.188+0000] {dagbag.py:538} INFO - Filling up the DagBag from /opt/airflow/dags/daily_summary.py
[2025-11-15T03:39:21.327+0000] {processor.py:840} INFO - DAG(s) 'daily_summary' retrieved from /opt/airflow/dags/daily_summary.py
[2025-11-15T03:39:21.375+0000] {logging_mixin.py:188} INFO - [2025-11-15T03:39:21.375+0000] {dag.py:3036} INFO - Sync 1 DAGs
[2025-11-15T03:39:21.418+0000] {logging_mixin.py:188} INFO - [2025-11-15T03:39:21.418+0000] {dag.py:3823} INFO - Setting next_dagrun for daily_summary to 2025-11-15 00:00:00+00:00, run_after=2025-11-16 00:00:00+00:00
[2025-11-15T03:39:21.448+0000] {processor.py:183} INFO - Processing /opt/airflow/dags/daily_summary.py took 0.274 seconds
[2025-11-15T03:40:34.922+0000] {processor.py:161} INFO - Started process (PID=175) to work on /opt/airflow/dags/daily_summary.py
[2025-11-15T03:40:34.925+0000] {processor.py:830} INFO - Processing file /opt/airflow/dags/daily_summary.py for tasks to queue
[2025-11-15T03:40:34.927+0000] {logging_mixin.py:188} INFO - [2025-11-15T03:40:34.926+0000] {dagbag.py:538} INFO - Filling up the DagBag from /opt/airflow/dags/daily_summary.py
[2025-11-15T03:40:35.117+0000] {processor.py:840} INFO - DAG(s) 'daily_summary' retrieved from /opt/airflow/dags/daily_summary.py
[2025-11-15T03:40:35.162+0000] {logging_mixin.py:188} INFO - [2025-11-15T03:40:35.161+0000] {dag.py:3036} INFO - Sync 1 DAGs
[2025-11-15T03:40:35.225+0000] {logging_mixin.py:188} INFO - [2025-11-15T03:40:35.225+0000] {dag.py:3823} INFO - Setting next_dagrun for daily_summary to 2025-11-15 00:00:00+00:00, run_after=2025-11-16 00:00:00+00:00
[2025-11-15T03:40:35.273+0000] {processor.py:183} INFO - Processing /opt/airflow/dags/daily_summary.py took 0.357 seconds
[2025-11-15T03:41:05.654+0000] {processor.py:161} INFO - Started process (PID=180) to work on /opt/airflow/dags/daily_summary.py
[2025-11-15T03:41:05.657+0000] {processor.py:830} INFO - Processing file /opt/airflow/dags/daily_summary.py for tasks to queue
[2025-11-15T03:41:05.660+0000] {logging_mixin.py:188} INFO - [2025-11-15T03:41:05.659+0000] {dagbag.py:538} INFO - Filling up the DagBag from /opt/airflow/dags/daily_summary.py
[2025-11-15T03:41:05.808+0000] {processor.py:840} INFO - DAG(s) 'daily_summary' retrieved from /opt/airflow/dags/daily_summary.py
[2025-11-15T03:41:06.123+0000] {logging_mixin.py:188} INFO - [2025-11-15T03:41:06.122+0000] {dag.py:3036} INFO - Sync 1 DAGs
[2025-11-15T03:41:06.160+0000] {logging_mixin.py:188} INFO - [2025-11-15T03:41:06.159+0000] {dag.py:3823} INFO - Setting next_dagrun for daily_summary to 2025-11-15 00:00:00+00:00, run_after=2025-11-16 00:00:00+00:00
[2025-11-15T03:41:06.216+0000] {processor.py:183} INFO - Processing /opt/airflow/dags/daily_summary.py took 0.569 seconds
[2025-11-15T03:41:36.629+0000] {processor.py:161} INFO - Started process (PID=185) to work on /opt/airflow/dags/daily_summary.py
[2025-11-15T03:41:36.631+0000] {processor.py:830} INFO - Processing file /opt/airflow/dags/daily_summary.py for tasks to queue
[2025-11-15T03:41:36.634+0000] {logging_mixin.py:188} INFO - [2025-11-15T03:41:36.633+0000] {dagbag.py:538} INFO - Filling up the DagBag from /opt/airflow/dags/daily_summary.py
[2025-11-15T03:41:36.756+0000] {processor.py:840} INFO - DAG(s) 'daily_summary' retrieved from /opt/airflow/dags/daily_summary.py
[2025-11-15T03:41:36.793+0000] {logging_mixin.py:188} INFO - [2025-11-15T03:41:36.792+0000] {dag.py:3036} INFO - Sync 1 DAGs
[2025-11-15T03:41:36.825+0000] {logging_mixin.py:188} INFO - [2025-11-15T03:41:36.824+0000] {dag.py:3823} INFO - Setting next_dagrun for daily_summary to 2025-11-15 00:00:00+00:00, run_after=2025-11-16 00:00:00+00:00
[2025-11-15T03:41:36.864+0000] {processor.py:183} INFO - Processing /opt/airflow/dags/daily_summary.py took 0.240 seconds
[2025-11-15T03:42:07.023+0000] {processor.py:161} INFO - Started process (PID=190) to work on /opt/airflow/dags/daily_summary.py
[2025-11-15T03:42:07.025+0000] {processor.py:830} INFO - Processing file /opt/airflow/dags/daily_summary.py for tasks to queue
[2025-11-15T03:42:07.027+0000] {logging_mixin.py:188} INFO - [2025-11-15T03:42:07.027+0000] {dagbag.py:538} INFO - Filling up the DagBag from /opt/airflow/dags/daily_summary.py
[2025-11-15T03:42:07.160+0000] {processor.py:840} INFO - DAG(s) 'daily_summary' retrieved from /opt/airflow/dags/daily_summary.py
[2025-11-15T03:42:07.192+0000] {logging_mixin.py:188} INFO - [2025-11-15T03:42:07.192+0000] {dag.py:3036} INFO - Sync 1 DAGs
[2025-11-15T03:42:07.217+0000] {logging_mixin.py:188} INFO - [2025-11-15T03:42:07.217+0000] {dag.py:3823} INFO - Setting next_dagrun for daily_summary to 2025-11-15 00:00:00+00:00, run_after=2025-11-16 00:00:00+00:00
[2025-11-15T03:42:07.244+0000] {processor.py:183} INFO - Processing /opt/airflow/dags/daily_summary.py took 0.226 seconds
[2025-11-15T03:42:37.637+0000] {processor.py:161} INFO - Started process (PID=195) to work on /opt/airflow/dags/daily_summary.py
[2025-11-15T03:42:37.640+0000] {processor.py:830} INFO - Processing file /opt/airflow/dags/daily_summary.py for tasks to queue
[2025-11-15T03:42:37.643+0000] {logging_mixin.py:188} INFO - [2025-11-15T03:42:37.642+0000] {dagbag.py:538} INFO - Filling up the DagBag from /opt/airflow/dags/daily_summary.py
[2025-11-15T03:42:37.783+0000] {processor.py:840} INFO - DAG(s) 'daily_summary' retrieved from /opt/airflow/dags/daily_summary.py
[2025-11-15T03:42:37.840+0000] {logging_mixin.py:188} INFO - [2025-11-15T03:42:37.839+0000] {dag.py:3036} INFO - Sync 1 DAGs
[2025-11-15T03:42:37.895+0000] {logging_mixin.py:188} INFO - [2025-11-15T03:42:37.894+0000] {dag.py:3823} INFO - Setting next_dagrun for daily_summary to 2025-11-15 00:00:00+00:00, run_after=2025-11-16 00:00:00+00:00
[2025-11-15T03:42:37.946+0000] {processor.py:183} INFO - Processing /opt/airflow/dags/daily_summary.py took 0.315 seconds
[2025-11-15T03:43:08.412+0000] {processor.py:161} INFO - Started process (PID=200) to work on /opt/airflow/dags/daily_summary.py
[2025-11-15T03:43:08.415+0000] {processor.py:830} INFO - Processing file /opt/airflow/dags/daily_summary.py for tasks to queue
[2025-11-15T03:43:08.418+0000] {logging_mixin.py:188} INFO - [2025-11-15T03:43:08.417+0000] {dagbag.py:538} INFO - Filling up the DagBag from /opt/airflow/dags/daily_summary.py
[2025-11-15T03:43:08.563+0000] {processor.py:840} INFO - DAG(s) 'daily_summary' retrieved from /opt/airflow/dags/daily_summary.py
[2025-11-15T03:43:08.594+0000] {logging_mixin.py:188} INFO - [2025-11-15T03:43:08.594+0000] {dag.py:3036} INFO - Sync 1 DAGs
[2025-11-15T03:43:08.625+0000] {logging_mixin.py:188} INFO - [2025-11-15T03:43:08.624+0000] {dag.py:3823} INFO - Setting next_dagrun for daily_summary to 2025-11-15 00:00:00+00:00, run_after=2025-11-16 00:00:00+00:00
[2025-11-15T03:43:08.678+0000] {processor.py:183} INFO - Processing /opt/airflow/dags/daily_summary.py took 0.275 seconds
[2025-11-15T03:43:39.066+0000] {processor.py:161} INFO - Started process (PID=205) to work on /opt/airflow/dags/daily_summary.py
[2025-11-15T03:43:39.068+0000] {processor.py:830} INFO - Processing file /opt/airflow/dags/daily_summary.py for tasks to queue
[2025-11-15T03:43:39.070+0000] {logging_mixin.py:188} INFO - [2025-11-15T03:43:39.069+0000] {dagbag.py:538} INFO - Filling up the DagBag from /opt/airflow/dags/daily_summary.py
[2025-11-15T03:43:39.218+0000] {processor.py:840} INFO - DAG(s) 'daily_summary' retrieved from /opt/airflow/dags/daily_summary.py
[2025-11-15T03:43:39.258+0000] {logging_mixin.py:188} INFO - [2025-11-15T03:43:39.258+0000] {dag.py:3036} INFO - Sync 1 DAGs
[2025-11-15T03:43:39.286+0000] {logging_mixin.py:188} INFO - [2025-11-15T03:43:39.286+0000] {dag.py:3823} INFO - Setting next_dagrun for daily_summary to 2025-11-15 00:00:00+00:00, run_after=2025-11-16 00:00:00+00:00
[2025-11-15T03:43:39.316+0000] {processor.py:183} INFO - Processing /opt/airflow/dags/daily_summary.py took 0.257 seconds
[2025-11-15T03:44:09.406+0000] {processor.py:161} INFO - Started process (PID=210) to work on /opt/airflow/dags/daily_summary.py
[2025-11-15T03:44:09.408+0000] {processor.py:830} INFO - Processing file /opt/airflow/dags/daily_summary.py for tasks to queue
[2025-11-15T03:44:09.410+0000] {logging_mixin.py:188} INFO - [2025-11-15T03:44:09.410+0000] {dagbag.py:538} INFO - Filling up the DagBag from /opt/airflow/dags/daily_summary.py
[2025-11-15T03:44:09.525+0000] {processor.py:840} INFO - DAG(s) 'daily_summary' retrieved from /opt/airflow/dags/daily_summary.py
[2025-11-15T03:44:09.572+0000] {logging_mixin.py:188} INFO - [2025-11-15T03:44:09.572+0000] {dag.py:3036} INFO - Sync 1 DAGs
[2025-11-15T03:44:09.617+0000] {logging_mixin.py:188} INFO - [2025-11-15T03:44:09.616+0000] {dag.py:3823} INFO - Setting next_dagrun for daily_summary to 2025-11-15 00:00:00+00:00, run_after=2025-11-16 00:00:00+00:00
[2025-11-15T03:44:09.647+0000] {processor.py:183} INFO - Processing /opt/airflow/dags/daily_summary.py took 0.248 seconds
[2025-11-15T03:44:39.815+0000] {processor.py:161} INFO - Started process (PID=215) to work on /opt/airflow/dags/daily_summary.py
[2025-11-15T03:44:39.818+0000] {processor.py:830} INFO - Processing file /opt/airflow/dags/daily_summary.py for tasks to queue
[2025-11-15T03:44:39.821+0000] {logging_mixin.py:188} INFO - [2025-11-15T03:44:39.820+0000] {dagbag.py:538} INFO - Filling up the DagBag from /opt/airflow/dags/daily_summary.py
[2025-11-15T03:44:39.958+0000] {processor.py:840} INFO - DAG(s) 'daily_summary' retrieved from /opt/airflow/dags/daily_summary.py
[2025-11-15T03:44:39.996+0000] {logging_mixin.py:188} INFO - [2025-11-15T03:44:39.996+0000] {dag.py:3036} INFO - Sync 1 DAGs
[2025-11-15T03:44:40.027+0000] {logging_mixin.py:188} INFO - [2025-11-15T03:44:40.027+0000] {dag.py:3823} INFO - Setting next_dagrun for daily_summary to 2025-11-15 00:00:00+00:00, run_after=2025-11-16 00:00:00+00:00
[2025-11-15T03:44:40.061+0000] {processor.py:183} INFO - Processing /opt/airflow/dags/daily_summary.py took 0.255 seconds
[2025-11-15T03:45:10.403+0000] {processor.py:161} INFO - Started process (PID=220) to work on /opt/airflow/dags/daily_summary.py
[2025-11-15T03:45:10.406+0000] {processor.py:830} INFO - Processing file /opt/airflow/dags/daily_summary.py for tasks to queue
[2025-11-15T03:45:10.407+0000] {logging_mixin.py:188} INFO - [2025-11-15T03:45:10.407+0000] {dagbag.py:538} INFO - Filling up the DagBag from /opt/airflow/dags/daily_summary.py
[2025-11-15T03:45:10.527+0000] {processor.py:840} INFO - DAG(s) 'daily_summary' retrieved from /opt/airflow/dags/daily_summary.py
[2025-11-15T03:45:10.568+0000] {logging_mixin.py:188} INFO - [2025-11-15T03:45:10.568+0000] {dag.py:3036} INFO - Sync 1 DAGs
[2025-11-15T03:45:10.601+0000] {logging_mixin.py:188} INFO - [2025-11-15T03:45:10.600+0000] {dag.py:3823} INFO - Setting next_dagrun for daily_summary to 2025-11-15 00:00:00+00:00, run_after=2025-11-16 00:00:00+00:00
[2025-11-15T03:45:10.649+0000] {processor.py:183} INFO - Processing /opt/airflow/dags/daily_summary.py took 0.253 seconds
[2025-11-15T03:45:40.758+0000] {processor.py:161} INFO - Started process (PID=225) to work on /opt/airflow/dags/daily_summary.py
[2025-11-15T03:45:40.761+0000] {processor.py:830} INFO - Processing file /opt/airflow/dags/daily_summary.py for tasks to queue
[2025-11-15T03:45:40.762+0000] {logging_mixin.py:188} INFO - [2025-11-15T03:45:40.762+0000] {dagbag.py:538} INFO - Filling up the DagBag from /opt/airflow/dags/daily_summary.py
[2025-11-15T03:45:40.909+0000] {processor.py:840} INFO - DAG(s) 'daily_summary' retrieved from /opt/airflow/dags/daily_summary.py
[2025-11-15T03:45:40.955+0000] {logging_mixin.py:188} INFO - [2025-11-15T03:45:40.954+0000] {dag.py:3036} INFO - Sync 1 DAGs
[2025-11-15T03:45:41.004+0000] {logging_mixin.py:188} INFO - [2025-11-15T03:45:41.003+0000] {dag.py:3823} INFO - Setting next_dagrun for daily_summary to 2025-11-15 00:00:00+00:00, run_after=2025-11-16 00:00:00+00:00
[2025-11-15T03:45:41.038+0000] {processor.py:183} INFO - Processing /opt/airflow/dags/daily_summary.py took 0.286 seconds
[2025-11-15T03:46:11.328+0000] {processor.py:161} INFO - Started process (PID=230) to work on /opt/airflow/dags/daily_summary.py
[2025-11-15T03:46:11.330+0000] {processor.py:830} INFO - Processing file /opt/airflow/dags/daily_summary.py for tasks to queue
[2025-11-15T03:46:11.332+0000] {logging_mixin.py:188} INFO - [2025-11-15T03:46:11.331+0000] {dagbag.py:538} INFO - Filling up the DagBag from /opt/airflow/dags/daily_summary.py
[2025-11-15T03:46:11.442+0000] {processor.py:840} INFO - DAG(s) 'daily_summary' retrieved from /opt/airflow/dags/daily_summary.py
[2025-11-15T03:46:11.481+0000] {logging_mixin.py:188} INFO - [2025-11-15T03:46:11.481+0000] {dag.py:3036} INFO - Sync 1 DAGs
[2025-11-15T03:46:11.518+0000] {logging_mixin.py:188} INFO - [2025-11-15T03:46:11.517+0000] {dag.py:3823} INFO - Setting next_dagrun for daily_summary to 2025-11-15 00:00:00+00:00, run_after=2025-11-16 00:00:00+00:00
[2025-11-15T03:46:11.563+0000] {processor.py:183} INFO - Processing /opt/airflow/dags/daily_summary.py took 0.241 seconds
[2025-11-15T03:46:38.037+0000] {processor.py:161} INFO - Started process (PID=175) to work on /opt/airflow/dags/daily_summary.py
[2025-11-15T03:46:38.039+0000] {processor.py:830} INFO - Processing file /opt/airflow/dags/daily_summary.py for tasks to queue
[2025-11-15T03:46:38.041+0000] {logging_mixin.py:188} INFO - [2025-11-15T03:46:38.040+0000] {dagbag.py:538} INFO - Filling up the DagBag from /opt/airflow/dags/daily_summary.py
[2025-11-15T03:46:38.153+0000] {processor.py:840} INFO - DAG(s) 'daily_summary' retrieved from /opt/airflow/dags/daily_summary.py
[2025-11-15T03:46:38.183+0000] {logging_mixin.py:188} INFO - [2025-11-15T03:46:38.183+0000] {dag.py:3036} INFO - Sync 1 DAGs
[2025-11-15T03:46:38.233+0000] {logging_mixin.py:188} INFO - [2025-11-15T03:46:38.232+0000] {dag.py:3823} INFO - Setting next_dagrun for daily_summary to 2025-11-15 00:00:00+00:00, run_after=2025-11-16 00:00:00+00:00
[2025-11-15T03:46:38.282+0000] {processor.py:183} INFO - Processing /opt/airflow/dags/daily_summary.py took 0.251 seconds
[2025-11-15T03:47:08.461+0000] {processor.py:161} INFO - Started process (PID=180) to work on /opt/airflow/dags/daily_summary.py
[2025-11-15T03:47:08.464+0000] {processor.py:830} INFO - Processing file /opt/airflow/dags/daily_summary.py for tasks to queue
[2025-11-15T03:47:08.467+0000] {logging_mixin.py:188} INFO - [2025-11-15T03:47:08.466+0000] {dagbag.py:538} INFO - Filling up the DagBag from /opt/airflow/dags/daily_summary.py
[2025-11-15T03:47:08.601+0000] {processor.py:840} INFO - DAG(s) 'daily_summary' retrieved from /opt/airflow/dags/daily_summary.py
[2025-11-15T03:47:08.877+0000] {logging_mixin.py:188} INFO - [2025-11-15T03:47:08.877+0000] {dag.py:3036} INFO - Sync 1 DAGs
[2025-11-15T03:47:08.902+0000] {logging_mixin.py:188} INFO - [2025-11-15T03:47:08.902+0000] {dag.py:3823} INFO - Setting next_dagrun for daily_summary to 2025-11-15 00:00:00+00:00, run_after=2025-11-16 00:00:00+00:00
[2025-11-15T03:47:08.936+0000] {processor.py:183} INFO - Processing /opt/airflow/dags/daily_summary.py took 0.482 seconds
[2025-11-15T03:47:39.394+0000] {processor.py:161} INFO - Started process (PID=185) to work on /opt/airflow/dags/daily_summary.py
[2025-11-15T03:47:39.398+0000] {processor.py:830} INFO - Processing file /opt/airflow/dags/daily_summary.py for tasks to queue
[2025-11-15T03:47:39.402+0000] {logging_mixin.py:188} INFO - [2025-11-15T03:47:39.400+0000] {dagbag.py:538} INFO - Filling up the DagBag from /opt/airflow/dags/daily_summary.py
[2025-11-15T03:47:39.573+0000] {processor.py:840} INFO - DAG(s) 'daily_summary' retrieved from /opt/airflow/dags/daily_summary.py
[2025-11-15T03:47:39.617+0000] {logging_mixin.py:188} INFO - [2025-11-15T03:47:39.616+0000] {dag.py:3036} INFO - Sync 1 DAGs
[2025-11-15T03:47:39.646+0000] {logging_mixin.py:188} INFO - [2025-11-15T03:47:39.645+0000] {dag.py:3823} INFO - Setting next_dagrun for daily_summary to 2025-11-15 00:00:00+00:00, run_after=2025-11-16 00:00:00+00:00
[2025-11-15T03:47:39.681+0000] {processor.py:183} INFO - Processing /opt/airflow/dags/daily_summary.py took 0.296 seconds
[2025-11-15T03:48:10.134+0000] {processor.py:161} INFO - Started process (PID=190) to work on /opt/airflow/dags/daily_summary.py
[2025-11-15T03:48:10.136+0000] {processor.py:830} INFO - Processing file /opt/airflow/dags/daily_summary.py for tasks to queue
[2025-11-15T03:48:10.140+0000] {logging_mixin.py:188} INFO - [2025-11-15T03:48:10.139+0000] {dagbag.py:538} INFO - Filling up the DagBag from /opt/airflow/dags/daily_summary.py
[2025-11-15T03:48:10.254+0000] {processor.py:840} INFO - DAG(s) 'daily_summary' retrieved from /opt/airflow/dags/daily_summary.py
[2025-11-15T03:48:10.292+0000] {logging_mixin.py:188} INFO - [2025-11-15T03:48:10.292+0000] {dag.py:3036} INFO - Sync 1 DAGs
[2025-11-15T03:48:10.320+0000] {logging_mixin.py:188} INFO - [2025-11-15T03:48:10.320+0000] {dag.py:3823} INFO - Setting next_dagrun for daily_summary to 2025-11-15 00:00:00+00:00, run_after=2025-11-16 00:00:00+00:00
[2025-11-15T03:48:10.355+0000] {processor.py:183} INFO - Processing /opt/airflow/dags/daily_summary.py took 0.228 seconds
[2025-11-15T03:48:40.454+0000] {processor.py:161} INFO - Started process (PID=195) to work on /opt/airflow/dags/daily_summary.py
[2025-11-15T03:48:40.455+0000] {processor.py:830} INFO - Processing file /opt/airflow/dags/daily_summary.py for tasks to queue
[2025-11-15T03:48:40.457+0000] {logging_mixin.py:188} INFO - [2025-11-15T03:48:40.457+0000] {dagbag.py:538} INFO - Filling up the DagBag from /opt/airflow/dags/daily_summary.py
[2025-11-15T03:48:40.606+0000] {processor.py:840} INFO - DAG(s) 'daily_summary' retrieved from /opt/airflow/dags/daily_summary.py
[2025-11-15T03:48:40.659+0000] {logging_mixin.py:188} INFO - [2025-11-15T03:48:40.658+0000] {dag.py:3036} INFO - Sync 1 DAGs
[2025-11-15T03:48:40.707+0000] {logging_mixin.py:188} INFO - [2025-11-15T03:48:40.707+0000] {dag.py:3823} INFO - Setting next_dagrun for daily_summary to 2025-11-15 00:00:00+00:00, run_after=2025-11-16 00:00:00+00:00
[2025-11-15T03:48:40.746+0000] {processor.py:183} INFO - Processing /opt/airflow/dags/daily_summary.py took 0.297 seconds
[2025-11-15T03:49:11.020+0000] {processor.py:161} INFO - Started process (PID=200) to work on /opt/airflow/dags/daily_summary.py
[2025-11-15T03:49:11.022+0000] {processor.py:830} INFO - Processing file /opt/airflow/dags/daily_summary.py for tasks to queue
[2025-11-15T03:49:11.024+0000] {logging_mixin.py:188} INFO - [2025-11-15T03:49:11.023+0000] {dagbag.py:538} INFO - Filling up the DagBag from /opt/airflow/dags/daily_summary.py
[2025-11-15T03:49:11.147+0000] {processor.py:840} INFO - DAG(s) 'daily_summary' retrieved from /opt/airflow/dags/daily_summary.py
[2025-11-15T03:49:11.179+0000] {logging_mixin.py:188} INFO - [2025-11-15T03:49:11.179+0000] {dag.py:3036} INFO - Sync 1 DAGs
[2025-11-15T03:49:11.205+0000] {logging_mixin.py:188} INFO - [2025-11-15T03:49:11.204+0000] {dag.py:3823} INFO - Setting next_dagrun for daily_summary to 2025-11-15 00:00:00+00:00, run_after=2025-11-16 00:00:00+00:00
[2025-11-15T03:49:11.240+0000] {processor.py:183} INFO - Processing /opt/airflow/dags/daily_summary.py took 0.226 seconds
[2025-11-15T03:49:42.606+0000] {processor.py:161} INFO - Started process (PID=175) to work on /opt/airflow/dags/daily_summary.py
[2025-11-15T03:49:42.607+0000] {processor.py:830} INFO - Processing file /opt/airflow/dags/daily_summary.py for tasks to queue
[2025-11-15T03:49:42.608+0000] {logging_mixin.py:188} INFO - [2025-11-15T03:49:42.608+0000] {dagbag.py:538} INFO - Filling up the DagBag from /opt/airflow/dags/daily_summary.py
[2025-11-15T03:49:42.723+0000] {processor.py:840} INFO - DAG(s) 'daily_summary' retrieved from /opt/airflow/dags/daily_summary.py
[2025-11-15T03:49:42.750+0000] {logging_mixin.py:188} INFO - [2025-11-15T03:49:42.749+0000] {dag.py:3036} INFO - Sync 1 DAGs
[2025-11-15T03:49:42.773+0000] {logging_mixin.py:188} INFO - [2025-11-15T03:49:42.773+0000] {dag.py:3823} INFO - Setting next_dagrun for daily_summary to 2025-11-15 00:00:00+00:00, run_after=2025-11-16 00:00:00+00:00
[2025-11-15T03:49:42.817+0000] {processor.py:183} INFO - Processing /opt/airflow/dags/daily_summary.py took 0.214 seconds
[2025-11-15T03:50:12.993+0000] {processor.py:161} INFO - Started process (PID=180) to work on /opt/airflow/dags/daily_summary.py
[2025-11-15T03:50:12.996+0000] {processor.py:830} INFO - Processing file /opt/airflow/dags/daily_summary.py for tasks to queue
[2025-11-15T03:50:12.998+0000] {logging_mixin.py:188} INFO - [2025-11-15T03:50:12.997+0000] {dagbag.py:538} INFO - Filling up the DagBag from /opt/airflow/dags/daily_summary.py
[2025-11-15T03:50:13.153+0000] {processor.py:840} INFO - DAG(s) 'daily_summary' retrieved from /opt/airflow/dags/daily_summary.py
[2025-11-15T03:50:13.354+0000] {logging_mixin.py:188} INFO - [2025-11-15T03:50:13.354+0000] {dag.py:3036} INFO - Sync 1 DAGs
[2025-11-15T03:50:13.384+0000] {logging_mixin.py:188} INFO - [2025-11-15T03:50:13.383+0000] {dag.py:3823} INFO - Setting next_dagrun for daily_summary to 2025-11-15 00:00:00+00:00, run_after=2025-11-16 00:00:00+00:00
[2025-11-15T03:50:13.423+0000] {processor.py:183} INFO - Processing /opt/airflow/dags/daily_summary.py took 0.437 seconds
[2025-11-15T03:50:43.552+0000] {processor.py:161} INFO - Started process (PID=185) to work on /opt/airflow/dags/daily_summary.py
[2025-11-15T03:50:43.554+0000] {processor.py:830} INFO - Processing file /opt/airflow/dags/daily_summary.py for tasks to queue
[2025-11-15T03:50:43.557+0000] {logging_mixin.py:188} INFO - [2025-11-15T03:50:43.556+0000] {dagbag.py:538} INFO - Filling up the DagBag from /opt/airflow/dags/daily_summary.py
[2025-11-15T03:50:43.703+0000] {processor.py:840} INFO - DAG(s) 'daily_summary' retrieved from /opt/airflow/dags/daily_summary.py
[2025-11-15T03:50:43.736+0000] {logging_mixin.py:188} INFO - [2025-11-15T03:50:43.736+0000] {dag.py:3036} INFO - Sync 1 DAGs
[2025-11-15T03:50:43.772+0000] {logging_mixin.py:188} INFO - [2025-11-15T03:50:43.772+0000] {dag.py:3823} INFO - Setting next_dagrun for daily_summary to 2025-11-15 00:00:00+00:00, run_after=2025-11-16 00:00:00+00:00
[2025-11-15T03:50:43.812+0000] {processor.py:183} INFO - Processing /opt/airflow/dags/daily_summary.py took 0.268 seconds
[2025-11-15T03:51:14.234+0000] {processor.py:161} INFO - Started process (PID=190) to work on /opt/airflow/dags/daily_summary.py
[2025-11-15T03:51:14.236+0000] {processor.py:830} INFO - Processing file /opt/airflow/dags/daily_summary.py for tasks to queue
[2025-11-15T03:51:14.239+0000] {logging_mixin.py:188} INFO - [2025-11-15T03:51:14.238+0000] {dagbag.py:538} INFO - Filling up the DagBag from /opt/airflow/dags/daily_summary.py
[2025-11-15T03:51:14.360+0000] {processor.py:840} INFO - DAG(s) 'daily_summary' retrieved from /opt/airflow/dags/daily_summary.py
[2025-11-15T03:51:14.389+0000] {logging_mixin.py:188} INFO - [2025-11-15T03:51:14.389+0000] {dag.py:3036} INFO - Sync 1 DAGs
[2025-11-15T03:51:14.412+0000] {logging_mixin.py:188} INFO - [2025-11-15T03:51:14.412+0000] {dag.py:3823} INFO - Setting next_dagrun for daily_summary to 2025-11-15 00:00:00+00:00, run_after=2025-11-16 00:00:00+00:00
[2025-11-15T03:51:14.450+0000] {processor.py:183} INFO - Processing /opt/airflow/dags/daily_summary.py took 0.222 seconds
[2025-11-15T03:51:44.627+0000] {processor.py:161} INFO - Started process (PID=195) to work on /opt/airflow/dags/daily_summary.py
[2025-11-15T03:51:44.630+0000] {processor.py:830} INFO - Processing file /opt/airflow/dags/daily_summary.py for tasks to queue
[2025-11-15T03:51:44.632+0000] {logging_mixin.py:188} INFO - [2025-11-15T03:51:44.631+0000] {dagbag.py:538} INFO - Filling up the DagBag from /opt/airflow/dags/daily_summary.py
[2025-11-15T03:51:44.755+0000] {processor.py:840} INFO - DAG(s) 'daily_summary' retrieved from /opt/airflow/dags/daily_summary.py
[2025-11-15T03:51:44.802+0000] {logging_mixin.py:188} INFO - [2025-11-15T03:51:44.801+0000] {dag.py:3036} INFO - Sync 1 DAGs
[2025-11-15T03:51:44.834+0000] {logging_mixin.py:188} INFO - [2025-11-15T03:51:44.834+0000] {dag.py:3823} INFO - Setting next_dagrun for daily_summary to 2025-11-15 00:00:00+00:00, run_after=2025-11-16 00:00:00+00:00
[2025-11-15T03:51:44.861+0000] {processor.py:183} INFO - Processing /opt/airflow/dags/daily_summary.py took 0.241 seconds
[2025-11-15T03:52:15.265+0000] {processor.py:161} INFO - Started process (PID=200) to work on /opt/airflow/dags/daily_summary.py
[2025-11-15T03:52:15.267+0000] {processor.py:830} INFO - Processing file /opt/airflow/dags/daily_summary.py for tasks to queue
[2025-11-15T03:52:15.269+0000] {logging_mixin.py:188} INFO - [2025-11-15T03:52:15.268+0000] {dagbag.py:538} INFO - Filling up the DagBag from /opt/airflow/dags/daily_summary.py
[2025-11-15T03:52:15.429+0000] {processor.py:840} INFO - DAG(s) 'daily_summary' retrieved from /opt/airflow/dags/daily_summary.py
[2025-11-15T03:52:15.481+0000] {logging_mixin.py:188} INFO - [2025-11-15T03:52:15.480+0000] {dag.py:3036} INFO - Sync 1 DAGs
[2025-11-15T03:52:15.522+0000] {logging_mixin.py:188} INFO - [2025-11-15T03:52:15.522+0000] {dag.py:3823} INFO - Setting next_dagrun for daily_summary to 2025-11-15 00:00:00+00:00, run_after=2025-11-16 00:00:00+00:00
[2025-11-15T03:52:15.569+0000] {processor.py:183} INFO - Processing /opt/airflow/dags/daily_summary.py took 0.313 seconds
[2025-11-15T03:52:45.992+0000] {processor.py:161} INFO - Started process (PID=205) to work on /opt/airflow/dags/daily_summary.py
[2025-11-15T03:52:45.995+0000] {processor.py:830} INFO - Processing file /opt/airflow/dags/daily_summary.py for tasks to queue
[2025-11-15T03:52:45.996+0000] {logging_mixin.py:188} INFO - [2025-11-15T03:52:45.996+0000] {dagbag.py:538} INFO - Filling up the DagBag from /opt/airflow/dags/daily_summary.py
[2025-11-15T03:52:46.097+0000] {processor.py:840} INFO - DAG(s) 'daily_summary' retrieved from /opt/airflow/dags/daily_summary.py
[2025-11-15T03:52:46.132+0000] {logging_mixin.py:188} INFO - [2025-11-15T03:52:46.131+0000] {dag.py:3036} INFO - Sync 1 DAGs
[2025-11-15T03:52:46.163+0000] {logging_mixin.py:188} INFO - [2025-11-15T03:52:46.163+0000] {dag.py:3823} INFO - Setting next_dagrun for daily_summary to 2025-11-15 00:00:00+00:00, run_after=2025-11-16 00:00:00+00:00
[2025-11-15T03:52:46.197+0000] {processor.py:183} INFO - Processing /opt/airflow/dags/daily_summary.py took 0.211 seconds
[2025-11-15T03:53:16.360+0000] {processor.py:161} INFO - Started process (PID=210) to work on /opt/airflow/dags/daily_summary.py
[2025-11-15T03:53:16.362+0000] {processor.py:830} INFO - Processing file /opt/airflow/dags/daily_summary.py for tasks to queue
[2025-11-15T03:53:16.364+0000] {logging_mixin.py:188} INFO - [2025-11-15T03:53:16.364+0000] {dagbag.py:538} INFO - Filling up the DagBag from /opt/airflow/dags/daily_summary.py
[2025-11-15T03:53:16.509+0000] {processor.py:840} INFO - DAG(s) 'daily_summary' retrieved from /opt/airflow/dags/daily_summary.py
[2025-11-15T03:53:16.565+0000] {logging_mixin.py:188} INFO - [2025-11-15T03:53:16.565+0000] {dag.py:3036} INFO - Sync 1 DAGs
[2025-11-15T03:53:16.604+0000] {logging_mixin.py:188} INFO - [2025-11-15T03:53:16.604+0000] {dag.py:3823} INFO - Setting next_dagrun for daily_summary to 2025-11-15 00:00:00+00:00, run_after=2025-11-16 00:00:00+00:00
[2025-11-15T03:53:16.653+0000] {processor.py:183} INFO - Processing /opt/airflow/dags/daily_summary.py took 0.300 seconds
[2025-11-15T03:53:46.972+0000] {processor.py:161} INFO - Started process (PID=215) to work on /opt/airflow/dags/daily_summary.py
[2025-11-15T03:53:46.974+0000] {processor.py:830} INFO - Processing file /opt/airflow/dags/daily_summary.py for tasks to queue
[2025-11-15T03:53:46.978+0000] {logging_mixin.py:188} INFO - [2025-11-15T03:53:46.977+0000] {dagbag.py:538} INFO - Filling up the DagBag from /opt/airflow/dags/daily_summary.py
[2025-11-15T03:53:47.113+0000] {processor.py:840} INFO - DAG(s) 'daily_summary' retrieved from /opt/airflow/dags/daily_summary.py
[2025-11-15T03:53:47.149+0000] {logging_mixin.py:188} INFO - [2025-11-15T03:53:47.149+0000] {dag.py:3036} INFO - Sync 1 DAGs
[2025-11-15T03:53:47.190+0000] {logging_mixin.py:188} INFO - [2025-11-15T03:53:47.190+0000] {dag.py:3823} INFO - Setting next_dagrun for daily_summary to 2025-11-15 00:00:00+00:00, run_after=2025-11-16 00:00:00+00:00
[2025-11-15T03:53:47.218+0000] {processor.py:183} INFO - Processing /opt/airflow/dags/daily_summary.py took 0.253 seconds
[2025-11-15T03:54:38.206+0000] {processor.py:161} INFO - Started process (PID=175) to work on /opt/airflow/dags/daily_summary.py
[2025-11-15T03:54:38.207+0000] {processor.py:830} INFO - Processing file /opt/airflow/dags/daily_summary.py for tasks to queue
[2025-11-15T03:54:38.208+0000] {logging_mixin.py:188} INFO - [2025-11-15T03:54:38.208+0000] {dagbag.py:538} INFO - Filling up the DagBag from /opt/airflow/dags/daily_summary.py
[2025-11-15T03:54:38.318+0000] {processor.py:840} INFO - DAG(s) 'daily_summary' retrieved from /opt/airflow/dags/daily_summary.py
[2025-11-15T03:54:38.357+0000] {logging_mixin.py:188} INFO - [2025-11-15T03:54:38.357+0000] {dag.py:3036} INFO - Sync 1 DAGs
[2025-11-15T03:54:38.397+0000] {logging_mixin.py:188} INFO - [2025-11-15T03:54:38.396+0000] {dag.py:3823} INFO - Setting next_dagrun for daily_summary to 2025-11-15 00:00:00+00:00, run_after=2025-11-16 00:00:00+00:00
[2025-11-15T03:54:38.433+0000] {processor.py:183} INFO - Processing /opt/airflow/dags/daily_summary.py took 0.230 seconds
[2025-11-15T03:55:08.556+0000] {processor.py:161} INFO - Started process (PID=180) to work on /opt/airflow/dags/daily_summary.py
[2025-11-15T03:55:08.558+0000] {processor.py:830} INFO - Processing file /opt/airflow/dags/daily_summary.py for tasks to queue
[2025-11-15T03:55:08.562+0000] {logging_mixin.py:188} INFO - [2025-11-15T03:55:08.560+0000] {dagbag.py:538} INFO - Filling up the DagBag from /opt/airflow/dags/daily_summary.py
[2025-11-15T03:55:08.669+0000] {processor.py:840} INFO - DAG(s) 'daily_summary' retrieved from /opt/airflow/dags/daily_summary.py
[2025-11-15T03:55:08.932+0000] {logging_mixin.py:188} INFO - [2025-11-15T03:55:08.932+0000] {dag.py:3036} INFO - Sync 1 DAGs
[2025-11-15T03:55:08.963+0000] {logging_mixin.py:188} INFO - [2025-11-15T03:55:08.963+0000] {dag.py:3823} INFO - Setting next_dagrun for daily_summary to 2025-11-15 00:00:00+00:00, run_after=2025-11-16 00:00:00+00:00
[2025-11-15T03:55:09.003+0000] {processor.py:183} INFO - Processing /opt/airflow/dags/daily_summary.py took 0.453 seconds
[2025-11-15T03:55:39.130+0000] {processor.py:161} INFO - Started process (PID=185) to work on /opt/airflow/dags/daily_summary.py
[2025-11-15T03:55:39.131+0000] {processor.py:830} INFO - Processing file /opt/airflow/dags/daily_summary.py for tasks to queue
[2025-11-15T03:55:39.133+0000] {logging_mixin.py:188} INFO - [2025-11-15T03:55:39.133+0000] {dagbag.py:538} INFO - Filling up the DagBag from /opt/airflow/dags/daily_summary.py
[2025-11-15T03:55:39.293+0000] {processor.py:840} INFO - DAG(s) 'daily_summary' retrieved from /opt/airflow/dags/daily_summary.py
[2025-11-15T03:55:39.329+0000] {logging_mixin.py:188} INFO - [2025-11-15T03:55:39.329+0000] {dag.py:3036} INFO - Sync 1 DAGs
[2025-11-15T03:55:39.369+0000] {logging_mixin.py:188} INFO - [2025-11-15T03:55:39.368+0000] {dag.py:3823} INFO - Setting next_dagrun for daily_summary to 2025-11-15 00:00:00+00:00, run_after=2025-11-16 00:00:00+00:00
[2025-11-15T03:55:39.416+0000] {processor.py:183} INFO - Processing /opt/airflow/dags/daily_summary.py took 0.291 seconds
[2025-11-15T03:56:09.763+0000] {processor.py:161} INFO - Started process (PID=190) to work on /opt/airflow/dags/daily_summary.py
[2025-11-15T03:56:09.766+0000] {processor.py:830} INFO - Processing file /opt/airflow/dags/daily_summary.py for tasks to queue
[2025-11-15T03:56:09.769+0000] {logging_mixin.py:188} INFO - [2025-11-15T03:56:09.768+0000] {dagbag.py:538} INFO - Filling up the DagBag from /opt/airflow/dags/daily_summary.py
[2025-11-15T03:56:09.941+0000] {processor.py:840} INFO - DAG(s) 'daily_summary' retrieved from /opt/airflow/dags/daily_summary.py
[2025-11-15T03:56:09.979+0000] {logging_mixin.py:188} INFO - [2025-11-15T03:56:09.978+0000] {dag.py:3036} INFO - Sync 1 DAGs
[2025-11-15T03:56:10.015+0000] {logging_mixin.py:188} INFO - [2025-11-15T03:56:10.014+0000] {dag.py:3823} INFO - Setting next_dagrun for daily_summary to 2025-11-15 00:00:00+00:00, run_after=2025-11-16 00:00:00+00:00
[2025-11-15T03:56:10.071+0000] {processor.py:183} INFO - Processing /opt/airflow/dags/daily_summary.py took 0.316 seconds
[2025-11-15T03:56:40.227+0000] {processor.py:161} INFO - Started process (PID=195) to work on /opt/airflow/dags/daily_summary.py
[2025-11-15T03:56:40.229+0000] {processor.py:830} INFO - Processing file /opt/airflow/dags/daily_summary.py for tasks to queue
[2025-11-15T03:56:40.232+0000] {logging_mixin.py:188} INFO - [2025-11-15T03:56:40.231+0000] {dagbag.py:538} INFO - Filling up the DagBag from /opt/airflow/dags/daily_summary.py
[2025-11-15T03:56:40.376+0000] {processor.py:840} INFO - DAG(s) 'daily_summary' retrieved from /opt/airflow/dags/daily_summary.py
[2025-11-15T03:56:40.420+0000] {logging_mixin.py:188} INFO - [2025-11-15T03:56:40.419+0000] {dag.py:3036} INFO - Sync 1 DAGs
[2025-11-15T03:56:40.445+0000] {logging_mixin.py:188} INFO - [2025-11-15T03:56:40.445+0000] {dag.py:3823} INFO - Setting next_dagrun for daily_summary to 2025-11-15 00:00:00+00:00, run_after=2025-11-16 00:00:00+00:00
[2025-11-15T03:56:40.487+0000] {processor.py:183} INFO - Processing /opt/airflow/dags/daily_summary.py took 0.266 seconds
[2025-11-15T03:57:10.876+0000] {processor.py:161} INFO - Started process (PID=200) to work on /opt/airflow/dags/daily_summary.py
[2025-11-15T03:57:10.878+0000] {processor.py:830} INFO - Processing file /opt/airflow/dags/daily_summary.py for tasks to queue
[2025-11-15T03:57:10.881+0000] {logging_mixin.py:188} INFO - [2025-11-15T03:57:10.880+0000] {dagbag.py:538} INFO - Filling up the DagBag from /opt/airflow/dags/daily_summary.py
[2025-11-15T03:57:10.992+0000] {processor.py:840} INFO - DAG(s) 'daily_summary' retrieved from /opt/airflow/dags/daily_summary.py
[2025-11-15T03:57:11.027+0000] {logging_mixin.py:188} INFO - [2025-11-15T03:57:11.026+0000] {dag.py:3036} INFO - Sync 1 DAGs
[2025-11-15T03:57:11.056+0000] {logging_mixin.py:188} INFO - [2025-11-15T03:57:11.056+0000] {dag.py:3823} INFO - Setting next_dagrun for daily_summary to 2025-11-15 00:00:00+00:00, run_after=2025-11-16 00:00:00+00:00
[2025-11-15T03:57:11.093+0000] {processor.py:183} INFO - Processing /opt/airflow/dags/daily_summary.py took 0.226 seconds
[2025-11-15T03:57:41.281+0000] {processor.py:161} INFO - Started process (PID=205) to work on /opt/airflow/dags/daily_summary.py
[2025-11-15T03:57:41.283+0000] {processor.py:830} INFO - Processing file /opt/airflow/dags/daily_summary.py for tasks to queue
[2025-11-15T03:57:41.284+0000] {logging_mixin.py:188} INFO - [2025-11-15T03:57:41.284+0000] {dagbag.py:538} INFO - Filling up the DagBag from /opt/airflow/dags/daily_summary.py
[2025-11-15T03:57:41.418+0000] {processor.py:840} INFO - DAG(s) 'daily_summary' retrieved from /opt/airflow/dags/daily_summary.py
[2025-11-15T03:57:41.463+0000] {logging_mixin.py:188} INFO - [2025-11-15T03:57:41.463+0000] {dag.py:3036} INFO - Sync 1 DAGs
[2025-11-15T03:57:41.494+0000] {logging_mixin.py:188} INFO - [2025-11-15T03:57:41.494+0000] {dag.py:3823} INFO - Setting next_dagrun for daily_summary to 2025-11-15 00:00:00+00:00, run_after=2025-11-16 00:00:00+00:00
[2025-11-15T03:57:41.522+0000] {processor.py:183} INFO - Processing /opt/airflow/dags/daily_summary.py took 0.246 seconds
[2025-11-15T03:58:11.856+0000] {processor.py:161} INFO - Started process (PID=210) to work on /opt/airflow/dags/daily_summary.py
[2025-11-15T03:58:11.858+0000] {processor.py:830} INFO - Processing file /opt/airflow/dags/daily_summary.py for tasks to queue
[2025-11-15T03:58:11.860+0000] {logging_mixin.py:188} INFO - [2025-11-15T03:58:11.860+0000] {dagbag.py:538} INFO - Filling up the DagBag from /opt/airflow/dags/daily_summary.py
[2025-11-15T03:58:12.010+0000] {processor.py:840} INFO - DAG(s) 'daily_summary' retrieved from /opt/airflow/dags/daily_summary.py
[2025-11-15T03:58:12.041+0000] {logging_mixin.py:188} INFO - [2025-11-15T03:58:12.040+0000] {dag.py:3036} INFO - Sync 1 DAGs
[2025-11-15T03:58:12.082+0000] {logging_mixin.py:188} INFO - [2025-11-15T03:58:12.081+0000] {dag.py:3823} INFO - Setting next_dagrun for daily_summary to 2025-11-15 00:00:00+00:00, run_after=2025-11-16 00:00:00+00:00
[2025-11-15T03:58:12.129+0000] {processor.py:183} INFO - Processing /opt/airflow/dags/daily_summary.py took 0.281 seconds
[2025-11-15T03:58:42.294+0000] {processor.py:161} INFO - Started process (PID=215) to work on /opt/airflow/dags/daily_summary.py
[2025-11-15T03:58:42.296+0000] {processor.py:830} INFO - Processing file /opt/airflow/dags/daily_summary.py for tasks to queue
[2025-11-15T03:58:42.298+0000] {logging_mixin.py:188} INFO - [2025-11-15T03:58:42.297+0000] {dagbag.py:538} INFO - Filling up the DagBag from /opt/airflow/dags/daily_summary.py
[2025-11-15T03:58:42.450+0000] {processor.py:840} INFO - DAG(s) 'daily_summary' retrieved from /opt/airflow/dags/daily_summary.py
[2025-11-15T03:58:42.482+0000] {logging_mixin.py:188} INFO - [2025-11-15T03:58:42.482+0000] {dag.py:3036} INFO - Sync 1 DAGs
[2025-11-15T03:58:42.510+0000] {logging_mixin.py:188} INFO - [2025-11-15T03:58:42.510+0000] {dag.py:3823} INFO - Setting next_dagrun for daily_summary to 2025-11-15 00:00:00+00:00, run_after=2025-11-16 00:00:00+00:00
[2025-11-15T03:58:42.538+0000] {processor.py:183} INFO - Processing /opt/airflow/dags/daily_summary.py took 0.253 seconds
[2025-11-15T03:59:12.844+0000] {processor.py:161} INFO - Started process (PID=220) to work on /opt/airflow/dags/daily_summary.py
[2025-11-15T03:59:12.846+0000] {processor.py:830} INFO - Processing file /opt/airflow/dags/daily_summary.py for tasks to queue
[2025-11-15T03:59:12.848+0000] {logging_mixin.py:188} INFO - [2025-11-15T03:59:12.847+0000] {dagbag.py:538} INFO - Filling up the DagBag from /opt/airflow/dags/daily_summary.py
[2025-11-15T03:59:12.967+0000] {processor.py:840} INFO - DAG(s) 'daily_summary' retrieved from /opt/airflow/dags/daily_summary.py
[2025-11-15T03:59:13.017+0000] {logging_mixin.py:188} INFO - [2025-11-15T03:59:13.017+0000] {dag.py:3036} INFO - Sync 1 DAGs
[2025-11-15T03:59:13.055+0000] {logging_mixin.py:188} INFO - [2025-11-15T03:59:13.054+0000] {dag.py:3823} INFO - Setting next_dagrun for daily_summary to 2025-11-15 00:00:00+00:00, run_after=2025-11-16 00:00:00+00:00
[2025-11-15T03:59:13.088+0000] {processor.py:183} INFO - Processing /opt/airflow/dags/daily_summary.py took 0.252 seconds
[2025-11-15T03:59:43.241+0000] {processor.py:161} INFO - Started process (PID=225) to work on /opt/airflow/dags/daily_summary.py
[2025-11-15T03:59:43.243+0000] {processor.py:830} INFO - Processing file /opt/airflow/dags/daily_summary.py for tasks to queue
[2025-11-15T03:59:43.245+0000] {logging_mixin.py:188} INFO - [2025-11-15T03:59:43.244+0000] {dagbag.py:538} INFO - Filling up the DagBag from /opt/airflow/dags/daily_summary.py
[2025-11-15T03:59:43.383+0000] {processor.py:840} INFO - DAG(s) 'daily_summary' retrieved from /opt/airflow/dags/daily_summary.py
[2025-11-15T03:59:43.443+0000] {logging_mixin.py:188} INFO - [2025-11-15T03:59:43.441+0000] {dag.py:3036} INFO - Sync 1 DAGs
[2025-11-15T03:59:43.508+0000] {logging_mixin.py:188} INFO - [2025-11-15T03:59:43.508+0000] {dag.py:3823} INFO - Setting next_dagrun for daily_summary to 2025-11-15 00:00:00+00:00, run_after=2025-11-16 00:00:00+00:00
[2025-11-15T03:59:43.557+0000] {processor.py:183} INFO - Processing /opt/airflow/dags/daily_summary.py took 0.320 seconds
[2025-11-15T04:00:12.370+0000] {processor.py:161} INFO - Started process (PID=175) to work on /opt/airflow/dags/daily_summary.py
[2025-11-15T04:00:12.372+0000] {processor.py:830} INFO - Processing file /opt/airflow/dags/daily_summary.py for tasks to queue
[2025-11-15T04:00:12.373+0000] {logging_mixin.py:188} INFO - [2025-11-15T04:00:12.373+0000] {dagbag.py:538} INFO - Filling up the DagBag from /opt/airflow/dags/daily_summary.py
[2025-11-15T04:00:12.475+0000] {processor.py:840} INFO - DAG(s) 'daily_summary' retrieved from /opt/airflow/dags/daily_summary.py
[2025-11-15T04:00:12.531+0000] {logging_mixin.py:188} INFO - [2025-11-15T04:00:12.530+0000] {dag.py:3036} INFO - Sync 1 DAGs
[2025-11-15T04:00:12.581+0000] {logging_mixin.py:188} INFO - [2025-11-15T04:00:12.581+0000] {dag.py:3823} INFO - Setting next_dagrun for daily_summary to 2025-11-15 00:00:00+00:00, run_after=2025-11-16 00:00:00+00:00
[2025-11-15T04:00:12.622+0000] {processor.py:183} INFO - Processing /opt/airflow/dags/daily_summary.py took 0.254 seconds
[2025-11-15T04:00:42.773+0000] {processor.py:161} INFO - Started process (PID=180) to work on /opt/airflow/dags/daily_summary.py
[2025-11-15T04:00:42.775+0000] {processor.py:830} INFO - Processing file /opt/airflow/dags/daily_summary.py for tasks to queue
[2025-11-15T04:00:42.777+0000] {logging_mixin.py:188} INFO - [2025-11-15T04:00:42.776+0000] {dagbag.py:538} INFO - Filling up the DagBag from /opt/airflow/dags/daily_summary.py
[2025-11-15T04:00:42.889+0000] {processor.py:840} INFO - DAG(s) 'daily_summary' retrieved from /opt/airflow/dags/daily_summary.py
[2025-11-15T04:00:43.120+0000] {logging_mixin.py:188} INFO - [2025-11-15T04:00:43.119+0000] {dag.py:3036} INFO - Sync 1 DAGs
[2025-11-15T04:00:43.157+0000] {logging_mixin.py:188} INFO - [2025-11-15T04:00:43.156+0000] {dag.py:3823} INFO - Setting next_dagrun for daily_summary to 2025-11-15 00:00:00+00:00, run_after=2025-11-16 00:00:00+00:00
[2025-11-15T04:00:43.215+0000] {processor.py:183} INFO - Processing /opt/airflow/dags/daily_summary.py took 0.452 seconds
[2025-11-15T04:01:13.385+0000] {processor.py:161} INFO - Started process (PID=185) to work on /opt/airflow/dags/daily_summary.py
[2025-11-15T04:01:13.387+0000] {processor.py:830} INFO - Processing file /opt/airflow/dags/daily_summary.py for tasks to queue
[2025-11-15T04:01:13.389+0000] {logging_mixin.py:188} INFO - [2025-11-15T04:01:13.389+0000] {dagbag.py:538} INFO - Filling up the DagBag from /opt/airflow/dags/daily_summary.py
[2025-11-15T04:01:13.536+0000] {processor.py:840} INFO - DAG(s) 'daily_summary' retrieved from /opt/airflow/dags/daily_summary.py
[2025-11-15T04:01:13.571+0000] {logging_mixin.py:188} INFO - [2025-11-15T04:01:13.571+0000] {dag.py:3036} INFO - Sync 1 DAGs
[2025-11-15T04:01:13.603+0000] {logging_mixin.py:188} INFO - [2025-11-15T04:01:13.603+0000] {dag.py:3823} INFO - Setting next_dagrun for daily_summary to 2025-11-15 00:00:00+00:00, run_after=2025-11-16 00:00:00+00:00
[2025-11-15T04:01:13.641+0000] {processor.py:183} INFO - Processing /opt/airflow/dags/daily_summary.py took 0.265 seconds
[2025-11-15T04:01:44.015+0000] {processor.py:161} INFO - Started process (PID=190) to work on /opt/airflow/dags/daily_summary.py
[2025-11-15T04:01:44.017+0000] {processor.py:830} INFO - Processing file /opt/airflow/dags/daily_summary.py for tasks to queue
[2025-11-15T04:01:44.019+0000] {logging_mixin.py:188} INFO - [2025-11-15T04:01:44.019+0000] {dagbag.py:538} INFO - Filling up the DagBag from /opt/airflow/dags/daily_summary.py
[2025-11-15T04:01:44.168+0000] {processor.py:840} INFO - DAG(s) 'daily_summary' retrieved from /opt/airflow/dags/daily_summary.py
[2025-11-15T04:01:44.227+0000] {logging_mixin.py:188} INFO - [2025-11-15T04:01:44.226+0000] {dag.py:3036} INFO - Sync 1 DAGs
[2025-11-15T04:01:44.282+0000] {logging_mixin.py:188} INFO - [2025-11-15T04:01:44.282+0000] {dag.py:3823} INFO - Setting next_dagrun for daily_summary to 2025-11-15 00:00:00+00:00, run_after=2025-11-16 00:00:00+00:00
[2025-11-15T04:01:44.341+0000] {processor.py:183} INFO - Processing /opt/airflow/dags/daily_summary.py took 0.331 seconds
[2025-11-15T04:02:14.766+0000] {processor.py:161} INFO - Started process (PID=195) to work on /opt/airflow/dags/daily_summary.py
[2025-11-15T04:02:14.768+0000] {processor.py:830} INFO - Processing file /opt/airflow/dags/daily_summary.py for tasks to queue
[2025-11-15T04:02:14.771+0000] {logging_mixin.py:188} INFO - [2025-11-15T04:02:14.770+0000] {dagbag.py:538} INFO - Filling up the DagBag from /opt/airflow/dags/daily_summary.py
[2025-11-15T04:02:14.890+0000] {processor.py:840} INFO - DAG(s) 'daily_summary' retrieved from /opt/airflow/dags/daily_summary.py
[2025-11-15T04:02:14.926+0000] {logging_mixin.py:188} INFO - [2025-11-15T04:02:14.925+0000] {dag.py:3036} INFO - Sync 1 DAGs
[2025-11-15T04:02:14.954+0000] {logging_mixin.py:188} INFO - [2025-11-15T04:02:14.953+0000] {dag.py:3823} INFO - Setting next_dagrun for daily_summary to 2025-11-15 00:00:00+00:00, run_after=2025-11-16 00:00:00+00:00
[2025-11-15T04:02:14.978+0000] {processor.py:183} INFO - Processing /opt/airflow/dags/daily_summary.py took 0.220 seconds
[2025-11-15T04:02:45.167+0000] {processor.py:161} INFO - Started process (PID=200) to work on /opt/airflow/dags/daily_summary.py
[2025-11-15T04:02:45.170+0000] {processor.py:830} INFO - Processing file /opt/airflow/dags/daily_summary.py for tasks to queue
[2025-11-15T04:02:45.172+0000] {logging_mixin.py:188} INFO - [2025-11-15T04:02:45.172+0000] {dagbag.py:538} INFO - Filling up the DagBag from /opt/airflow/dags/daily_summary.py
[2025-11-15T04:02:45.338+0000] {processor.py:840} INFO - DAG(s) 'daily_summary' retrieved from /opt/airflow/dags/daily_summary.py
[2025-11-15T04:02:45.401+0000] {logging_mixin.py:188} INFO - [2025-11-15T04:02:45.400+0000] {dag.py:3036} INFO - Sync 1 DAGs
[2025-11-15T04:02:45.457+0000] {logging_mixin.py:188} INFO - [2025-11-15T04:02:45.457+0000] {dag.py:3823} INFO - Setting next_dagrun for daily_summary to 2025-11-15 00:00:00+00:00, run_after=2025-11-16 00:00:00+00:00
[2025-11-15T04:02:45.503+0000] {processor.py:183} INFO - Processing /opt/airflow/dags/daily_summary.py took 0.344 seconds
[2025-11-15T04:03:15.795+0000] {processor.py:161} INFO - Started process (PID=205) to work on /opt/airflow/dags/daily_summary.py
[2025-11-15T04:03:15.797+0000] {processor.py:830} INFO - Processing file /opt/airflow/dags/daily_summary.py for tasks to queue
[2025-11-15T04:03:15.799+0000] {logging_mixin.py:188} INFO - [2025-11-15T04:03:15.798+0000] {dagbag.py:538} INFO - Filling up the DagBag from /opt/airflow/dags/daily_summary.py
[2025-11-15T04:03:15.952+0000] {processor.py:840} INFO - DAG(s) 'daily_summary' retrieved from /opt/airflow/dags/daily_summary.py
[2025-11-15T04:03:15.986+0000] {logging_mixin.py:188} INFO - [2025-11-15T04:03:15.986+0000] {dag.py:3036} INFO - Sync 1 DAGs
[2025-11-15T04:03:16.016+0000] {logging_mixin.py:188} INFO - [2025-11-15T04:03:16.016+0000] {dag.py:3823} INFO - Setting next_dagrun for daily_summary to 2025-11-15 00:00:00+00:00, run_after=2025-11-16 00:00:00+00:00
[2025-11-15T04:03:16.062+0000] {processor.py:183} INFO - Processing /opt/airflow/dags/daily_summary.py took 0.276 seconds
[2025-11-15T04:03:46.271+0000] {processor.py:161} INFO - Started process (PID=210) to work on /opt/airflow/dags/daily_summary.py
[2025-11-15T04:03:46.272+0000] {processor.py:830} INFO - Processing file /opt/airflow/dags/daily_summary.py for tasks to queue
[2025-11-15T04:03:46.274+0000] {logging_mixin.py:188} INFO - [2025-11-15T04:03:46.274+0000] {dagbag.py:538} INFO - Filling up the DagBag from /opt/airflow/dags/daily_summary.py
[2025-11-15T04:03:46.389+0000] {processor.py:840} INFO - DAG(s) 'daily_summary' retrieved from /opt/airflow/dags/daily_summary.py
[2025-11-15T04:03:46.431+0000] {logging_mixin.py:188} INFO - [2025-11-15T04:03:46.430+0000] {dag.py:3036} INFO - Sync 1 DAGs
[2025-11-15T04:03:46.467+0000] {logging_mixin.py:188} INFO - [2025-11-15T04:03:46.466+0000] {dag.py:3823} INFO - Setting next_dagrun for daily_summary to 2025-11-15 00:00:00+00:00, run_after=2025-11-16 00:00:00+00:00
[2025-11-15T04:03:46.502+0000] {processor.py:183} INFO - Processing /opt/airflow/dags/daily_summary.py took 0.236 seconds
[2025-11-15T04:04:16.825+0000] {processor.py:161} INFO - Started process (PID=215) to work on /opt/airflow/dags/daily_summary.py
[2025-11-15T04:04:16.827+0000] {processor.py:830} INFO - Processing file /opt/airflow/dags/daily_summary.py for tasks to queue
[2025-11-15T04:04:16.829+0000] {logging_mixin.py:188} INFO - [2025-11-15T04:04:16.828+0000] {dagbag.py:538} INFO - Filling up the DagBag from /opt/airflow/dags/daily_summary.py
[2025-11-15T04:04:16.958+0000] {processor.py:840} INFO - DAG(s) 'daily_summary' retrieved from /opt/airflow/dags/daily_summary.py
[2025-11-15T04:04:16.993+0000] {logging_mixin.py:188} INFO - [2025-11-15T04:04:16.993+0000] {dag.py:3036} INFO - Sync 1 DAGs
[2025-11-15T04:04:17.026+0000] {logging_mixin.py:188} INFO - [2025-11-15T04:04:17.026+0000] {dag.py:3823} INFO - Setting next_dagrun for daily_summary to 2025-11-15 00:00:00+00:00, run_after=2025-11-16 00:00:00+00:00
[2025-11-15T04:04:17.064+0000] {processor.py:183} INFO - Processing /opt/airflow/dags/daily_summary.py took 0.245 seconds
[2025-11-15T04:04:47.256+0000] {processor.py:161} INFO - Started process (PID=220) to work on /opt/airflow/dags/daily_summary.py
[2025-11-15T04:04:47.258+0000] {processor.py:830} INFO - Processing file /opt/airflow/dags/daily_summary.py for tasks to queue
[2025-11-15T04:04:47.261+0000] {logging_mixin.py:188} INFO - [2025-11-15T04:04:47.260+0000] {dagbag.py:538} INFO - Filling up the DagBag from /opt/airflow/dags/daily_summary.py
[2025-11-15T04:04:47.378+0000] {processor.py:840} INFO - DAG(s) 'daily_summary' retrieved from /opt/airflow/dags/daily_summary.py
[2025-11-15T04:04:47.419+0000] {logging_mixin.py:188} INFO - [2025-11-15T04:04:47.419+0000] {dag.py:3036} INFO - Sync 1 DAGs
[2025-11-15T04:04:47.451+0000] {logging_mixin.py:188} INFO - [2025-11-15T04:04:47.450+0000] {dag.py:3823} INFO - Setting next_dagrun for daily_summary to 2025-11-15 00:00:00+00:00, run_after=2025-11-16 00:00:00+00:00
[2025-11-15T04:04:47.486+0000] {processor.py:183} INFO - Processing /opt/airflow/dags/daily_summary.py took 0.238 seconds
[2025-11-15T04:05:17.866+0000] {processor.py:161} INFO - Started process (PID=225) to work on /opt/airflow/dags/daily_summary.py
[2025-11-15T04:05:17.868+0000] {processor.py:830} INFO - Processing file /opt/airflow/dags/daily_summary.py for tasks to queue
[2025-11-15T04:05:17.871+0000] {logging_mixin.py:188} INFO - [2025-11-15T04:05:17.870+0000] {dagbag.py:538} INFO - Filling up the DagBag from /opt/airflow/dags/daily_summary.py
[2025-11-15T04:05:18.015+0000] {processor.py:840} INFO - DAG(s) 'daily_summary' retrieved from /opt/airflow/dags/daily_summary.py
[2025-11-15T04:05:18.053+0000] {logging_mixin.py:188} INFO - [2025-11-15T04:05:18.052+0000] {dag.py:3036} INFO - Sync 1 DAGs
[2025-11-15T04:05:18.089+0000] {logging_mixin.py:188} INFO - [2025-11-15T04:05:18.089+0000] {dag.py:3823} INFO - Setting next_dagrun for daily_summary to 2025-11-15 00:00:00+00:00, run_after=2025-11-16 00:00:00+00:00
[2025-11-15T04:05:18.125+0000] {processor.py:183} INFO - Processing /opt/airflow/dags/daily_summary.py took 0.267 seconds
[2025-11-15T04:05:48.507+0000] {processor.py:161} INFO - Started process (PID=230) to work on /opt/airflow/dags/daily_summary.py
[2025-11-15T04:05:48.510+0000] {processor.py:830} INFO - Processing file /opt/airflow/dags/daily_summary.py for tasks to queue
[2025-11-15T04:05:48.513+0000] {logging_mixin.py:188} INFO - [2025-11-15T04:05:48.512+0000] {dagbag.py:538} INFO - Filling up the DagBag from /opt/airflow/dags/daily_summary.py
[2025-11-15T04:05:48.678+0000] {processor.py:840} INFO - DAG(s) 'daily_summary' retrieved from /opt/airflow/dags/daily_summary.py
[2025-11-15T04:05:48.722+0000] {logging_mixin.py:188} INFO - [2025-11-15T04:05:48.721+0000] {dag.py:3036} INFO - Sync 1 DAGs
[2025-11-15T04:05:48.757+0000] {logging_mixin.py:188} INFO - [2025-11-15T04:05:48.757+0000] {dag.py:3823} INFO - Setting next_dagrun for daily_summary to 2025-11-15 00:00:00+00:00, run_after=2025-11-16 00:00:00+00:00
[2025-11-15T04:05:48.800+0000] {processor.py:183} INFO - Processing /opt/airflow/dags/daily_summary.py took 0.299 seconds
[2025-11-15T04:06:19.229+0000] {processor.py:161} INFO - Started process (PID=235) to work on /opt/airflow/dags/daily_summary.py
[2025-11-15T04:06:19.232+0000] {processor.py:830} INFO - Processing file /opt/airflow/dags/daily_summary.py for tasks to queue
[2025-11-15T04:06:19.235+0000] {logging_mixin.py:188} INFO - [2025-11-15T04:06:19.234+0000] {dagbag.py:538} INFO - Filling up the DagBag from /opt/airflow/dags/daily_summary.py
[2025-11-15T04:06:19.385+0000] {processor.py:840} INFO - DAG(s) 'daily_summary' retrieved from /opt/airflow/dags/daily_summary.py
[2025-11-15T04:06:19.417+0000] {logging_mixin.py:188} INFO - [2025-11-15T04:06:19.417+0000] {dag.py:3036} INFO - Sync 1 DAGs
[2025-11-15T04:06:19.444+0000] {logging_mixin.py:188} INFO - [2025-11-15T04:06:19.444+0000] {dag.py:3823} INFO - Setting next_dagrun for daily_summary to 2025-11-15 00:00:00+00:00, run_after=2025-11-16 00:00:00+00:00
[2025-11-15T04:06:19.475+0000] {processor.py:183} INFO - Processing /opt/airflow/dags/daily_summary.py took 0.258 seconds
[2025-11-15T04:06:49.834+0000] {processor.py:161} INFO - Started process (PID=240) to work on /opt/airflow/dags/daily_summary.py
[2025-11-15T04:06:49.838+0000] {processor.py:830} INFO - Processing file /opt/airflow/dags/daily_summary.py for tasks to queue
[2025-11-15T04:06:49.841+0000] {logging_mixin.py:188} INFO - [2025-11-15T04:06:49.840+0000] {dagbag.py:538} INFO - Filling up the DagBag from /opt/airflow/dags/daily_summary.py
[2025-11-15T04:06:49.987+0000] {processor.py:840} INFO - DAG(s) 'daily_summary' retrieved from /opt/airflow/dags/daily_summary.py
[2025-11-15T04:06:50.030+0000] {logging_mixin.py:188} INFO - [2025-11-15T04:06:50.029+0000] {dag.py:3036} INFO - Sync 1 DAGs
[2025-11-15T04:06:50.059+0000] {logging_mixin.py:188} INFO - [2025-11-15T04:06:50.058+0000] {dag.py:3823} INFO - Setting next_dagrun for daily_summary to 2025-11-15 00:00:00+00:00, run_after=2025-11-16 00:00:00+00:00
[2025-11-15T04:06:50.094+0000] {processor.py:183} INFO - Processing /opt/airflow/dags/daily_summary.py took 0.270 seconds
[2025-11-15T04:07:31.431+0000] {processor.py:161} INFO - Started process (PID=175) to work on /opt/airflow/dags/daily_summary.py
[2025-11-15T04:07:31.432+0000] {processor.py:830} INFO - Processing file /opt/airflow/dags/daily_summary.py for tasks to queue
[2025-11-15T04:07:31.434+0000] {logging_mixin.py:188} INFO - [2025-11-15T04:07:31.434+0000] {dagbag.py:538} INFO - Filling up the DagBag from /opt/airflow/dags/daily_summary.py
[2025-11-15T04:07:31.569+0000] {processor.py:840} INFO - DAG(s) 'daily_summary' retrieved from /opt/airflow/dags/daily_summary.py
[2025-11-15T04:07:31.604+0000] {logging_mixin.py:188} INFO - [2025-11-15T04:07:31.603+0000] {dag.py:3036} INFO - Sync 1 DAGs
[2025-11-15T04:07:31.643+0000] {logging_mixin.py:188} INFO - [2025-11-15T04:07:31.643+0000] {dag.py:3823} INFO - Setting next_dagrun for daily_summary to 2025-11-15 00:00:00+00:00, run_after=2025-11-16 00:00:00+00:00
[2025-11-15T04:07:31.691+0000] {processor.py:183} INFO - Processing /opt/airflow/dags/daily_summary.py took 0.264 seconds
[2025-11-15T04:08:01.850+0000] {processor.py:161} INFO - Started process (PID=180) to work on /opt/airflow/dags/daily_summary.py
[2025-11-15T04:08:01.852+0000] {processor.py:830} INFO - Processing file /opt/airflow/dags/daily_summary.py for tasks to queue
[2025-11-15T04:08:01.856+0000] {logging_mixin.py:188} INFO - [2025-11-15T04:08:01.855+0000] {dagbag.py:538} INFO - Filling up the DagBag from /opt/airflow/dags/daily_summary.py
[2025-11-15T04:08:01.990+0000] {processor.py:840} INFO - DAG(s) 'daily_summary' retrieved from /opt/airflow/dags/daily_summary.py
[2025-11-15T04:08:02.240+0000] {logging_mixin.py:188} INFO - [2025-11-15T04:08:02.240+0000] {dag.py:3036} INFO - Sync 1 DAGs
[2025-11-15T04:08:02.286+0000] {logging_mixin.py:188} INFO - [2025-11-15T04:08:02.285+0000] {dag.py:3823} INFO - Setting next_dagrun for daily_summary to 2025-11-15 00:00:00+00:00, run_after=2025-11-16 00:00:00+00:00
[2025-11-15T04:08:02.349+0000] {processor.py:183} INFO - Processing /opt/airflow/dags/daily_summary.py took 0.511 seconds
[2025-11-15T04:08:32.809+0000] {processor.py:161} INFO - Started process (PID=185) to work on /opt/airflow/dags/daily_summary.py
[2025-11-15T04:08:32.811+0000] {processor.py:830} INFO - Processing file /opt/airflow/dags/daily_summary.py for tasks to queue
[2025-11-15T04:08:32.815+0000] {logging_mixin.py:188} INFO - [2025-11-15T04:08:32.814+0000] {dagbag.py:538} INFO - Filling up the DagBag from /opt/airflow/dags/daily_summary.py
[2025-11-15T04:08:32.943+0000] {processor.py:840} INFO - DAG(s) 'daily_summary' retrieved from /opt/airflow/dags/daily_summary.py
[2025-11-15T04:08:32.984+0000] {logging_mixin.py:188} INFO - [2025-11-15T04:08:32.984+0000] {dag.py:3036} INFO - Sync 1 DAGs
[2025-11-15T04:08:33.011+0000] {logging_mixin.py:188} INFO - [2025-11-15T04:08:33.010+0000] {dag.py:3823} INFO - Setting next_dagrun for daily_summary to 2025-11-15 00:00:00+00:00, run_after=2025-11-16 00:00:00+00:00
[2025-11-15T04:08:33.055+0000] {processor.py:183} INFO - Processing /opt/airflow/dags/daily_summary.py took 0.252 seconds
[2025-11-15T04:09:03.469+0000] {processor.py:161} INFO - Started process (PID=190) to work on /opt/airflow/dags/daily_summary.py
[2025-11-15T04:09:03.473+0000] {processor.py:830} INFO - Processing file /opt/airflow/dags/daily_summary.py for tasks to queue
[2025-11-15T04:09:03.475+0000] {logging_mixin.py:188} INFO - [2025-11-15T04:09:03.474+0000] {dagbag.py:538} INFO - Filling up the DagBag from /opt/airflow/dags/daily_summary.py
[2025-11-15T04:09:03.624+0000] {processor.py:840} INFO - DAG(s) 'daily_summary' retrieved from /opt/airflow/dags/daily_summary.py
[2025-11-15T04:09:03.658+0000] {logging_mixin.py:188} INFO - [2025-11-15T04:09:03.658+0000] {dag.py:3036} INFO - Sync 1 DAGs
[2025-11-15T04:09:03.683+0000] {logging_mixin.py:188} INFO - [2025-11-15T04:09:03.683+0000] {dag.py:3823} INFO - Setting next_dagrun for daily_summary to 2025-11-15 00:00:00+00:00, run_after=2025-11-16 00:00:00+00:00
[2025-11-15T04:09:03.729+0000] {processor.py:183} INFO - Processing /opt/airflow/dags/daily_summary.py took 0.269 seconds
[2025-11-15T04:09:34.144+0000] {processor.py:161} INFO - Started process (PID=195) to work on /opt/airflow/dags/daily_summary.py
[2025-11-15T04:09:34.147+0000] {processor.py:830} INFO - Processing file /opt/airflow/dags/daily_summary.py for tasks to queue
[2025-11-15T04:09:34.149+0000] {logging_mixin.py:188} INFO - [2025-11-15T04:09:34.148+0000] {dagbag.py:538} INFO - Filling up the DagBag from /opt/airflow/dags/daily_summary.py
[2025-11-15T04:09:34.257+0000] {processor.py:840} INFO - DAG(s) 'daily_summary' retrieved from /opt/airflow/dags/daily_summary.py
[2025-11-15T04:09:34.294+0000] {logging_mixin.py:188} INFO - [2025-11-15T04:09:34.293+0000] {dag.py:3036} INFO - Sync 1 DAGs
[2025-11-15T04:09:34.320+0000] {logging_mixin.py:188} INFO - [2025-11-15T04:09:34.320+0000] {dag.py:3823} INFO - Setting next_dagrun for daily_summary to 2025-11-15 00:00:00+00:00, run_after=2025-11-16 00:00:00+00:00
[2025-11-15T04:09:34.353+0000] {processor.py:183} INFO - Processing /opt/airflow/dags/daily_summary.py took 0.217 seconds
[2025-11-15T04:10:04.453+0000] {processor.py:161} INFO - Started process (PID=200) to work on /opt/airflow/dags/daily_summary.py
[2025-11-15T04:10:04.454+0000] {processor.py:830} INFO - Processing file /opt/airflow/dags/daily_summary.py for tasks to queue
[2025-11-15T04:10:04.456+0000] {logging_mixin.py:188} INFO - [2025-11-15T04:10:04.455+0000] {dagbag.py:538} INFO - Filling up the DagBag from /opt/airflow/dags/daily_summary.py
[2025-11-15T04:10:04.604+0000] {processor.py:840} INFO - DAG(s) 'daily_summary' retrieved from /opt/airflow/dags/daily_summary.py
[2025-11-15T04:10:04.637+0000] {logging_mixin.py:188} INFO - [2025-11-15T04:10:04.637+0000] {dag.py:3036} INFO - Sync 1 DAGs
[2025-11-15T04:10:04.665+0000] {logging_mixin.py:188} INFO - [2025-11-15T04:10:04.665+0000] {dag.py:3823} INFO - Setting next_dagrun for daily_summary to 2025-11-15 00:00:00+00:00, run_after=2025-11-16 00:00:00+00:00
[2025-11-15T04:10:04.702+0000] {processor.py:183} INFO - Processing /opt/airflow/dags/daily_summary.py took 0.254 seconds
[2025-11-15T04:10:35.065+0000] {processor.py:161} INFO - Started process (PID=205) to work on /opt/airflow/dags/daily_summary.py
[2025-11-15T04:10:35.067+0000] {processor.py:830} INFO - Processing file /opt/airflow/dags/daily_summary.py for tasks to queue
[2025-11-15T04:10:35.071+0000] {logging_mixin.py:188} INFO - [2025-11-15T04:10:35.070+0000] {dagbag.py:538} INFO - Filling up the DagBag from /opt/airflow/dags/daily_summary.py
[2025-11-15T04:10:35.217+0000] {processor.py:840} INFO - DAG(s) 'daily_summary' retrieved from /opt/airflow/dags/daily_summary.py
[2025-11-15T04:10:35.263+0000] {logging_mixin.py:188} INFO - [2025-11-15T04:10:35.262+0000] {dag.py:3036} INFO - Sync 1 DAGs
[2025-11-15T04:10:35.307+0000] {logging_mixin.py:188} INFO - [2025-11-15T04:10:35.307+0000] {dag.py:3823} INFO - Setting next_dagrun for daily_summary to 2025-11-15 00:00:00+00:00, run_after=2025-11-16 00:00:00+00:00
[2025-11-15T04:10:35.350+0000] {processor.py:183} INFO - Processing /opt/airflow/dags/daily_summary.py took 0.293 seconds
[2025-11-15T04:11:05.785+0000] {processor.py:161} INFO - Started process (PID=210) to work on /opt/airflow/dags/daily_summary.py
[2025-11-15T04:11:05.787+0000] {processor.py:830} INFO - Processing file /opt/airflow/dags/daily_summary.py for tasks to queue
[2025-11-15T04:11:05.789+0000] {logging_mixin.py:188} INFO - [2025-11-15T04:11:05.789+0000] {dagbag.py:538} INFO - Filling up the DagBag from /opt/airflow/dags/daily_summary.py
[2025-11-15T04:11:05.941+0000] {processor.py:840} INFO - DAG(s) 'daily_summary' retrieved from /opt/airflow/dags/daily_summary.py
[2025-11-15T04:11:05.987+0000] {logging_mixin.py:188} INFO - [2025-11-15T04:11:05.987+0000] {dag.py:3036} INFO - Sync 1 DAGs
[2025-11-15T04:11:06.014+0000] {logging_mixin.py:188} INFO - [2025-11-15T04:11:06.014+0000] {dag.py:3823} INFO - Setting next_dagrun for daily_summary to 2025-11-15 00:00:00+00:00, run_after=2025-11-16 00:00:00+00:00
[2025-11-15T04:11:06.065+0000] {processor.py:183} INFO - Processing /opt/airflow/dags/daily_summary.py took 0.285 seconds
[2025-11-15T04:11:36.538+0000] {processor.py:161} INFO - Started process (PID=215) to work on /opt/airflow/dags/daily_summary.py
[2025-11-15T04:11:36.541+0000] {processor.py:830} INFO - Processing file /opt/airflow/dags/daily_summary.py for tasks to queue
[2025-11-15T04:11:36.544+0000] {logging_mixin.py:188} INFO - [2025-11-15T04:11:36.543+0000] {dagbag.py:538} INFO - Filling up the DagBag from /opt/airflow/dags/daily_summary.py
[2025-11-15T04:11:36.697+0000] {processor.py:840} INFO - DAG(s) 'daily_summary' retrieved from /opt/airflow/dags/daily_summary.py
[2025-11-15T04:11:36.743+0000] {logging_mixin.py:188} INFO - [2025-11-15T04:11:36.743+0000] {dag.py:3036} INFO - Sync 1 DAGs
[2025-11-15T04:11:36.779+0000] {logging_mixin.py:188} INFO - [2025-11-15T04:11:36.778+0000] {dag.py:3823} INFO - Setting next_dagrun for daily_summary to 2025-11-15 00:00:00+00:00, run_after=2025-11-16 00:00:00+00:00
[2025-11-15T04:11:36.821+0000] {processor.py:183} INFO - Processing /opt/airflow/dags/daily_summary.py took 0.291 seconds
[2025-11-15T04:12:07.277+0000] {processor.py:161} INFO - Started process (PID=220) to work on /opt/airflow/dags/daily_summary.py
[2025-11-15T04:12:07.281+0000] {processor.py:830} INFO - Processing file /opt/airflow/dags/daily_summary.py for tasks to queue
[2025-11-15T04:12:07.285+0000] {logging_mixin.py:188} INFO - [2025-11-15T04:12:07.283+0000] {dagbag.py:538} INFO - Filling up the DagBag from /opt/airflow/dags/daily_summary.py
[2025-11-15T04:12:07.423+0000] {processor.py:840} INFO - DAG(s) 'daily_summary' retrieved from /opt/airflow/dags/daily_summary.py
[2025-11-15T04:12:07.460+0000] {logging_mixin.py:188} INFO - [2025-11-15T04:12:07.460+0000] {dag.py:3036} INFO - Sync 1 DAGs
[2025-11-15T04:12:07.497+0000] {logging_mixin.py:188} INFO - [2025-11-15T04:12:07.496+0000] {dag.py:3823} INFO - Setting next_dagrun for daily_summary to 2025-11-15 00:00:00+00:00, run_after=2025-11-16 00:00:00+00:00
[2025-11-15T04:12:07.558+0000] {processor.py:183} INFO - Processing /opt/airflow/dags/daily_summary.py took 0.290 seconds
[2025-11-15T04:12:37.734+0000] {processor.py:161} INFO - Started process (PID=225) to work on /opt/airflow/dags/daily_summary.py
[2025-11-15T04:12:37.736+0000] {processor.py:830} INFO - Processing file /opt/airflow/dags/daily_summary.py for tasks to queue
[2025-11-15T04:12:37.738+0000] {logging_mixin.py:188} INFO - [2025-11-15T04:12:37.737+0000] {dagbag.py:538} INFO - Filling up the DagBag from /opt/airflow/dags/daily_summary.py
[2025-11-15T04:12:37.878+0000] {processor.py:840} INFO - DAG(s) 'daily_summary' retrieved from /opt/airflow/dags/daily_summary.py
[2025-11-15T04:12:37.926+0000] {logging_mixin.py:188} INFO - [2025-11-15T04:12:37.925+0000] {dag.py:3036} INFO - Sync 1 DAGs
[2025-11-15T04:12:37.967+0000] {logging_mixin.py:188} INFO - [2025-11-15T04:12:37.966+0000] {dag.py:3823} INFO - Setting next_dagrun for daily_summary to 2025-11-15 00:00:00+00:00, run_after=2025-11-16 00:00:00+00:00
[2025-11-15T04:12:38.013+0000] {processor.py:183} INFO - Processing /opt/airflow/dags/daily_summary.py took 0.285 seconds
[2025-11-15T04:13:08.304+0000] {processor.py:161} INFO - Started process (PID=230) to work on /opt/airflow/dags/daily_summary.py
[2025-11-15T04:13:08.306+0000] {processor.py:830} INFO - Processing file /opt/airflow/dags/daily_summary.py for tasks to queue
[2025-11-15T04:13:08.308+0000] {logging_mixin.py:188} INFO - [2025-11-15T04:13:08.307+0000] {dagbag.py:538} INFO - Filling up the DagBag from /opt/airflow/dags/daily_summary.py
[2025-11-15T04:13:08.467+0000] {processor.py:840} INFO - DAG(s) 'daily_summary' retrieved from /opt/airflow/dags/daily_summary.py
[2025-11-15T04:13:08.546+0000] {logging_mixin.py:188} INFO - [2025-11-15T04:13:08.543+0000] {dag.py:3036} INFO - Sync 1 DAGs
[2025-11-15T04:13:08.616+0000] {logging_mixin.py:188} INFO - [2025-11-15T04:13:08.615+0000] {dag.py:3823} INFO - Setting next_dagrun for daily_summary to 2025-11-15 00:00:00+00:00, run_after=2025-11-16 00:00:00+00:00
[2025-11-15T04:13:08.663+0000] {processor.py:183} INFO - Processing /opt/airflow/dags/daily_summary.py took 0.365 seconds
[2025-11-15T04:13:54.571+0000] {processor.py:161} INFO - Started process (PID=175) to work on /opt/airflow/dags/daily_summary.py
[2025-11-15T04:13:54.572+0000] {processor.py:830} INFO - Processing file /opt/airflow/dags/daily_summary.py for tasks to queue
[2025-11-15T04:13:54.574+0000] {logging_mixin.py:188} INFO - [2025-11-15T04:13:54.573+0000] {dagbag.py:538} INFO - Filling up the DagBag from /opt/airflow/dags/daily_summary.py
[2025-11-15T04:13:54.748+0000] {processor.py:840} INFO - DAG(s) 'daily_summary' retrieved from /opt/airflow/dags/daily_summary.py
[2025-11-15T04:13:54.778+0000] {logging_mixin.py:188} INFO - [2025-11-15T04:13:54.778+0000] {dag.py:3036} INFO - Sync 1 DAGs
[2025-11-15T04:13:54.824+0000] {logging_mixin.py:188} INFO - [2025-11-15T04:13:54.823+0000] {dag.py:3823} INFO - Setting next_dagrun for daily_summary to 2025-11-15 00:00:00+00:00, run_after=2025-11-16 00:00:00+00:00
[2025-11-15T04:13:54.855+0000] {processor.py:183} INFO - Processing /opt/airflow/dags/daily_summary.py took 0.288 seconds
[2025-11-15T04:14:25.265+0000] {processor.py:161} INFO - Started process (PID=180) to work on /opt/airflow/dags/daily_summary.py
[2025-11-15T04:14:25.267+0000] {processor.py:830} INFO - Processing file /opt/airflow/dags/daily_summary.py for tasks to queue
[2025-11-15T04:14:25.270+0000] {logging_mixin.py:188} INFO - [2025-11-15T04:14:25.269+0000] {dagbag.py:538} INFO - Filling up the DagBag from /opt/airflow/dags/daily_summary.py
[2025-11-15T04:14:25.387+0000] {processor.py:840} INFO - DAG(s) 'daily_summary' retrieved from /opt/airflow/dags/daily_summary.py
[2025-11-15T04:14:25.604+0000] {logging_mixin.py:188} INFO - [2025-11-15T04:14:25.603+0000] {dag.py:3036} INFO - Sync 1 DAGs
[2025-11-15T04:14:25.649+0000] {logging_mixin.py:188} INFO - [2025-11-15T04:14:25.649+0000] {dag.py:3823} INFO - Setting next_dagrun for daily_summary to 2025-11-15 00:00:00+00:00, run_after=2025-11-16 00:00:00+00:00
[2025-11-15T04:14:25.708+0000] {processor.py:183} INFO - Processing /opt/airflow/dags/daily_summary.py took 0.451 seconds
[2025-11-15T04:14:56.144+0000] {processor.py:161} INFO - Started process (PID=185) to work on /opt/airflow/dags/daily_summary.py
[2025-11-15T04:14:56.146+0000] {processor.py:830} INFO - Processing file /opt/airflow/dags/daily_summary.py for tasks to queue
[2025-11-15T04:14:56.148+0000] {logging_mixin.py:188} INFO - [2025-11-15T04:14:56.148+0000] {dagbag.py:538} INFO - Filling up the DagBag from /opt/airflow/dags/daily_summary.py
[2025-11-15T04:14:56.267+0000] {processor.py:840} INFO - DAG(s) 'daily_summary' retrieved from /opt/airflow/dags/daily_summary.py
[2025-11-15T04:14:56.305+0000] {logging_mixin.py:188} INFO - [2025-11-15T04:14:56.305+0000] {dag.py:3036} INFO - Sync 1 DAGs
[2025-11-15T04:14:56.341+0000] {logging_mixin.py:188} INFO - [2025-11-15T04:14:56.340+0000] {dag.py:3823} INFO - Setting next_dagrun for daily_summary to 2025-11-15 00:00:00+00:00, run_after=2025-11-16 00:00:00+00:00
[2025-11-15T04:14:56.385+0000] {processor.py:183} INFO - Processing /opt/airflow/dags/daily_summary.py took 0.245 seconds
[2025-11-15T04:15:47.450+0000] {processor.py:161} INFO - Started process (PID=175) to work on /opt/airflow/dags/daily_summary.py
[2025-11-15T04:15:47.452+0000] {processor.py:830} INFO - Processing file /opt/airflow/dags/daily_summary.py for tasks to queue
[2025-11-15T04:15:47.453+0000] {logging_mixin.py:188} INFO - [2025-11-15T04:15:47.453+0000] {dagbag.py:538} INFO - Filling up the DagBag from /opt/airflow/dags/daily_summary.py
[2025-11-15T04:15:47.548+0000] {processor.py:840} INFO - DAG(s) 'daily_summary' retrieved from /opt/airflow/dags/daily_summary.py
[2025-11-15T04:15:47.583+0000] {logging_mixin.py:188} INFO - [2025-11-15T04:15:47.582+0000] {dag.py:3036} INFO - Sync 1 DAGs
[2025-11-15T04:15:47.627+0000] {logging_mixin.py:188} INFO - [2025-11-15T04:15:47.626+0000] {dag.py:3823} INFO - Setting next_dagrun for daily_summary to 2025-11-15 00:00:00+00:00, run_after=2025-11-16 00:00:00+00:00
[2025-11-15T04:15:47.669+0000] {processor.py:183} INFO - Processing /opt/airflow/dags/daily_summary.py took 0.222 seconds
[2025-11-15T04:16:35.220+0000] {processor.py:161} INFO - Started process (PID=175) to work on /opt/airflow/dags/daily_summary.py
[2025-11-15T04:16:35.221+0000] {processor.py:830} INFO - Processing file /opt/airflow/dags/daily_summary.py for tasks to queue
[2025-11-15T04:16:35.222+0000] {logging_mixin.py:188} INFO - [2025-11-15T04:16:35.222+0000] {dagbag.py:538} INFO - Filling up the DagBag from /opt/airflow/dags/daily_summary.py
[2025-11-15T04:16:35.383+0000] {processor.py:840} INFO - DAG(s) 'daily_summary' retrieved from /opt/airflow/dags/daily_summary.py
[2025-11-15T04:16:35.416+0000] {logging_mixin.py:188} INFO - [2025-11-15T04:16:35.416+0000] {dag.py:3036} INFO - Sync 1 DAGs
[2025-11-15T04:16:35.446+0000] {logging_mixin.py:188} INFO - [2025-11-15T04:16:35.445+0000] {dag.py:3823} INFO - Setting next_dagrun for daily_summary to 2025-11-15 00:00:00+00:00, run_after=2025-11-16 00:00:00+00:00
[2025-11-15T04:16:35.472+0000] {processor.py:183} INFO - Processing /opt/airflow/dags/daily_summary.py took 0.256 seconds
[2025-11-15T04:17:05.601+0000] {processor.py:161} INFO - Started process (PID=180) to work on /opt/airflow/dags/daily_summary.py
[2025-11-15T04:17:05.602+0000] {processor.py:830} INFO - Processing file /opt/airflow/dags/daily_summary.py for tasks to queue
[2025-11-15T04:17:05.604+0000] {logging_mixin.py:188} INFO - [2025-11-15T04:17:05.603+0000] {dagbag.py:538} INFO - Filling up the DagBag from /opt/airflow/dags/daily_summary.py
[2025-11-15T04:17:05.726+0000] {processor.py:840} INFO - DAG(s) 'daily_summary' retrieved from /opt/airflow/dags/daily_summary.py
[2025-11-15T04:17:05.992+0000] {logging_mixin.py:188} INFO - [2025-11-15T04:17:05.991+0000] {dag.py:3036} INFO - Sync 1 DAGs
[2025-11-15T04:17:06.021+0000] {logging_mixin.py:188} INFO - [2025-11-15T04:17:06.021+0000] {dag.py:3823} INFO - Setting next_dagrun for daily_summary to 2025-11-15 00:00:00+00:00, run_after=2025-11-16 00:00:00+00:00
[2025-11-15T04:17:06.064+0000] {processor.py:183} INFO - Processing /opt/airflow/dags/daily_summary.py took 0.469 seconds
[2025-11-15T04:17:36.203+0000] {processor.py:161} INFO - Started process (PID=185) to work on /opt/airflow/dags/daily_summary.py
[2025-11-15T04:17:36.205+0000] {processor.py:830} INFO - Processing file /opt/airflow/dags/daily_summary.py for tasks to queue
[2025-11-15T04:17:36.207+0000] {logging_mixin.py:188} INFO - [2025-11-15T04:17:36.206+0000] {dagbag.py:538} INFO - Filling up the DagBag from /opt/airflow/dags/daily_summary.py
[2025-11-15T04:17:36.336+0000] {processor.py:840} INFO - DAG(s) 'daily_summary' retrieved from /opt/airflow/dags/daily_summary.py
[2025-11-15T04:17:36.391+0000] {logging_mixin.py:188} INFO - [2025-11-15T04:17:36.391+0000] {dag.py:3036} INFO - Sync 1 DAGs
[2025-11-15T04:17:36.445+0000] {logging_mixin.py:188} INFO - [2025-11-15T04:17:36.444+0000] {dag.py:3823} INFO - Setting next_dagrun for daily_summary to 2025-11-15 00:00:00+00:00, run_after=2025-11-16 00:00:00+00:00
[2025-11-15T04:17:36.495+0000] {processor.py:183} INFO - Processing /opt/airflow/dags/daily_summary.py took 0.301 seconds
[2025-11-15T04:18:13.848+0000] {processor.py:161} INFO - Started process (PID=174) to work on /opt/airflow/dags/daily_summary.py
[2025-11-15T04:18:13.850+0000] {processor.py:830} INFO - Processing file /opt/airflow/dags/daily_summary.py for tasks to queue
[2025-11-15T04:18:13.851+0000] {logging_mixin.py:188} INFO - [2025-11-15T04:18:13.851+0000] {dagbag.py:538} INFO - Filling up the DagBag from /opt/airflow/dags/daily_summary.py
[2025-11-15T04:18:13.972+0000] {processor.py:840} INFO - DAG(s) 'daily_summary' retrieved from /opt/airflow/dags/daily_summary.py
[2025-11-15T04:18:14.003+0000] {logging_mixin.py:188} INFO - [2025-11-15T04:18:14.003+0000] {dag.py:3036} INFO - Sync 1 DAGs
[2025-11-15T04:18:14.038+0000] {logging_mixin.py:188} INFO - [2025-11-15T04:18:14.038+0000] {dag.py:3823} INFO - Setting next_dagrun for daily_summary to 2025-11-15 00:00:00+00:00, run_after=2025-11-16 00:00:00+00:00
[2025-11-15T04:18:14.077+0000] {processor.py:183} INFO - Processing /opt/airflow/dags/daily_summary.py took 0.233 seconds
