[2025-10-24T18:20:15.848+0000] {manager.py:469} INFO - Processing files using up to 2 processes at a time 
[2025-10-24T18:20:15.848+0000] {manager.py:470} INFO - Process each file at most once every 30 seconds
[2025-10-24T18:20:15.849+0000] {manager.py:471} INFO - Checking for new files in /opt/airflow/dags every 300 seconds
[2025-10-24T18:20:15.850+0000] {manager.py:738} INFO - Searching for files in /opt/airflow/dags
[2025-10-24T18:20:15.883+0000] {manager.py:741} INFO - There are 1 files in /opt/airflow/dags
[2025-10-24T18:20:16.023+0000] {manager.py:879} INFO - 
================================================================================
DAG File Processing Stats

File Path                             PID  Runtime      # DAGs    # Errors  Last Runtime    Last Run
----------------------------------  -----  ---------  --------  ----------  --------------  ----------
/opt/airflow/dags/daily_summary.py    174  0.05s             0           0
================================================================================
[2025-10-24T18:20:46.248+0000] {manager.py:879} INFO - 
================================================================================
DAG File Processing Stats

File Path                             PID  Runtime      # DAGs    # Errors  Last Runtime    Last Run
----------------------------------  -----  ---------  --------  ----------  --------------  -------------------
/opt/airflow/dags/daily_summary.py    179  0.00s             0           1  0.15s           2025-10-24T18:20:16
================================================================================
[2025-10-24T18:21:16.502+0000] {manager.py:879} INFO - 
================================================================================
DAG File Processing Stats

File Path                             PID  Runtime      # DAGs    # Errors  Last Runtime    Last Run
----------------------------------  -----  ---------  --------  ----------  --------------  -------------------
/opt/airflow/dags/daily_summary.py    184  0.00s             0           1  0.07s           2025-10-24T18:20:46
================================================================================
[2025-10-24T18:21:46.795+0000] {manager.py:879} INFO - 
================================================================================
DAG File Processing Stats

File Path                             PID  Runtime      # DAGs    # Errors  Last Runtime    Last Run
----------------------------------  -----  ---------  --------  ----------  --------------  -------------------
/opt/airflow/dags/daily_summary.py    189  0.00s             0           1  0.08s           2025-10-24T18:21:16
================================================================================
[2025-10-24T18:22:17.103+0000] {manager.py:879} INFO - 
================================================================================
DAG File Processing Stats

File Path                             PID  Runtime      # DAGs    # Errors  Last Runtime    Last Run
----------------------------------  -----  ---------  --------  ----------  --------------  -------------------
/opt/airflow/dags/daily_summary.py    194  0.00s             0           1  0.07s           2025-10-24T18:21:46
================================================================================
[2025-10-24T18:22:47.406+0000] {manager.py:879} INFO - 
================================================================================
DAG File Processing Stats

File Path                             PID  Runtime      # DAGs    # Errors  Last Runtime    Last Run
----------------------------------  -----  ---------  --------  ----------  --------------  -------------------
/opt/airflow/dags/daily_summary.py    199  0.00s             0           1  0.07s           2025-10-24T18:22:17
================================================================================
[2025-10-24T18:23:17.685+0000] {manager.py:879} INFO - 
================================================================================
DAG File Processing Stats

File Path                             PID  Runtime      # DAGs    # Errors  Last Runtime    Last Run
----------------------------------  -----  ---------  --------  ----------  --------------  -------------------
/opt/airflow/dags/daily_summary.py    204  0.00s             0           1  0.06s           2025-10-24T18:22:47
================================================================================
[2025-10-24T18:23:47.970+0000] {manager.py:879} INFO - 
================================================================================
DAG File Processing Stats

File Path                             PID  Runtime      # DAGs    # Errors  Last Runtime    Last Run
----------------------------------  -----  ---------  --------  ----------  --------------  -------------------
/opt/airflow/dags/daily_summary.py    209  0.00s             0           1  0.07s           2025-10-24T18:23:17
================================================================================
[2025-10-24T18:24:18.258+0000] {manager.py:879} INFO - 
================================================================================
DAG File Processing Stats

File Path                             PID  Runtime      # DAGs    # Errors  Last Runtime    Last Run
----------------------------------  -----  ---------  --------  ----------  --------------  -------------------
/opt/airflow/dags/daily_summary.py    214  0.00s             0           1  0.07s           2025-10-24T18:23:48
================================================================================
[2025-10-24T18:24:48.534+0000] {manager.py:879} INFO - 
================================================================================
DAG File Processing Stats

File Path                             PID  Runtime      # DAGs    # Errors  Last Runtime    Last Run
----------------------------------  -----  ---------  --------  ----------  --------------  -------------------
/opt/airflow/dags/daily_summary.py    219  0.00s             0           1  0.06s           2025-10-24T18:24:18
================================================================================
[2025-10-24T18:25:16.752+0000] {manager.py:738} INFO - Searching for files in /opt/airflow/dags
[2025-10-24T18:25:16.776+0000] {manager.py:741} INFO - There are 1 files in /opt/airflow/dags
[2025-10-24T18:25:18.809+0000] {manager.py:879} INFO - 
================================================================================
DAG File Processing Stats

File Path                             PID  Runtime      # DAGs    # Errors  Last Runtime    Last Run
----------------------------------  -----  ---------  --------  ----------  --------------  -------------------
/opt/airflow/dags/daily_summary.py    224  0.01s             0           1  0.06s           2025-10-24T18:24:48
================================================================================
[2025-10-24T18:25:49.066+0000] {manager.py:879} INFO - 
================================================================================
DAG File Processing Stats

File Path                             PID  Runtime      # DAGs    # Errors  Last Runtime    Last Run
----------------------------------  -----  ---------  --------  ----------  --------------  -------------------
/opt/airflow/dags/daily_summary.py    229  0.00s             0           1  0.08s           2025-10-24T18:25:18
================================================================================
[2025-10-24T18:26:19.316+0000] {manager.py:879} INFO - 
================================================================================
DAG File Processing Stats

File Path                             PID  Runtime      # DAGs    # Errors  Last Runtime    Last Run
----------------------------------  -----  ---------  --------  ----------  --------------  -------------------
/opt/airflow/dags/daily_summary.py    234  0.00s             0           1  0.08s           2025-10-24T18:25:49
================================================================================
[2025-10-24T18:26:49.625+0000] {manager.py:879} INFO - 
================================================================================
DAG File Processing Stats

File Path                             PID  Runtime      # DAGs    # Errors  Last Runtime    Last Run
----------------------------------  -----  ---------  --------  ----------  --------------  -------------------
/opt/airflow/dags/daily_summary.py    239  0.00s             0           1  0.06s           2025-10-24T18:26:19
================================================================================
[2025-10-24T18:27:20.191+0000] {manager.py:451} INFO - Exiting gracefully upon receiving signal 15
[2025-10-24T18:29:46.043+0000] {manager.py:469} INFO - Processing files using up to 2 processes at a time 
[2025-10-24T18:29:46.044+0000] {manager.py:470} INFO - Process each file at most once every 30 seconds
[2025-10-24T18:29:46.044+0000] {manager.py:471} INFO - Checking for new files in /opt/airflow/dags every 300 seconds
[2025-10-24T18:29:46.045+0000] {manager.py:738} INFO - Searching for files in /opt/airflow/dags
[2025-10-24T18:29:46.077+0000] {manager.py:741} INFO - There are 1 files in /opt/airflow/dags
[2025-10-24T18:29:46.207+0000] {manager.py:879} INFO - 
================================================================================
DAG File Processing Stats

File Path                             PID  Runtime      # DAGs    # Errors  Last Runtime    Last Run
----------------------------------  -----  ---------  --------  ----------  --------------  ----------
/opt/airflow/dags/daily_summary.py    175  0.05s             0           0
================================================================================
[2025-10-24T18:30:16.416+0000] {manager.py:879} INFO - 
================================================================================
DAG File Processing Stats

File Path                           PID    Runtime      # DAGs    # Errors  Last Runtime    Last Run
----------------------------------  -----  ---------  --------  ----------  --------------  -------------------
/opt/airflow/dags/daily_summary.py                           1           0  0.40s           2025-10-24T18:29:46
================================================================================
[2025-10-24T18:30:46.992+0000] {manager.py:879} INFO - 
================================================================================
DAG File Processing Stats

File Path                             PID  Runtime      # DAGs    # Errors  Last Runtime    Last Run
----------------------------------  -----  ---------  --------  ----------  --------------  -------------------
/opt/airflow/dags/daily_summary.py    185  0.00s             1           0  0.15s           2025-10-24T18:30:16
================================================================================
[2025-10-24T18:31:17.331+0000] {manager.py:879} INFO - 
================================================================================
DAG File Processing Stats

File Path                             PID  Runtime      # DAGs    # Errors  Last Runtime    Last Run
----------------------------------  -----  ---------  --------  ----------  --------------  -------------------
/opt/airflow/dags/daily_summary.py    190  0.00s             1           0  0.16s           2025-10-24T18:30:47
================================================================================
[2025-10-24T18:31:47.642+0000] {manager.py:879} INFO - 
================================================================================
DAG File Processing Stats

File Path                             PID  Runtime      # DAGs    # Errors  Last Runtime    Last Run
----------------------------------  -----  ---------  --------  ----------  --------------  -------------------
/opt/airflow/dags/daily_summary.py    195  0.00s             1           0  0.16s           2025-10-24T18:31:17
================================================================================
[2025-10-24T18:31:52.948+0000] {manager.py:451} INFO - Exiting gracefully upon receiving signal 15
[2025-10-24T18:32:20.762+0000] {manager.py:469} INFO - Processing files using up to 2 processes at a time 
[2025-10-24T18:32:20.763+0000] {manager.py:470} INFO - Process each file at most once every 30 seconds
[2025-10-24T18:32:20.764+0000] {manager.py:471} INFO - Checking for new files in /opt/airflow/dags every 300 seconds
[2025-10-24T18:32:20.765+0000] {manager.py:738} INFO - Searching for files in /opt/airflow/dags
[2025-10-24T18:32:20.783+0000] {manager.py:741} INFO - There are 1 files in /opt/airflow/dags
[2025-10-24T18:32:20.899+0000] {manager.py:879} INFO - 
================================================================================
DAG File Processing Stats

File Path                             PID  Runtime      # DAGs    # Errors  Last Runtime    Last Run
----------------------------------  -----  ---------  --------  ----------  --------------  ----------
/opt/airflow/dags/daily_summary.py    176  0.05s             0           0
================================================================================
[2025-10-24T18:32:51.120+0000] {manager.py:879} INFO - 
================================================================================
DAG File Processing Stats

File Path                           PID    Runtime      # DAGs    # Errors  Last Runtime    Last Run
----------------------------------  -----  ---------  --------  ----------  --------------  -------------------
/opt/airflow/dags/daily_summary.py                           1           0  0.34s           2025-10-24T18:32:21
================================================================================
[2025-10-24T18:33:21.686+0000] {manager.py:879} INFO - 
================================================================================
DAG File Processing Stats

File Path                           PID    Runtime      # DAGs    # Errors  Last Runtime    Last Run
----------------------------------  -----  ---------  --------  ----------  --------------  -------------------
/opt/airflow/dags/daily_summary.py                           1           0  0.28s           2025-10-24T18:32:51
================================================================================
[2025-10-24T18:33:52.176+0000] {manager.py:879} INFO - 
================================================================================
DAG File Processing Stats

File Path                             PID  Runtime      # DAGs    # Errors  Last Runtime    Last Run
----------------------------------  -----  ---------  --------  ----------  --------------  -------------------
/opt/airflow/dags/daily_summary.py    191  0.00s             1           0  0.16s           2025-10-24T18:33:22
================================================================================
[2025-10-24T18:34:22.652+0000] {manager.py:879} INFO - 
================================================================================
DAG File Processing Stats

File Path                             PID  Runtime      # DAGs    # Errors  Last Runtime    Last Run
----------------------------------  -----  ---------  --------  ----------  --------------  -------------------
/opt/airflow/dags/daily_summary.py    196  0.00s             1           0  0.21s           2025-10-24T18:33:52
================================================================================
[2025-10-24T18:34:52.911+0000] {manager.py:879} INFO - 
================================================================================
DAG File Processing Stats

File Path                             PID  Runtime      # DAGs    # Errors  Last Runtime    Last Run
----------------------------------  -----  ---------  --------  ----------  --------------  -------------------
/opt/airflow/dags/daily_summary.py    201  0.00s             1           0  0.19s           2025-10-24T18:34:22
================================================================================
[2025-10-24T18:35:23.299+0000] {manager.py:879} INFO - 
================================================================================
DAG File Processing Stats

File Path                             PID  Runtime      # DAGs    # Errors  Last Runtime    Last Run
----------------------------------  -----  ---------  --------  ----------  --------------  -------------------
/opt/airflow/dags/daily_summary.py    206  0.00s             1           0  0.16s           2025-10-24T18:34:53
================================================================================
[2025-10-24T18:35:53.581+0000] {manager.py:879} INFO - 
================================================================================
DAG File Processing Stats

File Path                             PID  Runtime      # DAGs    # Errors  Last Runtime    Last Run
----------------------------------  -----  ---------  --------  ----------  --------------  -------------------
/opt/airflow/dags/daily_summary.py    211  0.00s             1           0  0.15s           2025-10-24T18:35:23
================================================================================
[2025-10-24T18:36:23.990+0000] {manager.py:879} INFO - 
================================================================================
DAG File Processing Stats

File Path                             PID  Runtime      # DAGs    # Errors  Last Runtime    Last Run
----------------------------------  -----  ---------  --------  ----------  --------------  -------------------
/opt/airflow/dags/daily_summary.py    216  0.00s             1           0  0.18s           2025-10-24T18:35:53
================================================================================
[2025-10-24T18:36:47.289+0000] {manager.py:451} INFO - Exiting gracefully upon receiving signal 15
[2025-10-24T18:37:13.803+0000] {manager.py:469} INFO - Processing files using up to 2 processes at a time 
[2025-10-24T18:37:13.804+0000] {manager.py:470} INFO - Process each file at most once every 30 seconds
[2025-10-24T18:37:13.804+0000] {manager.py:471} INFO - Checking for new files in /opt/airflow/dags every 300 seconds
[2025-10-24T18:37:13.805+0000] {manager.py:738} INFO - Searching for files in /opt/airflow/dags
[2025-10-24T18:37:13.834+0000] {manager.py:741} INFO - There are 1 files in /opt/airflow/dags
[2025-10-24T18:37:13.927+0000] {manager.py:879} INFO - 
================================================================================
DAG File Processing Stats

File Path                             PID  Runtime      # DAGs    # Errors  Last Runtime    Last Run
----------------------------------  -----  ---------  --------  ----------  --------------  ----------
/opt/airflow/dags/daily_summary.py    175  0.04s             0           0
================================================================================
[2025-10-24T18:37:44.091+0000] {manager.py:879} INFO - 
================================================================================
DAG File Processing Stats

File Path                           PID    Runtime      # DAGs    # Errors  Last Runtime    Last Run
----------------------------------  -----  ---------  --------  ----------  --------------  -------------------
/opt/airflow/dags/daily_summary.py                           1           0  0.22s           2025-10-24T18:37:14
================================================================================
[2025-10-24T18:38:14.456+0000] {manager.py:879} INFO - 
================================================================================
DAG File Processing Stats

File Path                           PID    Runtime      # DAGs    # Errors  Last Runtime    Last Run
----------------------------------  -----  ---------  --------  ----------  --------------  -------------------
/opt/airflow/dags/daily_summary.py                           1           0  0.31s           2025-10-24T18:37:44
================================================================================
[2025-10-24T18:38:44.960+0000] {manager.py:879} INFO - 
================================================================================
DAG File Processing Stats

File Path                             PID  Runtime      # DAGs    # Errors  Last Runtime    Last Run
----------------------------------  -----  ---------  --------  ----------  --------------  -------------------
/opt/airflow/dags/daily_summary.py    196  0.00s             1           0  0.18s           2025-10-24T18:38:14
================================================================================
[2025-10-24T18:39:15.313+0000] {manager.py:879} INFO - 
================================================================================
DAG File Processing Stats

File Path                             PID  Runtime      # DAGs    # Errors  Last Runtime    Last Run
----------------------------------  -----  ---------  --------  ----------  --------------  -------------------
/opt/airflow/dags/daily_summary.py    201  0.00s             1           0  0.17s           2025-10-24T18:38:45
================================================================================
[2025-10-24T18:39:45.615+0000] {manager.py:879} INFO - 
================================================================================
DAG File Processing Stats

File Path                             PID  Runtime      # DAGs    # Errors  Last Runtime    Last Run
----------------------------------  -----  ---------  --------  ----------  --------------  -------------------
/opt/airflow/dags/daily_summary.py    206  0.00s             1           0  0.16s           2025-10-24T18:39:15
================================================================================
[2025-10-24T18:40:16.044+0000] {manager.py:879} INFO - 
================================================================================
DAG File Processing Stats

File Path                             PID  Runtime      # DAGs    # Errors  Last Runtime    Last Run
----------------------------------  -----  ---------  --------  ----------  --------------  -------------------
/opt/airflow/dags/daily_summary.py    211  0.00s             1           0  0.16s           2025-10-24T18:39:45
================================================================================
[2025-10-24T18:40:46.408+0000] {manager.py:879} INFO - 
================================================================================
DAG File Processing Stats

File Path                             PID  Runtime      # DAGs    # Errors  Last Runtime    Last Run
----------------------------------  -----  ---------  --------  ----------  --------------  -------------------
/opt/airflow/dags/daily_summary.py    216  0.00s             1           0  0.15s           2025-10-24T18:40:16
================================================================================
[2025-10-24T18:41:16.818+0000] {manager.py:879} INFO - 
================================================================================
DAG File Processing Stats

File Path                             PID  Runtime      # DAGs    # Errors  Last Runtime    Last Run
----------------------------------  -----  ---------  --------  ----------  --------------  -------------------
/opt/airflow/dags/daily_summary.py    221  0.00s             1           0  0.14s           2025-10-24T18:40:46
================================================================================
[2025-10-24T18:41:47.116+0000] {manager.py:879} INFO - 
================================================================================
DAG File Processing Stats

File Path                             PID  Runtime      # DAGs    # Errors  Last Runtime    Last Run
----------------------------------  -----  ---------  --------  ----------  --------------  -------------------
/opt/airflow/dags/daily_summary.py    226  0.00s             1           0  0.15s           2025-10-24T18:41:16
================================================================================
[2025-10-24T18:42:14.400+0000] {manager.py:738} INFO - Searching for files in /opt/airflow/dags
[2025-10-24T18:42:14.426+0000] {manager.py:741} INFO - There are 1 files in /opt/airflow/dags
[2025-10-24T18:42:17.472+0000] {manager.py:879} INFO - 
================================================================================
DAG File Processing Stats

File Path                             PID  Runtime      # DAGs    # Errors  Last Runtime    Last Run
----------------------------------  -----  ---------  --------  ----------  --------------  -------------------
/opt/airflow/dags/daily_summary.py    231  0.00s             1           0  0.14s           2025-10-24T18:41:47
================================================================================
[2025-10-24T18:42:47.910+0000] {manager.py:879} INFO - 
================================================================================
DAG File Processing Stats

File Path                             PID  Runtime      # DAGs    # Errors  Last Runtime    Last Run
----------------------------------  -----  ---------  --------  ----------  --------------  -------------------
/opt/airflow/dags/daily_summary.py    236  0.00s             1           0  0.14s           2025-10-24T18:42:17
================================================================================
[2025-10-24T18:43:18.257+0000] {manager.py:879} INFO - 
================================================================================
DAG File Processing Stats

File Path                             PID  Runtime      # DAGs    # Errors  Last Runtime    Last Run
----------------------------------  -----  ---------  --------  ----------  --------------  -------------------
/opt/airflow/dags/daily_summary.py    241  0.00s             1           0  0.14s           2025-10-24T18:42:48
================================================================================
[2025-10-24T18:43:48.647+0000] {manager.py:879} INFO - 
================================================================================
DAG File Processing Stats

File Path                             PID  Runtime      # DAGs    # Errors  Last Runtime    Last Run
----------------------------------  -----  ---------  --------  ----------  --------------  -------------------
/opt/airflow/dags/daily_summary.py    246  0.00s             1           0  0.15s           2025-10-24T18:43:18
================================================================================
[2025-10-24T18:44:18.957+0000] {manager.py:879} INFO - 
================================================================================
DAG File Processing Stats

File Path                             PID  Runtime      # DAGs    # Errors  Last Runtime    Last Run
----------------------------------  -----  ---------  --------  ----------  --------------  -------------------
/opt/airflow/dags/daily_summary.py    251  0.00s             1           0  0.14s           2025-10-24T18:43:48
================================================================================
[2025-10-24T18:44:49.355+0000] {manager.py:879} INFO - 
================================================================================
DAG File Processing Stats

File Path                             PID  Runtime      # DAGs    # Errors  Last Runtime    Last Run
----------------------------------  -----  ---------  --------  ----------  --------------  -------------------
/opt/airflow/dags/daily_summary.py    256  0.00s             1           0  0.15s           2025-10-24T18:44:19
================================================================================
[2025-10-24T18:45:19.686+0000] {manager.py:879} INFO - 
================================================================================
DAG File Processing Stats

File Path                             PID  Runtime      # DAGs    # Errors  Last Runtime    Last Run
----------------------------------  -----  ---------  --------  ----------  --------------  -------------------
/opt/airflow/dags/daily_summary.py    261  0.00s             1           0  0.14s           2025-10-24T18:44:49
================================================================================
[2025-10-24T18:45:50.070+0000] {manager.py:879} INFO - 
================================================================================
DAG File Processing Stats

File Path                             PID  Runtime      # DAGs    # Errors  Last Runtime    Last Run
----------------------------------  -----  ---------  --------  ----------  --------------  -------------------
/opt/airflow/dags/daily_summary.py    266  0.00s             1           0  0.15s           2025-10-24T18:45:19
================================================================================
[2025-10-24T18:46:20.377+0000] {manager.py:879} INFO - 
================================================================================
DAG File Processing Stats

File Path                             PID  Runtime      # DAGs    # Errors  Last Runtime    Last Run
----------------------------------  -----  ---------  --------  ----------  --------------  -------------------
/opt/airflow/dags/daily_summary.py    271  0.00s             1           0  0.15s           2025-10-24T18:45:50
================================================================================
[2025-10-24T18:46:50.781+0000] {manager.py:879} INFO - 
================================================================================
DAG File Processing Stats

File Path                             PID  Runtime      # DAGs    # Errors  Last Runtime    Last Run
----------------------------------  -----  ---------  --------  ----------  --------------  -------------------
/opt/airflow/dags/daily_summary.py    276  0.00s             1           0  0.14s           2025-10-24T18:46:20
================================================================================
[2025-10-24T18:47:15.010+0000] {manager.py:738} INFO - Searching for files in /opt/airflow/dags
[2025-10-24T18:47:15.025+0000] {manager.py:741} INFO - There are 1 files in /opt/airflow/dags
[2025-10-24T18:47:21.112+0000] {manager.py:879} INFO - 
================================================================================
DAG File Processing Stats

File Path                             PID  Runtime      # DAGs    # Errors  Last Runtime    Last Run
----------------------------------  -----  ---------  --------  ----------  --------------  -------------------
/opt/airflow/dags/daily_summary.py    281  0.00s             1           0  0.13s           2025-10-24T18:46:50
================================================================================
[2025-10-24T18:47:51.356+0000] {manager.py:879} INFO - 
================================================================================
DAG File Processing Stats

File Path                             PID  Runtime      # DAGs    # Errors  Last Runtime    Last Run
----------------------------------  -----  ---------  --------  ----------  --------------  -------------------
/opt/airflow/dags/daily_summary.py    286  0.00s             1           0  0.14s           2025-10-24T18:47:21
================================================================================
[2025-10-24T18:48:21.652+0000] {manager.py:879} INFO - 
================================================================================
DAG File Processing Stats

File Path                             PID  Runtime      # DAGs    # Errors  Last Runtime    Last Run
----------------------------------  -----  ---------  --------  ----------  --------------  -------------------
/opt/airflow/dags/daily_summary.py    291  0.00s             1           0  0.14s           2025-10-24T18:47:51
================================================================================
[2025-10-24T18:48:51.940+0000] {manager.py:879} INFO - 
================================================================================
DAG File Processing Stats

File Path                             PID  Runtime      # DAGs    # Errors  Last Runtime    Last Run
----------------------------------  -----  ---------  --------  ----------  --------------  -------------------
/opt/airflow/dags/daily_summary.py    296  0.00s             1           0  0.13s           2025-10-24T18:48:21
================================================================================
[2025-10-24T18:49:22.396+0000] {manager.py:879} INFO - 
================================================================================
DAG File Processing Stats

File Path                             PID  Runtime      # DAGs    # Errors  Last Runtime    Last Run
----------------------------------  -----  ---------  --------  ----------  --------------  -------------------
/opt/airflow/dags/daily_summary.py    301  0.00s             1           0  0.14s           2025-10-24T18:48:52
================================================================================
[2025-10-24T18:49:52.695+0000] {manager.py:879} INFO - 
================================================================================
DAG File Processing Stats

File Path                             PID  Runtime      # DAGs    # Errors  Last Runtime    Last Run
----------------------------------  -----  ---------  --------  ----------  --------------  -------------------
/opt/airflow/dags/daily_summary.py    306  0.00s             1           0  0.14s           2025-10-24T18:49:22
================================================================================
[2025-10-24T18:50:23.165+0000] {manager.py:879} INFO - 
================================================================================
DAG File Processing Stats

File Path                             PID  Runtime      # DAGs    # Errors  Last Runtime    Last Run
----------------------------------  -----  ---------  --------  ----------  --------------  -------------------
/opt/airflow/dags/daily_summary.py    311  0.00s             1           0  0.14s           2025-10-24T18:49:52
================================================================================
[2025-10-24T18:50:53.466+0000] {manager.py:879} INFO - 
================================================================================
DAG File Processing Stats

File Path                             PID  Runtime      # DAGs    # Errors  Last Runtime    Last Run
----------------------------------  -----  ---------  --------  ----------  --------------  -------------------
/opt/airflow/dags/daily_summary.py    316  0.00s             1           0  0.16s           2025-10-24T18:50:23
================================================================================
[2025-10-24T18:51:23.911+0000] {manager.py:879} INFO - 
================================================================================
DAG File Processing Stats

File Path                             PID  Runtime      # DAGs    # Errors  Last Runtime    Last Run
----------------------------------  -----  ---------  --------  ----------  --------------  -------------------
/opt/airflow/dags/daily_summary.py    321  0.00s             1           0  0.14s           2025-10-24T18:50:53
================================================================================
[2025-10-24T18:51:54.226+0000] {manager.py:879} INFO - 
================================================================================
DAG File Processing Stats

File Path                             PID  Runtime      # DAGs    # Errors  Last Runtime    Last Run
----------------------------------  -----  ---------  --------  ----------  --------------  -------------------
/opt/airflow/dags/daily_summary.py    326  0.00s             1           0  0.13s           2025-10-24T18:51:24
================================================================================
[2025-10-24T18:52:15.500+0000] {manager.py:738} INFO - Searching for files in /opt/airflow/dags
[2025-10-24T18:52:15.511+0000] {manager.py:741} INFO - There are 1 files in /opt/airflow/dags
[2025-10-24T18:52:24.635+0000] {manager.py:879} INFO - 
================================================================================
DAG File Processing Stats

File Path                             PID  Runtime      # DAGs    # Errors  Last Runtime    Last Run
----------------------------------  -----  ---------  --------  ----------  --------------  -------------------
/opt/airflow/dags/daily_summary.py    331  0.00s             1           0  0.14s           2025-10-24T18:51:54
================================================================================
[2025-10-24T18:52:54.974+0000] {manager.py:879} INFO - 
================================================================================
DAG File Processing Stats

File Path                             PID  Runtime      # DAGs    # Errors  Last Runtime    Last Run
----------------------------------  -----  ---------  --------  ----------  --------------  -------------------
/opt/airflow/dags/daily_summary.py    336  0.00s             1           0  0.14s           2025-10-24T18:52:24
================================================================================
[2025-10-24T18:53:25.321+0000] {manager.py:879} INFO - 
================================================================================
DAG File Processing Stats

File Path                             PID  Runtime      # DAGs    # Errors  Last Runtime    Last Run
----------------------------------  -----  ---------  --------  ----------  --------------  -------------------
/opt/airflow/dags/daily_summary.py    341  0.00s             1           0  0.15s           2025-10-24T18:52:55
================================================================================
[2025-10-24T18:53:55.701+0000] {manager.py:879} INFO - 
================================================================================
DAG File Processing Stats

File Path                             PID  Runtime      # DAGs    # Errors  Last Runtime    Last Run
----------------------------------  -----  ---------  --------  ----------  --------------  -------------------
/opt/airflow/dags/daily_summary.py    346  0.00s             1           0  0.15s           2025-10-24T18:53:25
================================================================================
[2025-10-24T18:54:26.049+0000] {manager.py:879} INFO - 
================================================================================
DAG File Processing Stats

File Path                             PID  Runtime      # DAGs    # Errors  Last Runtime    Last Run
----------------------------------  -----  ---------  --------  ----------  --------------  -------------------
/opt/airflow/dags/daily_summary.py    351  0.01s             1           0  0.14s           2025-10-24T18:53:55
================================================================================
[2025-10-24T18:54:56.462+0000] {manager.py:879} INFO - 
================================================================================
DAG File Processing Stats

File Path                             PID  Runtime      # DAGs    # Errors  Last Runtime    Last Run
----------------------------------  -----  ---------  --------  ----------  --------------  -------------------
/opt/airflow/dags/daily_summary.py    356  0.00s             1           0  0.16s           2025-10-24T18:54:26
================================================================================
[2025-10-24T18:55:26.760+0000] {manager.py:879} INFO - 
================================================================================
DAG File Processing Stats

File Path                             PID  Runtime      # DAGs    # Errors  Last Runtime    Last Run
----------------------------------  -----  ---------  --------  ----------  --------------  -------------------
/opt/airflow/dags/daily_summary.py    361  0.00s             1           0  0.14s           2025-10-24T18:54:56
================================================================================
[2025-10-24T18:55:57.232+0000] {manager.py:879} INFO - 
================================================================================
DAG File Processing Stats

File Path                             PID  Runtime      # DAGs    # Errors  Last Runtime    Last Run
----------------------------------  -----  ---------  --------  ----------  --------------  -------------------
/opt/airflow/dags/daily_summary.py    366  0.00s             1           0  0.14s           2025-10-24T18:55:26
================================================================================
[2025-10-24T18:56:27.582+0000] {manager.py:879} INFO - 
================================================================================
DAG File Processing Stats

File Path                             PID  Runtime      # DAGs    # Errors  Last Runtime    Last Run
----------------------------------  -----  ---------  --------  ----------  --------------  -------------------
/opt/airflow/dags/daily_summary.py    371  0.00s             1           0  0.16s           2025-10-24T18:55:57
================================================================================
[2025-10-24T18:56:58.021+0000] {manager.py:879} INFO - 
================================================================================
DAG File Processing Stats

File Path                             PID  Runtime      # DAGs    # Errors  Last Runtime    Last Run
----------------------------------  -----  ---------  --------  ----------  --------------  -------------------
/opt/airflow/dags/daily_summary.py    376  0.00s             1           0  0.15s           2025-10-24T18:56:27
================================================================================
[2025-10-24T18:57:16.225+0000] {manager.py:738} INFO - Searching for files in /opt/airflow/dags
[2025-10-24T18:57:16.254+0000] {manager.py:741} INFO - There are 1 files in /opt/airflow/dags
[2025-10-24T18:57:28.407+0000] {manager.py:879} INFO - 
================================================================================
DAG File Processing Stats

File Path                             PID  Runtime      # DAGs    # Errors  Last Runtime    Last Run
----------------------------------  -----  ---------  --------  ----------  --------------  -------------------
/opt/airflow/dags/daily_summary.py    381  0.00s             1           0  0.15s           2025-10-24T18:56:58
================================================================================
[2025-10-24T18:57:58.739+0000] {manager.py:879} INFO - 
================================================================================
DAG File Processing Stats

File Path                             PID  Runtime      # DAGs    # Errors  Last Runtime    Last Run
----------------------------------  -----  ---------  --------  ----------  --------------  -------------------
/opt/airflow/dags/daily_summary.py    386  0.00s             1           0  0.14s           2025-10-24T18:57:28
================================================================================
[2025-10-24T18:58:29.128+0000] {manager.py:879} INFO - 
================================================================================
DAG File Processing Stats

File Path                             PID  Runtime      # DAGs    # Errors  Last Runtime    Last Run
----------------------------------  -----  ---------  --------  ----------  --------------  -------------------
/opt/airflow/dags/daily_summary.py    391  0.00s             1           0  0.14s           2025-10-24T18:57:58
================================================================================
[2025-10-24T18:58:59.473+0000] {manager.py:879} INFO - 
================================================================================
DAG File Processing Stats

File Path                             PID  Runtime      # DAGs    # Errors  Last Runtime    Last Run
----------------------------------  -----  ---------  --------  ----------  --------------  -------------------
/opt/airflow/dags/daily_summary.py    396  0.00s             1           0  0.14s           2025-10-24T18:58:29
================================================================================
[2025-10-24T18:59:29.835+0000] {manager.py:879} INFO - 
================================================================================
DAG File Processing Stats

File Path                             PID  Runtime      # DAGs    # Errors  Last Runtime    Last Run
----------------------------------  -----  ---------  --------  ----------  --------------  -------------------
/opt/airflow/dags/daily_summary.py    401  0.00s             1           0  0.14s           2025-10-24T18:58:59
================================================================================
[2025-10-24T19:00:00.205+0000] {manager.py:879} INFO - 
================================================================================
DAG File Processing Stats

File Path                             PID  Runtime      # DAGs    # Errors  Last Runtime    Last Run
----------------------------------  -----  ---------  --------  ----------  --------------  -------------------
/opt/airflow/dags/daily_summary.py    406  0.00s             1           0  0.15s           2025-10-24T18:59:29
================================================================================
[2025-10-24T19:00:30.587+0000] {manager.py:879} INFO - 
================================================================================
DAG File Processing Stats

File Path                             PID  Runtime      # DAGs    # Errors  Last Runtime    Last Run
----------------------------------  -----  ---------  --------  ----------  --------------  -------------------
/opt/airflow/dags/daily_summary.py    411  0.00s             1           0  0.14s           2025-10-24T19:00:00
================================================================================
[2025-10-24T19:01:00.976+0000] {manager.py:879} INFO - 
================================================================================
DAG File Processing Stats

File Path                             PID  Runtime      # DAGs    # Errors  Last Runtime    Last Run
----------------------------------  -----  ---------  --------  ----------  --------------  -------------------
/opt/airflow/dags/daily_summary.py    416  0.00s             1           0  0.14s           2025-10-24T19:00:30
================================================================================
[2025-10-24T19:01:31.277+0000] {manager.py:879} INFO - 
================================================================================
DAG File Processing Stats

File Path                             PID  Runtime      # DAGs    # Errors  Last Runtime    Last Run
----------------------------------  -----  ---------  --------  ----------  --------------  -------------------
/opt/airflow/dags/daily_summary.py    421  0.00s             1           0  0.15s           2025-10-24T19:01:01
================================================================================
[2025-10-24T19:02:01.577+0000] {manager.py:879} INFO - 
================================================================================
DAG File Processing Stats

File Path                             PID  Runtime      # DAGs    # Errors  Last Runtime    Last Run
----------------------------------  -----  ---------  --------  ----------  --------------  -------------------
/opt/airflow/dags/daily_summary.py    426  0.00s             1           0  0.14s           2025-10-24T19:01:31
================================================================================
[2025-10-24T19:02:16.856+0000] {manager.py:738} INFO - Searching for files in /opt/airflow/dags
[2025-10-24T19:02:16.879+0000] {manager.py:741} INFO - There are 1 files in /opt/airflow/dags
[2025-10-24T19:02:32.044+0000] {manager.py:879} INFO - 
================================================================================
DAG File Processing Stats

File Path                             PID  Runtime      # DAGs    # Errors  Last Runtime    Last Run
----------------------------------  -----  ---------  --------  ----------  --------------  -------------------
/opt/airflow/dags/daily_summary.py    431  0.00s             1           0  0.15s           2025-10-24T19:02:01
================================================================================
[2025-10-24T19:03:02.365+0000] {manager.py:879} INFO - 
================================================================================
DAG File Processing Stats

File Path                             PID  Runtime      # DAGs    # Errors  Last Runtime    Last Run
----------------------------------  -----  ---------  --------  ----------  --------------  -------------------
/opt/airflow/dags/daily_summary.py    436  0.00s             1           0  0.15s           2025-10-24T19:02:32
================================================================================
[2025-10-24T19:03:32.858+0000] {manager.py:879} INFO - 
================================================================================
DAG File Processing Stats

File Path                             PID  Runtime      # DAGs    # Errors  Last Runtime    Last Run
----------------------------------  -----  ---------  --------  ----------  --------------  -------------------
/opt/airflow/dags/daily_summary.py    441  0.00s             1           0  0.15s           2025-10-24T19:03:02
================================================================================
[2025-10-24T19:04:03.191+0000] {manager.py:879} INFO - 
================================================================================
DAG File Processing Stats

File Path                             PID  Runtime      # DAGs    # Errors  Last Runtime    Last Run
----------------------------------  -----  ---------  --------  ----------  --------------  -------------------
/opt/airflow/dags/daily_summary.py    446  0.00s             1           0  0.14s           2025-10-24T19:03:32
================================================================================
[2025-10-24T19:04:33.624+0000] {manager.py:879} INFO - 
================================================================================
DAG File Processing Stats

File Path                             PID  Runtime      # DAGs    # Errors  Last Runtime    Last Run
----------------------------------  -----  ---------  --------  ----------  --------------  -------------------
/opt/airflow/dags/daily_summary.py    451  0.00s             1           0  0.14s           2025-10-24T19:04:03
================================================================================
[2025-10-24T19:05:03.944+0000] {manager.py:879} INFO - 
================================================================================
DAG File Processing Stats

File Path                             PID  Runtime      # DAGs    # Errors  Last Runtime    Last Run
----------------------------------  -----  ---------  --------  ----------  --------------  -------------------
/opt/airflow/dags/daily_summary.py    456  0.00s             1           0  0.14s           2025-10-24T19:04:33
================================================================================
[2025-10-24T19:05:34.336+0000] {manager.py:879} INFO - 
================================================================================
DAG File Processing Stats

File Path                             PID  Runtime      # DAGs    # Errors  Last Runtime    Last Run
----------------------------------  -----  ---------  --------  ----------  --------------  -------------------
/opt/airflow/dags/daily_summary.py    461  0.00s             1           0  0.14s           2025-10-24T19:05:04
================================================================================
[2025-10-24T19:06:04.734+0000] {manager.py:879} INFO - 
================================================================================
DAG File Processing Stats

File Path                             PID  Runtime      # DAGs    # Errors  Last Runtime    Last Run
----------------------------------  -----  ---------  --------  ----------  --------------  -------------------
/opt/airflow/dags/daily_summary.py    466  0.00s             1           0  0.14s           2025-10-24T19:05:34
================================================================================
[2025-10-24T19:06:35.101+0000] {manager.py:879} INFO - 
================================================================================
DAG File Processing Stats

File Path                             PID  Runtime      # DAGs    # Errors  Last Runtime    Last Run
----------------------------------  -----  ---------  --------  ----------  --------------  -------------------
/opt/airflow/dags/daily_summary.py    471  0.00s             1           0  0.15s           2025-10-24T19:06:04
================================================================================
[2025-10-24T19:07:05.414+0000] {manager.py:879} INFO - 
================================================================================
DAG File Processing Stats

File Path                             PID  Runtime      # DAGs    # Errors  Last Runtime    Last Run
----------------------------------  -----  ---------  --------  ----------  --------------  -------------------
/opt/airflow/dags/daily_summary.py    476  0.00s             1           0  0.14s           2025-10-24T19:06:35
================================================================================
[2025-10-24T19:07:17.654+0000] {manager.py:738} INFO - Searching for files in /opt/airflow/dags
[2025-10-24T19:07:17.671+0000] {manager.py:741} INFO - There are 1 files in /opt/airflow/dags
[2025-10-24T19:07:35.865+0000] {manager.py:879} INFO - 
================================================================================
DAG File Processing Stats

File Path                             PID  Runtime      # DAGs    # Errors  Last Runtime    Last Run
----------------------------------  -----  ---------  --------  ----------  --------------  -------------------
/opt/airflow/dags/daily_summary.py    481  0.00s             1           0  0.16s           2025-10-24T19:07:05
================================================================================
[2025-10-24T19:08:06.148+0000] {manager.py:879} INFO - 
================================================================================
DAG File Processing Stats

File Path                             PID  Runtime      # DAGs    # Errors  Last Runtime    Last Run
----------------------------------  -----  ---------  --------  ----------  --------------  -------------------
/opt/airflow/dags/daily_summary.py    486  0.00s             1           0  0.14s           2025-10-24T19:07:36
================================================================================
[2025-10-24T19:08:36.655+0000] {manager.py:879} INFO - 
================================================================================
DAG File Processing Stats

File Path                             PID  Runtime      # DAGs    # Errors  Last Runtime    Last Run
----------------------------------  -----  ---------  --------  ----------  --------------  -------------------
/opt/airflow/dags/daily_summary.py    491  0.00s             1           0  0.14s           2025-10-24T19:08:06
================================================================================
[2025-10-24T19:09:07.000+0000] {manager.py:879} INFO - 
================================================================================
DAG File Processing Stats

File Path                             PID  Runtime      # DAGs    # Errors  Last Runtime    Last Run
----------------------------------  -----  ---------  --------  ----------  --------------  -------------------
/opt/airflow/dags/daily_summary.py    496  0.00s             1           0  0.17s           2025-10-24T19:08:36
================================================================================
[2025-10-24T19:09:37.420+0000] {manager.py:879} INFO - 
================================================================================
DAG File Processing Stats

File Path                             PID  Runtime      # DAGs    # Errors  Last Runtime    Last Run
----------------------------------  -----  ---------  --------  ----------  --------------  -------------------
/opt/airflow/dags/daily_summary.py    501  0.00s             1           0  0.15s           2025-10-24T19:09:07
================================================================================
[2025-10-24T19:10:07.746+0000] {manager.py:879} INFO - 
================================================================================
DAG File Processing Stats

File Path                             PID  Runtime      # DAGs    # Errors  Last Runtime    Last Run
----------------------------------  -----  ---------  --------  ----------  --------------  -------------------
/opt/airflow/dags/daily_summary.py    506  0.00s             1           0  0.14s           2025-10-24T19:09:37
================================================================================
[2025-10-24T19:10:38.164+0000] {manager.py:879} INFO - 
================================================================================
DAG File Processing Stats

File Path                             PID  Runtime      # DAGs    # Errors  Last Runtime    Last Run
----------------------------------  -----  ---------  --------  ----------  --------------  -------------------
/opt/airflow/dags/daily_summary.py    511  0.00s             1           0  0.14s           2025-10-24T19:10:07
================================================================================
[2025-10-24T19:11:08.485+0000] {manager.py:879} INFO - 
================================================================================
DAG File Processing Stats

File Path                             PID  Runtime      # DAGs    # Errors  Last Runtime    Last Run
----------------------------------  -----  ---------  --------  ----------  --------------  -------------------
/opt/airflow/dags/daily_summary.py    516  0.00s             1           0  0.14s           2025-10-24T19:10:38
================================================================================
[2025-10-24T19:11:38.937+0000] {manager.py:879} INFO - 
================================================================================
DAG File Processing Stats

File Path                             PID  Runtime      # DAGs    # Errors  Last Runtime    Last Run
----------------------------------  -----  ---------  --------  ----------  --------------  -------------------
/opt/airflow/dags/daily_summary.py    521  0.00s             1           0  0.14s           2025-10-24T19:11:08
================================================================================
[2025-10-24T19:12:09.293+0000] {manager.py:879} INFO - 
================================================================================
DAG File Processing Stats

File Path                             PID  Runtime      # DAGs    # Errors  Last Runtime    Last Run
----------------------------------  -----  ---------  --------  ----------  --------------  -------------------
/opt/airflow/dags/daily_summary.py    526  0.00s             1           0  0.15s           2025-10-24T19:11:39
================================================================================
[2025-10-24T19:12:18.447+0000] {manager.py:738} INFO - Searching for files in /opt/airflow/dags
[2025-10-24T19:12:18.472+0000] {manager.py:741} INFO - There are 1 files in /opt/airflow/dags
[2025-10-24T19:12:39.750+0000] {manager.py:879} INFO - 
================================================================================
DAG File Processing Stats

File Path                             PID  Runtime      # DAGs    # Errors  Last Runtime    Last Run
----------------------------------  -----  ---------  --------  ----------  --------------  -------------------
/opt/airflow/dags/daily_summary.py    531  0.00s             1           0  0.15s           2025-10-24T19:12:09
================================================================================
[2025-10-24T19:13:10.080+0000] {manager.py:879} INFO - 
================================================================================
DAG File Processing Stats

File Path                             PID  Runtime      # DAGs    # Errors  Last Runtime    Last Run
----------------------------------  -----  ---------  --------  ----------  --------------  -------------------
/opt/airflow/dags/daily_summary.py    536  0.00s             1           0  0.14s           2025-10-24T19:12:39
================================================================================
[2025-10-24T19:13:40.502+0000] {manager.py:879} INFO - 
================================================================================
DAG File Processing Stats

File Path                             PID  Runtime      # DAGs    # Errors  Last Runtime    Last Run
----------------------------------  -----  ---------  --------  ----------  --------------  -------------------
/opt/airflow/dags/daily_summary.py    541  0.00s             1           0  0.15s           2025-10-24T19:13:10
================================================================================
[2025-10-24T19:14:10.840+0000] {manager.py:879} INFO - 
================================================================================
DAG File Processing Stats

File Path                             PID  Runtime      # DAGs    # Errors  Last Runtime    Last Run
----------------------------------  -----  ---------  --------  ----------  --------------  -------------------
/opt/airflow/dags/daily_summary.py    546  0.00s             1           0  0.15s           2025-10-24T19:13:40
================================================================================
[2025-10-24T19:14:41.314+0000] {manager.py:879} INFO - 
================================================================================
DAG File Processing Stats

File Path                             PID  Runtime      # DAGs    # Errors  Last Runtime    Last Run
----------------------------------  -----  ---------  --------  ----------  --------------  -------------------
/opt/airflow/dags/daily_summary.py    551  0.00s             1           0  0.14s           2025-10-24T19:14:10
================================================================================
[2025-10-24T19:15:11.633+0000] {manager.py:879} INFO - 
================================================================================
DAG File Processing Stats

File Path                             PID  Runtime      # DAGs    # Errors  Last Runtime    Last Run
----------------------------------  -----  ---------  --------  ----------  --------------  -------------------
/opt/airflow/dags/daily_summary.py    556  0.00s             1           0  0.15s           2025-10-24T19:14:41
================================================================================
[2025-10-24T19:15:42.049+0000] {manager.py:879} INFO - 
================================================================================
DAG File Processing Stats

File Path                             PID  Runtime      # DAGs    # Errors  Last Runtime    Last Run
----------------------------------  -----  ---------  --------  ----------  --------------  -------------------
/opt/airflow/dags/daily_summary.py    561  0.00s             1           0  0.15s           2025-10-24T19:15:11
================================================================================
[2025-10-24T19:16:12.375+0000] {manager.py:879} INFO - 
================================================================================
DAG File Processing Stats

File Path                             PID  Runtime      # DAGs    # Errors  Last Runtime    Last Run
----------------------------------  -----  ---------  --------  ----------  --------------  -------------------
/opt/airflow/dags/daily_summary.py    566  0.00s             1           0  0.14s           2025-10-24T19:15:42
================================================================================
[2025-10-24T19:16:42.777+0000] {manager.py:879} INFO - 
================================================================================
DAG File Processing Stats

File Path                             PID  Runtime      # DAGs    # Errors  Last Runtime    Last Run
----------------------------------  -----  ---------  --------  ----------  --------------  -------------------
/opt/airflow/dags/daily_summary.py    571  0.00s             1           0  0.14s           2025-10-24T19:16:12
================================================================================
[2025-10-24T19:17:13.125+0000] {manager.py:879} INFO - 
================================================================================
DAG File Processing Stats

File Path                             PID  Runtime      # DAGs    # Errors  Last Runtime    Last Run
----------------------------------  -----  ---------  --------  ----------  --------------  -------------------
/opt/airflow/dags/daily_summary.py    576  0.00s             1           0  0.16s           2025-10-24T19:16:42
================================================================================
[2025-10-24T19:17:19.263+0000] {manager.py:738} INFO - Searching for files in /opt/airflow/dags
[2025-10-24T19:17:19.286+0000] {manager.py:741} INFO - There are 1 files in /opt/airflow/dags
[2025-10-24T19:17:43.577+0000] {manager.py:879} INFO - 
================================================================================
DAG File Processing Stats

File Path                             PID  Runtime      # DAGs    # Errors  Last Runtime    Last Run
----------------------------------  -----  ---------  --------  ----------  --------------  -------------------
/opt/airflow/dags/daily_summary.py    581  0.00s             1           0  0.15s           2025-10-24T19:17:13
================================================================================
[2025-10-24T19:18:13.915+0000] {manager.py:879} INFO - 
================================================================================
DAG File Processing Stats

File Path                             PID  Runtime      # DAGs    # Errors  Last Runtime    Last Run
----------------------------------  -----  ---------  --------  ----------  --------------  -------------------
/opt/airflow/dags/daily_summary.py    586  0.00s             1           0  0.14s           2025-10-24T19:17:43
================================================================================
[2025-10-24T19:18:44.301+0000] {manager.py:879} INFO - 
================================================================================
DAG File Processing Stats

File Path                             PID  Runtime      # DAGs    # Errors  Last Runtime    Last Run
----------------------------------  -----  ---------  --------  ----------  --------------  -------------------
/opt/airflow/dags/daily_summary.py    591  0.00s             1           0  0.15s           2025-10-24T19:18:14
================================================================================
[2025-10-24T19:19:14.597+0000] {manager.py:879} INFO - 
================================================================================
DAG File Processing Stats

File Path                             PID  Runtime      # DAGs    # Errors  Last Runtime    Last Run
----------------------------------  -----  ---------  --------  ----------  --------------  -------------------
/opt/airflow/dags/daily_summary.py    596  0.00s             1           0  0.14s           2025-10-24T19:18:44
================================================================================
[2025-10-24T19:19:45.056+0000] {manager.py:879} INFO - 
================================================================================
DAG File Processing Stats

File Path                             PID  Runtime      # DAGs    # Errors  Last Runtime    Last Run
----------------------------------  -----  ---------  --------  ----------  --------------  -------------------
/opt/airflow/dags/daily_summary.py    601  0.00s             1           0  0.15s           2025-10-24T19:19:14
================================================================================
[2025-10-24T19:20:15.365+0000] {manager.py:879} INFO - 
================================================================================
DAG File Processing Stats

File Path                             PID  Runtime      # DAGs    # Errors  Last Runtime    Last Run
----------------------------------  -----  ---------  --------  ----------  --------------  -------------------
/opt/airflow/dags/daily_summary.py    606  0.00s             1           0  0.14s           2025-10-24T19:19:45
================================================================================
[2025-10-24T19:20:45.726+0000] {manager.py:879} INFO - 
================================================================================
DAG File Processing Stats

File Path                             PID  Runtime      # DAGs    # Errors  Last Runtime    Last Run
----------------------------------  -----  ---------  --------  ----------  --------------  -------------------
/opt/airflow/dags/daily_summary.py    611  0.00s             1           0  0.15s           2025-10-24T19:20:15
================================================================================
[2025-10-24T19:21:16.033+0000] {manager.py:879} INFO - 
================================================================================
DAG File Processing Stats

File Path                             PID  Runtime      # DAGs    # Errors  Last Runtime    Last Run
----------------------------------  -----  ---------  --------  ----------  --------------  -------------------
/opt/airflow/dags/daily_summary.py    616  0.00s             1           0  0.15s           2025-10-24T19:20:45
================================================================================
[2025-10-24T19:21:46.499+0000] {manager.py:879} INFO - 
================================================================================
DAG File Processing Stats

File Path                             PID  Runtime      # DAGs    # Errors  Last Runtime    Last Run
----------------------------------  -----  ---------  --------  ----------  --------------  -------------------
/opt/airflow/dags/daily_summary.py    621  0.00s             1           0  0.15s           2025-10-24T19:21:16
================================================================================
[2025-10-24T19:22:16.813+0000] {manager.py:879} INFO - 
================================================================================
DAG File Processing Stats

File Path                             PID  Runtime      # DAGs    # Errors  Last Runtime    Last Run
----------------------------------  -----  ---------  --------  ----------  --------------  -------------------
/opt/airflow/dags/daily_summary.py    626  0.00s             1           0  0.14s           2025-10-24T19:21:46
================================================================================
[2025-10-24T19:22:19.913+0000] {manager.py:738} INFO - Searching for files in /opt/airflow/dags
[2025-10-24T19:22:19.935+0000] {manager.py:741} INFO - There are 1 files in /opt/airflow/dags
[2025-10-24T19:22:47.241+0000] {manager.py:879} INFO - 
================================================================================
DAG File Processing Stats

File Path                             PID  Runtime      # DAGs    # Errors  Last Runtime    Last Run
----------------------------------  -----  ---------  --------  ----------  --------------  -------------------
/opt/airflow/dags/daily_summary.py    631  0.00s             1           0  0.14s           2025-10-24T19:22:16
================================================================================
[2025-10-24T19:23:17.571+0000] {manager.py:879} INFO - 
================================================================================
DAG File Processing Stats

File Path                             PID  Runtime      # DAGs    # Errors  Last Runtime    Last Run
----------------------------------  -----  ---------  --------  ----------  --------------  -------------------
/opt/airflow/dags/daily_summary.py    636  0.00s             1           0  0.14s           2025-10-24T19:22:47
================================================================================
[2025-10-24T19:23:47.975+0000] {manager.py:879} INFO - 
================================================================================
DAG File Processing Stats

File Path                             PID  Runtime      # DAGs    # Errors  Last Runtime    Last Run
----------------------------------  -----  ---------  --------  ----------  --------------  -------------------
/opt/airflow/dags/daily_summary.py    641  0.00s             1           0  0.14s           2025-10-24T19:23:17
================================================================================
[2025-10-24T19:24:18.304+0000] {manager.py:879} INFO - 
================================================================================
DAG File Processing Stats

File Path                             PID  Runtime      # DAGs    # Errors  Last Runtime    Last Run
----------------------------------  -----  ---------  --------  ----------  --------------  -------------------
/opt/airflow/dags/daily_summary.py    646  0.00s             1           0  0.13s           2025-10-24T19:23:48
================================================================================
[2025-10-24T19:24:48.729+0000] {manager.py:879} INFO - 
================================================================================
DAG File Processing Stats

File Path                             PID  Runtime      # DAGs    # Errors  Last Runtime    Last Run
----------------------------------  -----  ---------  --------  ----------  --------------  -------------------
/opt/airflow/dags/daily_summary.py    651  0.00s             1           0  0.14s           2025-10-24T19:24:18
================================================================================
[2025-10-24T19:25:19.024+0000] {manager.py:879} INFO - 
================================================================================
DAG File Processing Stats

File Path                             PID  Runtime      # DAGs    # Errors  Last Runtime    Last Run
----------------------------------  -----  ---------  --------  ----------  --------------  -------------------
/opt/airflow/dags/daily_summary.py    656  0.00s             1           0  0.14s           2025-10-24T19:24:48
================================================================================
[2025-10-24T19:25:49.419+0000] {manager.py:879} INFO - 
================================================================================
DAG File Processing Stats

File Path                             PID  Runtime      # DAGs    # Errors  Last Runtime    Last Run
----------------------------------  -----  ---------  --------  ----------  --------------  -------------------
/opt/airflow/dags/daily_summary.py    661  0.00s             1           0  0.14s           2025-10-24T19:25:19
================================================================================
[2025-10-24T19:26:19.724+0000] {manager.py:879} INFO - 
================================================================================
DAG File Processing Stats

File Path                             PID  Runtime      # DAGs    # Errors  Last Runtime    Last Run
----------------------------------  -----  ---------  --------  ----------  --------------  -------------------
/opt/airflow/dags/daily_summary.py    666  0.00s             1           0  0.14s           2025-10-24T19:25:49
================================================================================
[2025-10-24T19:26:50.177+0000] {manager.py:879} INFO - 
================================================================================
DAG File Processing Stats

File Path                             PID  Runtime      # DAGs    # Errors  Last Runtime    Last Run
----------------------------------  -----  ---------  --------  ----------  --------------  -------------------
/opt/airflow/dags/daily_summary.py    671  0.00s             1           0  0.15s           2025-10-24T19:26:19
================================================================================
[2025-10-24T19:27:20.499+0000] {manager.py:738} INFO - Searching for files in /opt/airflow/dags
[2025-10-24T19:27:20.522+0000] {manager.py:741} INFO - There are 1 files in /opt/airflow/dags
[2025-10-24T19:27:20.537+0000] {manager.py:879} INFO - 
================================================================================
DAG File Processing Stats

File Path                             PID  Runtime      # DAGs    # Errors  Last Runtime    Last Run
----------------------------------  -----  ---------  --------  ----------  --------------  -------------------
/opt/airflow/dags/daily_summary.py    676  0.00s             1           0  0.14s           2025-10-24T19:26:50
================================================================================
[2025-10-24T19:27:50.952+0000] {manager.py:879} INFO - 
================================================================================
DAG File Processing Stats

File Path                             PID  Runtime      # DAGs    # Errors  Last Runtime    Last Run
----------------------------------  -----  ---------  --------  ----------  --------------  -------------------
/opt/airflow/dags/daily_summary.py    681  0.00s             1           0  0.15s           2025-10-24T19:27:20
================================================================================
[2025-10-24T19:28:21.279+0000] {manager.py:879} INFO - 
================================================================================
DAG File Processing Stats

File Path                             PID  Runtime      # DAGs    # Errors  Last Runtime    Last Run
----------------------------------  -----  ---------  --------  ----------  --------------  -------------------
/opt/airflow/dags/daily_summary.py    686  0.00s             1           0  0.14s           2025-10-24T19:27:51
================================================================================
[2025-10-24T19:28:51.746+0000] {manager.py:879} INFO - 
================================================================================
DAG File Processing Stats

File Path                             PID  Runtime      # DAGs    # Errors  Last Runtime    Last Run
----------------------------------  -----  ---------  --------  ----------  --------------  -------------------
/opt/airflow/dags/daily_summary.py    691  0.00s             1           0  0.16s           2025-10-24T19:28:21
================================================================================
[2025-10-24T19:29:22.085+0000] {manager.py:879} INFO - 
================================================================================
DAG File Processing Stats

File Path                             PID  Runtime      # DAGs    # Errors  Last Runtime    Last Run
----------------------------------  -----  ---------  --------  ----------  --------------  -------------------
/opt/airflow/dags/daily_summary.py    696  0.00s             1           0  0.14s           2025-10-24T19:28:51
================================================================================
[2025-10-24T19:29:52.500+0000] {manager.py:879} INFO - 
================================================================================
DAG File Processing Stats

File Path                             PID  Runtime      # DAGs    # Errors  Last Runtime    Last Run
----------------------------------  -----  ---------  --------  ----------  --------------  -------------------
/opt/airflow/dags/daily_summary.py    701  0.00s             1           0  0.15s           2025-10-24T19:29:22
================================================================================
[2025-10-24T19:30:22.817+0000] {manager.py:879} INFO - 
================================================================================
DAG File Processing Stats

File Path                             PID  Runtime      # DAGs    # Errors  Last Runtime    Last Run
----------------------------------  -----  ---------  --------  ----------  --------------  -------------------
/opt/airflow/dags/daily_summary.py    706  0.00s             1           0  0.15s           2025-10-24T19:29:52
================================================================================
[2025-10-24T19:30:53.211+0000] {manager.py:879} INFO - 
================================================================================
DAG File Processing Stats

File Path                             PID  Runtime      # DAGs    # Errors  Last Runtime    Last Run
----------------------------------  -----  ---------  --------  ----------  --------------  -------------------
/opt/airflow/dags/daily_summary.py    711  0.00s             1           0  0.14s           2025-10-24T19:30:22
================================================================================
[2025-10-24T19:31:23.518+0000] {manager.py:879} INFO - 
================================================================================
DAG File Processing Stats

File Path                             PID  Runtime      # DAGs    # Errors  Last Runtime    Last Run
----------------------------------  -----  ---------  --------  ----------  --------------  -------------------
/opt/airflow/dags/daily_summary.py    716  0.00s             1           0  0.15s           2025-10-24T19:30:53
================================================================================
[2025-10-24T19:31:53.947+0000] {manager.py:879} INFO - 
================================================================================
DAG File Processing Stats

File Path                             PID  Runtime      # DAGs    # Errors  Last Runtime    Last Run
----------------------------------  -----  ---------  --------  ----------  --------------  -------------------
/opt/airflow/dags/daily_summary.py    721  0.00s             1           0  0.14s           2025-10-24T19:31:23
================================================================================
[2025-10-24T19:32:21.181+0000] {manager.py:738} INFO - Searching for files in /opt/airflow/dags
[2025-10-24T19:32:21.201+0000] {manager.py:741} INFO - There are 1 files in /opt/airflow/dags
[2025-10-24T19:32:24.258+0000] {manager.py:879} INFO - 
================================================================================
DAG File Processing Stats

File Path                             PID  Runtime      # DAGs    # Errors  Last Runtime    Last Run
----------------------------------  -----  ---------  --------  ----------  --------------  -------------------
/opt/airflow/dags/daily_summary.py    726  0.00s             1           0  0.15s           2025-10-24T19:31:54
================================================================================
[2025-10-24T19:32:54.683+0000] {manager.py:879} INFO - 
================================================================================
DAG File Processing Stats

File Path                             PID  Runtime      # DAGs    # Errors  Last Runtime    Last Run
----------------------------------  -----  ---------  --------  ----------  --------------  -------------------
/opt/airflow/dags/daily_summary.py    731  0.00s             1           0  0.14s           2025-10-24T19:32:24
================================================================================
[2025-10-24T19:33:25.051+0000] {manager.py:879} INFO - 
================================================================================
DAG File Processing Stats

File Path                             PID  Runtime      # DAGs    # Errors  Last Runtime    Last Run
----------------------------------  -----  ---------  --------  ----------  --------------  -------------------
/opt/airflow/dags/daily_summary.py    736  0.00s             1           0  0.15s           2025-10-24T19:32:54
================================================================================
[2025-10-24T19:33:55.420+0000] {manager.py:879} INFO - 
================================================================================
DAG File Processing Stats

File Path                             PID  Runtime      # DAGs    # Errors  Last Runtime    Last Run
----------------------------------  -----  ---------  --------  ----------  --------------  -------------------
/opt/airflow/dags/daily_summary.py    741  0.00s             1           0  0.17s           2025-10-24T19:33:25
================================================================================
[2025-10-24T19:34:25.821+0000] {manager.py:879} INFO - 
================================================================================
DAG File Processing Stats

File Path                             PID  Runtime      # DAGs    # Errors  Last Runtime    Last Run
----------------------------------  -----  ---------  --------  ----------  --------------  -------------------
/opt/airflow/dags/daily_summary.py    746  0.00s             1           0  0.13s           2025-10-24T19:33:55
================================================================================
[2025-10-24T19:34:56.159+0000] {manager.py:879} INFO - 
================================================================================
DAG File Processing Stats

File Path                             PID  Runtime      # DAGs    # Errors  Last Runtime    Last Run
----------------------------------  -----  ---------  --------  ----------  --------------  -------------------
/opt/airflow/dags/daily_summary.py    751  0.00s             1           0  0.16s           2025-10-24T19:34:25
================================================================================
[2025-10-24T19:35:26.588+0000] {manager.py:879} INFO - 
================================================================================
DAG File Processing Stats

File Path                             PID  Runtime      # DAGs    # Errors  Last Runtime    Last Run
----------------------------------  -----  ---------  --------  ----------  --------------  -------------------
/opt/airflow/dags/daily_summary.py    756  0.00s             1           0  0.15s           2025-10-24T19:34:56
================================================================================
[2025-10-24T19:35:56.907+0000] {manager.py:879} INFO - 
================================================================================
DAG File Processing Stats

File Path                             PID  Runtime      # DAGs    # Errors  Last Runtime    Last Run
----------------------------------  -----  ---------  --------  ----------  --------------  -------------------
/opt/airflow/dags/daily_summary.py    761  0.00s             1           0  0.14s           2025-10-24T19:35:26
================================================================================
[2025-10-24T19:36:27.270+0000] {manager.py:879} INFO - 
================================================================================
DAG File Processing Stats

File Path                             PID  Runtime      # DAGs    # Errors  Last Runtime    Last Run
----------------------------------  -----  ---------  --------  ----------  --------------  -------------------
/opt/airflow/dags/daily_summary.py    766  0.00s             1           0  0.14s           2025-10-24T19:35:57
================================================================================
[2025-10-24T19:36:57.566+0000] {manager.py:879} INFO - 
================================================================================
DAG File Processing Stats

File Path                             PID  Runtime      # DAGs    # Errors  Last Runtime    Last Run
----------------------------------  -----  ---------  --------  ----------  --------------  -------------------
/opt/airflow/dags/daily_summary.py    771  0.00s             1           0  0.15s           2025-10-24T19:36:27
================================================================================
[2025-10-24T19:37:21.960+0000] {manager.py:738} INFO - Searching for files in /opt/airflow/dags
[2025-10-24T19:37:21.982+0000] {manager.py:741} INFO - There are 1 files in /opt/airflow/dags
[2025-10-24T19:37:28.064+0000] {manager.py:879} INFO - 
================================================================================
DAG File Processing Stats

File Path                             PID  Runtime      # DAGs    # Errors  Last Runtime    Last Run
----------------------------------  -----  ---------  --------  ----------  --------------  -------------------
/opt/airflow/dags/daily_summary.py    776  0.00s             1           0  0.15s           2025-10-24T19:36:57
================================================================================
[2025-10-24T19:37:58.384+0000] {manager.py:879} INFO - 
================================================================================
DAG File Processing Stats

File Path                             PID  Runtime      # DAGs    # Errors  Last Runtime    Last Run
----------------------------------  -----  ---------  --------  ----------  --------------  -------------------
/opt/airflow/dags/daily_summary.py    781  0.00s             1           0  0.16s           2025-10-24T19:37:28
================================================================================
[2025-10-24T19:38:28.899+0000] {manager.py:879} INFO - 
================================================================================
DAG File Processing Stats

File Path                             PID  Runtime      # DAGs    # Errors  Last Runtime    Last Run
----------------------------------  -----  ---------  --------  ----------  --------------  -------------------
/opt/airflow/dags/daily_summary.py    786  0.01s             1           0  0.14s           2025-10-24T19:37:58
================================================================================
[2025-10-24T19:38:59.202+0000] {manager.py:879} INFO - 
================================================================================
DAG File Processing Stats

File Path                           PID    Runtime      # DAGs    # Errors  Last Runtime    Last Run
----------------------------------  -----  ---------  --------  ----------  --------------  -------------------
/opt/airflow/dags/daily_summary.py                           1           0  0.58s           2025-10-24T19:38:29
================================================================================
[2025-10-24T19:39:30.043+0000] {manager.py:879} INFO - 
================================================================================
DAG File Processing Stats

File Path                             PID  Runtime      # DAGs    # Errors  Last Runtime    Last Run
----------------------------------  -----  ---------  --------  ----------  --------------  -------------------
/opt/airflow/dags/daily_summary.py    796  0.00s             1           0  0.14s           2025-10-24T19:38:59
================================================================================
[2025-10-24T19:40:00.500+0000] {manager.py:879} INFO - 
================================================================================
DAG File Processing Stats

File Path                             PID  Runtime      # DAGs    # Errors  Last Runtime    Last Run
----------------------------------  -----  ---------  --------  ----------  --------------  -------------------
/opt/airflow/dags/daily_summary.py    801  0.00s             1           0  0.13s           2025-10-24T19:39:30
================================================================================
[2025-10-24T19:40:30.841+0000] {manager.py:879} INFO - 
================================================================================
DAG File Processing Stats

File Path                             PID  Runtime      # DAGs    # Errors  Last Runtime    Last Run
----------------------------------  -----  ---------  --------  ----------  --------------  -------------------
/opt/airflow/dags/daily_summary.py    806  0.00s             1           0  0.15s           2025-10-24T19:40:00
================================================================================
[2025-10-24T19:41:01.253+0000] {manager.py:879} INFO - 
================================================================================
DAG File Processing Stats

File Path                             PID  Runtime      # DAGs    # Errors  Last Runtime    Last Run
----------------------------------  -----  ---------  --------  ----------  --------------  -------------------
/opt/airflow/dags/daily_summary.py    811  0.00s             1           0  0.14s           2025-10-24T19:40:30
================================================================================
[2025-10-24T19:41:31.614+0000] {manager.py:879} INFO - 
================================================================================
DAG File Processing Stats

File Path                             PID  Runtime      # DAGs    # Errors  Last Runtime    Last Run
----------------------------------  -----  ---------  --------  ----------  --------------  -------------------
/opt/airflow/dags/daily_summary.py    816  0.00s             1           0  0.15s           2025-10-24T19:41:01
================================================================================
[2025-10-24T19:42:02.014+0000] {manager.py:879} INFO - 
================================================================================
DAG File Processing Stats

File Path                             PID  Runtime      # DAGs    # Errors  Last Runtime    Last Run
----------------------------------  -----  ---------  --------  ----------  --------------  -------------------
/opt/airflow/dags/daily_summary.py    821  0.00s             1           0  0.15s           2025-10-24T19:41:31
================================================================================
[2025-10-24T19:42:22.211+0000] {manager.py:738} INFO - Searching for files in /opt/airflow/dags
[2025-10-24T19:42:22.236+0000] {manager.py:741} INFO - There are 1 files in /opt/airflow/dags
[2025-10-24T19:42:32.342+0000] {manager.py:879} INFO - 
================================================================================
DAG File Processing Stats

File Path                             PID  Runtime      # DAGs    # Errors  Last Runtime    Last Run
----------------------------------  -----  ---------  --------  ----------  --------------  -------------------
/opt/airflow/dags/daily_summary.py    826  0.00s             1           0  0.14s           2025-10-24T19:42:02
================================================================================
[2025-10-24T19:43:02.815+0000] {manager.py:879} INFO - 
================================================================================
DAG File Processing Stats

File Path                             PID  Runtime      # DAGs    # Errors  Last Runtime    Last Run
----------------------------------  -----  ---------  --------  ----------  --------------  -------------------
/opt/airflow/dags/daily_summary.py    831  0.00s             1           0  0.15s           2025-10-24T19:42:32
================================================================================
[2025-10-24T19:43:33.118+0000] {manager.py:879} INFO - 
================================================================================
DAG File Processing Stats

File Path                             PID  Runtime      # DAGs    # Errors  Last Runtime    Last Run
----------------------------------  -----  ---------  --------  ----------  --------------  -------------------
/opt/airflow/dags/daily_summary.py    836  0.00s             1           0  0.15s           2025-10-24T19:43:02
================================================================================
[2025-10-24T19:44:03.566+0000] {manager.py:879} INFO - 
================================================================================
DAG File Processing Stats

File Path                             PID  Runtime      # DAGs    # Errors  Last Runtime    Last Run
----------------------------------  -----  ---------  --------  ----------  --------------  -------------------
/opt/airflow/dags/daily_summary.py    841  0.00s             1           0  0.15s           2025-10-24T19:43:33
================================================================================
[2025-10-24T19:44:33.841+0000] {manager.py:879} INFO - 
================================================================================
DAG File Processing Stats

File Path                             PID  Runtime      # DAGs    # Errors  Last Runtime    Last Run
----------------------------------  -----  ---------  --------  ----------  --------------  -------------------
/opt/airflow/dags/daily_summary.py    846  0.00s             1           0  0.15s           2025-10-24T19:44:03
================================================================================
[2025-10-24T19:45:04.233+0000] {manager.py:879} INFO - 
================================================================================
DAG File Processing Stats

File Path                             PID  Runtime      # DAGs    # Errors  Last Runtime    Last Run
----------------------------------  -----  ---------  --------  ----------  --------------  -------------------
/opt/airflow/dags/daily_summary.py    851  0.00s             1           0  0.13s           2025-10-24T19:44:33
================================================================================
[2025-10-24T19:45:34.548+0000] {manager.py:879} INFO - 
================================================================================
DAG File Processing Stats

File Path                             PID  Runtime      # DAGs    # Errors  Last Runtime    Last Run
----------------------------------  -----  ---------  --------  ----------  --------------  -------------------
/opt/airflow/dags/daily_summary.py    856  0.00s             1           0  0.16s           2025-10-24T19:45:04
================================================================================
[2025-10-24T19:46:05.005+0000] {manager.py:879} INFO - 
================================================================================
DAG File Processing Stats

File Path                             PID  Runtime      # DAGs    # Errors  Last Runtime    Last Run
----------------------------------  -----  ---------  --------  ----------  --------------  -------------------
/opt/airflow/dags/daily_summary.py    861  0.00s             1           0  0.14s           2025-10-24T19:45:34
================================================================================
[2025-10-24T19:46:35.327+0000] {manager.py:879} INFO - 
================================================================================
DAG File Processing Stats

File Path                             PID  Runtime      # DAGs    # Errors  Last Runtime    Last Run
----------------------------------  -----  ---------  --------  ----------  --------------  -------------------
/opt/airflow/dags/daily_summary.py    866  0.00s             1           0  0.15s           2025-10-24T19:46:05
================================================================================
[2025-10-24T19:47:05.797+0000] {manager.py:879} INFO - 
================================================================================
DAG File Processing Stats

File Path                             PID  Runtime      # DAGs    # Errors  Last Runtime    Last Run
----------------------------------  -----  ---------  --------  ----------  --------------  -------------------
/opt/airflow/dags/daily_summary.py    871  0.00s             1           0  0.16s           2025-10-24T19:46:35
================================================================================
[2025-10-24T19:47:22.971+0000] {manager.py:738} INFO - Searching for files in /opt/airflow/dags
[2025-10-24T19:47:22.994+0000] {manager.py:741} INFO - There are 1 files in /opt/airflow/dags
[2025-10-24T19:47:36.143+0000] {manager.py:879} INFO - 
================================================================================
DAG File Processing Stats

File Path                             PID  Runtime      # DAGs    # Errors  Last Runtime    Last Run
----------------------------------  -----  ---------  --------  ----------  --------------  -------------------
/opt/airflow/dags/daily_summary.py    876  0.00s             1           0  0.16s           2025-10-24T19:47:05
================================================================================
[2025-10-24T19:48:06.554+0000] {manager.py:879} INFO - 
================================================================================
DAG File Processing Stats

File Path                             PID  Runtime      # DAGs    # Errors  Last Runtime    Last Run
----------------------------------  -----  ---------  --------  ----------  --------------  -------------------
/opt/airflow/dags/daily_summary.py    881  0.00s             1           0  0.15s           2025-10-24T19:47:36
================================================================================
[2025-10-24T19:48:36.852+0000] {manager.py:879} INFO - 
================================================================================
DAG File Processing Stats

File Path                             PID  Runtime      # DAGs    # Errors  Last Runtime    Last Run
----------------------------------  -----  ---------  --------  ----------  --------------  -------------------
/opt/airflow/dags/daily_summary.py    886  0.00s             1           0  0.13s           2025-10-24T19:48:06
================================================================================
[2025-10-24T19:49:07.234+0000] {manager.py:879} INFO - 
================================================================================
DAG File Processing Stats

File Path                             PID  Runtime      # DAGs    # Errors  Last Runtime    Last Run
----------------------------------  -----  ---------  --------  ----------  --------------  -------------------
/opt/airflow/dags/daily_summary.py    891  0.00s             1           0  0.14s           2025-10-24T19:48:36
================================================================================
[2025-10-24T19:49:37.583+0000] {manager.py:879} INFO - 
================================================================================
DAG File Processing Stats

File Path                             PID  Runtime      # DAGs    # Errors  Last Runtime    Last Run
----------------------------------  -----  ---------  --------  ----------  --------------  -------------------
/opt/airflow/dags/daily_summary.py    896  0.00s             1           0  0.15s           2025-10-24T19:49:07
================================================================================
[2025-10-24T19:50:07.971+0000] {manager.py:879} INFO - 
================================================================================
DAG File Processing Stats

File Path                             PID  Runtime      # DAGs    # Errors  Last Runtime    Last Run
----------------------------------  -----  ---------  --------  ----------  --------------  -------------------
/opt/airflow/dags/daily_summary.py    901  0.00s             1           0  0.14s           2025-10-24T19:49:37
================================================================================
[2025-10-24T19:50:38.212+0000] {manager.py:879} INFO - 
================================================================================
DAG File Processing Stats

File Path                             PID  Runtime      # DAGs    # Errors  Last Runtime    Last Run
----------------------------------  -----  ---------  --------  ----------  --------------  -------------------
/opt/airflow/dags/daily_summary.py    906  0.00s             1           0  0.15s           2025-10-24T19:50:08
================================================================================
[2025-10-24T19:51:08.528+0000] {manager.py:879} INFO - 
================================================================================
DAG File Processing Stats

File Path                             PID  Runtime      # DAGs    # Errors  Last Runtime    Last Run
----------------------------------  -----  ---------  --------  ----------  --------------  -------------------
/opt/airflow/dags/daily_summary.py    911  0.00s             1           0  0.14s           2025-10-24T19:50:38
================================================================================
[2025-10-24T19:51:39.002+0000] {manager.py:879} INFO - 
================================================================================
DAG File Processing Stats

File Path                             PID  Runtime      # DAGs    # Errors  Last Runtime    Last Run
----------------------------------  -----  ---------  --------  ----------  --------------  -------------------
/opt/airflow/dags/daily_summary.py    916  0.00s             1           0  0.15s           2025-10-24T19:51:08
================================================================================
[2025-10-24T19:52:09.284+0000] {manager.py:879} INFO - 
================================================================================
DAG File Processing Stats

File Path                             PID  Runtime      # DAGs    # Errors  Last Runtime    Last Run
----------------------------------  -----  ---------  --------  ----------  --------------  -------------------
/opt/airflow/dags/daily_summary.py    921  0.00s             1           0  0.14s           2025-10-24T19:51:39
================================================================================
[2025-10-24T19:52:23.551+0000] {manager.py:738} INFO - Searching for files in /opt/airflow/dags
[2025-10-24T19:52:23.573+0000] {manager.py:741} INFO - There are 1 files in /opt/airflow/dags
[2025-10-24T19:52:39.761+0000] {manager.py:879} INFO - 
================================================================================
DAG File Processing Stats

File Path                             PID  Runtime      # DAGs    # Errors  Last Runtime    Last Run
----------------------------------  -----  ---------  --------  ----------  --------------  -------------------
/opt/airflow/dags/daily_summary.py    926  0.00s             1           0  0.14s           2025-10-24T19:52:09
================================================================================
[2025-10-24T19:53:10.068+0000] {manager.py:879} INFO - 
================================================================================
DAG File Processing Stats

File Path                             PID  Runtime      # DAGs    # Errors  Last Runtime    Last Run
----------------------------------  -----  ---------  --------  ----------  --------------  -------------------
/opt/airflow/dags/daily_summary.py    931  0.00s             1           0  0.14s           2025-10-24T19:52:39
================================================================================
[2025-10-24T19:53:40.480+0000] {manager.py:879} INFO - 
================================================================================
DAG File Processing Stats

File Path                             PID  Runtime      # DAGs    # Errors  Last Runtime    Last Run
----------------------------------  -----  ---------  --------  ----------  --------------  -------------------
/opt/airflow/dags/daily_summary.py    936  0.00s             1           0  0.14s           2025-10-24T19:53:10
================================================================================
[2025-10-24T19:54:10.840+0000] {manager.py:879} INFO - 
================================================================================
DAG File Processing Stats

File Path                             PID  Runtime      # DAGs    # Errors  Last Runtime    Last Run
----------------------------------  -----  ---------  --------  ----------  --------------  -------------------
/opt/airflow/dags/daily_summary.py    941  0.00s             1           0  0.14s           2025-10-24T19:53:40
================================================================================
[2025-10-24T19:54:41.183+0000] {manager.py:879} INFO - 
================================================================================
DAG File Processing Stats

File Path                             PID  Runtime      # DAGs    # Errors  Last Runtime    Last Run
----------------------------------  -----  ---------  --------  ----------  --------------  -------------------
/opt/airflow/dags/daily_summary.py    946  0.00s             1           0  0.15s           2025-10-24T19:54:10
================================================================================
[2025-10-24T19:55:11.489+0000] {manager.py:879} INFO - 
================================================================================
DAG File Processing Stats

File Path                             PID  Runtime      # DAGs    # Errors  Last Runtime    Last Run
----------------------------------  -----  ---------  --------  ----------  --------------  -------------------
/opt/airflow/dags/daily_summary.py    951  0.00s             1           0  0.14s           2025-10-24T19:54:41
================================================================================
[2025-10-24T19:55:41.964+0000] {manager.py:879} INFO - 
================================================================================
DAG File Processing Stats

File Path                             PID  Runtime      # DAGs    # Errors  Last Runtime    Last Run
----------------------------------  -----  ---------  --------  ----------  --------------  -------------------
/opt/airflow/dags/daily_summary.py    956  0.00s             1           0  0.15s           2025-10-24T19:55:11
================================================================================
[2025-10-24T19:56:12.307+0000] {manager.py:879} INFO - 
================================================================================
DAG File Processing Stats

File Path                             PID  Runtime      # DAGs    # Errors  Last Runtime    Last Run
----------------------------------  -----  ---------  --------  ----------  --------------  -------------------
/opt/airflow/dags/daily_summary.py    961  0.00s             1           0  0.14s           2025-10-24T19:55:42
================================================================================
[2025-10-24T19:56:42.661+0000] {manager.py:879} INFO - 
================================================================================
DAG File Processing Stats

File Path                             PID  Runtime      # DAGs    # Errors  Last Runtime    Last Run
----------------------------------  -----  ---------  --------  ----------  --------------  -------------------
/opt/airflow/dags/daily_summary.py    966  0.00s             1           0  0.14s           2025-10-24T19:56:12
================================================================================
[2025-10-24T19:57:13.061+0000] {manager.py:879} INFO - 
================================================================================
DAG File Processing Stats

File Path                             PID  Runtime      # DAGs    # Errors  Last Runtime    Last Run
----------------------------------  -----  ---------  --------  ----------  --------------  -------------------
/opt/airflow/dags/daily_summary.py    971  0.00s             1           0  0.14s           2025-10-24T19:56:42
================================================================================
[2025-10-24T19:57:24.181+0000] {manager.py:738} INFO - Searching for files in /opt/airflow/dags
[2025-10-24T19:57:24.206+0000] {manager.py:741} INFO - There are 1 files in /opt/airflow/dags
[2025-10-24T19:57:43.421+0000] {manager.py:879} INFO - 
================================================================================
DAG File Processing Stats

File Path                             PID  Runtime      # DAGs    # Errors  Last Runtime    Last Run
----------------------------------  -----  ---------  --------  ----------  --------------  -------------------
/opt/airflow/dags/daily_summary.py    976  0.00s             1           0  0.15s           2025-10-24T19:57:13
================================================================================
[2025-10-24T19:58:13.778+0000] {manager.py:879} INFO - 
================================================================================
DAG File Processing Stats

File Path                             PID  Runtime      # DAGs    # Errors  Last Runtime    Last Run
----------------------------------  -----  ---------  --------  ----------  --------------  -------------------
/opt/airflow/dags/daily_summary.py    981  0.00s             1           0  0.13s           2025-10-24T19:57:43
================================================================================
[2025-10-24T19:58:44.179+0000] {manager.py:879} INFO - 
================================================================================
DAG File Processing Stats

File Path                             PID  Runtime      # DAGs    # Errors  Last Runtime    Last Run
----------------------------------  -----  ---------  --------  ----------  --------------  -------------------
/opt/airflow/dags/daily_summary.py    986  0.00s             1           0  0.16s           2025-10-24T19:58:13
================================================================================
[2025-10-24T19:59:14.477+0000] {manager.py:879} INFO - 
================================================================================
DAG File Processing Stats

File Path                             PID  Runtime      # DAGs    # Errors  Last Runtime    Last Run
----------------------------------  -----  ---------  --------  ----------  --------------  -------------------
/opt/airflow/dags/daily_summary.py    991  0.00s             1           0  0.14s           2025-10-24T19:58:44
================================================================================
[2025-10-24T19:59:44.877+0000] {manager.py:879} INFO - 
================================================================================
DAG File Processing Stats

File Path                             PID  Runtime      # DAGs    # Errors  Last Runtime    Last Run
----------------------------------  -----  ---------  --------  ----------  --------------  -------------------
/opt/airflow/dags/daily_summary.py    996  0.00s             1           0  0.14s           2025-10-24T19:59:14
================================================================================
[2025-10-24T20:00:15.171+0000] {manager.py:879} INFO - 
================================================================================
DAG File Processing Stats

File Path                             PID  Runtime      # DAGs    # Errors  Last Runtime    Last Run
----------------------------------  -----  ---------  --------  ----------  --------------  -------------------
/opt/airflow/dags/daily_summary.py   1001  0.00s             1           0  0.14s           2025-10-24T19:59:45
================================================================================
[2025-10-24T20:00:45.547+0000] {manager.py:879} INFO - 
================================================================================
DAG File Processing Stats

File Path                             PID  Runtime      # DAGs    # Errors  Last Runtime    Last Run
----------------------------------  -----  ---------  --------  ----------  --------------  -------------------
/opt/airflow/dags/daily_summary.py   1006  0.00s             1           0  0.15s           2025-10-24T20:00:15
================================================================================
[2025-10-24T20:01:15.839+0000] {manager.py:879} INFO - 
================================================================================
DAG File Processing Stats

File Path                             PID  Runtime      # DAGs    # Errors  Last Runtime    Last Run
----------------------------------  -----  ---------  --------  ----------  --------------  -------------------
/opt/airflow/dags/daily_summary.py   1011  0.00s             1           0  0.14s           2025-10-24T20:00:45
================================================================================
[2025-10-24T20:01:46.274+0000] {manager.py:879} INFO - 
================================================================================
DAG File Processing Stats

File Path                             PID  Runtime      # DAGs    # Errors  Last Runtime    Last Run
----------------------------------  -----  ---------  --------  ----------  --------------  -------------------
/opt/airflow/dags/daily_summary.py   1016  0.00s             1           0  0.14s           2025-10-24T20:01:15
================================================================================
[2025-10-24T20:02:16.611+0000] {manager.py:879} INFO - 
================================================================================
DAG File Processing Stats

File Path                             PID  Runtime      # DAGs    # Errors  Last Runtime    Last Run
----------------------------------  -----  ---------  --------  ----------  --------------  -------------------
/opt/airflow/dags/daily_summary.py   1021  0.00s             1           0  0.15s           2025-10-24T20:01:46
================================================================================
[2025-10-24T20:02:24.788+0000] {manager.py:738} INFO - Searching for files in /opt/airflow/dags
[2025-10-24T20:02:24.808+0000] {manager.py:741} INFO - There are 1 files in /opt/airflow/dags
[2025-10-24T20:02:47.021+0000] {manager.py:879} INFO - 
================================================================================
DAG File Processing Stats

File Path                             PID  Runtime      # DAGs    # Errors  Last Runtime    Last Run
----------------------------------  -----  ---------  --------  ----------  --------------  -------------------
/opt/airflow/dags/daily_summary.py   1026  0.00s             1           0  0.17s           2025-10-24T20:02:16
================================================================================
[2025-10-24T20:03:17.336+0000] {manager.py:879} INFO - 
================================================================================
DAG File Processing Stats

File Path                             PID  Runtime      # DAGs    # Errors  Last Runtime    Last Run
----------------------------------  -----  ---------  --------  ----------  --------------  -------------------
/opt/airflow/dags/daily_summary.py   1031  0.00s             1           0  0.15s           2025-10-24T20:02:47
================================================================================
[2025-10-24T20:03:47.760+0000] {manager.py:879} INFO - 
================================================================================
DAG File Processing Stats

File Path                             PID  Runtime      # DAGs    # Errors  Last Runtime    Last Run
----------------------------------  -----  ---------  --------  ----------  --------------  -------------------
/opt/airflow/dags/daily_summary.py   1036  0.00s             1           0  0.14s           2025-10-24T20:03:17
================================================================================
[2025-10-24T20:04:18.093+0000] {manager.py:879} INFO - 
================================================================================
DAG File Processing Stats

File Path                             PID  Runtime      # DAGs    # Errors  Last Runtime    Last Run
----------------------------------  -----  ---------  --------  ----------  --------------  -------------------
/opt/airflow/dags/daily_summary.py   1041  0.00s             1           0  0.14s           2025-10-24T20:03:47
================================================================================
[2025-10-24T20:04:48.503+0000] {manager.py:879} INFO - 
================================================================================
DAG File Processing Stats

File Path                             PID  Runtime      # DAGs    # Errors  Last Runtime    Last Run
----------------------------------  -----  ---------  --------  ----------  --------------  -------------------
/opt/airflow/dags/daily_summary.py   1046  0.00s             1           0  0.14s           2025-10-24T20:04:18
================================================================================
[2025-10-24T20:05:18.838+0000] {manager.py:879} INFO - 
================================================================================
DAG File Processing Stats

File Path                             PID  Runtime      # DAGs    # Errors  Last Runtime    Last Run
----------------------------------  -----  ---------  --------  ----------  --------------  -------------------
/opt/airflow/dags/daily_summary.py   1051  0.00s             1           0  0.13s           2025-10-24T20:04:48
================================================================================
[2025-10-24T20:05:49.207+0000] {manager.py:879} INFO - 
================================================================================
DAG File Processing Stats

File Path                             PID  Runtime      # DAGs    # Errors  Last Runtime    Last Run
----------------------------------  -----  ---------  --------  ----------  --------------  -------------------
/opt/airflow/dags/daily_summary.py   1056  0.00s             1           0  0.15s           2025-10-24T20:05:18
================================================================================
[2025-10-24T20:06:19.524+0000] {manager.py:879} INFO - 
================================================================================
DAG File Processing Stats

File Path                             PID  Runtime      # DAGs    # Errors  Last Runtime    Last Run
----------------------------------  -----  ---------  --------  ----------  --------------  -------------------
/opt/airflow/dags/daily_summary.py   1061  0.00s             1           0  0.14s           2025-10-24T20:05:49
================================================================================
[2025-10-24T20:06:49.887+0000] {manager.py:879} INFO - 
================================================================================
DAG File Processing Stats

File Path                             PID  Runtime      # DAGs    # Errors  Last Runtime    Last Run
----------------------------------  -----  ---------  --------  ----------  --------------  -------------------
/opt/airflow/dags/daily_summary.py   1066  0.00s             1           0  0.15s           2025-10-24T20:06:19
================================================================================
[2025-10-24T20:07:20.128+0000] {manager.py:879} INFO - 
================================================================================
DAG File Processing Stats

File Path                             PID  Runtime      # DAGs    # Errors  Last Runtime    Last Run
----------------------------------  -----  ---------  --------  ----------  --------------  -------------------
/opt/airflow/dags/daily_summary.py   1071  0.00s             1           0  0.14s           2025-10-24T20:06:50
================================================================================
[2025-10-24T20:07:25.169+0000] {manager.py:738} INFO - Searching for files in /opt/airflow/dags
[2025-10-24T20:07:25.185+0000] {manager.py:741} INFO - There are 1 files in /opt/airflow/dags
[2025-10-24T20:07:50.428+0000] {manager.py:879} INFO - 
================================================================================
DAG File Processing Stats

File Path                             PID  Runtime      # DAGs    # Errors  Last Runtime    Last Run
----------------------------------  -----  ---------  --------  ----------  --------------  -------------------
/opt/airflow/dags/daily_summary.py   1076  0.00s             1           0  0.15s           2025-10-24T20:07:20
================================================================================
[2025-10-24T20:08:20.903+0000] {manager.py:879} INFO - 
================================================================================
DAG File Processing Stats

File Path                             PID  Runtime      # DAGs    # Errors  Last Runtime    Last Run
----------------------------------  -----  ---------  --------  ----------  --------------  -------------------
/opt/airflow/dags/daily_summary.py   1081  0.00s             1           0  0.13s           2025-10-24T20:07:50
================================================================================
[2025-10-24T20:08:51.197+0000] {manager.py:879} INFO - 
================================================================================
DAG File Processing Stats

File Path                             PID  Runtime      # DAGs    # Errors  Last Runtime    Last Run
----------------------------------  -----  ---------  --------  ----------  --------------  -------------------
/opt/airflow/dags/daily_summary.py   1086  0.00s             1           0  0.14s           2025-10-24T20:08:21
================================================================================
[2025-10-24T20:09:21.550+0000] {manager.py:879} INFO - 
================================================================================
DAG File Processing Stats

File Path                             PID  Runtime      # DAGs    # Errors  Last Runtime    Last Run
----------------------------------  -----  ---------  --------  ----------  --------------  -------------------
/opt/airflow/dags/daily_summary.py   1091  0.00s             1           0  0.13s           2025-10-24T20:08:51
================================================================================
[2025-10-24T20:09:51.926+0000] {manager.py:879} INFO - 
================================================================================
DAG File Processing Stats

File Path                             PID  Runtime      # DAGs    # Errors  Last Runtime    Last Run
----------------------------------  -----  ---------  --------  ----------  --------------  -------------------
/opt/airflow/dags/daily_summary.py   1096  0.00s             1           0  0.14s           2025-10-24T20:09:21
================================================================================
[2025-10-24T20:10:22.224+0000] {manager.py:879} INFO - 
================================================================================
DAG File Processing Stats

File Path                             PID  Runtime      # DAGs    # Errors  Last Runtime    Last Run
----------------------------------  -----  ---------  --------  ----------  --------------  -------------------
/opt/airflow/dags/daily_summary.py   1101  0.00s             1           0  0.14s           2025-10-24T20:09:52
================================================================================
[2025-10-24T20:10:52.594+0000] {manager.py:879} INFO - 
================================================================================
DAG File Processing Stats

File Path                             PID  Runtime      # DAGs    # Errors  Last Runtime    Last Run
----------------------------------  -----  ---------  --------  ----------  --------------  -------------------
/opt/airflow/dags/daily_summary.py   1106  0.00s             1           0  0.15s           2025-10-24T20:10:22
================================================================================
[2025-10-24T20:11:22.910+0000] {manager.py:879} INFO - 
================================================================================
DAG File Processing Stats

File Path                             PID  Runtime      # DAGs    # Errors  Last Runtime    Last Run
----------------------------------  -----  ---------  --------  ----------  --------------  -------------------
/opt/airflow/dags/daily_summary.py   1111  0.00s             1           0  0.15s           2025-10-24T20:10:52
================================================================================
[2025-10-24T20:11:53.317+0000] {manager.py:879} INFO - 
================================================================================
DAG File Processing Stats

File Path                             PID  Runtime      # DAGs    # Errors  Last Runtime    Last Run
----------------------------------  -----  ---------  --------  ----------  --------------  -------------------
/opt/airflow/dags/daily_summary.py   1116  0.00s             1           0  0.15s           2025-10-24T20:11:23
================================================================================
[2025-10-24T20:12:23.667+0000] {manager.py:879} INFO - 
================================================================================
DAG File Processing Stats

File Path                             PID  Runtime      # DAGs    # Errors  Last Runtime    Last Run
----------------------------------  -----  ---------  --------  ----------  --------------  -------------------
/opt/airflow/dags/daily_summary.py   1121  0.00s             1           0  0.15s           2025-10-24T20:11:53
================================================================================
[2025-10-24T20:12:25.752+0000] {manager.py:738} INFO - Searching for files in /opt/airflow/dags
[2025-10-24T20:12:25.775+0000] {manager.py:741} INFO - There are 1 files in /opt/airflow/dags
[2025-10-24T20:12:54.064+0000] {manager.py:879} INFO - 
================================================================================
DAG File Processing Stats

File Path                             PID  Runtime      # DAGs    # Errors  Last Runtime    Last Run
----------------------------------  -----  ---------  --------  ----------  --------------  -------------------
/opt/airflow/dags/daily_summary.py   1126  0.00s             1           0  0.14s           2025-10-24T20:12:23
================================================================================
[2025-10-24T20:13:24.345+0000] {manager.py:879} INFO - 
================================================================================
DAG File Processing Stats

File Path                             PID  Runtime      # DAGs    # Errors  Last Runtime    Last Run
----------------------------------  -----  ---------  --------  ----------  --------------  -------------------
/opt/airflow/dags/daily_summary.py   1131  0.00s             1           0  0.14s           2025-10-24T20:12:54
================================================================================
[2025-10-24T20:13:54.658+0000] {manager.py:879} INFO - 
================================================================================
DAG File Processing Stats

File Path                             PID  Runtime      # DAGs    # Errors  Last Runtime    Last Run
----------------------------------  -----  ---------  --------  ----------  --------------  -------------------
/opt/airflow/dags/daily_summary.py   1136  0.00s             1           0  0.13s           2025-10-24T20:13:24
================================================================================
[2025-10-24T20:14:25.084+0000] {manager.py:879} INFO - 
================================================================================
DAG File Processing Stats

File Path                             PID  Runtime      # DAGs    # Errors  Last Runtime    Last Run
----------------------------------  -----  ---------  --------  ----------  --------------  -------------------
/opt/airflow/dags/daily_summary.py   1141  0.00s             1           0  0.14s           2025-10-24T20:13:54
================================================================================
[2025-10-24T20:14:55.399+0000] {manager.py:879} INFO - 
================================================================================
DAG File Processing Stats

File Path                             PID  Runtime      # DAGs    # Errors  Last Runtime    Last Run
----------------------------------  -----  ---------  --------  ----------  --------------  -------------------
/opt/airflow/dags/daily_summary.py   1146  0.00s             1           0  0.13s           2025-10-24T20:14:25
================================================================================
[2025-10-24T20:15:25.848+0000] {manager.py:879} INFO - 
================================================================================
DAG File Processing Stats

File Path                             PID  Runtime      # DAGs    # Errors  Last Runtime    Last Run
----------------------------------  -----  ---------  --------  ----------  --------------  -------------------
/opt/airflow/dags/daily_summary.py   1151  0.00s             1           0  0.14s           2025-10-24T20:14:55
================================================================================
[2025-10-24T20:15:56.179+0000] {manager.py:879} INFO - 
================================================================================
DAG File Processing Stats

File Path                             PID  Runtime      # DAGs    # Errors  Last Runtime    Last Run
----------------------------------  -----  ---------  --------  ----------  --------------  -------------------
/opt/airflow/dags/daily_summary.py   1156  0.00s             1           0  0.16s           2025-10-24T20:15:26
================================================================================
[2025-10-24T20:16:26.592+0000] {manager.py:879} INFO - 
================================================================================
DAG File Processing Stats

File Path                             PID  Runtime      # DAGs    # Errors  Last Runtime    Last Run
----------------------------------  -----  ---------  --------  ----------  --------------  -------------------
/opt/airflow/dags/daily_summary.py   1161  0.00s             1           0  0.15s           2025-10-24T20:15:56
================================================================================
[2025-10-24T20:16:56.951+0000] {manager.py:879} INFO - 
================================================================================
DAG File Processing Stats

File Path                             PID  Runtime      # DAGs    # Errors  Last Runtime    Last Run
----------------------------------  -----  ---------  --------  ----------  --------------  -------------------
/opt/airflow/dags/daily_summary.py   1166  0.00s             1           0  0.14s           2025-10-24T20:16:26
================================================================================
[2025-10-24T20:17:26.315+0000] {manager.py:738} INFO - Searching for files in /opt/airflow/dags
[2025-10-24T20:17:26.335+0000] {manager.py:741} INFO - There are 1 files in /opt/airflow/dags
[2025-10-24T20:17:27.358+0000] {manager.py:879} INFO - 
================================================================================
DAG File Processing Stats

File Path                             PID  Runtime      # DAGs    # Errors  Last Runtime    Last Run
----------------------------------  -----  ---------  --------  ----------  --------------  -------------------
/opt/airflow/dags/daily_summary.py   1171  0.00s             1           0  0.16s           2025-10-24T20:16:57
================================================================================
[2025-10-24T20:17:57.649+0000] {manager.py:879} INFO - 
================================================================================
DAG File Processing Stats

File Path                             PID  Runtime      # DAGs    # Errors  Last Runtime    Last Run
----------------------------------  -----  ---------  --------  ----------  --------------  -------------------
/opt/airflow/dags/daily_summary.py   1176  0.00s             1           0  0.14s           2025-10-24T20:17:27
================================================================================
[2025-10-24T20:18:28.027+0000] {manager.py:879} INFO - 
================================================================================
DAG File Processing Stats

File Path                             PID  Runtime      # DAGs    # Errors  Last Runtime    Last Run
----------------------------------  -----  ---------  --------  ----------  --------------  -------------------
/opt/airflow/dags/daily_summary.py   1181  0.00s             1           0  0.14s           2025-10-24T20:17:57
================================================================================
[2025-10-24T20:18:58.344+0000] {manager.py:879} INFO - 
================================================================================
DAG File Processing Stats

File Path                             PID  Runtime      # DAGs    # Errors  Last Runtime    Last Run
----------------------------------  -----  ---------  --------  ----------  --------------  -------------------
/opt/airflow/dags/daily_summary.py   1186  0.00s             1           0  0.14s           2025-10-24T20:18:28
================================================================================
[2025-10-24T20:19:28.734+0000] {manager.py:879} INFO - 
================================================================================
DAG File Processing Stats

File Path                             PID  Runtime      # DAGs    # Errors  Last Runtime    Last Run
----------------------------------  -----  ---------  --------  ----------  --------------  -------------------
/opt/airflow/dags/daily_summary.py   1191  0.00s             1           0  0.14s           2025-10-24T20:18:58
================================================================================
[2025-10-24T20:19:59.029+0000] {manager.py:879} INFO - 
================================================================================
DAG File Processing Stats

File Path                             PID  Runtime      # DAGs    # Errors  Last Runtime    Last Run
----------------------------------  -----  ---------  --------  ----------  --------------  -------------------
/opt/airflow/dags/daily_summary.py   1196  0.00s             1           0  0.14s           2025-10-24T20:19:28
================================================================================
[2025-10-24T20:20:29.458+0000] {manager.py:879} INFO - 
================================================================================
DAG File Processing Stats

File Path                             PID  Runtime      # DAGs    # Errors  Last Runtime    Last Run
----------------------------------  -----  ---------  --------  ----------  --------------  -------------------
/opt/airflow/dags/daily_summary.py   1201  0.00s             1           0  0.14s           2025-10-24T20:19:59
================================================================================
[2025-10-24T20:20:59.798+0000] {manager.py:879} INFO - 
================================================================================
DAG File Processing Stats

File Path                             PID  Runtime      # DAGs    # Errors  Last Runtime    Last Run
----------------------------------  -----  ---------  --------  ----------  --------------  -------------------
/opt/airflow/dags/daily_summary.py   1206  0.00s             1           0  0.15s           2025-10-24T20:20:29
================================================================================
[2025-10-24T20:21:30.222+0000] {manager.py:879} INFO - 
================================================================================
DAG File Processing Stats

File Path                             PID  Runtime      # DAGs    # Errors  Last Runtime    Last Run
----------------------------------  -----  ---------  --------  ----------  --------------  -------------------
/opt/airflow/dags/daily_summary.py   1211  0.00s             1           0  0.13s           2025-10-24T20:20:59
================================================================================
[2025-10-24T20:22:00.572+0000] {manager.py:879} INFO - 
================================================================================
DAG File Processing Stats

File Path                             PID  Runtime      # DAGs    # Errors  Last Runtime    Last Run
----------------------------------  -----  ---------  --------  ----------  --------------  -------------------
/opt/airflow/dags/daily_summary.py   1216  0.00s             1           0  0.16s           2025-10-24T20:21:30
================================================================================
[2025-10-24T20:22:26.906+0000] {manager.py:738} INFO - Searching for files in /opt/airflow/dags
[2025-10-24T20:22:26.919+0000] {manager.py:741} INFO - There are 1 files in /opt/airflow/dags
[2025-10-24T20:22:30.983+0000] {manager.py:879} INFO - 
================================================================================
DAG File Processing Stats

File Path                             PID  Runtime      # DAGs    # Errors  Last Runtime    Last Run
----------------------------------  -----  ---------  --------  ----------  --------------  -------------------
/opt/airflow/dags/daily_summary.py   1221  0.00s             1           0  0.13s           2025-10-24T20:22:00
================================================================================
[2025-10-24T20:23:01.339+0000] {manager.py:879} INFO - 
================================================================================
DAG File Processing Stats

File Path                             PID  Runtime      # DAGs    # Errors  Last Runtime    Last Run
----------------------------------  -----  ---------  --------  ----------  --------------  -------------------
/opt/airflow/dags/daily_summary.py   1226  0.00s             1           0  0.16s           2025-10-24T20:22:31
================================================================================
[2025-10-24T20:23:31.743+0000] {manager.py:879} INFO - 
================================================================================
DAG File Processing Stats

File Path                             PID  Runtime      # DAGs    # Errors  Last Runtime    Last Run
----------------------------------  -----  ---------  --------  ----------  --------------  -------------------
/opt/airflow/dags/daily_summary.py   1231  0.00s             1           0  0.14s           2025-10-24T20:23:01
================================================================================
[2025-10-24T20:24:02.026+0000] {manager.py:879} INFO - 
================================================================================
DAG File Processing Stats

File Path                             PID  Runtime      # DAGs    # Errors  Last Runtime    Last Run
----------------------------------  -----  ---------  --------  ----------  --------------  -------------------
/opt/airflow/dags/daily_summary.py   1236  0.00s             1           0  0.14s           2025-10-24T20:23:31
================================================================================
[2025-10-24T20:24:32.335+0000] {manager.py:879} INFO - 
================================================================================
DAG File Processing Stats

File Path                             PID  Runtime      # DAGs    # Errors  Last Runtime    Last Run
----------------------------------  -----  ---------  --------  ----------  --------------  -------------------
/opt/airflow/dags/daily_summary.py   1241  0.00s             1           0  0.14s           2025-10-24T20:24:02
================================================================================
[2025-10-24T20:25:02.740+0000] {manager.py:879} INFO - 
================================================================================
DAG File Processing Stats

File Path                             PID  Runtime      # DAGs    # Errors  Last Runtime    Last Run
----------------------------------  -----  ---------  --------  ----------  --------------  -------------------
/opt/airflow/dags/daily_summary.py   1246  0.00s             1           0  0.14s           2025-10-24T20:24:32
================================================================================
[2025-10-24T20:25:33.025+0000] {manager.py:879} INFO - 
================================================================================
DAG File Processing Stats

File Path                             PID  Runtime      # DAGs    # Errors  Last Runtime    Last Run
----------------------------------  -----  ---------  --------  ----------  --------------  -------------------
/opt/airflow/dags/daily_summary.py   1251  0.00s             1           0  0.14s           2025-10-24T20:25:02
================================================================================
[2025-10-24T20:26:03.443+0000] {manager.py:879} INFO - 
================================================================================
DAG File Processing Stats

File Path                             PID  Runtime      # DAGs    # Errors  Last Runtime    Last Run
----------------------------------  -----  ---------  --------  ----------  --------------  -------------------
/opt/airflow/dags/daily_summary.py   1256  0.00s             1           0  0.15s           2025-10-24T20:25:33
================================================================================
[2025-10-24T20:26:33.734+0000] {manager.py:879} INFO - 
================================================================================
DAG File Processing Stats

File Path                             PID  Runtime      # DAGs    # Errors  Last Runtime    Last Run
----------------------------------  -----  ---------  --------  ----------  --------------  -------------------
/opt/airflow/dags/daily_summary.py   1261  0.00s             1           0  0.14s           2025-10-24T20:26:03
================================================================================
[2025-10-24T20:27:04.132+0000] {manager.py:879} INFO - 
================================================================================
DAG File Processing Stats

File Path                             PID  Runtime      # DAGs    # Errors  Last Runtime    Last Run
----------------------------------  -----  ---------  --------  ----------  --------------  -------------------
/opt/airflow/dags/daily_summary.py   1266  0.00s             1           0  0.15s           2025-10-24T20:26:33
================================================================================
[2025-10-24T20:27:27.367+0000] {manager.py:738} INFO - Searching for files in /opt/airflow/dags
[2025-10-24T20:27:27.396+0000] {manager.py:741} INFO - There are 1 files in /opt/airflow/dags
[2025-10-24T20:27:34.508+0000] {manager.py:879} INFO - 
================================================================================
DAG File Processing Stats

File Path                             PID  Runtime      # DAGs    # Errors  Last Runtime    Last Run
----------------------------------  -----  ---------  --------  ----------  --------------  -------------------
/opt/airflow/dags/daily_summary.py   1271  0.00s             1           0  0.13s           2025-10-24T20:27:04
================================================================================
[2025-10-24T20:28:04.873+0000] {manager.py:879} INFO - 
================================================================================
DAG File Processing Stats

File Path                             PID  Runtime      # DAGs    # Errors  Last Runtime    Last Run
----------------------------------  -----  ---------  --------  ----------  --------------  -------------------
/opt/airflow/dags/daily_summary.py   1276  0.00s             1           0  0.14s           2025-10-24T20:27:34
================================================================================
[2025-10-24T20:28:35.244+0000] {manager.py:879} INFO - 
================================================================================
DAG File Processing Stats

File Path                             PID  Runtime      # DAGs    # Errors  Last Runtime    Last Run
----------------------------------  -----  ---------  --------  ----------  --------------  -------------------
/opt/airflow/dags/daily_summary.py   1281  0.00s             1           0  0.14s           2025-10-24T20:28:05
================================================================================
[2025-10-24T20:29:05.606+0000] {manager.py:879} INFO - 
================================================================================
DAG File Processing Stats

File Path                             PID  Runtime      # DAGs    # Errors  Last Runtime    Last Run
----------------------------------  -----  ---------  --------  ----------  --------------  -------------------
/opt/airflow/dags/daily_summary.py   1286  0.00s             1           0  0.15s           2025-10-24T20:28:35
================================================================================
[2025-10-24T20:29:35.942+0000] {manager.py:879} INFO - 
================================================================================
DAG File Processing Stats

File Path                             PID  Runtime      # DAGs    # Errors  Last Runtime    Last Run
----------------------------------  -----  ---------  --------  ----------  --------------  -------------------
/opt/airflow/dags/daily_summary.py   1291  0.00s             1           0  0.14s           2025-10-24T20:29:05
================================================================================
[2025-10-24T20:30:06.271+0000] {manager.py:879} INFO - 
================================================================================
DAG File Processing Stats

File Path                             PID  Runtime      # DAGs    # Errors  Last Runtime    Last Run
----------------------------------  -----  ---------  --------  ----------  --------------  -------------------
/opt/airflow/dags/daily_summary.py   1296  0.00s             1           0  0.14s           2025-10-24T20:29:36
================================================================================
[2025-10-24T20:30:36.705+0000] {manager.py:879} INFO - 
================================================================================
DAG File Processing Stats

File Path                             PID  Runtime      # DAGs    # Errors  Last Runtime    Last Run
----------------------------------  -----  ---------  --------  ----------  --------------  -------------------
/opt/airflow/dags/daily_summary.py   1301  0.00s             1           0  0.14s           2025-10-24T20:30:06
================================================================================
[2025-10-24T20:31:07.026+0000] {manager.py:879} INFO - 
================================================================================
DAG File Processing Stats

File Path                             PID  Runtime      # DAGs    # Errors  Last Runtime    Last Run
----------------------------------  -----  ---------  --------  ----------  --------------  -------------------
/opt/airflow/dags/daily_summary.py   1306  0.00s             1           0  0.14s           2025-10-24T20:30:36
================================================================================
[2025-10-24T20:31:37.448+0000] {manager.py:879} INFO - 
================================================================================
DAG File Processing Stats

File Path                             PID  Runtime      # DAGs    # Errors  Last Runtime    Last Run
----------------------------------  -----  ---------  --------  ----------  --------------  -------------------
/opt/airflow/dags/daily_summary.py   1311  0.00s             1           0  0.14s           2025-10-24T20:31:07
================================================================================
[2025-10-24T20:32:07.810+0000] {manager.py:879} INFO - 
================================================================================
DAG File Processing Stats

File Path                             PID  Runtime      # DAGs    # Errors  Last Runtime    Last Run
----------------------------------  -----  ---------  --------  ----------  --------------  -------------------
/opt/airflow/dags/daily_summary.py   1316  0.00s             1           0  0.15s           2025-10-24T20:31:37
================================================================================
[2025-10-24T20:32:28.059+0000] {manager.py:738} INFO - Searching for files in /opt/airflow/dags
[2025-10-24T20:32:28.079+0000] {manager.py:741} INFO - There are 1 files in /opt/airflow/dags
[2025-10-24T20:32:38.204+0000] {manager.py:879} INFO - 
================================================================================
DAG File Processing Stats

File Path                             PID  Runtime      # DAGs    # Errors  Last Runtime    Last Run
----------------------------------  -----  ---------  --------  ----------  --------------  -------------------
/opt/airflow/dags/daily_summary.py   1321  0.00s             1           0  0.14s           2025-10-24T20:32:07
================================================================================
[2025-10-24T20:33:08.516+0000] {manager.py:879} INFO - 
================================================================================
DAG File Processing Stats

File Path                             PID  Runtime      # DAGs    # Errors  Last Runtime    Last Run
----------------------------------  -----  ---------  --------  ----------  --------------  -------------------
/opt/airflow/dags/daily_summary.py   1326  0.00s             1           0  0.13s           2025-10-24T20:32:38
================================================================================
[2025-10-24T20:33:38.882+0000] {manager.py:879} INFO - 
================================================================================
DAG File Processing Stats

File Path                             PID  Runtime      # DAGs    # Errors  Last Runtime    Last Run
----------------------------------  -----  ---------  --------  ----------  --------------  -------------------
/opt/airflow/dags/daily_summary.py   1331  0.00s             1           0  0.14s           2025-10-24T20:33:08
================================================================================
[2025-10-24T20:34:09.150+0000] {manager.py:879} INFO - 
================================================================================
DAG File Processing Stats

File Path                             PID  Runtime      # DAGs    # Errors  Last Runtime    Last Run
----------------------------------  -----  ---------  --------  ----------  --------------  -------------------
/opt/airflow/dags/daily_summary.py   1336  0.00s             1           0  0.16s           2025-10-24T20:33:39
================================================================================
[2025-10-24T20:34:39.436+0000] {manager.py:879} INFO - 
================================================================================
DAG File Processing Stats

File Path                             PID  Runtime      # DAGs    # Errors  Last Runtime    Last Run
----------------------------------  -----  ---------  --------  ----------  --------------  -------------------
/opt/airflow/dags/daily_summary.py   1341  0.00s             1           0  0.15s           2025-10-24T20:34:09
================================================================================
[2025-10-24T20:35:09.714+0000] {manager.py:879} INFO - 
================================================================================
DAG File Processing Stats

File Path                             PID  Runtime      # DAGs    # Errors  Last Runtime    Last Run
----------------------------------  -----  ---------  --------  ----------  --------------  -------------------
/opt/airflow/dags/daily_summary.py   1346  0.00s             1           0  0.13s           2025-10-24T20:34:39
================================================================================
[2025-10-24T20:35:40.181+0000] {manager.py:879} INFO - 
================================================================================
DAG File Processing Stats

File Path                             PID  Runtime      # DAGs    # Errors  Last Runtime    Last Run
----------------------------------  -----  ---------  --------  ----------  --------------  -------------------
/opt/airflow/dags/daily_summary.py   1351  0.00s             1           0  0.15s           2025-10-24T20:35:09
================================================================================
[2025-10-24T20:36:10.489+0000] {manager.py:879} INFO - 
================================================================================
DAG File Processing Stats

File Path                             PID  Runtime      # DAGs    # Errors  Last Runtime    Last Run
----------------------------------  -----  ---------  --------  ----------  --------------  -------------------
/opt/airflow/dags/daily_summary.py   1356  0.00s             1           0  0.14s           2025-10-24T20:35:40
================================================================================
[2025-10-24T20:36:40.841+0000] {manager.py:879} INFO - 
================================================================================
DAG File Processing Stats

File Path                             PID  Runtime      # DAGs    # Errors  Last Runtime    Last Run
----------------------------------  -----  ---------  --------  ----------  --------------  -------------------
/opt/airflow/dags/daily_summary.py   1361  0.00s             1           0  0.13s           2025-10-24T20:36:10
================================================================================
[2025-10-24T20:37:11.173+0000] {manager.py:879} INFO - 
================================================================================
DAG File Processing Stats

File Path                             PID  Runtime      # DAGs    # Errors  Last Runtime    Last Run
----------------------------------  -----  ---------  --------  ----------  --------------  -------------------
/opt/airflow/dags/daily_summary.py   1366  0.00s             1           0  0.14s           2025-10-24T20:36:40
================================================================================
[2025-10-24T20:37:28.446+0000] {manager.py:738} INFO - Searching for files in /opt/airflow/dags
[2025-10-24T20:37:28.460+0000] {manager.py:741} INFO - There are 1 files in /opt/airflow/dags
[2025-10-24T20:37:41.619+0000] {manager.py:879} INFO - 
================================================================================
DAG File Processing Stats

File Path                             PID  Runtime      # DAGs    # Errors  Last Runtime    Last Run
----------------------------------  -----  ---------  --------  ----------  --------------  -------------------
/opt/airflow/dags/daily_summary.py   1371  0.00s             1           0  0.14s           2025-10-24T20:37:11
================================================================================
[2025-10-24T20:38:11.971+0000] {manager.py:879} INFO - 
================================================================================
DAG File Processing Stats

File Path                             PID  Runtime      # DAGs    # Errors  Last Runtime    Last Run
----------------------------------  -----  ---------  --------  ----------  --------------  -------------------
/opt/airflow/dags/daily_summary.py   1376  0.00s             1           0  0.15s           2025-10-24T20:37:41
================================================================================
[2025-10-24T20:38:42.364+0000] {manager.py:879} INFO - 
================================================================================
DAG File Processing Stats

File Path                             PID  Runtime      # DAGs    # Errors  Last Runtime    Last Run
----------------------------------  -----  ---------  --------  ----------  --------------  -------------------
/opt/airflow/dags/daily_summary.py   1381  0.00s             1           0  0.13s           2025-10-24T20:38:12
================================================================================
[2025-10-24T20:39:12.691+0000] {manager.py:879} INFO - 
================================================================================
DAG File Processing Stats

File Path                             PID  Runtime      # DAGs    # Errors  Last Runtime    Last Run
----------------------------------  -----  ---------  --------  ----------  --------------  -------------------
/opt/airflow/dags/daily_summary.py   1386  0.00s             1           0  0.14s           2025-10-24T20:38:42
================================================================================
[2025-10-24T20:39:43.116+0000] {manager.py:879} INFO - 
================================================================================
DAG File Processing Stats

File Path                             PID  Runtime      # DAGs    # Errors  Last Runtime    Last Run
----------------------------------  -----  ---------  --------  ----------  --------------  -------------------
/opt/airflow/dags/daily_summary.py   1391  0.00s             1           0  0.15s           2025-10-24T20:39:12
================================================================================
[2025-10-24T20:40:13.429+0000] {manager.py:879} INFO - 
================================================================================
DAG File Processing Stats

File Path                             PID  Runtime      # DAGs    # Errors  Last Runtime    Last Run
----------------------------------  -----  ---------  --------  ----------  --------------  -------------------
/opt/airflow/dags/daily_summary.py   1396  0.00s             1           0  0.15s           2025-10-24T20:39:43
================================================================================
[2025-10-24T20:40:43.838+0000] {manager.py:879} INFO - 
================================================================================
DAG File Processing Stats

File Path                             PID  Runtime      # DAGs    # Errors  Last Runtime    Last Run
----------------------------------  -----  ---------  --------  ----------  --------------  -------------------
/opt/airflow/dags/daily_summary.py   1401  0.00s             1           0  0.14s           2025-10-24T20:40:13
================================================================================
[2025-10-24T20:41:14.131+0000] {manager.py:879} INFO - 
================================================================================
DAG File Processing Stats

File Path                             PID  Runtime      # DAGs    # Errors  Last Runtime    Last Run
----------------------------------  -----  ---------  --------  ----------  --------------  -------------------
/opt/airflow/dags/daily_summary.py   1406  0.00s             1           0  0.13s           2025-10-24T20:40:43
================================================================================
[2025-10-24T20:41:44.498+0000] {manager.py:879} INFO - 
================================================================================
DAG File Processing Stats

File Path                             PID  Runtime      # DAGs    # Errors  Last Runtime    Last Run
----------------------------------  -----  ---------  --------  ----------  --------------  -------------------
/opt/airflow/dags/daily_summary.py   1411  0.00s             1           0  0.14s           2025-10-24T20:41:14
================================================================================
[2025-10-24T20:42:14.815+0000] {manager.py:879} INFO - 
================================================================================
DAG File Processing Stats

File Path                             PID  Runtime      # DAGs    # Errors  Last Runtime    Last Run
----------------------------------  -----  ---------  --------  ----------  --------------  -------------------
/opt/airflow/dags/daily_summary.py   1416  0.00s             1           0  0.13s           2025-10-24T20:41:44
================================================================================
[2025-10-24T20:42:29.021+0000] {manager.py:738} INFO - Searching for files in /opt/airflow/dags
[2025-10-24T20:42:29.043+0000] {manager.py:741} INFO - There are 1 files in /opt/airflow/dags
[2025-10-24T20:42:45.239+0000] {manager.py:879} INFO - 
================================================================================
DAG File Processing Stats

File Path                             PID  Runtime      # DAGs    # Errors  Last Runtime    Last Run
----------------------------------  -----  ---------  --------  ----------  --------------  -------------------
/opt/airflow/dags/daily_summary.py   1421  0.00s             1           0  0.14s           2025-10-24T20:42:14
================================================================================
[2025-10-24T20:43:15.603+0000] {manager.py:879} INFO - 
================================================================================
DAG File Processing Stats

File Path                             PID  Runtime      # DAGs    # Errors  Last Runtime    Last Run
----------------------------------  -----  ---------  --------  ----------  --------------  -------------------
/opt/airflow/dags/daily_summary.py   1426  0.00s             1           0  0.14s           2025-10-24T20:42:45
================================================================================
[2025-10-24T20:43:45.969+0000] {manager.py:879} INFO - 
================================================================================
DAG File Processing Stats

File Path                             PID  Runtime      # DAGs    # Errors  Last Runtime    Last Run
----------------------------------  -----  ---------  --------  ----------  --------------  -------------------
/opt/airflow/dags/daily_summary.py   1431  0.00s             1           0  0.14s           2025-10-24T20:43:15
================================================================================
[2025-10-24T20:44:16.308+0000] {manager.py:879} INFO - 
================================================================================
DAG File Processing Stats

File Path                             PID  Runtime      # DAGs    # Errors  Last Runtime    Last Run
----------------------------------  -----  ---------  --------  ----------  --------------  -------------------
/opt/airflow/dags/daily_summary.py   1436  0.00s             1           0  0.13s           2025-10-24T20:43:46
================================================================================
[2025-10-24T20:44:46.750+0000] {manager.py:879} INFO - 
================================================================================
DAG File Processing Stats

File Path                             PID  Runtime      # DAGs    # Errors  Last Runtime    Last Run
----------------------------------  -----  ---------  --------  ----------  --------------  -------------------
/opt/airflow/dags/daily_summary.py   1441  0.00s             1           0  0.14s           2025-10-24T20:44:16
================================================================================
[2025-10-24T20:45:17.064+0000] {manager.py:879} INFO - 
================================================================================
DAG File Processing Stats

File Path                             PID  Runtime      # DAGs    # Errors  Last Runtime    Last Run
----------------------------------  -----  ---------  --------  ----------  --------------  -------------------
/opt/airflow/dags/daily_summary.py   1446  0.00s             1           0  0.15s           2025-10-24T20:44:46
================================================================================
[2025-10-24T20:45:47.482+0000] {manager.py:879} INFO - 
================================================================================
DAG File Processing Stats

File Path                             PID  Runtime      # DAGs    # Errors  Last Runtime    Last Run
----------------------------------  -----  ---------  --------  ----------  --------------  -------------------
/opt/airflow/dags/daily_summary.py   1451  0.00s             1           0  0.15s           2025-10-24T20:45:17
================================================================================
[2025-10-24T20:46:17.788+0000] {manager.py:879} INFO - 
================================================================================
DAG File Processing Stats

File Path                             PID  Runtime      # DAGs    # Errors  Last Runtime    Last Run
----------------------------------  -----  ---------  --------  ----------  --------------  -------------------
/opt/airflow/dags/daily_summary.py   1456  0.00s             1           0  0.13s           2025-10-24T20:45:47
================================================================================
[2025-10-24T20:46:48.177+0000] {manager.py:879} INFO - 
================================================================================
DAG File Processing Stats

File Path                             PID  Runtime      # DAGs    # Errors  Last Runtime    Last Run
----------------------------------  -----  ---------  --------  ----------  --------------  -------------------
/opt/airflow/dags/daily_summary.py   1461  0.00s             1           0  0.14s           2025-10-24T20:46:17
================================================================================
[2025-10-24T20:47:18.534+0000] {manager.py:879} INFO - 
================================================================================
DAG File Processing Stats

File Path                             PID  Runtime      # DAGs    # Errors  Last Runtime    Last Run
----------------------------------  -----  ---------  --------  ----------  --------------  -------------------
/opt/airflow/dags/daily_summary.py   1466  0.00s             1           0  0.15s           2025-10-24T20:46:48
================================================================================
[2025-10-24T20:47:29.676+0000] {manager.py:738} INFO - Searching for files in /opt/airflow/dags
[2025-10-24T20:47:29.696+0000] {manager.py:741} INFO - There are 1 files in /opt/airflow/dags
[2025-10-24T20:47:48.870+0000] {manager.py:879} INFO - 
================================================================================
DAG File Processing Stats

File Path                             PID  Runtime      # DAGs    # Errors  Last Runtime    Last Run
----------------------------------  -----  ---------  --------  ----------  --------------  -------------------
/opt/airflow/dags/daily_summary.py   1471  0.00s             1           0  0.13s           2025-10-24T20:47:18
================================================================================
[2025-10-24T20:48:19.174+0000] {manager.py:879} INFO - 
================================================================================
DAG File Processing Stats

File Path                             PID  Runtime      # DAGs    # Errors  Last Runtime    Last Run
----------------------------------  -----  ---------  --------  ----------  --------------  -------------------
/opt/airflow/dags/daily_summary.py   1476  0.00s             1           0  0.16s           2025-10-24T20:47:49
================================================================================
[2025-10-24T20:48:49.527+0000] {manager.py:879} INFO - 
================================================================================
DAG File Processing Stats

File Path                             PID  Runtime      # DAGs    # Errors  Last Runtime    Last Run
----------------------------------  -----  ---------  --------  ----------  --------------  -------------------
/opt/airflow/dags/daily_summary.py   1481  0.00s             1           0  0.14s           2025-10-24T20:48:19
================================================================================
[2025-10-24T20:49:19.893+0000] {manager.py:879} INFO - 
================================================================================
DAG File Processing Stats

File Path                             PID  Runtime      # DAGs    # Errors  Last Runtime    Last Run
----------------------------------  -----  ---------  --------  ----------  --------------  -------------------
/opt/airflow/dags/daily_summary.py   1486  0.00s             1           0  0.14s           2025-10-24T20:48:49
================================================================================
[2025-10-24T20:49:50.242+0000] {manager.py:879} INFO - 
================================================================================
DAG File Processing Stats

File Path                             PID  Runtime      # DAGs    # Errors  Last Runtime    Last Run
----------------------------------  -----  ---------  --------  ----------  --------------  -------------------
/opt/airflow/dags/daily_summary.py   1491  0.00s             1           0  0.15s           2025-10-24T20:49:20
================================================================================
[2025-10-24T20:50:20.642+0000] {manager.py:879} INFO - 
================================================================================
DAG File Processing Stats

File Path                             PID  Runtime      # DAGs    # Errors  Last Runtime    Last Run
----------------------------------  -----  ---------  --------  ----------  --------------  -------------------
/opt/airflow/dags/daily_summary.py   1496  0.00s             1           0  0.14s           2025-10-24T20:49:50
================================================================================
[2025-10-24T20:50:50.967+0000] {manager.py:879} INFO - 
================================================================================
DAG File Processing Stats

File Path                             PID  Runtime      # DAGs    # Errors  Last Runtime    Last Run
----------------------------------  -----  ---------  --------  ----------  --------------  -------------------
/opt/airflow/dags/daily_summary.py   1501  0.00s             1           0  0.14s           2025-10-24T20:50:20
================================================================================
[2025-10-24T20:51:21.372+0000] {manager.py:879} INFO - 
================================================================================
DAG File Processing Stats

File Path                             PID  Runtime      # DAGs    # Errors  Last Runtime    Last Run
----------------------------------  -----  ---------  --------  ----------  --------------  -------------------
/opt/airflow/dags/daily_summary.py   1506  0.00s             1           0  0.15s           2025-10-24T20:50:51
================================================================================
[2025-10-24T20:51:51.728+0000] {manager.py:879} INFO - 
================================================================================
DAG File Processing Stats

File Path                             PID  Runtime      # DAGs    # Errors  Last Runtime    Last Run
----------------------------------  -----  ---------  --------  ----------  --------------  -------------------
/opt/airflow/dags/daily_summary.py   1511  0.00s             1           0  0.14s           2025-10-24T20:51:21
================================================================================
[2025-10-24T20:52:22.083+0000] {manager.py:879} INFO - 
================================================================================
DAG File Processing Stats

File Path                             PID  Runtime      # DAGs    # Errors  Last Runtime    Last Run
----------------------------------  -----  ---------  --------  ----------  --------------  -------------------
/opt/airflow/dags/daily_summary.py   1516  0.00s             1           0  0.15s           2025-10-24T20:51:51
================================================================================
[2025-10-24T20:52:30.171+0000] {manager.py:738} INFO - Searching for files in /opt/airflow/dags
[2025-10-24T20:52:30.188+0000] {manager.py:741} INFO - There are 1 files in /opt/airflow/dags
[2025-10-24T20:52:52.391+0000] {manager.py:879} INFO - 
================================================================================
DAG File Processing Stats

File Path                             PID  Runtime      # DAGs    # Errors  Last Runtime    Last Run
----------------------------------  -----  ---------  --------  ----------  --------------  -------------------
/opt/airflow/dags/daily_summary.py   1521  0.00s             1           0  0.15s           2025-10-24T20:52:22
================================================================================
[2025-10-24T20:53:22.778+0000] {manager.py:879} INFO - 
================================================================================
DAG File Processing Stats

File Path                             PID  Runtime      # DAGs    # Errors  Last Runtime    Last Run
----------------------------------  -----  ---------  --------  ----------  --------------  -------------------
/opt/airflow/dags/daily_summary.py   1526  0.00s             1           0  0.15s           2025-10-24T20:52:52
================================================================================
[2025-10-24T20:53:53.105+0000] {manager.py:879} INFO - 
================================================================================
DAG File Processing Stats

File Path                             PID  Runtime      # DAGs    # Errors  Last Runtime    Last Run
----------------------------------  -----  ---------  --------  ----------  --------------  -------------------
/opt/airflow/dags/daily_summary.py   1531  0.00s             1           0  0.14s           2025-10-24T20:53:22
================================================================================
[2025-10-24T20:54:23.489+0000] {manager.py:879} INFO - 
================================================================================
DAG File Processing Stats

File Path                             PID  Runtime      # DAGs    # Errors  Last Runtime    Last Run
----------------------------------  -----  ---------  --------  ----------  --------------  -------------------
/opt/airflow/dags/daily_summary.py   1536  0.00s             1           0  0.14s           2025-10-24T20:53:53
================================================================================
[2025-10-24T20:54:53.809+0000] {manager.py:879} INFO - 
================================================================================
DAG File Processing Stats

File Path                             PID  Runtime      # DAGs    # Errors  Last Runtime    Last Run
----------------------------------  -----  ---------  --------  ----------  --------------  -------------------
/opt/airflow/dags/daily_summary.py   1541  0.00s             1           0  0.15s           2025-10-24T20:54:23
================================================================================
[2025-10-24T20:55:24.258+0000] {manager.py:879} INFO - 
================================================================================
DAG File Processing Stats

File Path                             PID  Runtime      # DAGs    # Errors  Last Runtime    Last Run
----------------------------------  -----  ---------  --------  ----------  --------------  -------------------
/opt/airflow/dags/daily_summary.py   1546  0.00s             1           0  0.14s           2025-10-24T20:54:53
================================================================================
[2025-10-24T20:55:54.598+0000] {manager.py:879} INFO - 
================================================================================
DAG File Processing Stats

File Path                             PID  Runtime      # DAGs    # Errors  Last Runtime    Last Run
----------------------------------  -----  ---------  --------  ----------  --------------  -------------------
/opt/airflow/dags/daily_summary.py   1551  0.00s             1           0  0.15s           2025-10-24T20:55:24
================================================================================
[2025-10-24T20:56:24.994+0000] {manager.py:879} INFO - 
================================================================================
DAG File Processing Stats

File Path                             PID  Runtime      # DAGs    # Errors  Last Runtime    Last Run
----------------------------------  -----  ---------  --------  ----------  --------------  -------------------
/opt/airflow/dags/daily_summary.py   1556  0.00s             1           0  0.14s           2025-10-24T20:55:54
================================================================================
[2025-10-24T20:56:55.297+0000] {manager.py:879} INFO - 
================================================================================
DAG File Processing Stats

File Path                             PID  Runtime      # DAGs    # Errors  Last Runtime    Last Run
----------------------------------  -----  ---------  --------  ----------  --------------  -------------------
/opt/airflow/dags/daily_summary.py   1561  0.00s             1           0  0.14s           2025-10-24T20:56:25
================================================================================
[2025-10-24T20:57:25.747+0000] {manager.py:879} INFO - 
================================================================================
DAG File Processing Stats

File Path                             PID  Runtime      # DAGs    # Errors  Last Runtime    Last Run
----------------------------------  -----  ---------  --------  ----------  --------------  -------------------
/opt/airflow/dags/daily_summary.py   1566  0.00s             1           0  0.14s           2025-10-24T20:56:55
================================================================================
[2025-10-24T20:57:30.797+0000] {manager.py:738} INFO - Searching for files in /opt/airflow/dags
[2025-10-24T20:57:30.820+0000] {manager.py:741} INFO - There are 1 files in /opt/airflow/dags
[2025-10-24T20:57:56.096+0000] {manager.py:879} INFO - 
================================================================================
DAG File Processing Stats

File Path                             PID  Runtime      # DAGs    # Errors  Last Runtime    Last Run
----------------------------------  -----  ---------  --------  ----------  --------------  -------------------
/opt/airflow/dags/daily_summary.py   1571  0.00s             1           0  0.14s           2025-10-24T20:57:25
================================================================================
[2025-10-24T20:58:26.444+0000] {manager.py:879} INFO - 
================================================================================
DAG File Processing Stats

File Path                             PID  Runtime      # DAGs    # Errors  Last Runtime    Last Run
----------------------------------  -----  ---------  --------  ----------  --------------  -------------------
/opt/airflow/dags/daily_summary.py   1576  0.00s             1           0  0.15s           2025-10-24T20:57:56
================================================================================
[2025-10-24T20:58:56.855+0000] {manager.py:879} INFO - 
================================================================================
DAG File Processing Stats

File Path                             PID  Runtime      # DAGs    # Errors  Last Runtime    Last Run
----------------------------------  -----  ---------  --------  ----------  --------------  -------------------
/opt/airflow/dags/daily_summary.py   1581  0.00s             1           0  0.14s           2025-10-24T20:58:26
================================================================================
[2025-10-24T20:59:27.162+0000] {manager.py:879} INFO - 
================================================================================
DAG File Processing Stats

File Path                             PID  Runtime      # DAGs    # Errors  Last Runtime    Last Run
----------------------------------  -----  ---------  --------  ----------  --------------  -------------------
/opt/airflow/dags/daily_summary.py   1586  0.00s             1           0  0.15s           2025-10-24T20:58:56
================================================================================
[2025-10-24T20:59:57.525+0000] {manager.py:879} INFO - 
================================================================================
DAG File Processing Stats

File Path                             PID  Runtime      # DAGs    # Errors  Last Runtime    Last Run
----------------------------------  -----  ---------  --------  ----------  --------------  -------------------
/opt/airflow/dags/daily_summary.py   1591  0.00s             1           0  0.14s           2025-10-24T20:59:27
================================================================================
[2025-10-24T21:00:27.894+0000] {manager.py:879} INFO - 
================================================================================
DAG File Processing Stats

File Path                             PID  Runtime      # DAGs    # Errors  Last Runtime    Last Run
----------------------------------  -----  ---------  --------  ----------  --------------  -------------------
/opt/airflow/dags/daily_summary.py   1596  0.00s             1           0  0.14s           2025-10-24T20:59:57
================================================================================
[2025-10-24T21:00:58.223+0000] {manager.py:879} INFO - 
================================================================================
DAG File Processing Stats

File Path                             PID  Runtime      # DAGs    # Errors  Last Runtime    Last Run
----------------------------------  -----  ---------  --------  ----------  --------------  -------------------
/opt/airflow/dags/daily_summary.py   1601  0.00s             1           0  0.16s           2025-10-24T21:00:28
================================================================================
[2025-10-24T21:01:28.678+0000] {manager.py:879} INFO - 
================================================================================
DAG File Processing Stats

File Path                             PID  Runtime      # DAGs    # Errors  Last Runtime    Last Run
----------------------------------  -----  ---------  --------  ----------  --------------  -------------------
/opt/airflow/dags/daily_summary.py   1606  0.00s             1           0  0.15s           2025-10-24T21:00:58
================================================================================
[2025-10-24T21:01:59.006+0000] {manager.py:879} INFO - 
================================================================================
DAG File Processing Stats

File Path                             PID  Runtime      # DAGs    # Errors  Last Runtime    Last Run
----------------------------------  -----  ---------  --------  ----------  --------------  -------------------
/opt/airflow/dags/daily_summary.py   1611  0.00s             1           0  0.15s           2025-10-24T21:01:28
================================================================================
[2025-10-24T21:02:29.416+0000] {manager.py:879} INFO - 
================================================================================
DAG File Processing Stats

File Path                             PID  Runtime      # DAGs    # Errors  Last Runtime    Last Run
----------------------------------  -----  ---------  --------  ----------  --------------  -------------------
/opt/airflow/dags/daily_summary.py   1616  0.00s             1           0  0.14s           2025-10-24T21:01:59
================================================================================
[2025-10-24T21:02:31.435+0000] {manager.py:738} INFO - Searching for files in /opt/airflow/dags
[2025-10-24T21:02:31.452+0000] {manager.py:741} INFO - There are 1 files in /opt/airflow/dags
[2025-10-24T21:02:59.688+0000] {manager.py:879} INFO - 
================================================================================
DAG File Processing Stats

File Path                             PID  Runtime      # DAGs    # Errors  Last Runtime    Last Run
----------------------------------  -----  ---------  --------  ----------  --------------  -------------------
/opt/airflow/dags/daily_summary.py   1621  0.00s             1           0  0.17s           2025-10-24T21:02:29
================================================================================
[2025-10-24T21:03:29.952+0000] {manager.py:879} INFO - 
================================================================================
DAG File Processing Stats

File Path                             PID  Runtime      # DAGs    # Errors  Last Runtime    Last Run
----------------------------------  -----  ---------  --------  ----------  --------------  -------------------
/opt/airflow/dags/daily_summary.py   1626  0.00s             1           0  0.14s           2025-10-24T21:02:59
================================================================================
[2025-10-24T21:04:00.319+0000] {manager.py:879} INFO - 
================================================================================
DAG File Processing Stats

File Path                             PID  Runtime      # DAGs    # Errors  Last Runtime    Last Run
----------------------------------  -----  ---------  --------  ----------  --------------  -------------------
/opt/airflow/dags/daily_summary.py   1631  0.00s             1           0  0.16s           2025-10-24T21:03:30
================================================================================
[2025-10-24T21:04:30.567+0000] {manager.py:879} INFO - 
================================================================================
DAG File Processing Stats

File Path                             PID  Runtime      # DAGs    # Errors  Last Runtime    Last Run
----------------------------------  -----  ---------  --------  ----------  --------------  -------------------
/opt/airflow/dags/daily_summary.py   1636  0.00s             1           0  0.15s           2025-10-24T21:04:00
================================================================================
[2025-10-24T21:05:00.808+0000] {manager.py:879} INFO - 
================================================================================
DAG File Processing Stats

File Path                             PID  Runtime      # DAGs    # Errors  Last Runtime    Last Run
----------------------------------  -----  ---------  --------  ----------  --------------  -------------------
/opt/airflow/dags/daily_summary.py   1641  0.00s             1           0  0.16s           2025-10-24T21:04:30
================================================================================
[2025-10-24T21:05:31.084+0000] {manager.py:879} INFO - 
================================================================================
DAG File Processing Stats

File Path                             PID  Runtime      # DAGs    # Errors  Last Runtime    Last Run
----------------------------------  -----  ---------  --------  ----------  --------------  -------------------
/opt/airflow/dags/daily_summary.py   1646  0.00s             1           0  0.14s           2025-10-24T21:05:00
================================================================================
[2025-10-24T21:06:01.556+0000] {manager.py:879} INFO - 
================================================================================
DAG File Processing Stats

File Path                             PID  Runtime      # DAGs    # Errors  Last Runtime    Last Run
----------------------------------  -----  ---------  --------  ----------  --------------  -------------------
/opt/airflow/dags/daily_summary.py   1651  0.00s             1           0  0.15s           2025-10-24T21:05:31
================================================================================
[2025-10-24T21:06:31.861+0000] {manager.py:879} INFO - 
================================================================================
DAG File Processing Stats

File Path                             PID  Runtime      # DAGs    # Errors  Last Runtime    Last Run
----------------------------------  -----  ---------  --------  ----------  --------------  -------------------
/opt/airflow/dags/daily_summary.py   1656  0.00s             1           0  0.14s           2025-10-24T21:06:01
================================================================================
[2025-10-24T21:07:02.289+0000] {manager.py:879} INFO - 
================================================================================
DAG File Processing Stats

File Path                             PID  Runtime      # DAGs    # Errors  Last Runtime    Last Run
----------------------------------  -----  ---------  --------  ----------  --------------  -------------------
/opt/airflow/dags/daily_summary.py   1661  0.00s             1           0  0.15s           2025-10-24T21:06:32
================================================================================
[2025-10-24T21:07:31.577+0000] {manager.py:738} INFO - Searching for files in /opt/airflow/dags
[2025-10-24T21:07:31.605+0000] {manager.py:741} INFO - There are 1 files in /opt/airflow/dags
[2025-10-24T21:07:32.634+0000] {manager.py:879} INFO - 
================================================================================
DAG File Processing Stats

File Path                             PID  Runtime      # DAGs    # Errors  Last Runtime    Last Run
----------------------------------  -----  ---------  --------  ----------  --------------  -------------------
/opt/airflow/dags/daily_summary.py   1666  0.00s             1           0  0.15s           2025-10-24T21:07:02
================================================================================
[2025-10-24T21:08:03.016+0000] {manager.py:879} INFO - 
================================================================================
DAG File Processing Stats

File Path                             PID  Runtime      # DAGs    # Errors  Last Runtime    Last Run
----------------------------------  -----  ---------  --------  ----------  --------------  -------------------
/opt/airflow/dags/daily_summary.py   1671  0.00s             1           0  0.15s           2025-10-24T21:07:32
================================================================================
[2025-10-24T21:08:33.346+0000] {manager.py:879} INFO - 
================================================================================
DAG File Processing Stats

File Path                             PID  Runtime      # DAGs    # Errors  Last Runtime    Last Run
----------------------------------  -----  ---------  --------  ----------  --------------  -------------------
/opt/airflow/dags/daily_summary.py   1676  0.00s             1           0  0.15s           2025-10-24T21:08:03
================================================================================
[2025-10-24T21:09:03.792+0000] {manager.py:879} INFO - 
================================================================================
DAG File Processing Stats

File Path                             PID  Runtime      # DAGs    # Errors  Last Runtime    Last Run
----------------------------------  -----  ---------  --------  ----------  --------------  -------------------
/opt/airflow/dags/daily_summary.py   1681  0.00s             1           0  0.15s           2025-10-24T21:08:33
================================================================================
[2025-10-24T21:09:34.094+0000] {manager.py:879} INFO - 
================================================================================
DAG File Processing Stats

File Path                             PID  Runtime      # DAGs    # Errors  Last Runtime    Last Run
----------------------------------  -----  ---------  --------  ----------  --------------  -------------------
/opt/airflow/dags/daily_summary.py   1686  0.00s             1           0  0.14s           2025-10-24T21:09:03
================================================================================
[2025-10-24T21:10:04.439+0000] {manager.py:879} INFO - 
================================================================================
DAG File Processing Stats

File Path                             PID  Runtime      # DAGs    # Errors  Last Runtime    Last Run
----------------------------------  -----  ---------  --------  ----------  --------------  -------------------
/opt/airflow/dags/daily_summary.py   1691  0.00s             1           0  0.15s           2025-10-24T21:09:34
================================================================================
[2025-10-24T21:10:34.860+0000] {manager.py:879} INFO - 
================================================================================
DAG File Processing Stats

File Path                             PID  Runtime      # DAGs    # Errors  Last Runtime    Last Run
----------------------------------  -----  ---------  --------  ----------  --------------  -------------------
/opt/airflow/dags/daily_summary.py   1696  0.00s             1           0  0.14s           2025-10-24T21:10:04
================================================================================
[2025-10-24T21:11:05.151+0000] {manager.py:879} INFO - 
================================================================================
DAG File Processing Stats

File Path                             PID  Runtime      # DAGs    # Errors  Last Runtime    Last Run
----------------------------------  -----  ---------  --------  ----------  --------------  -------------------
/opt/airflow/dags/daily_summary.py   1701  0.00s             1           0  0.15s           2025-10-24T21:10:35
================================================================================
[2025-10-24T21:11:35.592+0000] {manager.py:879} INFO - 
================================================================================
DAG File Processing Stats

File Path                             PID  Runtime      # DAGs    # Errors  Last Runtime    Last Run
----------------------------------  -----  ---------  --------  ----------  --------------  -------------------
/opt/airflow/dags/daily_summary.py   1706  0.00s             1           0  0.15s           2025-10-24T21:11:05
================================================================================
[2025-10-24T21:12:05.906+0000] {manager.py:879} INFO - 
================================================================================
DAG File Processing Stats

File Path                             PID  Runtime      # DAGs    # Errors  Last Runtime    Last Run
----------------------------------  -----  ---------  --------  ----------  --------------  -------------------
/opt/airflow/dags/daily_summary.py   1711  0.00s             1           0  0.15s           2025-10-24T21:11:35
================================================================================
[2025-10-24T21:12:32.265+0000] {manager.py:738} INFO - Searching for files in /opt/airflow/dags
[2025-10-24T21:12:32.282+0000] {manager.py:741} INFO - There are 1 files in /opt/airflow/dags
[2025-10-24T21:12:36.335+0000] {manager.py:879} INFO - 
================================================================================
DAG File Processing Stats

File Path                             PID  Runtime      # DAGs    # Errors  Last Runtime    Last Run
----------------------------------  -----  ---------  --------  ----------  --------------  -------------------
/opt/airflow/dags/daily_summary.py   1716  0.00s             1           0  0.14s           2025-10-24T21:12:06
================================================================================
[2025-10-24T21:13:06.638+0000] {manager.py:879} INFO - 
================================================================================
DAG File Processing Stats

File Path                             PID  Runtime      # DAGs    # Errors  Last Runtime    Last Run
----------------------------------  -----  ---------  --------  ----------  --------------  -------------------
/opt/airflow/dags/daily_summary.py   1721  0.00s             1           0  0.14s           2025-10-24T21:12:36
================================================================================
[2025-10-24T21:13:37.043+0000] {manager.py:879} INFO - 
================================================================================
DAG File Processing Stats

File Path                             PID  Runtime      # DAGs    # Errors  Last Runtime    Last Run
----------------------------------  -----  ---------  --------  ----------  --------------  -------------------
/opt/airflow/dags/daily_summary.py   1726  0.00s             1           0  0.14s           2025-10-24T21:13:06
================================================================================
[2025-10-24T21:14:07.364+0000] {manager.py:879} INFO - 
================================================================================
DAG File Processing Stats

File Path                             PID  Runtime      # DAGs    # Errors  Last Runtime    Last Run
----------------------------------  -----  ---------  --------  ----------  --------------  -------------------
/opt/airflow/dags/daily_summary.py   1731  0.00s             1           0  0.16s           2025-10-24T21:13:37
================================================================================
[2025-10-24T21:14:37.808+0000] {manager.py:879} INFO - 
================================================================================
DAG File Processing Stats

File Path                             PID  Runtime      # DAGs    # Errors  Last Runtime    Last Run
----------------------------------  -----  ---------  --------  ----------  --------------  -------------------
/opt/airflow/dags/daily_summary.py   1736  0.00s             1           0  0.15s           2025-10-24T21:14:07
================================================================================
[2025-10-24T21:15:08.128+0000] {manager.py:879} INFO - 
================================================================================
DAG File Processing Stats

File Path                             PID  Runtime      # DAGs    # Errors  Last Runtime    Last Run
----------------------------------  -----  ---------  --------  ----------  --------------  -------------------
/opt/airflow/dags/daily_summary.py   1741  0.00s             1           0  0.14s           2025-10-24T21:14:37
================================================================================
[2025-10-24T21:15:38.495+0000] {manager.py:879} INFO - 
================================================================================
DAG File Processing Stats

File Path                             PID  Runtime      # DAGs    # Errors  Last Runtime    Last Run
----------------------------------  -----  ---------  --------  ----------  --------------  -------------------
/opt/airflow/dags/daily_summary.py   1746  0.00s             1           0  0.14s           2025-10-24T21:15:08
================================================================================
[2025-10-24T21:16:08.781+0000] {manager.py:879} INFO - 
================================================================================
DAG File Processing Stats

File Path                             PID  Runtime      # DAGs    # Errors  Last Runtime    Last Run
----------------------------------  -----  ---------  --------  ----------  --------------  -------------------
/opt/airflow/dags/daily_summary.py   1751  0.00s             1           0  0.15s           2025-10-24T21:15:38
================================================================================
[2025-10-24T21:16:39.076+0000] {manager.py:879} INFO - 
================================================================================
DAG File Processing Stats

File Path                             PID  Runtime      # DAGs    # Errors  Last Runtime    Last Run
----------------------------------  -----  ---------  --------  ----------  --------------  -------------------
/opt/airflow/dags/daily_summary.py   1756  0.00s             1           0  0.14s           2025-10-24T21:16:08
================================================================================
[2025-10-24T21:17:09.480+0000] {manager.py:879} INFO - 
================================================================================
DAG File Processing Stats

File Path                             PID  Runtime      # DAGs    # Errors  Last Runtime    Last Run
----------------------------------  -----  ---------  --------  ----------  --------------  -------------------
/opt/airflow/dags/daily_summary.py   1761  0.00s             1           0  0.14s           2025-10-24T21:16:39
================================================================================
[2025-10-24T21:17:32.739+0000] {manager.py:738} INFO - Searching for files in /opt/airflow/dags
[2025-10-24T21:17:32.765+0000] {manager.py:741} INFO - There are 1 files in /opt/airflow/dags
[2025-10-24T21:17:39.877+0000] {manager.py:879} INFO - 
================================================================================
DAG File Processing Stats

File Path                             PID  Runtime      # DAGs    # Errors  Last Runtime    Last Run
----------------------------------  -----  ---------  --------  ----------  --------------  -------------------
/opt/airflow/dags/daily_summary.py   1766  0.00s             1           0  0.14s           2025-10-24T21:17:09
================================================================================
[2025-10-24T21:18:10.220+0000] {manager.py:879} INFO - 
================================================================================
DAG File Processing Stats

File Path                             PID  Runtime      # DAGs    # Errors  Last Runtime    Last Run
----------------------------------  -----  ---------  --------  ----------  --------------  -------------------
/opt/airflow/dags/daily_summary.py   1771  0.00s             1           0  0.16s           2025-10-24T21:17:40
================================================================================
[2025-10-24T21:18:40.611+0000] {manager.py:879} INFO - 
================================================================================
DAG File Processing Stats

File Path                             PID  Runtime      # DAGs    # Errors  Last Runtime    Last Run
----------------------------------  -----  ---------  --------  ----------  --------------  -------------------
/opt/airflow/dags/daily_summary.py   1776  0.00s             1           0  0.16s           2025-10-24T21:18:10
================================================================================
[2025-10-24T21:19:10.945+0000] {manager.py:879} INFO - 
================================================================================
DAG File Processing Stats

File Path                             PID  Runtime      # DAGs    # Errors  Last Runtime    Last Run
----------------------------------  -----  ---------  --------  ----------  --------------  -------------------
/opt/airflow/dags/daily_summary.py   1781  0.00s             1           0  0.14s           2025-10-24T21:18:40
================================================================================
[2025-10-24T21:19:41.343+0000] {manager.py:879} INFO - 
================================================================================
DAG File Processing Stats

File Path                             PID  Runtime      # DAGs    # Errors  Last Runtime    Last Run
----------------------------------  -----  ---------  --------  ----------  --------------  -------------------
/opt/airflow/dags/daily_summary.py   1786  0.00s             1           0  0.14s           2025-10-24T21:19:11
================================================================================
[2025-10-24T21:20:11.692+0000] {manager.py:879} INFO - 
================================================================================
DAG File Processing Stats

File Path                             PID  Runtime      # DAGs    # Errors  Last Runtime    Last Run
----------------------------------  -----  ---------  --------  ----------  --------------  -------------------
/opt/airflow/dags/daily_summary.py   1791  0.00s             1           0  0.14s           2025-10-24T21:19:41
================================================================================
[2025-10-24T21:20:42.001+0000] {manager.py:879} INFO - 
================================================================================
DAG File Processing Stats

File Path                             PID  Runtime      # DAGs    # Errors  Last Runtime    Last Run
----------------------------------  -----  ---------  --------  ----------  --------------  -------------------
/opt/airflow/dags/daily_summary.py   1796  0.00s             1           0  0.14s           2025-10-24T21:20:11
================================================================================
[2025-10-24T21:21:12.415+0000] {manager.py:879} INFO - 
================================================================================
DAG File Processing Stats

File Path                             PID  Runtime      # DAGs    # Errors  Last Runtime    Last Run
----------------------------------  -----  ---------  --------  ----------  --------------  -------------------
/opt/airflow/dags/daily_summary.py   1801  0.00s             1           0  0.14s           2025-10-24T21:20:42
================================================================================
[2025-10-24T21:21:42.739+0000] {manager.py:879} INFO - 
================================================================================
DAG File Processing Stats

File Path                             PID  Runtime      # DAGs    # Errors  Last Runtime    Last Run
----------------------------------  -----  ---------  --------  ----------  --------------  -------------------
/opt/airflow/dags/daily_summary.py   1806  0.00s             1           0  0.16s           2025-10-24T21:21:12
================================================================================
[2025-10-24T21:22:13.163+0000] {manager.py:879} INFO - 
================================================================================
DAG File Processing Stats

File Path                             PID  Runtime      # DAGs    # Errors  Last Runtime    Last Run
----------------------------------  -----  ---------  --------  ----------  --------------  -------------------
/opt/airflow/dags/daily_summary.py   1811  0.00s             1           0  0.15s           2025-10-24T21:21:42
================================================================================
[2025-10-24T21:22:33.380+0000] {manager.py:738} INFO - Searching for files in /opt/airflow/dags
[2025-10-24T21:22:33.398+0000] {manager.py:741} INFO - There are 1 files in /opt/airflow/dags
[2025-10-24T21:22:43.521+0000] {manager.py:879} INFO - 
================================================================================
DAG File Processing Stats

File Path                             PID  Runtime      # DAGs    # Errors  Last Runtime    Last Run
----------------------------------  -----  ---------  --------  ----------  --------------  -------------------
/opt/airflow/dags/daily_summary.py   1816  0.00s             1           0  0.16s           2025-10-24T21:22:13
================================================================================
[2025-10-24T21:23:13.895+0000] {manager.py:879} INFO - 
================================================================================
DAG File Processing Stats

File Path                             PID  Runtime      # DAGs    # Errors  Last Runtime    Last Run
----------------------------------  -----  ---------  --------  ----------  --------------  -------------------
/opt/airflow/dags/daily_summary.py   1821  0.00s             1           0  0.16s           2025-10-24T21:22:43
================================================================================
[2025-10-24T21:23:44.297+0000] {manager.py:879} INFO - 
================================================================================
DAG File Processing Stats

File Path                             PID  Runtime      # DAGs    # Errors  Last Runtime    Last Run
----------------------------------  -----  ---------  --------  ----------  --------------  -------------------
/opt/airflow/dags/daily_summary.py   1826  0.00s             1           0  0.16s           2025-10-24T21:23:14
================================================================================
[2025-10-24T21:24:14.638+0000] {manager.py:879} INFO - 
================================================================================
DAG File Processing Stats

File Path                             PID  Runtime      # DAGs    # Errors  Last Runtime    Last Run
----------------------------------  -----  ---------  --------  ----------  --------------  -------------------
/opt/airflow/dags/daily_summary.py   1831  0.00s             1           0  0.14s           2025-10-24T21:23:44
================================================================================
[2025-10-24T21:24:45.034+0000] {manager.py:879} INFO - 
================================================================================
DAG File Processing Stats

File Path                             PID  Runtime      # DAGs    # Errors  Last Runtime    Last Run
----------------------------------  -----  ---------  --------  ----------  --------------  -------------------
/opt/airflow/dags/daily_summary.py   1836  0.00s             1           0  0.15s           2025-10-24T21:24:14
================================================================================
[2025-10-24T21:25:15.359+0000] {manager.py:879} INFO - 
================================================================================
DAG File Processing Stats

File Path                             PID  Runtime      # DAGs    # Errors  Last Runtime    Last Run
----------------------------------  -----  ---------  --------  ----------  --------------  -------------------
/opt/airflow/dags/daily_summary.py   1841  0.00s             1           0  0.14s           2025-10-24T21:24:45
================================================================================
[2025-10-24T21:25:45.775+0000] {manager.py:879} INFO - 
================================================================================
DAG File Processing Stats

File Path                             PID  Runtime      # DAGs    # Errors  Last Runtime    Last Run
----------------------------------  -----  ---------  --------  ----------  --------------  -------------------
/opt/airflow/dags/daily_summary.py   1846  0.00s             1           0  0.14s           2025-10-24T21:25:15
================================================================================
[2025-10-24T21:26:16.048+0000] {manager.py:879} INFO - 
================================================================================
DAG File Processing Stats

File Path                             PID  Runtime      # DAGs    # Errors  Last Runtime    Last Run
----------------------------------  -----  ---------  --------  ----------  --------------  -------------------
/opt/airflow/dags/daily_summary.py   1851  0.00s             1           0  0.15s           2025-10-24T21:25:45
================================================================================
[2025-10-24T21:26:46.374+0000] {manager.py:879} INFO - 
================================================================================
DAG File Processing Stats

File Path                             PID  Runtime      # DAGs    # Errors  Last Runtime    Last Run
----------------------------------  -----  ---------  --------  ----------  --------------  -------------------
/opt/airflow/dags/daily_summary.py   1856  0.00s             1           0  0.14s           2025-10-24T21:26:16
================================================================================
[2025-10-24T21:27:16.807+0000] {manager.py:879} INFO - 
================================================================================
DAG File Processing Stats

File Path                             PID  Runtime      # DAGs    # Errors  Last Runtime    Last Run
----------------------------------  -----  ---------  --------  ----------  --------------  -------------------
/opt/airflow/dags/daily_summary.py   1861  0.00s             1           0  0.15s           2025-10-24T21:26:46
================================================================================
[2025-10-24T21:27:33.962+0000] {manager.py:738} INFO - Searching for files in /opt/airflow/dags
[2025-10-24T21:27:33.983+0000] {manager.py:741} INFO - There are 1 files in /opt/airflow/dags
[2025-10-24T21:27:47.115+0000] {manager.py:879} INFO - 
================================================================================
DAG File Processing Stats

File Path                             PID  Runtime      # DAGs    # Errors  Last Runtime    Last Run
----------------------------------  -----  ---------  --------  ----------  --------------  -------------------
/opt/airflow/dags/daily_summary.py   1866  0.00s             1           0  0.15s           2025-10-24T21:27:16
================================================================================
[2025-10-24T21:28:17.549+0000] {manager.py:879} INFO - 
================================================================================
DAG File Processing Stats

File Path                             PID  Runtime      # DAGs    # Errors  Last Runtime    Last Run
----------------------------------  -----  ---------  --------  ----------  --------------  -------------------
/opt/airflow/dags/daily_summary.py   1871  0.00s             1           0  0.16s           2025-10-24T21:27:47
================================================================================
[2025-10-24T21:28:47.923+0000] {manager.py:879} INFO - 
================================================================================
DAG File Processing Stats

File Path                             PID  Runtime      # DAGs    # Errors  Last Runtime    Last Run
----------------------------------  -----  ---------  --------  ----------  --------------  -------------------
/opt/airflow/dags/daily_summary.py   1876  0.00s             1           0  0.15s           2025-10-24T21:28:17
================================================================================
[2025-10-24T21:29:18.284+0000] {manager.py:879} INFO - 
================================================================================
DAG File Processing Stats

File Path                             PID  Runtime      # DAGs    # Errors  Last Runtime    Last Run
----------------------------------  -----  ---------  --------  ----------  --------------  -------------------
/opt/airflow/dags/daily_summary.py   1881  0.00s             1           0  0.16s           2025-10-24T21:28:48
================================================================================
[2025-10-24T21:29:48.646+0000] {manager.py:879} INFO - 
================================================================================
DAG File Processing Stats

File Path                             PID  Runtime      # DAGs    # Errors  Last Runtime    Last Run
----------------------------------  -----  ---------  --------  ----------  --------------  -------------------
/opt/airflow/dags/daily_summary.py   1886  0.00s             1           0  0.14s           2025-10-24T21:29:18
================================================================================
[2025-10-24T21:30:18.962+0000] {manager.py:879} INFO - 
================================================================================
DAG File Processing Stats

File Path                             PID  Runtime      # DAGs    # Errors  Last Runtime    Last Run
----------------------------------  -----  ---------  --------  ----------  --------------  -------------------
/opt/airflow/dags/daily_summary.py   1891  0.00s             1           0  0.15s           2025-10-24T21:29:48
================================================================================
[2025-10-24T21:30:49.294+0000] {manager.py:879} INFO - 
================================================================================
DAG File Processing Stats

File Path                             PID  Runtime      # DAGs    # Errors  Last Runtime    Last Run
----------------------------------  -----  ---------  --------  ----------  --------------  -------------------
/opt/airflow/dags/daily_summary.py   1896  0.00s             1           0  0.15s           2025-10-24T21:30:19
================================================================================
[2025-10-24T21:31:19.691+0000] {manager.py:879} INFO - 
================================================================================
DAG File Processing Stats

File Path                             PID  Runtime      # DAGs    # Errors  Last Runtime    Last Run
----------------------------------  -----  ---------  --------  ----------  --------------  -------------------
/opt/airflow/dags/daily_summary.py   1901  0.00s             1           0  0.15s           2025-10-24T21:30:49
================================================================================
[2025-10-24T21:31:50.002+0000] {manager.py:879} INFO - 
================================================================================
DAG File Processing Stats

File Path                             PID  Runtime      # DAGs    # Errors  Last Runtime    Last Run
----------------------------------  -----  ---------  --------  ----------  --------------  -------------------
/opt/airflow/dags/daily_summary.py   1906  0.00s             1           0  0.14s           2025-10-24T21:31:19
================================================================================
[2025-10-24T21:32:20.377+0000] {manager.py:879} INFO - 
================================================================================
DAG File Processing Stats

File Path                             PID  Runtime      # DAGs    # Errors  Last Runtime    Last Run
----------------------------------  -----  ---------  --------  ----------  --------------  -------------------
/opt/airflow/dags/daily_summary.py   1911  0.00s             1           0  0.14s           2025-10-24T21:31:50
================================================================================
[2025-10-24T21:32:34.539+0000] {manager.py:738} INFO - Searching for files in /opt/airflow/dags
[2025-10-24T21:32:34.565+0000] {manager.py:741} INFO - There are 1 files in /opt/airflow/dags
[2025-10-24T21:32:50.745+0000] {manager.py:879} INFO - 
================================================================================
DAG File Processing Stats

File Path                             PID  Runtime      # DAGs    # Errors  Last Runtime    Last Run
----------------------------------  -----  ---------  --------  ----------  --------------  -------------------
/opt/airflow/dags/daily_summary.py   1916  0.00s             1           0  0.16s           2025-10-24T21:32:20
================================================================================
[2025-10-24T21:33:21.163+0000] {manager.py:879} INFO - 
================================================================================
DAG File Processing Stats

File Path                             PID  Runtime      # DAGs    # Errors  Last Runtime    Last Run
----------------------------------  -----  ---------  --------  ----------  --------------  -------------------
/opt/airflow/dags/daily_summary.py   1921  0.01s             1           0  0.14s           2025-10-24T21:32:50
================================================================================
[2025-10-24T21:33:51.479+0000] {manager.py:879} INFO - 
================================================================================
DAG File Processing Stats

File Path                             PID  Runtime      # DAGs    # Errors  Last Runtime    Last Run
----------------------------------  -----  ---------  --------  ----------  --------------  -------------------
/opt/airflow/dags/daily_summary.py   1926  0.00s             1           0  0.18s           2025-10-24T21:33:21
================================================================================
[2025-10-24T21:34:21.803+0000] {manager.py:879} INFO - 
================================================================================
DAG File Processing Stats

File Path                             PID  Runtime      # DAGs    # Errors  Last Runtime    Last Run
----------------------------------  -----  ---------  --------  ----------  --------------  -------------------
/opt/airflow/dags/daily_summary.py   1931  0.00s             1           0  0.15s           2025-10-24T21:33:51
================================================================================
[2025-10-24T21:34:52.245+0000] {manager.py:879} INFO - 
================================================================================
DAG File Processing Stats

File Path                             PID  Runtime      # DAGs    # Errors  Last Runtime    Last Run
----------------------------------  -----  ---------  --------  ----------  --------------  -------------------
/opt/airflow/dags/daily_summary.py   1936  0.00s             1           0  0.15s           2025-10-24T21:34:21
================================================================================
[2025-10-24T21:35:22.556+0000] {manager.py:879} INFO - 
================================================================================
DAG File Processing Stats

File Path                             PID  Runtime      # DAGs    # Errors  Last Runtime    Last Run
----------------------------------  -----  ---------  --------  ----------  --------------  -------------------
/opt/airflow/dags/daily_summary.py   1941  0.00s             1           0  0.14s           2025-10-24T21:34:52
================================================================================
[2025-10-24T21:35:53.009+0000] {manager.py:879} INFO - 
================================================================================
DAG File Processing Stats

File Path                             PID  Runtime      # DAGs    # Errors  Last Runtime    Last Run
----------------------------------  -----  ---------  --------  ----------  --------------  -------------------
/opt/airflow/dags/daily_summary.py   1946  0.00s             1           0  0.15s           2025-10-24T21:35:22
================================================================================
[2025-10-24T21:36:23.321+0000] {manager.py:879} INFO - 
================================================================================
DAG File Processing Stats

File Path                             PID  Runtime      # DAGs    # Errors  Last Runtime    Last Run
----------------------------------  -----  ---------  --------  ----------  --------------  -------------------
/opt/airflow/dags/daily_summary.py   1951  0.00s             1           0  0.14s           2025-10-24T21:35:53
================================================================================
[2025-10-24T21:36:53.713+0000] {manager.py:879} INFO - 
================================================================================
DAG File Processing Stats

File Path                             PID  Runtime      # DAGs    # Errors  Last Runtime    Last Run
----------------------------------  -----  ---------  --------  ----------  --------------  -------------------
/opt/airflow/dags/daily_summary.py   1956  0.00s             1           0  0.15s           2025-10-24T21:36:23
================================================================================
[2025-10-24T21:37:24.108+0000] {manager.py:879} INFO - 
================================================================================
DAG File Processing Stats

File Path                             PID  Runtime      # DAGs    # Errors  Last Runtime    Last Run
----------------------------------  -----  ---------  --------  ----------  --------------  -------------------
/opt/airflow/dags/daily_summary.py   1961  0.00s             1           0  0.14s           2025-10-24T21:36:53
================================================================================
[2025-10-24T21:37:35.203+0000] {manager.py:738} INFO - Searching for files in /opt/airflow/dags
[2025-10-24T21:37:35.224+0000] {manager.py:741} INFO - There are 1 files in /opt/airflow/dags
[2025-10-24T21:37:54.435+0000] {manager.py:879} INFO - 
================================================================================
DAG File Processing Stats

File Path                             PID  Runtime      # DAGs    # Errors  Last Runtime    Last Run
----------------------------------  -----  ---------  --------  ----------  --------------  -------------------
/opt/airflow/dags/daily_summary.py   1966  0.00s             1           0  0.15s           2025-10-24T21:37:24
================================================================================
[2025-10-24T21:38:24.838+0000] {manager.py:879} INFO - 
================================================================================
DAG File Processing Stats

File Path                             PID  Runtime      # DAGs    # Errors  Last Runtime    Last Run
----------------------------------  -----  ---------  --------  ----------  --------------  -------------------
/opt/airflow/dags/daily_summary.py   1971  0.00s             1           0  0.16s           2025-10-24T21:37:54
================================================================================
[2025-10-24T21:38:55.176+0000] {manager.py:879} INFO - 
================================================================================
DAG File Processing Stats

File Path                             PID  Runtime      # DAGs    # Errors  Last Runtime    Last Run
----------------------------------  -----  ---------  --------  ----------  --------------  -------------------
/opt/airflow/dags/daily_summary.py   1976  0.00s             1           0  0.13s           2025-10-24T21:38:24
================================================================================
[2025-10-24T21:39:25.543+0000] {manager.py:879} INFO - 
================================================================================
DAG File Processing Stats

File Path                             PID  Runtime      # DAGs    # Errors  Last Runtime    Last Run
----------------------------------  -----  ---------  --------  ----------  --------------  -------------------
/opt/airflow/dags/daily_summary.py   1981  0.00s             1           0  0.18s           2025-10-24T21:38:55
================================================================================
[2025-10-24T21:39:55.982+0000] {manager.py:879} INFO - 
================================================================================
DAG File Processing Stats

File Path                             PID  Runtime      # DAGs    # Errors  Last Runtime    Last Run
----------------------------------  -----  ---------  --------  ----------  --------------  -------------------
/opt/airflow/dags/daily_summary.py   1986  0.00s             1           0  0.15s           2025-10-24T21:39:25
================================================================================
[2025-10-24T21:40:26.303+0000] {manager.py:879} INFO - 
================================================================================
DAG File Processing Stats

File Path                             PID  Runtime      # DAGs    # Errors  Last Runtime    Last Run
----------------------------------  -----  ---------  --------  ----------  --------------  -------------------
/opt/airflow/dags/daily_summary.py   1991  0.00s             1           0  0.14s           2025-10-24T21:39:56
================================================================================
[2025-10-24T21:40:56.720+0000] {manager.py:879} INFO - 
================================================================================
DAG File Processing Stats

File Path                             PID  Runtime      # DAGs    # Errors  Last Runtime    Last Run
----------------------------------  -----  ---------  --------  ----------  --------------  -------------------
/opt/airflow/dags/daily_summary.py   1996  0.00s             1           0  0.15s           2025-10-24T21:40:26
================================================================================
[2025-10-24T21:41:27.068+0000] {manager.py:879} INFO - 
================================================================================
DAG File Processing Stats

File Path                             PID  Runtime      # DAGs    # Errors  Last Runtime    Last Run
----------------------------------  -----  ---------  --------  ----------  --------------  -------------------
/opt/airflow/dags/daily_summary.py   2001  0.00s             1           0  0.14s           2025-10-24T21:40:56
================================================================================
[2025-10-24T21:41:57.351+0000] {manager.py:879} INFO - 
================================================================================
DAG File Processing Stats

File Path                             PID  Runtime      # DAGs    # Errors  Last Runtime    Last Run
----------------------------------  -----  ---------  --------  ----------  --------------  -------------------
/opt/airflow/dags/daily_summary.py   2006  0.00s             1           0  0.16s           2025-10-24T21:41:27
================================================================================
[2025-10-24T21:42:27.773+0000] {manager.py:879} INFO - 
================================================================================
DAG File Processing Stats

File Path                             PID  Runtime      # DAGs    # Errors  Last Runtime    Last Run
----------------------------------  -----  ---------  --------  ----------  --------------  -------------------
/opt/airflow/dags/daily_summary.py   2011  0.00s             1           0  0.14s           2025-10-24T21:41:57
================================================================================
[2025-10-24T21:42:35.861+0000] {manager.py:738} INFO - Searching for files in /opt/airflow/dags
[2025-10-24T21:42:35.882+0000] {manager.py:741} INFO - There are 1 files in /opt/airflow/dags
[2025-10-24T21:42:58.162+0000] {manager.py:879} INFO - 
================================================================================
DAG File Processing Stats

File Path                             PID  Runtime      # DAGs    # Errors  Last Runtime    Last Run
----------------------------------  -----  ---------  --------  ----------  --------------  -------------------
/opt/airflow/dags/daily_summary.py   2016  0.00s             1           0  0.14s           2025-10-24T21:42:27
================================================================================
[2025-10-24T21:43:28.543+0000] {manager.py:879} INFO - 
================================================================================
DAG File Processing Stats

File Path                             PID  Runtime      # DAGs    # Errors  Last Runtime    Last Run
----------------------------------  -----  ---------  --------  ----------  --------------  -------------------
/opt/airflow/dags/daily_summary.py   2021  0.00s             1           0  0.15s           2025-10-24T21:42:58
================================================================================
[2025-10-24T21:43:58.888+0000] {manager.py:879} INFO - 
================================================================================
DAG File Processing Stats

File Path                             PID  Runtime      # DAGs    # Errors  Last Runtime    Last Run
----------------------------------  -----  ---------  --------  ----------  --------------  -------------------
/opt/airflow/dags/daily_summary.py   2026  0.00s             1           0  0.14s           2025-10-24T21:43:28
================================================================================
[2025-10-24T21:44:29.271+0000] {manager.py:879} INFO - 
================================================================================
DAG File Processing Stats

File Path                             PID  Runtime      # DAGs    # Errors  Last Runtime    Last Run
----------------------------------  -----  ---------  --------  ----------  --------------  -------------------
/opt/airflow/dags/daily_summary.py   2031  0.00s             1           0  0.13s           2025-10-24T21:43:59
================================================================================
[2025-10-24T21:44:59.602+0000] {manager.py:879} INFO - 
================================================================================
DAG File Processing Stats

File Path                             PID  Runtime      # DAGs    # Errors  Last Runtime    Last Run
----------------------------------  -----  ---------  --------  ----------  --------------  -------------------
/opt/airflow/dags/daily_summary.py   2036  0.00s             1           0  0.15s           2025-10-24T21:44:29
================================================================================
[2025-10-24T21:45:30.018+0000] {manager.py:879} INFO - 
================================================================================
DAG File Processing Stats

File Path                             PID  Runtime      # DAGs    # Errors  Last Runtime    Last Run
----------------------------------  -----  ---------  --------  ----------  --------------  -------------------
/opt/airflow/dags/daily_summary.py   2041  0.00s             1           0  0.16s           2025-10-24T21:44:59
================================================================================
[2025-10-24T21:46:00.365+0000] {manager.py:879} INFO - 
================================================================================
DAG File Processing Stats

File Path                             PID  Runtime      # DAGs    # Errors  Last Runtime    Last Run
----------------------------------  -----  ---------  --------  ----------  --------------  -------------------
/opt/airflow/dags/daily_summary.py   2046  0.00s             1           0  0.15s           2025-10-24T21:45:30
================================================================================
[2025-10-24T21:46:30.693+0000] {manager.py:879} INFO - 
================================================================================
DAG File Processing Stats

File Path                             PID  Runtime      # DAGs    # Errors  Last Runtime    Last Run
----------------------------------  -----  ---------  --------  ----------  --------------  -------------------
/opt/airflow/dags/daily_summary.py   2051  0.00s             1           0  0.14s           2025-10-24T21:46:00
================================================================================
[2025-10-24T21:47:01.117+0000] {manager.py:879} INFO - 
================================================================================
DAG File Processing Stats

File Path                             PID  Runtime      # DAGs    # Errors  Last Runtime    Last Run
----------------------------------  -----  ---------  --------  ----------  --------------  -------------------
/opt/airflow/dags/daily_summary.py   2056  0.00s             1           0  0.14s           2025-10-24T21:46:30
================================================================================
[2025-10-24T21:47:31.378+0000] {manager.py:879} INFO - 
================================================================================
DAG File Processing Stats

File Path                             PID  Runtime      # DAGs    # Errors  Last Runtime    Last Run
----------------------------------  -----  ---------  --------  ----------  --------------  -------------------
/opt/airflow/dags/daily_summary.py   2061  0.00s             1           0  0.14s           2025-10-24T21:47:01
================================================================================
[2025-10-24T21:47:36.427+0000] {manager.py:738} INFO - Searching for files in /opt/airflow/dags
[2025-10-24T21:47:36.445+0000] {manager.py:741} INFO - There are 1 files in /opt/airflow/dags
[2025-10-24T21:48:01.702+0000] {manager.py:879} INFO - 
================================================================================
DAG File Processing Stats

File Path                             PID  Runtime      # DAGs    # Errors  Last Runtime    Last Run
----------------------------------  -----  ---------  --------  ----------  --------------  -------------------
/opt/airflow/dags/daily_summary.py   2066  0.00s             1           0  0.15s           2025-10-24T21:47:31
================================================================================
[2025-10-24T21:48:32.163+0000] {manager.py:879} INFO - 
================================================================================
DAG File Processing Stats

File Path                             PID  Runtime      # DAGs    # Errors  Last Runtime    Last Run
----------------------------------  -----  ---------  --------  ----------  --------------  -------------------
/opt/airflow/dags/daily_summary.py   2071  0.00s             1           0  0.15s           2025-10-24T21:48:01
================================================================================
[2025-10-24T21:49:02.488+0000] {manager.py:879} INFO - 
================================================================================
DAG File Processing Stats

File Path                             PID  Runtime      # DAGs    # Errors  Last Runtime    Last Run
----------------------------------  -----  ---------  --------  ----------  --------------  -------------------
/opt/airflow/dags/daily_summary.py   2076  0.00s             1           0  0.15s           2025-10-24T21:48:32
================================================================================
[2025-10-24T21:49:32.933+0000] {manager.py:879} INFO - 
================================================================================
DAG File Processing Stats

File Path                             PID  Runtime      # DAGs    # Errors  Last Runtime    Last Run
----------------------------------  -----  ---------  --------  ----------  --------------  -------------------
/opt/airflow/dags/daily_summary.py   2081  0.00s             1           0  0.14s           2025-10-24T21:49:02
================================================================================
[2025-10-24T21:50:03.255+0000] {manager.py:879} INFO - 
================================================================================
DAG File Processing Stats

File Path                             PID  Runtime      # DAGs    # Errors  Last Runtime    Last Run
----------------------------------  -----  ---------  --------  ----------  --------------  -------------------
/opt/airflow/dags/daily_summary.py   2086  0.00s             1           0  0.14s           2025-10-24T21:49:33
================================================================================
[2025-10-24T21:50:33.716+0000] {manager.py:879} INFO - 
================================================================================
DAG File Processing Stats

File Path                             PID  Runtime      # DAGs    # Errors  Last Runtime    Last Run
----------------------------------  -----  ---------  --------  ----------  --------------  -------------------
/opt/airflow/dags/daily_summary.py   2091  0.00s             1           0  0.14s           2025-10-24T21:50:03
================================================================================
[2025-10-24T21:51:04.054+0000] {manager.py:879} INFO - 
================================================================================
DAG File Processing Stats

File Path                             PID  Runtime      # DAGs    # Errors  Last Runtime    Last Run
----------------------------------  -----  ---------  --------  ----------  --------------  -------------------
/opt/airflow/dags/daily_summary.py   2096  0.00s             1           0  0.15s           2025-10-24T21:50:33
================================================================================
[2025-10-24T21:51:34.450+0000] {manager.py:879} INFO - 
================================================================================
DAG File Processing Stats

File Path                             PID  Runtime      # DAGs    # Errors  Last Runtime    Last Run
----------------------------------  -----  ---------  --------  ----------  --------------  -------------------
/opt/airflow/dags/daily_summary.py   2101  0.00s             1           0  0.17s           2025-10-24T21:51:04
================================================================================
[2025-10-24T21:52:04.739+0000] {manager.py:879} INFO - 
================================================================================
DAG File Processing Stats

File Path                             PID  Runtime      # DAGs    # Errors  Last Runtime    Last Run
----------------------------------  -----  ---------  --------  ----------  --------------  -------------------
/opt/airflow/dags/daily_summary.py   2106  0.00s             1           0  0.15s           2025-10-24T21:51:34
================================================================================
[2025-10-24T21:52:35.128+0000] {manager.py:879} INFO - 
================================================================================
DAG File Processing Stats

File Path                             PID  Runtime      # DAGs    # Errors  Last Runtime    Last Run
----------------------------------  -----  ---------  --------  ----------  --------------  -------------------
/opt/airflow/dags/daily_summary.py   2111  0.00s             1           0  0.16s           2025-10-24T21:52:04
================================================================================
[2025-10-24T21:52:37.146+0000] {manager.py:738} INFO - Searching for files in /opt/airflow/dags
[2025-10-24T21:52:37.165+0000] {manager.py:741} INFO - There are 1 files in /opt/airflow/dags
[2025-10-24T21:53:05.432+0000] {manager.py:879} INFO - 
================================================================================
DAG File Processing Stats

File Path                             PID  Runtime      # DAGs    # Errors  Last Runtime    Last Run
----------------------------------  -----  ---------  --------  ----------  --------------  -------------------
/opt/airflow/dags/daily_summary.py   2116  0.00s             1           0  0.15s           2025-10-24T21:52:35
================================================================================
[2025-10-24T21:53:35.866+0000] {manager.py:879} INFO - 
================================================================================
DAG File Processing Stats

File Path                             PID  Runtime      # DAGs    # Errors  Last Runtime    Last Run
----------------------------------  -----  ---------  --------  ----------  --------------  -------------------
/opt/airflow/dags/daily_summary.py   2121  0.00s             1           0  0.14s           2025-10-24T21:53:05
================================================================================
[2025-10-24T21:54:06.168+0000] {manager.py:879} INFO - 
================================================================================
DAG File Processing Stats

File Path                             PID  Runtime      # DAGs    # Errors  Last Runtime    Last Run
----------------------------------  -----  ---------  --------  ----------  --------------  -------------------
/opt/airflow/dags/daily_summary.py   2126  0.00s             1           0  0.15s           2025-10-24T21:53:36
================================================================================
[2025-10-24T21:54:36.614+0000] {manager.py:879} INFO - 
================================================================================
DAG File Processing Stats

File Path                             PID  Runtime      # DAGs    # Errors  Last Runtime    Last Run
----------------------------------  -----  ---------  --------  ----------  --------------  -------------------
/opt/airflow/dags/daily_summary.py   2131  0.00s             1           0  0.14s           2025-10-24T21:54:06
================================================================================
[2025-10-24T21:55:06.968+0000] {manager.py:879} INFO - 
================================================================================
DAG File Processing Stats

File Path                             PID  Runtime      # DAGs    # Errors  Last Runtime    Last Run
----------------------------------  -----  ---------  --------  ----------  --------------  -------------------
/opt/airflow/dags/daily_summary.py   2136  0.00s             1           0  0.15s           2025-10-24T21:54:36
================================================================================
[2025-10-24T21:55:37.383+0000] {manager.py:879} INFO - 
================================================================================
DAG File Processing Stats

File Path                             PID  Runtime      # DAGs    # Errors  Last Runtime    Last Run
----------------------------------  -----  ---------  --------  ----------  --------------  -------------------
/opt/airflow/dags/daily_summary.py   2141  0.00s             1           0  0.15s           2025-10-24T21:55:07
================================================================================
[2025-10-24T21:56:07.729+0000] {manager.py:879} INFO - 
================================================================================
DAG File Processing Stats

File Path                             PID  Runtime      # DAGs    # Errors  Last Runtime    Last Run
----------------------------------  -----  ---------  --------  ----------  --------------  -------------------
/opt/airflow/dags/daily_summary.py   2146  0.00s             1           0  0.16s           2025-10-24T21:55:37
================================================================================
[2025-10-24T21:56:38.190+0000] {manager.py:879} INFO - 
================================================================================
DAG File Processing Stats

File Path                             PID  Runtime      # DAGs    # Errors  Last Runtime    Last Run
----------------------------------  -----  ---------  --------  ----------  --------------  -------------------
/opt/airflow/dags/daily_summary.py   2151  0.00s             1           0  0.15s           2025-10-24T21:56:07
================================================================================
[2025-10-24T21:57:08.486+0000] {manager.py:879} INFO - 
================================================================================
DAG File Processing Stats

File Path                             PID  Runtime      # DAGs    # Errors  Last Runtime    Last Run
----------------------------------  -----  ---------  --------  ----------  --------------  -------------------
/opt/airflow/dags/daily_summary.py   2156  0.00s             1           0  0.14s           2025-10-24T21:56:38
================================================================================
[2025-10-24T21:57:37.857+0000] {manager.py:738} INFO - Searching for files in /opt/airflow/dags
[2025-10-24T21:57:37.875+0000] {manager.py:741} INFO - There are 1 files in /opt/airflow/dags
[2025-10-24T21:57:38.913+0000] {manager.py:879} INFO - 
================================================================================
DAG File Processing Stats

File Path                             PID  Runtime      # DAGs    # Errors  Last Runtime    Last Run
----------------------------------  -----  ---------  --------  ----------  --------------  -------------------
/opt/airflow/dags/daily_summary.py   2161  0.00s             1           0  0.15s           2025-10-24T21:57:08
================================================================================
[2025-10-24T21:58:09.167+0000] {manager.py:879} INFO - 
================================================================================
DAG File Processing Stats

File Path                             PID  Runtime      # DAGs    # Errors  Last Runtime    Last Run
----------------------------------  -----  ---------  --------  ----------  --------------  -------------------
/opt/airflow/dags/daily_summary.py   2166  0.00s             1           0  0.14s           2025-10-24T21:57:39
================================================================================
[2025-10-24T21:58:39.453+0000] {manager.py:879} INFO - 
================================================================================
DAG File Processing Stats

File Path                             PID  Runtime      # DAGs    # Errors  Last Runtime    Last Run
----------------------------------  -----  ---------  --------  ----------  --------------  -------------------
/opt/airflow/dags/daily_summary.py   2171  0.00s             1           0  0.14s           2025-10-24T21:58:09
================================================================================
[2025-10-24T21:59:09.873+0000] {manager.py:879} INFO - 
================================================================================
DAG File Processing Stats

File Path                             PID  Runtime      # DAGs    # Errors  Last Runtime    Last Run
----------------------------------  -----  ---------  --------  ----------  --------------  -------------------
/opt/airflow/dags/daily_summary.py   2176  0.00s             1           0  0.14s           2025-10-24T21:58:39
================================================================================
[2025-10-24T21:59:40.164+0000] {manager.py:879} INFO - 
================================================================================
DAG File Processing Stats

File Path                             PID  Runtime      # DAGs    # Errors  Last Runtime    Last Run
----------------------------------  -----  ---------  --------  ----------  --------------  -------------------
/opt/airflow/dags/daily_summary.py   2181  0.00s             1           0  0.15s           2025-10-24T21:59:10
================================================================================
[2025-10-24T22:00:10.618+0000] {manager.py:879} INFO - 
================================================================================
DAG File Processing Stats

File Path                             PID  Runtime      # DAGs    # Errors  Last Runtime    Last Run
----------------------------------  -----  ---------  --------  ----------  --------------  -------------------
/opt/airflow/dags/daily_summary.py   2186  0.00s             1           0  0.16s           2025-10-24T21:59:40
================================================================================
[2025-10-24T22:00:40.961+0000] {manager.py:879} INFO - 
================================================================================
DAG File Processing Stats

File Path                             PID  Runtime      # DAGs    # Errors  Last Runtime    Last Run
----------------------------------  -----  ---------  --------  ----------  --------------  -------------------
/opt/airflow/dags/daily_summary.py   2191  0.00s             1           0  0.14s           2025-10-24T22:00:10
================================================================================
[2025-10-24T22:01:11.379+0000] {manager.py:879} INFO - 
================================================================================
DAG File Processing Stats

File Path                             PID  Runtime      # DAGs    # Errors  Last Runtime    Last Run
----------------------------------  -----  ---------  --------  ----------  --------------  -------------------
/opt/airflow/dags/daily_summary.py   2196  0.00s             1           0  0.14s           2025-10-24T22:00:41
================================================================================
[2025-10-24T22:01:41.724+0000] {manager.py:879} INFO - 
================================================================================
DAG File Processing Stats

File Path                             PID  Runtime      # DAGs    # Errors  Last Runtime    Last Run
----------------------------------  -----  ---------  --------  ----------  --------------  -------------------
/opt/airflow/dags/daily_summary.py   2201  0.00s             1           0  0.14s           2025-10-24T22:01:11
================================================================================
[2025-10-24T22:02:12.065+0000] {manager.py:879} INFO - 
================================================================================
DAG File Processing Stats

File Path                             PID  Runtime      # DAGs    # Errors  Last Runtime    Last Run
----------------------------------  -----  ---------  --------  ----------  --------------  -------------------
/opt/airflow/dags/daily_summary.py   2206  0.00s             1           0  0.14s           2025-10-24T22:01:41
================================================================================
[2025-10-24T22:02:38.423+0000] {manager.py:738} INFO - Searching for files in /opt/airflow/dags
[2025-10-24T22:02:38.445+0000] {manager.py:741} INFO - There are 1 files in /opt/airflow/dags
[2025-10-24T22:02:42.491+0000] {manager.py:879} INFO - 
================================================================================
DAG File Processing Stats

File Path                             PID  Runtime      # DAGs    # Errors  Last Runtime    Last Run
----------------------------------  -----  ---------  --------  ----------  --------------  -------------------
/opt/airflow/dags/daily_summary.py   2211  0.00s             1           0  0.15s           2025-10-24T22:02:12
================================================================================
[2025-10-24T22:03:12.815+0000] {manager.py:879} INFO - 
================================================================================
DAG File Processing Stats

File Path                             PID  Runtime      # DAGs    # Errors  Last Runtime    Last Run
----------------------------------  -----  ---------  --------  ----------  --------------  -------------------
/opt/airflow/dags/daily_summary.py   2216  0.00s             1           0  0.16s           2025-10-24T22:02:42
================================================================================
[2025-10-24T22:03:43.227+0000] {manager.py:879} INFO - 
================================================================================
DAG File Processing Stats

File Path                             PID  Runtime      # DAGs    # Errors  Last Runtime    Last Run
----------------------------------  -----  ---------  --------  ----------  --------------  -------------------
/opt/airflow/dags/daily_summary.py   2221  0.00s             1           0  0.15s           2025-10-24T22:03:12
================================================================================
[2025-10-24T22:04:13.552+0000] {manager.py:879} INFO - 
================================================================================
DAG File Processing Stats

File Path                             PID  Runtime      # DAGs    # Errors  Last Runtime    Last Run
----------------------------------  -----  ---------  --------  ----------  --------------  -------------------
/opt/airflow/dags/daily_summary.py   2226  0.00s             1           0  0.15s           2025-10-24T22:03:43
================================================================================
[2025-10-24T22:04:43.937+0000] {manager.py:879} INFO - 
================================================================================
DAG File Processing Stats

File Path                             PID  Runtime      # DAGs    # Errors  Last Runtime    Last Run
----------------------------------  -----  ---------  --------  ----------  --------------  -------------------
/opt/airflow/dags/daily_summary.py   2231  0.00s             1           0  0.15s           2025-10-24T22:04:13
================================================================================
[2025-10-24T22:05:14.248+0000] {manager.py:879} INFO - 
================================================================================
DAG File Processing Stats

File Path                             PID  Runtime      # DAGs    # Errors  Last Runtime    Last Run
----------------------------------  -----  ---------  --------  ----------  --------------  -------------------
/opt/airflow/dags/daily_summary.py   2236  0.00s             1           0  0.15s           2025-10-24T22:04:44
================================================================================
[2025-10-24T22:05:44.637+0000] {manager.py:879} INFO - 
================================================================================
DAG File Processing Stats

File Path                             PID  Runtime      # DAGs    # Errors  Last Runtime    Last Run
----------------------------------  -----  ---------  --------  ----------  --------------  -------------------
/opt/airflow/dags/daily_summary.py   2241  0.00s             1           0  0.15s           2025-10-24T22:05:14
================================================================================
[2025-10-24T22:06:14.964+0000] {manager.py:879} INFO - 
================================================================================
DAG File Processing Stats

File Path                             PID  Runtime      # DAGs    # Errors  Last Runtime    Last Run
----------------------------------  -----  ---------  --------  ----------  --------------  -------------------
/opt/airflow/dags/daily_summary.py   2246  0.00s             1           0  0.16s           2025-10-24T22:05:44
================================================================================
[2025-10-24T22:06:45.367+0000] {manager.py:879} INFO - 
================================================================================
DAG File Processing Stats

File Path                             PID  Runtime      # DAGs    # Errors  Last Runtime    Last Run
----------------------------------  -----  ---------  --------  ----------  --------------  -------------------
/opt/airflow/dags/daily_summary.py   2251  0.00s             1           0  0.14s           2025-10-24T22:06:15
================================================================================
[2025-10-24T22:07:15.692+0000] {manager.py:879} INFO - 
================================================================================
DAG File Processing Stats

File Path                             PID  Runtime      # DAGs    # Errors  Last Runtime    Last Run
----------------------------------  -----  ---------  --------  ----------  --------------  -------------------
/opt/airflow/dags/daily_summary.py   2256  0.00s             1           0  0.15s           2025-10-24T22:06:45
================================================================================
[2025-10-24T22:07:39.014+0000] {manager.py:738} INFO - Searching for files in /opt/airflow/dags
[2025-10-24T22:07:39.034+0000] {manager.py:741} INFO - There are 1 files in /opt/airflow/dags
[2025-10-24T22:07:46.131+0000] {manager.py:879} INFO - 
================================================================================
DAG File Processing Stats

File Path                             PID  Runtime      # DAGs    # Errors  Last Runtime    Last Run
----------------------------------  -----  ---------  --------  ----------  --------------  -------------------
/opt/airflow/dags/daily_summary.py   2261  0.00s             1           0  0.15s           2025-10-24T22:07:15
================================================================================
[2025-10-24T22:08:16.447+0000] {manager.py:879} INFO - 
================================================================================
DAG File Processing Stats

File Path                             PID  Runtime      # DAGs    # Errors  Last Runtime    Last Run
----------------------------------  -----  ---------  --------  ----------  --------------  -------------------
/opt/airflow/dags/daily_summary.py   2266  0.00s             1           0  0.15s           2025-10-24T22:07:46
================================================================================
[2025-10-24T22:08:46.863+0000] {manager.py:879} INFO - 
================================================================================
DAG File Processing Stats

File Path                             PID  Runtime      # DAGs    # Errors  Last Runtime    Last Run
----------------------------------  -----  ---------  --------  ----------  --------------  -------------------
/opt/airflow/dags/daily_summary.py   2271  0.00s             1           0  0.14s           2025-10-24T22:08:16
================================================================================
[2025-10-24T22:09:17.122+0000] {manager.py:879} INFO - 
================================================================================
DAG File Processing Stats

File Path                             PID  Runtime      # DAGs    # Errors  Last Runtime    Last Run
----------------------------------  -----  ---------  --------  ----------  --------------  -------------------
/opt/airflow/dags/daily_summary.py   2276  0.00s             1           0  0.15s           2025-10-24T22:08:47
================================================================================
[2025-10-24T22:09:47.411+0000] {manager.py:879} INFO - 
================================================================================
DAG File Processing Stats

File Path                             PID  Runtime      # DAGs    # Errors  Last Runtime    Last Run
----------------------------------  -----  ---------  --------  ----------  --------------  -------------------
/opt/airflow/dags/daily_summary.py   2281  0.00s             1           0  0.15s           2025-10-24T22:09:17
================================================================================
[2025-10-24T22:10:17.749+0000] {manager.py:879} INFO - 
================================================================================
DAG File Processing Stats

File Path                             PID  Runtime      # DAGs    # Errors  Last Runtime    Last Run
----------------------------------  -----  ---------  --------  ----------  --------------  -------------------
/opt/airflow/dags/daily_summary.py   2286  0.00s             1           0  0.15s           2025-10-24T22:09:47
================================================================================
[2025-10-24T22:10:48.169+0000] {manager.py:879} INFO - 
================================================================================
DAG File Processing Stats

File Path                             PID  Runtime      # DAGs    # Errors  Last Runtime    Last Run
----------------------------------  -----  ---------  --------  ----------  --------------  -------------------
/opt/airflow/dags/daily_summary.py   2291  0.00s             1           0  0.14s           2025-10-24T22:10:17
================================================================================
[2025-10-24T22:11:18.511+0000] {manager.py:879} INFO - 
================================================================================
DAG File Processing Stats

File Path                             PID  Runtime      # DAGs    # Errors  Last Runtime    Last Run
----------------------------------  -----  ---------  --------  ----------  --------------  -------------------
/opt/airflow/dags/daily_summary.py   2296  0.00s             1           0  0.14s           2025-10-24T22:10:48
================================================================================
[2025-10-24T22:11:48.951+0000] {manager.py:879} INFO - 
================================================================================
DAG File Processing Stats

File Path                             PID  Runtime      # DAGs    # Errors  Last Runtime    Last Run
----------------------------------  -----  ---------  --------  ----------  --------------  -------------------
/opt/airflow/dags/daily_summary.py   2301  0.00s             1           0  0.14s           2025-10-24T22:11:18
================================================================================
[2025-10-24T22:12:19.228+0000] {manager.py:879} INFO - 
================================================================================
DAG File Processing Stats

File Path                             PID  Runtime      # DAGs    # Errors  Last Runtime    Last Run
----------------------------------  -----  ---------  --------  ----------  --------------  -------------------
/opt/airflow/dags/daily_summary.py   2306  0.00s             1           0  0.15s           2025-10-24T22:11:49
================================================================================
[2025-10-24T22:12:39.584+0000] {manager.py:738} INFO - Searching for files in /opt/airflow/dags
[2025-10-24T22:12:39.604+0000] {manager.py:741} INFO - There are 1 files in /opt/airflow/dags
[2025-10-24T22:12:49.741+0000] {manager.py:879} INFO - 
================================================================================
DAG File Processing Stats

File Path                             PID  Runtime      # DAGs    # Errors  Last Runtime    Last Run
----------------------------------  -----  ---------  --------  ----------  --------------  -------------------
/opt/airflow/dags/daily_summary.py   2311  0.00s             1           0  0.15s           2025-10-24T22:12:19
================================================================================
[2025-10-24T22:13:20.063+0000] {manager.py:879} INFO - 
================================================================================
DAG File Processing Stats

File Path                             PID  Runtime      # DAGs    # Errors  Last Runtime    Last Run
----------------------------------  -----  ---------  --------  ----------  --------------  -------------------
/opt/airflow/dags/daily_summary.py   2316  0.00s             1           0  0.14s           2025-10-24T22:12:49
================================================================================
[2025-10-24T22:13:50.454+0000] {manager.py:879} INFO - 
================================================================================
DAG File Processing Stats

File Path                             PID  Runtime      # DAGs    # Errors  Last Runtime    Last Run
----------------------------------  -----  ---------  --------  ----------  --------------  -------------------
/opt/airflow/dags/daily_summary.py   2321  0.00s             1           0  0.18s           2025-10-24T22:13:20
================================================================================
[2025-10-24T22:14:20.781+0000] {manager.py:879} INFO - 
================================================================================
DAG File Processing Stats

File Path                             PID  Runtime      # DAGs    # Errors  Last Runtime    Last Run
----------------------------------  -----  ---------  --------  ----------  --------------  -------------------
/opt/airflow/dags/daily_summary.py   2326  0.00s             1           0  0.13s           2025-10-24T22:13:50
================================================================================
[2025-10-24T22:14:51.080+0000] {manager.py:879} INFO - 
================================================================================
DAG File Processing Stats

File Path                             PID  Runtime      # DAGs    # Errors  Last Runtime    Last Run
----------------------------------  -----  ---------  --------  ----------  --------------  -------------------
/opt/airflow/dags/daily_summary.py   2331  0.00s             1           0  0.15s           2025-10-24T22:14:20
================================================================================
[2025-10-24T22:15:21.455+0000] {manager.py:879} INFO - 
================================================================================
DAG File Processing Stats

File Path                             PID  Runtime      # DAGs    # Errors  Last Runtime    Last Run
----------------------------------  -----  ---------  --------  ----------  --------------  -------------------
/opt/airflow/dags/daily_summary.py   2336  0.00s             1           0  0.14s           2025-10-24T22:14:51
================================================================================
[2025-10-24T22:15:51.801+0000] {manager.py:879} INFO - 
================================================================================
DAG File Processing Stats

File Path                             PID  Runtime      # DAGs    # Errors  Last Runtime    Last Run
----------------------------------  -----  ---------  --------  ----------  --------------  -------------------
/opt/airflow/dags/daily_summary.py   2341  0.00s             1           0  0.14s           2025-10-24T22:15:21
================================================================================
[2025-10-24T22:16:22.162+0000] {manager.py:879} INFO - 
================================================================================
DAG File Processing Stats

File Path                             PID  Runtime      # DAGs    # Errors  Last Runtime    Last Run
----------------------------------  -----  ---------  --------  ----------  --------------  -------------------
/opt/airflow/dags/daily_summary.py   2346  0.00s             1           0  0.15s           2025-10-24T22:15:51
================================================================================
[2025-10-24T22:16:52.525+0000] {manager.py:879} INFO - 
================================================================================
DAG File Processing Stats

File Path                             PID  Runtime      # DAGs    # Errors  Last Runtime    Last Run
----------------------------------  -----  ---------  --------  ----------  --------------  -------------------
/opt/airflow/dags/daily_summary.py   2351  0.00s             1           0  0.14s           2025-10-24T22:16:22
================================================================================
[2025-10-24T22:17:22.862+0000] {manager.py:879} INFO - 
================================================================================
DAG File Processing Stats

File Path                             PID  Runtime      # DAGs    # Errors  Last Runtime    Last Run
----------------------------------  -----  ---------  --------  ----------  --------------  -------------------
/opt/airflow/dags/daily_summary.py   2356  0.00s             1           0  0.16s           2025-10-24T22:16:52
================================================================================
[2025-10-24T22:17:40.124+0000] {manager.py:738} INFO - Searching for files in /opt/airflow/dags
[2025-10-24T22:17:40.141+0000] {manager.py:741} INFO - There are 1 files in /opt/airflow/dags
[2025-10-24T22:17:53.329+0000] {manager.py:879} INFO - 
================================================================================
DAG File Processing Stats

File Path                             PID  Runtime      # DAGs    # Errors  Last Runtime    Last Run
----------------------------------  -----  ---------  --------  ----------  --------------  -------------------
/opt/airflow/dags/daily_summary.py   2361  0.00s             1           0  0.14s           2025-10-24T22:17:23
================================================================================
[2025-10-24T22:18:23.630+0000] {manager.py:879} INFO - 
================================================================================
DAG File Processing Stats

File Path                             PID  Runtime      # DAGs    # Errors  Last Runtime    Last Run
----------------------------------  -----  ---------  --------  ----------  --------------  -------------------
/opt/airflow/dags/daily_summary.py   2366  0.00s             1           0  0.16s           2025-10-24T22:17:53
================================================================================
[2025-10-24T22:18:54.065+0000] {manager.py:879} INFO - 
================================================================================
DAG File Processing Stats

File Path                             PID  Runtime      # DAGs    # Errors  Last Runtime    Last Run
----------------------------------  -----  ---------  --------  ----------  --------------  -------------------
/opt/airflow/dags/daily_summary.py   2371  0.00s             1           0  0.15s           2025-10-24T22:18:23
================================================================================
[2025-10-24T22:19:24.389+0000] {manager.py:879} INFO - 
================================================================================
DAG File Processing Stats

File Path                             PID  Runtime      # DAGs    # Errors  Last Runtime    Last Run
----------------------------------  -----  ---------  --------  ----------  --------------  -------------------
/opt/airflow/dags/daily_summary.py   2376  0.00s             1           0  0.16s           2025-10-24T22:18:54
================================================================================
[2025-10-24T22:19:54.827+0000] {manager.py:879} INFO - 
================================================================================
DAG File Processing Stats

File Path                             PID  Runtime      # DAGs    # Errors  Last Runtime    Last Run
----------------------------------  -----  ---------  --------  ----------  --------------  -------------------
/opt/airflow/dags/daily_summary.py   2381  0.00s             1           0  0.14s           2025-10-24T22:19:24
================================================================================
[2025-10-24T22:20:25.132+0000] {manager.py:879} INFO - 
================================================================================
DAG File Processing Stats

File Path                             PID  Runtime      # DAGs    # Errors  Last Runtime    Last Run
----------------------------------  -----  ---------  --------  ----------  --------------  -------------------
/opt/airflow/dags/daily_summary.py   2386  0.00s             1           0  0.14s           2025-10-24T22:19:54
================================================================================
[2025-10-24T22:20:55.557+0000] {manager.py:879} INFO - 
================================================================================
DAG File Processing Stats

File Path                             PID  Runtime      # DAGs    # Errors  Last Runtime    Last Run
----------------------------------  -----  ---------  --------  ----------  --------------  -------------------
/opt/airflow/dags/daily_summary.py   2391  0.00s             1           0  0.14s           2025-10-24T22:20:25
================================================================================
[2025-10-24T22:21:25.879+0000] {manager.py:879} INFO - 
================================================================================
DAG File Processing Stats

File Path                             PID  Runtime      # DAGs    # Errors  Last Runtime    Last Run
----------------------------------  -----  ---------  --------  ----------  --------------  -------------------
/opt/airflow/dags/daily_summary.py   2396  0.00s             1           0  0.14s           2025-10-24T22:20:55
================================================================================
[2025-10-24T22:21:56.167+0000] {manager.py:879} INFO - 
================================================================================
DAG File Processing Stats

File Path                             PID  Runtime      # DAGs    # Errors  Last Runtime    Last Run
----------------------------------  -----  ---------  --------  ----------  --------------  -------------------
/opt/airflow/dags/daily_summary.py   2401  0.00s             1           0  0.15s           2025-10-24T22:21:26
================================================================================
[2025-10-24T22:22:26.645+0000] {manager.py:879} INFO - 
================================================================================
DAG File Processing Stats

File Path                             PID  Runtime      # DAGs    # Errors  Last Runtime    Last Run
----------------------------------  -----  ---------  --------  ----------  --------------  -------------------
/opt/airflow/dags/daily_summary.py   2406  0.00s             1           0  0.16s           2025-10-24T22:21:56
================================================================================
[2025-10-24T22:22:40.789+0000] {manager.py:738} INFO - Searching for files in /opt/airflow/dags
[2025-10-24T22:22:40.804+0000] {manager.py:741} INFO - There are 1 files in /opt/airflow/dags
[2025-10-24T22:22:56.989+0000] {manager.py:879} INFO - 
================================================================================
DAG File Processing Stats

File Path                             PID  Runtime      # DAGs    # Errors  Last Runtime    Last Run
----------------------------------  -----  ---------  --------  ----------  --------------  -------------------
/opt/airflow/dags/daily_summary.py   2411  0.00s             1           0  0.14s           2025-10-24T22:22:26
================================================================================
[2025-10-24T22:23:27.382+0000] {manager.py:879} INFO - 
================================================================================
DAG File Processing Stats

File Path                             PID  Runtime      # DAGs    # Errors  Last Runtime    Last Run
----------------------------------  -----  ---------  --------  ----------  --------------  -------------------
/opt/airflow/dags/daily_summary.py   2416  0.00s             1           0  0.15s           2025-10-24T22:22:57
================================================================================
[2025-10-24T22:23:57.723+0000] {manager.py:879} INFO - 
================================================================================
DAG File Processing Stats

File Path                             PID  Runtime      # DAGs    # Errors  Last Runtime    Last Run
----------------------------------  -----  ---------  --------  ----------  --------------  -------------------
/opt/airflow/dags/daily_summary.py   2421  0.00s             1           0  0.15s           2025-10-24T22:23:27
================================================================================
[2025-10-24T22:24:28.105+0000] {manager.py:879} INFO - 
================================================================================
DAG File Processing Stats

File Path                             PID  Runtime      # DAGs    # Errors  Last Runtime    Last Run
----------------------------------  -----  ---------  --------  ----------  --------------  -------------------
/opt/airflow/dags/daily_summary.py   2426  0.00s             1           0  0.15s           2025-10-24T22:23:57
================================================================================
[2025-10-24T22:24:58.447+0000] {manager.py:879} INFO - 
================================================================================
DAG File Processing Stats

File Path                             PID  Runtime      # DAGs    # Errors  Last Runtime    Last Run
----------------------------------  -----  ---------  --------  ----------  --------------  -------------------
/opt/airflow/dags/daily_summary.py   2431  0.00s             1           0  0.14s           2025-10-24T22:24:28
================================================================================
[2025-10-24T22:25:28.884+0000] {manager.py:879} INFO - 
================================================================================
DAG File Processing Stats

File Path                             PID  Runtime      # DAGs    # Errors  Last Runtime    Last Run
----------------------------------  -----  ---------  --------  ----------  --------------  -------------------
/opt/airflow/dags/daily_summary.py   2436  0.00s             1           0  0.14s           2025-10-24T22:24:58
================================================================================
[2025-10-24T22:25:59.173+0000] {manager.py:879} INFO - 
================================================================================
DAG File Processing Stats

File Path                             PID  Runtime      # DAGs    # Errors  Last Runtime    Last Run
----------------------------------  -----  ---------  --------  ----------  --------------  -------------------
/opt/airflow/dags/daily_summary.py   2441  0.00s             1           0  0.15s           2025-10-24T22:25:29
================================================================================
[2025-10-24T22:26:29.517+0000] {manager.py:879} INFO - 
================================================================================
DAG File Processing Stats

File Path                             PID  Runtime      # DAGs    # Errors  Last Runtime    Last Run
----------------------------------  -----  ---------  --------  ----------  --------------  -------------------
/opt/airflow/dags/daily_summary.py   2446  0.00s             1           0  0.15s           2025-10-24T22:25:59
================================================================================
[2025-10-24T22:26:59.950+0000] {manager.py:879} INFO - 
================================================================================
DAG File Processing Stats

File Path                             PID  Runtime      # DAGs    # Errors  Last Runtime    Last Run
----------------------------------  -----  ---------  --------  ----------  --------------  -------------------
/opt/airflow/dags/daily_summary.py   2451  0.00s             1           0  0.16s           2025-10-24T22:26:29
================================================================================
[2025-10-24T22:27:30.260+0000] {manager.py:879} INFO - 
================================================================================
DAG File Processing Stats

File Path                             PID  Runtime      # DAGs    # Errors  Last Runtime    Last Run
----------------------------------  -----  ---------  --------  ----------  --------------  -------------------
/opt/airflow/dags/daily_summary.py   2456  0.00s             1           0  0.14s           2025-10-24T22:27:00
================================================================================
[2025-10-24T22:27:41.394+0000] {manager.py:738} INFO - Searching for files in /opt/airflow/dags
[2025-10-24T22:27:41.417+0000] {manager.py:741} INFO - There are 1 files in /opt/airflow/dags
[2025-10-24T22:28:00.627+0000] {manager.py:879} INFO - 
================================================================================
DAG File Processing Stats

File Path                             PID  Runtime      # DAGs    # Errors  Last Runtime    Last Run
----------------------------------  -----  ---------  --------  ----------  --------------  -------------------
/opt/airflow/dags/daily_summary.py   2461  0.00s             1           0  0.14s           2025-10-24T22:27:30
================================================================================
[2025-10-24T22:28:30.985+0000] {manager.py:879} INFO - 
================================================================================
DAG File Processing Stats

File Path                             PID  Runtime      # DAGs    # Errors  Last Runtime    Last Run
----------------------------------  -----  ---------  --------  ----------  --------------  -------------------
/opt/airflow/dags/daily_summary.py   2466  0.00s             1           0  0.15s           2025-10-24T22:28:00
================================================================================
[2025-10-24T22:29:01.338+0000] {manager.py:879} INFO - 
================================================================================
DAG File Processing Stats

File Path                             PID  Runtime      # DAGs    # Errors  Last Runtime    Last Run
----------------------------------  -----  ---------  --------  ----------  --------------  -------------------
/opt/airflow/dags/daily_summary.py   2471  0.00s             1           0  0.15s           2025-10-24T22:28:31
================================================================================
[2025-10-24T22:29:31.764+0000] {manager.py:879} INFO - 
================================================================================
DAG File Processing Stats

File Path                             PID  Runtime      # DAGs    # Errors  Last Runtime    Last Run
----------------------------------  -----  ---------  --------  ----------  --------------  -------------------
/opt/airflow/dags/daily_summary.py   2476  0.00s             1           0  0.17s           2025-10-24T22:29:01
================================================================================
[2025-10-24T22:30:02.118+0000] {manager.py:879} INFO - 
================================================================================
DAG File Processing Stats

File Path                             PID  Runtime      # DAGs    # Errors  Last Runtime    Last Run
----------------------------------  -----  ---------  --------  ----------  --------------  -------------------
/opt/airflow/dags/daily_summary.py   2481  0.00s             1           0  0.15s           2025-10-24T22:29:31
================================================================================
[2025-10-24T22:30:32.468+0000] {manager.py:879} INFO - 
================================================================================
DAG File Processing Stats

File Path                             PID  Runtime      # DAGs    # Errors  Last Runtime    Last Run
----------------------------------  -----  ---------  --------  ----------  --------------  -------------------
/opt/airflow/dags/daily_summary.py   2486  0.00s             1           0  0.14s           2025-10-24T22:30:02
================================================================================
[2025-10-24T22:31:02.780+0000] {manager.py:879} INFO - 
================================================================================
DAG File Processing Stats

File Path                             PID  Runtime      # DAGs    # Errors  Last Runtime    Last Run
----------------------------------  -----  ---------  --------  ----------  --------------  -------------------
/opt/airflow/dags/daily_summary.py   2491  0.00s             1           0  0.14s           2025-10-24T22:30:32
================================================================================
[2025-10-24T22:31:33.186+0000] {manager.py:879} INFO - 
================================================================================
DAG File Processing Stats

File Path                             PID  Runtime      # DAGs    # Errors  Last Runtime    Last Run
----------------------------------  -----  ---------  --------  ----------  --------------  -------------------
/opt/airflow/dags/daily_summary.py   2496  0.00s             1           0  0.13s           2025-10-24T22:31:02
================================================================================
[2025-10-24T22:32:03.505+0000] {manager.py:879} INFO - 
================================================================================
DAG File Processing Stats

File Path                             PID  Runtime      # DAGs    # Errors  Last Runtime    Last Run
----------------------------------  -----  ---------  --------  ----------  --------------  -------------------
/opt/airflow/dags/daily_summary.py   2501  0.00s             1           0  0.14s           2025-10-24T22:31:33
================================================================================
[2025-10-24T22:32:33.944+0000] {manager.py:879} INFO - 
================================================================================
DAG File Processing Stats

File Path                             PID  Runtime      # DAGs    # Errors  Last Runtime    Last Run
----------------------------------  -----  ---------  --------  ----------  --------------  -------------------
/opt/airflow/dags/daily_summary.py   2506  0.00s             1           0  0.14s           2025-10-24T22:32:03
================================================================================
[2025-10-24T22:32:42.024+0000] {manager.py:738} INFO - Searching for files in /opt/airflow/dags
[2025-10-24T22:32:42.044+0000] {manager.py:741} INFO - There are 1 files in /opt/airflow/dags
[2025-10-24T22:33:04.288+0000] {manager.py:879} INFO - 
================================================================================
DAG File Processing Stats

File Path                             PID  Runtime      # DAGs    # Errors  Last Runtime    Last Run
----------------------------------  -----  ---------  --------  ----------  --------------  -------------------
/opt/airflow/dags/daily_summary.py   2511  0.00s             1           0  0.15s           2025-10-24T22:32:34
================================================================================
[2025-10-24T22:33:34.745+0000] {manager.py:879} INFO - 
================================================================================
DAG File Processing Stats

File Path                             PID  Runtime      # DAGs    # Errors  Last Runtime    Last Run
----------------------------------  -----  ---------  --------  ----------  --------------  -------------------
/opt/airflow/dags/daily_summary.py   2516  0.00s             1           0  0.15s           2025-10-24T22:33:04
================================================================================
[2025-10-24T22:34:05.082+0000] {manager.py:879} INFO - 
================================================================================
DAG File Processing Stats

File Path                             PID  Runtime      # DAGs    # Errors  Last Runtime    Last Run
----------------------------------  -----  ---------  --------  ----------  --------------  -------------------
/opt/airflow/dags/daily_summary.py   2521  0.00s             1           0  0.15s           2025-10-24T22:33:34
================================================================================
[2025-10-24T22:34:35.402+0000] {manager.py:879} INFO - 
================================================================================
DAG File Processing Stats

File Path                             PID  Runtime      # DAGs    # Errors  Last Runtime    Last Run
----------------------------------  -----  ---------  --------  ----------  --------------  -------------------
/opt/airflow/dags/daily_summary.py   2526  0.00s             1           0  0.14s           2025-10-24T22:34:05
================================================================================
[2025-10-24T22:35:05.834+0000] {manager.py:879} INFO - 
================================================================================
DAG File Processing Stats

File Path                             PID  Runtime      # DAGs    # Errors  Last Runtime    Last Run
----------------------------------  -----  ---------  --------  ----------  --------------  -------------------
/opt/airflow/dags/daily_summary.py   2531  0.00s             1           0  0.14s           2025-10-24T22:34:35
================================================================================
[2025-10-24T22:35:36.170+0000] {manager.py:879} INFO - 
================================================================================
DAG File Processing Stats

File Path                             PID  Runtime      # DAGs    # Errors  Last Runtime    Last Run
----------------------------------  -----  ---------  --------  ----------  --------------  -------------------
/opt/airflow/dags/daily_summary.py   2536  0.00s             1           0  0.15s           2025-10-24T22:35:05
================================================================================
[2025-10-24T22:36:06.528+0000] {manager.py:879} INFO - 
================================================================================
DAG File Processing Stats

File Path                             PID  Runtime      # DAGs    # Errors  Last Runtime    Last Run
----------------------------------  -----  ---------  --------  ----------  --------------  -------------------
/opt/airflow/dags/daily_summary.py   2541  0.00s             1           0  0.15s           2025-10-24T22:35:36
================================================================================
[2025-10-24T22:36:36.824+0000] {manager.py:879} INFO - 
================================================================================
DAG File Processing Stats

File Path                             PID  Runtime      # DAGs    # Errors  Last Runtime    Last Run
----------------------------------  -----  ---------  --------  ----------  --------------  -------------------
/opt/airflow/dags/daily_summary.py   2546  0.00s             1           0  0.16s           2025-10-24T22:36:06
================================================================================
[2025-10-24T22:37:07.275+0000] {manager.py:879} INFO - 
================================================================================
DAG File Processing Stats

File Path                             PID  Runtime      # DAGs    # Errors  Last Runtime    Last Run
----------------------------------  -----  ---------  --------  ----------  --------------  -------------------
/opt/airflow/dags/daily_summary.py   2551  0.00s             1           0  0.15s           2025-10-24T22:36:36
================================================================================
[2025-10-24T22:37:37.602+0000] {manager.py:879} INFO - 
================================================================================
DAG File Processing Stats

File Path                             PID  Runtime      # DAGs    # Errors  Last Runtime    Last Run
----------------------------------  -----  ---------  --------  ----------  --------------  -------------------
/opt/airflow/dags/daily_summary.py   2556  0.00s             1           0  0.15s           2025-10-24T22:37:07
================================================================================
[2025-10-24T22:37:42.733+0000] {manager.py:738} INFO - Searching for files in /opt/airflow/dags
[2025-10-24T22:37:42.753+0000] {manager.py:741} INFO - There are 1 files in /opt/airflow/dags
[2025-10-24T22:38:08.057+0000] {manager.py:879} INFO - 
================================================================================
DAG File Processing Stats

File Path                             PID  Runtime      # DAGs    # Errors  Last Runtime    Last Run
----------------------------------  -----  ---------  --------  ----------  --------------  -------------------
/opt/airflow/dags/daily_summary.py   2561  0.00s             1           0  0.13s           2025-10-24T22:37:37
================================================================================
[2025-10-24T22:38:38.395+0000] {manager.py:879} INFO - 
================================================================================
DAG File Processing Stats

File Path                             PID  Runtime      # DAGs    # Errors  Last Runtime    Last Run
----------------------------------  -----  ---------  --------  ----------  --------------  -------------------
/opt/airflow/dags/daily_summary.py   2566  0.00s             1           0  0.14s           2025-10-24T22:38:08
================================================================================
[2025-10-24T22:39:08.781+0000] {manager.py:879} INFO - 
================================================================================
DAG File Processing Stats

File Path                             PID  Runtime      # DAGs    # Errors  Last Runtime    Last Run
----------------------------------  -----  ---------  --------  ----------  --------------  -------------------
/opt/airflow/dags/daily_summary.py   2571  0.00s             1           0  0.16s           2025-10-24T22:38:38
================================================================================
[2025-10-24T22:39:39.115+0000] {manager.py:879} INFO - 
================================================================================
DAG File Processing Stats

File Path                             PID  Runtime      # DAGs    # Errors  Last Runtime    Last Run
----------------------------------  -----  ---------  --------  ----------  --------------  -------------------
/opt/airflow/dags/daily_summary.py   2576  0.00s             1           0  0.15s           2025-10-24T22:39:08
================================================================================
[2025-10-24T22:40:09.549+0000] {manager.py:879} INFO - 
================================================================================
DAG File Processing Stats

File Path                             PID  Runtime      # DAGs    # Errors  Last Runtime    Last Run
----------------------------------  -----  ---------  --------  ----------  --------------  -------------------
/opt/airflow/dags/daily_summary.py   2581  0.00s             1           0  0.15s           2025-10-24T22:39:39
================================================================================
[2025-10-24T22:40:39.852+0000] {manager.py:879} INFO - 
================================================================================
DAG File Processing Stats

File Path                             PID  Runtime      # DAGs    # Errors  Last Runtime    Last Run
----------------------------------  -----  ---------  --------  ----------  --------------  -------------------
/opt/airflow/dags/daily_summary.py   2586  0.00s             1           0  0.16s           2025-10-24T22:40:09
================================================================================
[2025-10-24T22:41:10.288+0000] {manager.py:879} INFO - 
================================================================================
DAG File Processing Stats

File Path                             PID  Runtime      # DAGs    # Errors  Last Runtime    Last Run
----------------------------------  -----  ---------  --------  ----------  --------------  -------------------
/opt/airflow/dags/daily_summary.py   2591  0.00s             1           0  0.16s           2025-10-24T22:40:40
================================================================================
[2025-10-24T22:41:40.612+0000] {manager.py:879} INFO - 
================================================================================
DAG File Processing Stats

File Path                             PID  Runtime      # DAGs    # Errors  Last Runtime    Last Run
----------------------------------  -----  ---------  --------  ----------  --------------  -------------------
/opt/airflow/dags/daily_summary.py   2596  0.00s             1           0  0.14s           2025-10-24T22:41:10
================================================================================
[2025-10-24T22:42:11.032+0000] {manager.py:879} INFO - 
================================================================================
DAG File Processing Stats

File Path                             PID  Runtime      # DAGs    # Errors  Last Runtime    Last Run
----------------------------------  -----  ---------  --------  ----------  --------------  -------------------
/opt/airflow/dags/daily_summary.py   2601  0.00s             1           0  0.16s           2025-10-24T22:41:40
================================================================================
[2025-10-24T22:42:41.374+0000] {manager.py:879} INFO - 
================================================================================
DAG File Processing Stats

File Path                             PID  Runtime      # DAGs    # Errors  Last Runtime    Last Run
----------------------------------  -----  ---------  --------  ----------  --------------  -------------------
/opt/airflow/dags/daily_summary.py   2606  0.00s             1           0  0.15s           2025-10-24T22:42:11
================================================================================
[2025-10-24T22:42:43.477+0000] {manager.py:738} INFO - Searching for files in /opt/airflow/dags
[2025-10-24T22:42:43.503+0000] {manager.py:741} INFO - There are 1 files in /opt/airflow/dags
[2025-10-24T22:43:11.817+0000] {manager.py:879} INFO - 
================================================================================
DAG File Processing Stats

File Path                             PID  Runtime      # DAGs    # Errors  Last Runtime    Last Run
----------------------------------  -----  ---------  --------  ----------  --------------  -------------------
/opt/airflow/dags/daily_summary.py   2611  0.00s             1           0  0.14s           2025-10-24T22:42:41
================================================================================
[2025-10-24T22:43:42.103+0000] {manager.py:879} INFO - 
================================================================================
DAG File Processing Stats

File Path                             PID  Runtime      # DAGs    # Errors  Last Runtime    Last Run
----------------------------------  -----  ---------  --------  ----------  --------------  -------------------
/opt/airflow/dags/daily_summary.py   2616  0.00s             1           0  0.14s           2025-10-24T22:43:11
================================================================================
[2025-10-24T22:44:12.455+0000] {manager.py:879} INFO - 
================================================================================
DAG File Processing Stats

File Path                             PID  Runtime      # DAGs    # Errors  Last Runtime    Last Run
----------------------------------  -----  ---------  --------  ----------  --------------  -------------------
/opt/airflow/dags/daily_summary.py   2621  0.00s             1           0  0.15s           2025-10-24T22:43:42
================================================================================
[2025-10-24T22:44:42.896+0000] {manager.py:879} INFO - 
================================================================================
DAG File Processing Stats

File Path                             PID  Runtime      # DAGs    # Errors  Last Runtime    Last Run
----------------------------------  -----  ---------  --------  ----------  --------------  -------------------
/opt/airflow/dags/daily_summary.py   2626  0.00s             1           0  0.15s           2025-10-24T22:44:12
================================================================================
[2025-10-24T22:45:13.208+0000] {manager.py:879} INFO - 
================================================================================
DAG File Processing Stats

File Path                             PID  Runtime      # DAGs    # Errors  Last Runtime    Last Run
----------------------------------  -----  ---------  --------  ----------  --------------  -------------------
/opt/airflow/dags/daily_summary.py   2631  0.00s             1           0  0.14s           2025-10-24T22:44:43
================================================================================
[2025-10-24T22:45:43.663+0000] {manager.py:879} INFO - 
================================================================================
DAG File Processing Stats

File Path                             PID  Runtime      # DAGs    # Errors  Last Runtime    Last Run
----------------------------------  -----  ---------  --------  ----------  --------------  -------------------
/opt/airflow/dags/daily_summary.py   2636  0.00s             1           0  0.15s           2025-10-24T22:45:13
================================================================================
[2025-10-24T22:46:13.984+0000] {manager.py:879} INFO - 
================================================================================
DAG File Processing Stats

File Path                             PID  Runtime      # DAGs    # Errors  Last Runtime    Last Run
----------------------------------  -----  ---------  --------  ----------  --------------  -------------------
/opt/airflow/dags/daily_summary.py   2641  0.00s             1           0  0.15s           2025-10-24T22:45:43
================================================================================
[2025-10-24T22:46:44.338+0000] {manager.py:879} INFO - 
================================================================================
DAG File Processing Stats

File Path                             PID  Runtime      # DAGs    # Errors  Last Runtime    Last Run
----------------------------------  -----  ---------  --------  ----------  --------------  -------------------
/opt/airflow/dags/daily_summary.py   2646  0.00s             1           0  0.14s           2025-10-24T22:46:14
================================================================================
[2025-10-24T22:47:14.696+0000] {manager.py:879} INFO - 
================================================================================
DAG File Processing Stats

File Path                             PID  Runtime      # DAGs    # Errors  Last Runtime    Last Run
----------------------------------  -----  ---------  --------  ----------  --------------  -------------------
/opt/airflow/dags/daily_summary.py   2651  0.00s             1           0  0.14s           2025-10-24T22:46:44
================================================================================
[2025-10-24T22:47:44.028+0000] {manager.py:738} INFO - Searching for files in /opt/airflow/dags
[2025-10-24T22:47:44.052+0000] {manager.py:741} INFO - There are 1 files in /opt/airflow/dags
[2025-10-24T22:47:45.071+0000] {manager.py:879} INFO - 
================================================================================
DAG File Processing Stats

File Path                             PID  Runtime      # DAGs    # Errors  Last Runtime    Last Run
----------------------------------  -----  ---------  --------  ----------  --------------  -------------------
/opt/airflow/dags/daily_summary.py   2656  0.00s             1           0  0.15s           2025-10-24T22:47:14
================================================================================
[2025-10-24T22:48:15.426+0000] {manager.py:879} INFO - 
================================================================================
DAG File Processing Stats

File Path                             PID  Runtime      # DAGs    # Errors  Last Runtime    Last Run
----------------------------------  -----  ---------  --------  ----------  --------------  -------------------
/opt/airflow/dags/daily_summary.py   2661  0.00s             1           0  0.15s           2025-10-24T22:47:45
================================================================================
[2025-10-24T22:48:45.879+0000] {manager.py:879} INFO - 
================================================================================
DAG File Processing Stats

File Path                             PID  Runtime      # DAGs    # Errors  Last Runtime    Last Run
----------------------------------  -----  ---------  --------  ----------  --------------  -------------------
/opt/airflow/dags/daily_summary.py   2666  0.00s             1           0  0.15s           2025-10-24T22:48:15
================================================================================
[2025-10-24T22:49:16.224+0000] {manager.py:879} INFO - 
================================================================================
DAG File Processing Stats

File Path                             PID  Runtime      # DAGs    # Errors  Last Runtime    Last Run
----------------------------------  -----  ---------  --------  ----------  --------------  -------------------
/opt/airflow/dags/daily_summary.py   2671  0.00s             1           0  0.16s           2025-10-24T22:48:46
================================================================================
[2025-10-24T22:49:46.673+0000] {manager.py:879} INFO - 
================================================================================
DAG File Processing Stats

File Path                             PID  Runtime      # DAGs    # Errors  Last Runtime    Last Run
----------------------------------  -----  ---------  --------  ----------  --------------  -------------------
/opt/airflow/dags/daily_summary.py   2676  0.00s             1           0  0.15s           2025-10-24T22:49:16
================================================================================
[2025-10-24T22:50:16.978+0000] {manager.py:879} INFO - 
================================================================================
DAG File Processing Stats

File Path                             PID  Runtime      # DAGs    # Errors  Last Runtime    Last Run
----------------------------------  -----  ---------  --------  ----------  --------------  -------------------
/opt/airflow/dags/daily_summary.py   2681  0.00s             1           0  0.15s           2025-10-24T22:49:46
================================================================================
[2025-10-24T22:50:47.394+0000] {manager.py:879} INFO - 
================================================================================
DAG File Processing Stats

File Path                             PID  Runtime      # DAGs    # Errors  Last Runtime    Last Run
----------------------------------  -----  ---------  --------  ----------  --------------  -------------------
/opt/airflow/dags/daily_summary.py   2686  0.00s             1           0  0.16s           2025-10-24T22:50:17
================================================================================
[2025-10-24T22:51:17.745+0000] {manager.py:879} INFO - 
================================================================================
DAG File Processing Stats

File Path                             PID  Runtime      # DAGs    # Errors  Last Runtime    Last Run
----------------------------------  -----  ---------  --------  ----------  --------------  -------------------
/opt/airflow/dags/daily_summary.py   2691  0.00s             1           0  0.16s           2025-10-24T22:50:47
================================================================================
[2025-10-24T22:51:48.065+0000] {manager.py:879} INFO - 
================================================================================
DAG File Processing Stats

File Path                             PID  Runtime      # DAGs    # Errors  Last Runtime    Last Run
----------------------------------  -----  ---------  --------  ----------  --------------  -------------------
/opt/airflow/dags/daily_summary.py   2696  0.00s             1           0  0.16s           2025-10-24T22:51:17
================================================================================
[2025-10-24T22:52:18.319+0000] {manager.py:879} INFO - 
================================================================================
DAG File Processing Stats

File Path                             PID  Runtime      # DAGs    # Errors  Last Runtime    Last Run
----------------------------------  -----  ---------  --------  ----------  --------------  -------------------
/opt/airflow/dags/daily_summary.py   2701  0.00s             1           0  0.14s           2025-10-24T22:51:48
================================================================================
[2025-10-24T22:52:44.581+0000] {manager.py:738} INFO - Searching for files in /opt/airflow/dags
[2025-10-24T22:52:44.600+0000] {manager.py:741} INFO - There are 1 files in /opt/airflow/dags
[2025-10-24T22:52:48.652+0000] {manager.py:879} INFO - 
================================================================================
DAG File Processing Stats

File Path                             PID  Runtime      # DAGs    # Errors  Last Runtime    Last Run
----------------------------------  -----  ---------  --------  ----------  --------------  -------------------
/opt/airflow/dags/daily_summary.py   2706  0.00s             1           0  0.14s           2025-10-24T22:52:18
================================================================================
[2025-10-24T22:53:19.083+0000] {manager.py:879} INFO - 
================================================================================
DAG File Processing Stats

File Path                             PID  Runtime      # DAGs    # Errors  Last Runtime    Last Run
----------------------------------  -----  ---------  --------  ----------  --------------  -------------------
/opt/airflow/dags/daily_summary.py   2711  0.00s             1           0  0.16s           2025-10-24T22:52:48
================================================================================
[2025-10-24T22:53:49.401+0000] {manager.py:879} INFO - 
================================================================================
DAG File Processing Stats

File Path                             PID  Runtime      # DAGs    # Errors  Last Runtime    Last Run
----------------------------------  -----  ---------  --------  ----------  --------------  -------------------
/opt/airflow/dags/daily_summary.py   2716  0.00s             1           0  0.16s           2025-10-24T22:53:19
================================================================================
[2025-10-24T22:54:19.735+0000] {manager.py:879} INFO - 
================================================================================
DAG File Processing Stats

File Path                             PID  Runtime      # DAGs    # Errors  Last Runtime    Last Run
----------------------------------  -----  ---------  --------  ----------  --------------  -------------------
/opt/airflow/dags/daily_summary.py   2721  0.00s             1           0  0.14s           2025-10-24T22:53:49
================================================================================
[2025-10-24T22:54:50.160+0000] {manager.py:879} INFO - 
================================================================================
DAG File Processing Stats

File Path                             PID  Runtime      # DAGs    # Errors  Last Runtime    Last Run
----------------------------------  -----  ---------  --------  ----------  --------------  -------------------
/opt/airflow/dags/daily_summary.py   2726  0.00s             1           0  0.15s           2025-10-24T22:54:19
================================================================================
[2025-10-24T22:55:20.465+0000] {manager.py:879} INFO - 
================================================================================
DAG File Processing Stats

File Path                             PID  Runtime      # DAGs    # Errors  Last Runtime    Last Run
----------------------------------  -----  ---------  --------  ----------  --------------  -------------------
/opt/airflow/dags/daily_summary.py   2731  0.00s             1           0  0.14s           2025-10-24T22:54:50
================================================================================
[2025-10-24T22:55:50.852+0000] {manager.py:879} INFO - 
================================================================================
DAG File Processing Stats

File Path                             PID  Runtime      # DAGs    # Errors  Last Runtime    Last Run
----------------------------------  -----  ---------  --------  ----------  --------------  -------------------
/opt/airflow/dags/daily_summary.py   2736  0.00s             1           0  0.15s           2025-10-24T22:55:20
================================================================================
[2025-10-24T22:56:21.226+0000] {manager.py:879} INFO - 
================================================================================
DAG File Processing Stats

File Path                             PID  Runtime      # DAGs    # Errors  Last Runtime    Last Run
----------------------------------  -----  ---------  --------  ----------  --------------  -------------------
/opt/airflow/dags/daily_summary.py   2741  0.00s             1           0  0.16s           2025-10-24T22:55:51
================================================================================
[2025-10-24T22:56:51.633+0000] {manager.py:879} INFO - 
================================================================================
DAG File Processing Stats

File Path                             PID  Runtime      # DAGs    # Errors  Last Runtime    Last Run
----------------------------------  -----  ---------  --------  ----------  --------------  -------------------
/opt/airflow/dags/daily_summary.py   2746  0.00s             1           0  0.14s           2025-10-24T22:56:21
================================================================================
[2025-10-24T22:57:21.953+0000] {manager.py:879} INFO - 
================================================================================
DAG File Processing Stats

File Path                             PID  Runtime      # DAGs    # Errors  Last Runtime    Last Run
----------------------------------  -----  ---------  --------  ----------  --------------  -------------------
/opt/airflow/dags/daily_summary.py   2751  0.00s             1           0  0.14s           2025-10-24T22:56:51
================================================================================
[2025-10-24T22:57:45.223+0000] {manager.py:738} INFO - Searching for files in /opt/airflow/dags
[2025-10-24T22:57:45.241+0000] {manager.py:741} INFO - There are 1 files in /opt/airflow/dags
[2025-10-24T22:57:52.342+0000] {manager.py:879} INFO - 
================================================================================
DAG File Processing Stats

File Path                             PID  Runtime      # DAGs    # Errors  Last Runtime    Last Run
----------------------------------  -----  ---------  --------  ----------  --------------  -------------------
/opt/airflow/dags/daily_summary.py   2756  0.00s             1           0  0.15s           2025-10-24T22:57:22
================================================================================
[2025-10-24T22:58:22.630+0000] {manager.py:879} INFO - 
================================================================================
DAG File Processing Stats

File Path                             PID  Runtime      # DAGs    # Errors  Last Runtime    Last Run
----------------------------------  -----  ---------  --------  ----------  --------------  -------------------
/opt/airflow/dags/daily_summary.py   2761  0.00s             1           0  0.14s           2025-10-24T22:57:52
================================================================================
[2025-10-24T22:58:53.084+0000] {manager.py:879} INFO - 
================================================================================
DAG File Processing Stats

File Path                             PID  Runtime      # DAGs    # Errors  Last Runtime    Last Run
----------------------------------  -----  ---------  --------  ----------  --------------  -------------------
/opt/airflow/dags/daily_summary.py   2766  0.00s             1           0  0.15s           2025-10-24T22:58:22
================================================================================
[2025-10-24T22:59:23.411+0000] {manager.py:879} INFO - 
================================================================================
DAG File Processing Stats

File Path                             PID  Runtime      # DAGs    # Errors  Last Runtime    Last Run
----------------------------------  -----  ---------  --------  ----------  --------------  -------------------
/opt/airflow/dags/daily_summary.py   2771  0.00s             1           0  0.14s           2025-10-24T22:58:53
================================================================================
[2025-10-24T22:59:53.854+0000] {manager.py:879} INFO - 
================================================================================
DAG File Processing Stats

File Path                             PID  Runtime      # DAGs    # Errors  Last Runtime    Last Run
----------------------------------  -----  ---------  --------  ----------  --------------  -------------------
/opt/airflow/dags/daily_summary.py   2776  0.00s             1           0  0.15s           2025-10-24T22:59:23
================================================================================
[2025-10-24T23:00:24.186+0000] {manager.py:879} INFO - 
================================================================================
DAG File Processing Stats

File Path                             PID  Runtime      # DAGs    # Errors  Last Runtime    Last Run
----------------------------------  -----  ---------  --------  ----------  --------------  -------------------
/opt/airflow/dags/daily_summary.py   2781  0.00s             1           0  0.13s           2025-10-24T22:59:53
================================================================================
[2025-10-24T23:00:54.620+0000] {manager.py:879} INFO - 
================================================================================
DAG File Processing Stats

File Path                             PID  Runtime      # DAGs    # Errors  Last Runtime    Last Run
----------------------------------  -----  ---------  --------  ----------  --------------  -------------------
/opt/airflow/dags/daily_summary.py   2786  0.00s             1           0  0.15s           2025-10-24T23:00:24
================================================================================
[2025-10-24T23:01:24.930+0000] {manager.py:879} INFO - 
================================================================================
DAG File Processing Stats

File Path                             PID  Runtime      # DAGs    # Errors  Last Runtime    Last Run
----------------------------------  -----  ---------  --------  ----------  --------------  -------------------
/opt/airflow/dags/daily_summary.py   2791  0.00s             1           0  0.13s           2025-10-24T23:00:54
================================================================================
[2025-10-24T23:01:55.330+0000] {manager.py:879} INFO - 
================================================================================
DAG File Processing Stats

File Path                             PID  Runtime      # DAGs    # Errors  Last Runtime    Last Run
----------------------------------  -----  ---------  --------  ----------  --------------  -------------------
/opt/airflow/dags/daily_summary.py   2796  0.00s             1           0  0.14s           2025-10-24T23:01:25
================================================================================
[2025-10-24T23:02:25.655+0000] {manager.py:879} INFO - 
================================================================================
DAG File Processing Stats

File Path                             PID  Runtime      # DAGs    # Errors  Last Runtime    Last Run
----------------------------------  -----  ---------  --------  ----------  --------------  -------------------
/opt/airflow/dags/daily_summary.py   2801  0.00s             1           0  0.15s           2025-10-24T23:01:55
================================================================================
[2025-10-24T23:02:45.920+0000] {manager.py:738} INFO - Searching for files in /opt/airflow/dags
[2025-10-24T23:02:45.936+0000] {manager.py:741} INFO - There are 1 files in /opt/airflow/dags
[2025-10-24T23:02:56.056+0000] {manager.py:879} INFO - 
================================================================================
DAG File Processing Stats

File Path                             PID  Runtime      # DAGs    # Errors  Last Runtime    Last Run
----------------------------------  -----  ---------  --------  ----------  --------------  -------------------
/opt/airflow/dags/daily_summary.py   2806  0.00s             1           0  0.17s           2025-10-24T23:02:25
================================================================================
[2025-10-24T23:03:26.405+0000] {manager.py:879} INFO - 
================================================================================
DAG File Processing Stats

File Path                             PID  Runtime      # DAGs    # Errors  Last Runtime    Last Run
----------------------------------  -----  ---------  --------  ----------  --------------  -------------------
/opt/airflow/dags/daily_summary.py   2811  0.00s             1           0  0.15s           2025-10-24T23:02:56
================================================================================
[2025-10-24T23:03:56.812+0000] {manager.py:879} INFO - 
================================================================================
DAG File Processing Stats

File Path                             PID  Runtime      # DAGs    # Errors  Last Runtime    Last Run
----------------------------------  -----  ---------  --------  ----------  --------------  -------------------
/opt/airflow/dags/daily_summary.py   2816  0.00s             1           0  0.16s           2025-10-24T23:03:26
================================================================================
[2025-10-24T23:04:27.056+0000] {manager.py:879} INFO - 
================================================================================
DAG File Processing Stats

File Path                             PID  Runtime      # DAGs    # Errors  Last Runtime    Last Run
----------------------------------  -----  ---------  --------  ----------  --------------  -------------------
/opt/airflow/dags/daily_summary.py   2821  0.00s             1           0  0.16s           2025-10-24T23:03:56
================================================================================
[2025-10-24T23:04:57.363+0000] {manager.py:879} INFO - 
================================================================================
DAG File Processing Stats

File Path                             PID  Runtime      # DAGs    # Errors  Last Runtime    Last Run
----------------------------------  -----  ---------  --------  ----------  --------------  -------------------
/opt/airflow/dags/daily_summary.py   2826  0.00s             1           0  0.14s           2025-10-24T23:04:27
================================================================================
[2025-10-24T23:05:27.680+0000] {manager.py:879} INFO - 
================================================================================
DAG File Processing Stats

File Path                             PID  Runtime      # DAGs    # Errors  Last Runtime    Last Run
----------------------------------  -----  ---------  --------  ----------  --------------  -------------------
/opt/airflow/dags/daily_summary.py   2831  0.00s             1           0  0.14s           2025-10-24T23:04:57
================================================================================
[2025-10-24T23:05:58.032+0000] {manager.py:879} INFO - 
================================================================================
DAG File Processing Stats

File Path                             PID  Runtime      # DAGs    # Errors  Last Runtime    Last Run
----------------------------------  -----  ---------  --------  ----------  --------------  -------------------
/opt/airflow/dags/daily_summary.py   2836  0.00s             1           0  0.14s           2025-10-24T23:05:27
================================================================================
[2025-10-24T23:06:28.327+0000] {manager.py:879} INFO - 
================================================================================
DAG File Processing Stats

File Path                             PID  Runtime      # DAGs    # Errors  Last Runtime    Last Run
----------------------------------  -----  ---------  --------  ----------  --------------  -------------------
/opt/airflow/dags/daily_summary.py   2841  0.00s             1           0  0.15s           2025-10-24T23:05:58
================================================================================
[2025-10-24T23:06:58.780+0000] {manager.py:879} INFO - 
================================================================================
DAG File Processing Stats

File Path                             PID  Runtime      # DAGs    # Errors  Last Runtime    Last Run
----------------------------------  -----  ---------  --------  ----------  --------------  -------------------
/opt/airflow/dags/daily_summary.py   2846  0.00s             1           0  0.15s           2025-10-24T23:06:28
================================================================================
[2025-10-24T23:07:29.090+0000] {manager.py:879} INFO - 
================================================================================
DAG File Processing Stats

File Path                             PID  Runtime      # DAGs    # Errors  Last Runtime    Last Run
----------------------------------  -----  ---------  --------  ----------  --------------  -------------------
/opt/airflow/dags/daily_summary.py   2851  0.00s             1           0  0.14s           2025-10-24T23:06:58
================================================================================
[2025-10-24T23:07:46.311+0000] {manager.py:738} INFO - Searching for files in /opt/airflow/dags
[2025-10-24T23:07:46.336+0000] {manager.py:741} INFO - There are 1 files in /opt/airflow/dags
[2025-10-24T23:07:59.495+0000] {manager.py:879} INFO - 
================================================================================
DAG File Processing Stats

File Path                             PID  Runtime      # DAGs    # Errors  Last Runtime    Last Run
----------------------------------  -----  ---------  --------  ----------  --------------  -------------------
/opt/airflow/dags/daily_summary.py   2856  0.00s             1           0  0.14s           2025-10-24T23:07:29
================================================================================
[2025-10-24T23:08:29.838+0000] {manager.py:879} INFO - 
================================================================================
DAG File Processing Stats

File Path                             PID  Runtime      # DAGs    # Errors  Last Runtime    Last Run
----------------------------------  -----  ---------  --------  ----------  --------------  -------------------
/opt/airflow/dags/daily_summary.py   2861  0.00s             1           0  0.15s           2025-10-24T23:07:59
================================================================================
[2025-10-24T23:09:00.202+0000] {manager.py:879} INFO - 
================================================================================
DAG File Processing Stats

File Path                             PID  Runtime      # DAGs    # Errors  Last Runtime    Last Run
----------------------------------  -----  ---------  --------  ----------  --------------  -------------------
/opt/airflow/dags/daily_summary.py   2866  0.00s             1           0  0.16s           2025-10-24T23:08:29
================================================================================
[2025-10-24T23:09:30.507+0000] {manager.py:879} INFO - 
================================================================================
DAG File Processing Stats

File Path                             PID  Runtime      # DAGs    # Errors  Last Runtime    Last Run
----------------------------------  -----  ---------  --------  ----------  --------------  -------------------
/opt/airflow/dags/daily_summary.py   2871  0.00s             1           0  0.14s           2025-10-24T23:09:00
================================================================================
[2025-10-24T23:10:00.958+0000] {manager.py:879} INFO - 
================================================================================
DAG File Processing Stats

File Path                             PID  Runtime      # DAGs    # Errors  Last Runtime    Last Run
----------------------------------  -----  ---------  --------  ----------  --------------  -------------------
/opt/airflow/dags/daily_summary.py   2876  0.00s             1           0  0.14s           2025-10-24T23:09:30
================================================================================
[2025-10-24T23:10:31.252+0000] {manager.py:879} INFO - 
================================================================================
DAG File Processing Stats

File Path                             PID  Runtime      # DAGs    # Errors  Last Runtime    Last Run
----------------------------------  -----  ---------  --------  ----------  --------------  -------------------
/opt/airflow/dags/daily_summary.py   2881  0.00s             1           0  0.14s           2025-10-24T23:10:01
================================================================================
[2025-10-24T23:11:01.698+0000] {manager.py:879} INFO - 
================================================================================
DAG File Processing Stats

File Path                             PID  Runtime      # DAGs    # Errors  Last Runtime    Last Run
----------------------------------  -----  ---------  --------  ----------  --------------  -------------------
/opt/airflow/dags/daily_summary.py   2886  0.00s             1           0  0.14s           2025-10-24T23:10:31
================================================================================
[2025-10-24T23:11:32.032+0000] {manager.py:879} INFO - 
================================================================================
DAG File Processing Stats

File Path                             PID  Runtime      # DAGs    # Errors  Last Runtime    Last Run
----------------------------------  -----  ---------  --------  ----------  --------------  -------------------
/opt/airflow/dags/daily_summary.py   2891  0.00s             1           0  0.17s           2025-10-24T23:11:01
================================================================================
[2025-10-24T23:12:02.430+0000] {manager.py:879} INFO - 
================================================================================
DAG File Processing Stats

File Path                             PID  Runtime      # DAGs    # Errors  Last Runtime    Last Run
----------------------------------  -----  ---------  --------  ----------  --------------  -------------------
/opt/airflow/dags/daily_summary.py   2896  0.00s             1           0  0.13s           2025-10-24T23:11:32
================================================================================
[2025-10-24T23:12:32.775+0000] {manager.py:879} INFO - 
================================================================================
DAG File Processing Stats

File Path                             PID  Runtime      # DAGs    # Errors  Last Runtime    Last Run
----------------------------------  -----  ---------  --------  ----------  --------------  -------------------
/opt/airflow/dags/daily_summary.py   2901  0.00s             1           0  0.14s           2025-10-24T23:12:02
================================================================================
[2025-10-24T23:12:46.987+0000] {manager.py:738} INFO - Searching for files in /opt/airflow/dags
[2025-10-24T23:12:47.000+0000] {manager.py:741} INFO - There are 1 files in /opt/airflow/dags
[2025-10-24T23:13:03.161+0000] {manager.py:879} INFO - 
================================================================================
DAG File Processing Stats

File Path                             PID  Runtime      # DAGs    # Errors  Last Runtime    Last Run
----------------------------------  -----  ---------  --------  ----------  --------------  -------------------
/opt/airflow/dags/daily_summary.py   2906  0.00s             1           0  0.17s           2025-10-24T23:12:32
================================================================================
[2025-10-24T23:13:33.533+0000] {manager.py:879} INFO - 
================================================================================
DAG File Processing Stats

File Path                             PID  Runtime      # DAGs    # Errors  Last Runtime    Last Run
----------------------------------  -----  ---------  --------  ----------  --------------  -------------------
/opt/airflow/dags/daily_summary.py   2911  0.00s             1           0  0.14s           2025-10-24T23:13:03
================================================================================
[2025-10-24T23:14:03.884+0000] {manager.py:879} INFO - 
================================================================================
DAG File Processing Stats

File Path                             PID  Runtime      # DAGs    # Errors  Last Runtime    Last Run
----------------------------------  -----  ---------  --------  ----------  --------------  -------------------
/opt/airflow/dags/daily_summary.py   2916  0.00s             1           0  0.14s           2025-10-24T23:13:33
================================================================================
[2025-10-24T23:14:34.239+0000] {manager.py:879} INFO - 
================================================================================
DAG File Processing Stats

File Path                             PID  Runtime      # DAGs    # Errors  Last Runtime    Last Run
----------------------------------  -----  ---------  --------  ----------  --------------  -------------------
/opt/airflow/dags/daily_summary.py   2921  0.00s             1           0  0.15s           2025-10-24T23:14:04
================================================================================
[2025-10-24T23:15:04.569+0000] {manager.py:879} INFO - 
================================================================================
DAG File Processing Stats

File Path                             PID  Runtime      # DAGs    # Errors  Last Runtime    Last Run
----------------------------------  -----  ---------  --------  ----------  --------------  -------------------
/opt/airflow/dags/daily_summary.py   2926  0.00s             1           0  0.14s           2025-10-24T23:14:34
================================================================================
[2025-10-24T23:15:34.984+0000] {manager.py:879} INFO - 
================================================================================
DAG File Processing Stats

File Path                             PID  Runtime      # DAGs    # Errors  Last Runtime    Last Run
----------------------------------  -----  ---------  --------  ----------  --------------  -------------------
/opt/airflow/dags/daily_summary.py   2931  0.00s             1           0  0.15s           2025-10-24T23:15:04
================================================================================
[2025-10-24T23:16:05.325+0000] {manager.py:879} INFO - 
================================================================================
DAG File Processing Stats

File Path                             PID  Runtime      # DAGs    # Errors  Last Runtime    Last Run
----------------------------------  -----  ---------  --------  ----------  --------------  -------------------
/opt/airflow/dags/daily_summary.py   2936  0.00s             1           0  0.15s           2025-10-24T23:15:35
================================================================================
[2025-10-24T23:16:35.749+0000] {manager.py:879} INFO - 
================================================================================
DAG File Processing Stats

File Path                             PID  Runtime      # DAGs    # Errors  Last Runtime    Last Run
----------------------------------  -----  ---------  --------  ----------  --------------  -------------------
/opt/airflow/dags/daily_summary.py   2941  0.00s             1           0  0.15s           2025-10-24T23:16:05
================================================================================
[2025-10-24T23:17:06.059+0000] {manager.py:879} INFO - 
================================================================================
DAG File Processing Stats

File Path                             PID  Runtime      # DAGs    # Errors  Last Runtime    Last Run
----------------------------------  -----  ---------  --------  ----------  --------------  -------------------
/opt/airflow/dags/daily_summary.py   2946  0.00s             1           0  0.16s           2025-10-24T23:16:35
================================================================================
[2025-10-24T23:17:36.465+0000] {manager.py:879} INFO - 
================================================================================
DAG File Processing Stats

File Path                             PID  Runtime      # DAGs    # Errors  Last Runtime    Last Run
----------------------------------  -----  ---------  --------  ----------  --------------  -------------------
/opt/airflow/dags/daily_summary.py   2951  0.01s             1           0  0.14s           2025-10-24T23:17:06
================================================================================
[2025-10-24T23:17:47.544+0000] {manager.py:738} INFO - Searching for files in /opt/airflow/dags
[2025-10-24T23:17:47.572+0000] {manager.py:741} INFO - There are 1 files in /opt/airflow/dags
[2025-10-24T23:18:06.794+0000] {manager.py:879} INFO - 
================================================================================
DAG File Processing Stats

File Path                             PID  Runtime      # DAGs    # Errors  Last Runtime    Last Run
----------------------------------  -----  ---------  --------  ----------  --------------  -------------------
/opt/airflow/dags/daily_summary.py   2956  0.00s             1           0  0.14s           2025-10-24T23:17:36
================================================================================
[2025-10-24T23:18:37.153+0000] {manager.py:879} INFO - 
================================================================================
DAG File Processing Stats

File Path                             PID  Runtime      # DAGs    # Errors  Last Runtime    Last Run
----------------------------------  -----  ---------  --------  ----------  --------------  -------------------
/opt/airflow/dags/daily_summary.py   2961  0.00s             1           0  0.14s           2025-10-24T23:18:06
================================================================================
[2025-10-24T23:19:07.406+0000] {manager.py:879} INFO - 
================================================================================
DAG File Processing Stats

File Path                             PID  Runtime      # DAGs    # Errors  Last Runtime    Last Run
----------------------------------  -----  ---------  --------  ----------  --------------  -------------------
/opt/airflow/dags/daily_summary.py   2966  0.00s             1           0  0.14s           2025-10-24T23:18:37
================================================================================
[2025-10-24T23:19:37.685+0000] {manager.py:879} INFO - 
================================================================================
DAG File Processing Stats

File Path                             PID  Runtime      # DAGs    # Errors  Last Runtime    Last Run
----------------------------------  -----  ---------  --------  ----------  --------------  -------------------
/opt/airflow/dags/daily_summary.py   2971  0.00s             1           0  0.13s           2025-10-24T23:19:07
================================================================================
[2025-10-24T23:20:08.109+0000] {manager.py:879} INFO - 
================================================================================
DAG File Processing Stats

File Path                             PID  Runtime      # DAGs    # Errors  Last Runtime    Last Run
----------------------------------  -----  ---------  --------  ----------  --------------  -------------------
/opt/airflow/dags/daily_summary.py   2976  0.00s             1           0  0.16s           2025-10-24T23:19:37
================================================================================
[2025-10-24T23:20:38.480+0000] {manager.py:879} INFO - 
================================================================================
DAG File Processing Stats

File Path                             PID  Runtime      # DAGs    # Errors  Last Runtime    Last Run
----------------------------------  -----  ---------  --------  ----------  --------------  -------------------
/opt/airflow/dags/daily_summary.py   2981  0.00s             1           0  0.15s           2025-10-24T23:20:08
================================================================================
[2025-10-24T23:21:08.831+0000] {manager.py:879} INFO - 
================================================================================
DAG File Processing Stats

File Path                             PID  Runtime      # DAGs    # Errors  Last Runtime    Last Run
----------------------------------  -----  ---------  --------  ----------  --------------  -------------------
/opt/airflow/dags/daily_summary.py   2986  0.00s             1           0  0.14s           2025-10-24T23:20:38
================================================================================
[2025-10-24T23:21:39.149+0000] {manager.py:879} INFO - 
================================================================================
DAG File Processing Stats

File Path                             PID  Runtime      # DAGs    # Errors  Last Runtime    Last Run
----------------------------------  -----  ---------  --------  ----------  --------------  -------------------
/opt/airflow/dags/daily_summary.py   2991  0.00s             1           0  0.14s           2025-10-24T23:21:08
================================================================================
[2025-10-24T23:22:09.567+0000] {manager.py:879} INFO - 
================================================================================
DAG File Processing Stats

File Path                             PID  Runtime      # DAGs    # Errors  Last Runtime    Last Run
----------------------------------  -----  ---------  --------  ----------  --------------  -------------------
/opt/airflow/dags/daily_summary.py   2996  0.00s             1           0  0.15s           2025-10-24T23:21:39
================================================================================
[2025-10-24T23:22:39.882+0000] {manager.py:879} INFO - 
================================================================================
DAG File Processing Stats

File Path                             PID  Runtime      # DAGs    # Errors  Last Runtime    Last Run
----------------------------------  -----  ---------  --------  ----------  --------------  -------------------
/opt/airflow/dags/daily_summary.py   3001  0.00s             1           0  0.15s           2025-10-24T23:22:09
================================================================================
[2025-10-24T23:22:48.069+0000] {manager.py:738} INFO - Searching for files in /opt/airflow/dags
[2025-10-24T23:22:48.089+0000] {manager.py:741} INFO - There are 1 files in /opt/airflow/dags
[2025-10-24T23:23:10.344+0000] {manager.py:879} INFO - 
================================================================================
DAG File Processing Stats

File Path                             PID  Runtime      # DAGs    # Errors  Last Runtime    Last Run
----------------------------------  -----  ---------  --------  ----------  --------------  -------------------
/opt/airflow/dags/daily_summary.py   3006  0.00s             1           0  0.15s           2025-10-24T23:22:40
================================================================================
[2025-10-24T23:23:40.668+0000] {manager.py:879} INFO - 
================================================================================
DAG File Processing Stats

File Path                             PID  Runtime      # DAGs    # Errors  Last Runtime    Last Run
----------------------------------  -----  ---------  --------  ----------  --------------  -------------------
/opt/airflow/dags/daily_summary.py   3011  0.00s             1           0  0.14s           2025-10-24T23:23:10
================================================================================
[2025-10-24T23:24:11.039+0000] {manager.py:879} INFO - 
================================================================================
DAG File Processing Stats

File Path                             PID  Runtime      # DAGs    # Errors  Last Runtime    Last Run
----------------------------------  -----  ---------  --------  ----------  --------------  -------------------
/opt/airflow/dags/daily_summary.py   3016  0.00s             1           0  0.15s           2025-10-24T23:23:40
================================================================================
[2025-10-24T23:24:41.445+0000] {manager.py:879} INFO - 
================================================================================
DAG File Processing Stats

File Path                             PID  Runtime      # DAGs    # Errors  Last Runtime    Last Run
----------------------------------  -----  ---------  --------  ----------  --------------  -------------------
/opt/airflow/dags/daily_summary.py   3021  0.00s             1           0  0.14s           2025-10-24T23:24:11
================================================================================
[2025-10-24T23:25:11.789+0000] {manager.py:879} INFO - 
================================================================================
DAG File Processing Stats

File Path                             PID  Runtime      # DAGs    # Errors  Last Runtime    Last Run
----------------------------------  -----  ---------  --------  ----------  --------------  -------------------
/opt/airflow/dags/daily_summary.py   3026  0.00s             1           0  0.14s           2025-10-24T23:24:41
================================================================================
[2025-10-24T23:25:42.096+0000] {manager.py:879} INFO - 
================================================================================
DAG File Processing Stats

File Path                             PID  Runtime      # DAGs    # Errors  Last Runtime    Last Run
----------------------------------  -----  ---------  --------  ----------  --------------  -------------------
/opt/airflow/dags/daily_summary.py   3031  0.00s             1           0  0.13s           2025-10-24T23:25:11
================================================================================
[2025-10-24T23:26:12.533+0000] {manager.py:879} INFO - 
================================================================================
DAG File Processing Stats

File Path                             PID  Runtime      # DAGs    # Errors  Last Runtime    Last Run
----------------------------------  -----  ---------  --------  ----------  --------------  -------------------
/opt/airflow/dags/daily_summary.py   3036  0.00s             1           0  0.15s           2025-10-24T23:25:42
================================================================================
[2025-10-24T23:26:42.876+0000] {manager.py:879} INFO - 
================================================================================
DAG File Processing Stats

File Path                             PID  Runtime      # DAGs    # Errors  Last Runtime    Last Run
----------------------------------  -----  ---------  --------  ----------  --------------  -------------------
/opt/airflow/dags/daily_summary.py   3041  0.00s             1           0  0.15s           2025-10-24T23:26:12
================================================================================
[2025-10-24T23:27:13.238+0000] {manager.py:879} INFO - 
================================================================================
DAG File Processing Stats

File Path                             PID  Runtime      # DAGs    # Errors  Last Runtime    Last Run
----------------------------------  -----  ---------  --------  ----------  --------------  -------------------
/opt/airflow/dags/daily_summary.py   3046  0.00s             1           0  0.14s           2025-10-24T23:26:43
================================================================================
[2025-10-24T23:27:43.601+0000] {manager.py:879} INFO - 
================================================================================
DAG File Processing Stats

File Path                             PID  Runtime      # DAGs    # Errors  Last Runtime    Last Run
----------------------------------  -----  ---------  --------  ----------  --------------  -------------------
/opt/airflow/dags/daily_summary.py   3051  0.00s             1           0  0.16s           2025-10-24T23:27:13
================================================================================
[2025-10-24T23:27:48.689+0000] {manager.py:738} INFO - Searching for files in /opt/airflow/dags
[2025-10-24T23:27:48.708+0000] {manager.py:741} INFO - There are 1 files in /opt/airflow/dags
[2025-10-24T23:28:14.004+0000] {manager.py:879} INFO - 
================================================================================
DAG File Processing Stats

File Path                             PID  Runtime      # DAGs    # Errors  Last Runtime    Last Run
----------------------------------  -----  ---------  --------  ----------  --------------  -------------------
/opt/airflow/dags/daily_summary.py   3056  0.00s             1           0  0.14s           2025-10-24T23:27:43
================================================================================
[2025-10-24T23:28:44.327+0000] {manager.py:879} INFO - 
================================================================================
DAG File Processing Stats

File Path                             PID  Runtime      # DAGs    # Errors  Last Runtime    Last Run
----------------------------------  -----  ---------  --------  ----------  --------------  -------------------
/opt/airflow/dags/daily_summary.py   3061  0.00s             1           0  0.14s           2025-10-24T23:28:14
================================================================================
[2025-10-24T23:29:14.786+0000] {manager.py:879} INFO - 
================================================================================
DAG File Processing Stats

File Path                             PID  Runtime      # DAGs    # Errors  Last Runtime    Last Run
----------------------------------  -----  ---------  --------  ----------  --------------  -------------------
/opt/airflow/dags/daily_summary.py   3066  0.00s             1           0  0.14s           2025-10-24T23:28:44
================================================================================
[2025-10-24T23:29:45.117+0000] {manager.py:879} INFO - 
================================================================================
DAG File Processing Stats

File Path                             PID  Runtime      # DAGs    # Errors  Last Runtime    Last Run
----------------------------------  -----  ---------  --------  ----------  --------------  -------------------
/opt/airflow/dags/daily_summary.py   3071  0.00s             1           0  0.14s           2025-10-24T23:29:14
================================================================================
[2025-10-24T23:30:15.471+0000] {manager.py:879} INFO - 
================================================================================
DAG File Processing Stats

File Path                             PID  Runtime      # DAGs    # Errors  Last Runtime    Last Run
----------------------------------  -----  ---------  --------  ----------  --------------  -------------------
/opt/airflow/dags/daily_summary.py   3076  0.00s             1           0  0.15s           2025-10-24T23:29:45
================================================================================
[2025-10-24T23:30:45.813+0000] {manager.py:879} INFO - 
================================================================================
DAG File Processing Stats

File Path                             PID  Runtime      # DAGs    # Errors  Last Runtime    Last Run
----------------------------------  -----  ---------  --------  ----------  --------------  -------------------
/opt/airflow/dags/daily_summary.py   3081  0.00s             1           0  0.14s           2025-10-24T23:30:15
================================================================================
[2025-10-24T23:31:16.190+0000] {manager.py:879} INFO - 
================================================================================
DAG File Processing Stats

File Path                             PID  Runtime      # DAGs    # Errors  Last Runtime    Last Run
----------------------------------  -----  ---------  --------  ----------  --------------  -------------------
/opt/airflow/dags/daily_summary.py   3086  0.00s             1           0  0.14s           2025-10-24T23:30:45
================================================================================
[2025-10-24T23:31:46.543+0000] {manager.py:879} INFO - 
================================================================================
DAG File Processing Stats

File Path                             PID  Runtime      # DAGs    # Errors  Last Runtime    Last Run
----------------------------------  -----  ---------  --------  ----------  --------------  -------------------
/opt/airflow/dags/daily_summary.py   3091  0.00s             1           0  0.15s           2025-10-24T23:31:16
================================================================================
[2025-10-24T23:32:16.916+0000] {manager.py:879} INFO - 
================================================================================
DAG File Processing Stats

File Path                             PID  Runtime      # DAGs    # Errors  Last Runtime    Last Run
----------------------------------  -----  ---------  --------  ----------  --------------  -------------------
/opt/airflow/dags/daily_summary.py   3096  0.00s             1           0  0.14s           2025-10-24T23:31:46
================================================================================
[2025-10-24T23:32:47.196+0000] {manager.py:879} INFO - 
================================================================================
DAG File Processing Stats

File Path                             PID  Runtime      # DAGs    # Errors  Last Runtime    Last Run
----------------------------------  -----  ---------  --------  ----------  --------------  -------------------
/opt/airflow/dags/daily_summary.py   3101  0.00s             1           0  0.17s           2025-10-24T23:32:17
================================================================================
[2025-10-24T23:32:49.213+0000] {manager.py:738} INFO - Searching for files in /opt/airflow/dags
[2025-10-24T23:32:49.230+0000] {manager.py:741} INFO - There are 1 files in /opt/airflow/dags
[2025-10-24T23:33:17.482+0000] {manager.py:879} INFO - 
================================================================================
DAG File Processing Stats

File Path                             PID  Runtime      # DAGs    # Errors  Last Runtime    Last Run
----------------------------------  -----  ---------  --------  ----------  --------------  -------------------
/opt/airflow/dags/daily_summary.py   3106  0.00s             1           0  0.14s           2025-10-24T23:32:47
================================================================================
[2025-10-24T23:33:47.980+0000] {manager.py:879} INFO - 
================================================================================
DAG File Processing Stats

File Path                             PID  Runtime      # DAGs    # Errors  Last Runtime    Last Run
----------------------------------  -----  ---------  --------  ----------  --------------  -------------------
/opt/airflow/dags/daily_summary.py   3111  0.00s             1           0  0.15s           2025-10-24T23:33:17
================================================================================
[2025-10-24T23:34:18.302+0000] {manager.py:879} INFO - 
================================================================================
DAG File Processing Stats

File Path                             PID  Runtime      # DAGs    # Errors  Last Runtime    Last Run
----------------------------------  -----  ---------  --------  ----------  --------------  -------------------
/opt/airflow/dags/daily_summary.py   3116  0.00s             1           0  0.16s           2025-10-24T23:33:48
================================================================================
[2025-10-24T23:34:48.745+0000] {manager.py:879} INFO - 
================================================================================
DAG File Processing Stats

File Path                             PID  Runtime      # DAGs    # Errors  Last Runtime    Last Run
----------------------------------  -----  ---------  --------  ----------  --------------  -------------------
/opt/airflow/dags/daily_summary.py   3121  0.00s             1           0  0.14s           2025-10-24T23:34:18
================================================================================
[2025-10-24T23:35:19.093+0000] {manager.py:879} INFO - 
================================================================================
DAG File Processing Stats

File Path                             PID  Runtime      # DAGs    # Errors  Last Runtime    Last Run
----------------------------------  -----  ---------  --------  ----------  --------------  -------------------
/opt/airflow/dags/daily_summary.py   3126  0.00s             1           0  0.16s           2025-10-24T23:34:48
================================================================================
[2025-10-24T23:35:49.509+0000] {manager.py:879} INFO - 
================================================================================
DAG File Processing Stats

File Path                             PID  Runtime      # DAGs    # Errors  Last Runtime    Last Run
----------------------------------  -----  ---------  --------  ----------  --------------  -------------------
/opt/airflow/dags/daily_summary.py   3131  0.00s             1           0  0.14s           2025-10-24T23:35:19
================================================================================
[2025-10-24T23:36:19.846+0000] {manager.py:879} INFO - 
================================================================================
DAG File Processing Stats

File Path                             PID  Runtime      # DAGs    # Errors  Last Runtime    Last Run
----------------------------------  -----  ---------  --------  ----------  --------------  -------------------
/opt/airflow/dags/daily_summary.py   3136  0.00s             1           0  0.14s           2025-10-24T23:35:49
================================================================================
[2025-10-24T23:36:50.242+0000] {manager.py:879} INFO - 
================================================================================
DAG File Processing Stats

File Path                             PID  Runtime      # DAGs    # Errors  Last Runtime    Last Run
----------------------------------  -----  ---------  --------  ----------  --------------  -------------------
/opt/airflow/dags/daily_summary.py   3141  0.00s             1           0  0.15s           2025-10-24T23:36:19
================================================================================
[2025-10-24T23:37:20.516+0000] {manager.py:879} INFO - 
================================================================================
DAG File Processing Stats

File Path                             PID  Runtime      # DAGs    # Errors  Last Runtime    Last Run
----------------------------------  -----  ---------  --------  ----------  --------------  -------------------
/opt/airflow/dags/daily_summary.py   3146  0.00s             1           0  0.14s           2025-10-24T23:36:50
================================================================================
[2025-10-24T23:37:49.921+0000] {manager.py:738} INFO - Searching for files in /opt/airflow/dags
[2025-10-24T23:37:49.937+0000] {manager.py:741} INFO - There are 1 files in /opt/airflow/dags
[2025-10-24T23:37:50.975+0000] {manager.py:879} INFO - 
================================================================================
DAG File Processing Stats

File Path                             PID  Runtime      # DAGs    # Errors  Last Runtime    Last Run
----------------------------------  -----  ---------  --------  ----------  --------------  -------------------
/opt/airflow/dags/daily_summary.py   3151  0.00s             1           0  0.15s           2025-10-24T23:37:20
================================================================================
[2025-10-24T23:38:21.303+0000] {manager.py:879} INFO - 
================================================================================
DAG File Processing Stats

File Path                             PID  Runtime      # DAGs    # Errors  Last Runtime    Last Run
----------------------------------  -----  ---------  --------  ----------  --------------  -------------------
/opt/airflow/dags/daily_summary.py   3156  0.00s             1           0  0.14s           2025-10-24T23:37:51
================================================================================
[2025-10-24T23:38:51.695+0000] {manager.py:879} INFO - 
================================================================================
DAG File Processing Stats

File Path                             PID  Runtime      # DAGs    # Errors  Last Runtime    Last Run
----------------------------------  -----  ---------  --------  ----------  --------------  -------------------
/opt/airflow/dags/daily_summary.py   3161  0.00s             1           0  0.15s           2025-10-24T23:38:21
================================================================================
[2025-10-24T23:39:22.010+0000] {manager.py:879} INFO - 
================================================================================
DAG File Processing Stats

File Path                             PID  Runtime      # DAGs    # Errors  Last Runtime    Last Run
----------------------------------  -----  ---------  --------  ----------  --------------  -------------------
/opt/airflow/dags/daily_summary.py   3166  0.00s             1           0  0.15s           2025-10-24T23:38:51
================================================================================
[2025-10-24T23:39:52.447+0000] {manager.py:879} INFO - 
================================================================================
DAG File Processing Stats

File Path                             PID  Runtime      # DAGs    # Errors  Last Runtime    Last Run
----------------------------------  -----  ---------  --------  ----------  --------------  -------------------
/opt/airflow/dags/daily_summary.py   3171  0.00s             1           0  0.15s           2025-10-24T23:39:22
================================================================================
[2025-10-24T23:40:22.736+0000] {manager.py:879} INFO - 
================================================================================
DAG File Processing Stats

File Path                             PID  Runtime      # DAGs    # Errors  Last Runtime    Last Run
----------------------------------  -----  ---------  --------  ----------  --------------  -------------------
/opt/airflow/dags/daily_summary.py   3176  0.00s             1           0  0.15s           2025-10-24T23:39:52
================================================================================
[2025-10-24T23:40:53.069+0000] {manager.py:879} INFO - 
================================================================================
DAG File Processing Stats

File Path                             PID  Runtime      # DAGs    # Errors  Last Runtime    Last Run
----------------------------------  -----  ---------  --------  ----------  --------------  -------------------
/opt/airflow/dags/daily_summary.py   3181  0.00s             1           0  0.15s           2025-10-24T23:40:22
================================================================================
[2025-10-24T23:41:23.514+0000] {manager.py:879} INFO - 
================================================================================
DAG File Processing Stats

File Path                             PID  Runtime      # DAGs    # Errors  Last Runtime    Last Run
----------------------------------  -----  ---------  --------  ----------  --------------  -------------------
/opt/airflow/dags/daily_summary.py   3186  0.00s             1           0  0.14s           2025-10-24T23:40:53
================================================================================
[2025-10-24T23:41:53.847+0000] {manager.py:879} INFO - 
================================================================================
DAG File Processing Stats

File Path                             PID  Runtime      # DAGs    # Errors  Last Runtime    Last Run
----------------------------------  -----  ---------  --------  ----------  --------------  -------------------
/opt/airflow/dags/daily_summary.py   3191  0.00s             1           0  0.14s           2025-10-24T23:41:23
================================================================================
[2025-10-24T23:42:24.278+0000] {manager.py:879} INFO - 
================================================================================
DAG File Processing Stats

File Path                             PID  Runtime      # DAGs    # Errors  Last Runtime    Last Run
----------------------------------  -----  ---------  --------  ----------  --------------  -------------------
/opt/airflow/dags/daily_summary.py   3196  0.00s             1           0  0.14s           2025-10-24T23:41:53
================================================================================
[2025-10-24T23:42:50.532+0000] {manager.py:738} INFO - Searching for files in /opt/airflow/dags
[2025-10-24T23:42:50.551+0000] {manager.py:741} INFO - There are 1 files in /opt/airflow/dags
[2025-10-24T23:42:54.608+0000] {manager.py:879} INFO - 
================================================================================
DAG File Processing Stats

File Path                             PID  Runtime      # DAGs    # Errors  Last Runtime    Last Run
----------------------------------  -----  ---------  --------  ----------  --------------  -------------------
/opt/airflow/dags/daily_summary.py   3201  0.00s             1           0  0.13s           2025-10-24T23:42:24
================================================================================
[2025-10-24T23:43:24.906+0000] {manager.py:879} INFO - 
================================================================================
DAG File Processing Stats

File Path                             PID  Runtime      # DAGs    # Errors  Last Runtime    Last Run
----------------------------------  -----  ---------  --------  ----------  --------------  -------------------
/opt/airflow/dags/daily_summary.py   3206  0.00s             1           0  0.14s           2025-10-24T23:42:54
================================================================================
[2025-10-24T23:43:55.381+0000] {manager.py:879} INFO - 
================================================================================
DAG File Processing Stats

File Path                             PID  Runtime      # DAGs    # Errors  Last Runtime    Last Run
----------------------------------  -----  ---------  --------  ----------  --------------  -------------------
/opt/airflow/dags/daily_summary.py   3211  0.00s             1           0  0.15s           2025-10-24T23:43:25
================================================================================
[2025-10-24T23:44:25.695+0000] {manager.py:879} INFO - 
================================================================================
DAG File Processing Stats

File Path                             PID  Runtime      # DAGs    # Errors  Last Runtime    Last Run
----------------------------------  -----  ---------  --------  ----------  --------------  -------------------
/opt/airflow/dags/daily_summary.py   3216  0.00s             1           0  0.14s           2025-10-24T23:43:55
================================================================================
[2025-10-25T02:35:52.185+0000] {manager.py:738} INFO - Searching for files in /opt/airflow/dags
[2025-10-25T02:35:52.203+0000] {manager.py:741} INFO - There are 1 files in /opt/airflow/dags
[2025-10-25T02:35:52.226+0000] {manager.py:879} INFO - 
================================================================================
DAG File Processing Stats

File Path                             PID  Runtime      # DAGs    # Errors  Last Runtime    Last Run
----------------------------------  -----  ---------  --------  ----------  --------------  -------------------
/opt/airflow/dags/daily_summary.py   3223  0.01s             1           0  0.16s           2025-10-24T23:44:25
================================================================================
[2025-10-25T02:59:45.124+0000] {manager.py:738} INFO - Searching for files in /opt/airflow/dags
[2025-10-25T02:59:45.485+0000] {manager.py:741} INFO - There are 1 files in /opt/airflow/dags
[2025-10-25T03:00:10.929+0000] {manager.py:879} INFO - 
================================================================================
DAG File Processing Stats

File Path                           PID    Runtime      # DAGs    # Errors  Last Runtime    Last Run
----------------------------------  -----  ---------  --------  ----------  --------------  -------------------
/opt/airflow/dags/daily_summary.py                           1           0  0.68s           2025-10-25T02:59:46
================================================================================
[2025-10-25T03:00:41.606+0000] {manager.py:879} INFO - 
================================================================================
DAG File Processing Stats

File Path                           PID    Runtime      # DAGs    # Errors  Last Runtime    Last Run
----------------------------------  -----  ---------  --------  ----------  --------------  -------------------
/opt/airflow/dags/daily_summary.py                           1           0  0.16s           2025-10-25T03:00:16
================================================================================
[2025-10-25T03:01:11.890+0000] {manager.py:879} INFO - 
================================================================================
DAG File Processing Stats

File Path                           PID    Runtime      # DAGs    # Errors  Last Runtime    Last Run
----------------------------------  -----  ---------  --------  ----------  --------------  -------------------
/opt/airflow/dags/daily_summary.py                           1           0  0.15s           2025-10-25T03:00:46
================================================================================
[2025-10-25T03:01:42.144+0000] {manager.py:879} INFO - 
================================================================================
DAG File Processing Stats

File Path                           PID    Runtime      # DAGs    # Errors  Last Runtime    Last Run
----------------------------------  -----  ---------  --------  ----------  --------------  -------------------
/opt/airflow/dags/daily_summary.py                           1           0  0.14s           2025-10-25T03:01:17
================================================================================
[2025-10-25T03:02:04.644+0000] {manager.py:451} INFO - Exiting gracefully upon receiving signal 15
[2025-10-25T03:02:23.934+0000] {manager.py:469} INFO - Processing files using up to 2 processes at a time 
[2025-10-25T03:02:23.935+0000] {manager.py:470} INFO - Process each file at most once every 30 seconds
[2025-10-25T03:02:23.936+0000] {manager.py:471} INFO - Checking for new files in /opt/airflow/dags every 300 seconds
[2025-10-25T03:02:23.936+0000] {manager.py:738} INFO - Searching for files in /opt/airflow/dags
[2025-10-25T03:02:23.952+0000] {manager.py:741} INFO - There are 1 files in /opt/airflow/dags
[2025-10-25T03:02:24.043+0000] {manager.py:879} INFO - 
================================================================================
DAG File Processing Stats

File Path                             PID  Runtime      # DAGs    # Errors  Last Runtime    Last Run
----------------------------------  -----  ---------  --------  ----------  --------------  ----------
/opt/airflow/dags/daily_summary.py    175  0.04s             0           0
================================================================================
[2025-10-25T03:02:54.299+0000] {manager.py:879} INFO - 
================================================================================
DAG File Processing Stats

File Path                             PID  Runtime      # DAGs    # Errors  Last Runtime    Last Run
----------------------------------  -----  ---------  --------  ----------  --------------  -------------------
/opt/airflow/dags/daily_summary.py    180  0.00s             1           0  0.23s           2025-10-25T03:02:24
================================================================================
[2025-10-25T03:03:24.716+0000] {manager.py:879} INFO - 
================================================================================
DAG File Processing Stats

File Path                             PID  Runtime      # DAGs    # Errors  Last Runtime    Last Run
----------------------------------  -----  ---------  --------  ----------  --------------  -------------------
/opt/airflow/dags/daily_summary.py    185  0.00s             1           0  0.26s           2025-10-25T03:02:54
================================================================================
[2025-10-25T03:03:54.963+0000] {manager.py:879} INFO - 
================================================================================
DAG File Processing Stats

File Path                             PID  Runtime      # DAGs    # Errors  Last Runtime    Last Run
----------------------------------  -----  ---------  --------  ----------  --------------  -------------------
/opt/airflow/dags/daily_summary.py    195  0.00s             1           0  0.15s           2025-10-25T03:03:24
================================================================================
[2025-10-25T03:04:25.358+0000] {manager.py:879} INFO - 
================================================================================
DAG File Processing Stats

File Path                             PID  Runtime      # DAGs    # Errors  Last Runtime    Last Run
----------------------------------  -----  ---------  --------  ----------  --------------  -------------------
/opt/airflow/dags/daily_summary.py    200  0.00s             1           0  0.16s           2025-10-25T03:03:55
================================================================================
[2025-10-25T03:04:55.628+0000] {manager.py:879} INFO - 
================================================================================
DAG File Processing Stats

File Path                             PID  Runtime      # DAGs    # Errors  Last Runtime    Last Run
----------------------------------  -----  ---------  --------  ----------  --------------  -------------------
/opt/airflow/dags/daily_summary.py    205  0.00s             1           0  0.15s           2025-10-25T03:04:25
================================================================================
[2025-10-25T03:05:26.043+0000] {manager.py:879} INFO - 
================================================================================
DAG File Processing Stats

File Path                             PID  Runtime      # DAGs    # Errors  Last Runtime    Last Run
----------------------------------  -----  ---------  --------  ----------  --------------  -------------------
/opt/airflow/dags/daily_summary.py    210  0.00s             1           0  0.16s           2025-10-25T03:04:55
================================================================================
[2025-10-25T03:05:56.249+0000] {manager.py:879} INFO - 
================================================================================
DAG File Processing Stats

File Path                             PID  Runtime      # DAGs    # Errors  Last Runtime    Last Run
----------------------------------  -----  ---------  --------  ----------  --------------  -------------------
/opt/airflow/dags/daily_summary.py    215  0.00s             1           0  0.15s           2025-10-25T03:05:26
================================================================================
[2025-10-25T03:06:26.624+0000] {manager.py:879} INFO - 
================================================================================
DAG File Processing Stats

File Path                             PID  Runtime      # DAGs    # Errors  Last Runtime    Last Run
----------------------------------  -----  ---------  --------  ----------  --------------  -------------------
/opt/airflow/dags/daily_summary.py    220  0.00s             1           0  0.15s           2025-10-25T03:05:56
================================================================================
[2025-10-25T03:06:56.858+0000] {manager.py:879} INFO - 
================================================================================
DAG File Processing Stats

File Path                             PID  Runtime      # DAGs    # Errors  Last Runtime    Last Run
----------------------------------  -----  ---------  --------  ----------  --------------  -------------------
/opt/airflow/dags/daily_summary.py    225  0.00s             1           0  0.16s           2025-10-25T03:06:26
================================================================================
[2025-10-25T03:07:24.181+0000] {manager.py:738} INFO - Searching for files in /opt/airflow/dags
[2025-10-25T03:07:24.208+0000] {manager.py:741} INFO - There are 1 files in /opt/airflow/dags
[2025-10-25T03:07:27.256+0000] {manager.py:879} INFO - 
================================================================================
DAG File Processing Stats

File Path                             PID  Runtime      # DAGs    # Errors  Last Runtime    Last Run
----------------------------------  -----  ---------  --------  ----------  --------------  -------------------
/opt/airflow/dags/daily_summary.py    230  0.00s             1           0  0.16s           2025-10-25T03:06:57
================================================================================
[2025-10-25T03:07:57.496+0000] {manager.py:879} INFO - 
================================================================================
DAG File Processing Stats

File Path                             PID  Runtime      # DAGs    # Errors  Last Runtime    Last Run
----------------------------------  -----  ---------  --------  ----------  --------------  -------------------
/opt/airflow/dags/daily_summary.py    235  0.00s             1           0  0.16s           2025-10-25T03:07:27
================================================================================
[2025-10-25T03:08:27.852+0000] {manager.py:879} INFO - 
================================================================================
DAG File Processing Stats

File Path                             PID  Runtime      # DAGs    # Errors  Last Runtime    Last Run
----------------------------------  -----  ---------  --------  ----------  --------------  -------------------
/opt/airflow/dags/daily_summary.py    240  0.00s             1           0  0.17s           2025-10-25T03:07:57
================================================================================
[2025-10-25T03:08:58.106+0000] {manager.py:879} INFO - 
================================================================================
DAG File Processing Stats

File Path                             PID  Runtime      # DAGs    # Errors  Last Runtime    Last Run
----------------------------------  -----  ---------  --------  ----------  --------------  -------------------
/opt/airflow/dags/daily_summary.py    245  0.00s             1           0  0.15s           2025-10-25T03:08:27
================================================================================
[2025-10-25T03:09:28.429+0000] {manager.py:879} INFO - 
================================================================================
DAG File Processing Stats

File Path                             PID  Runtime      # DAGs    # Errors  Last Runtime    Last Run
----------------------------------  -----  ---------  --------  ----------  --------------  -------------------
/opt/airflow/dags/daily_summary.py    250  0.00s             1           0  0.15s           2025-10-25T03:08:58
================================================================================
[2025-10-25T03:09:58.693+0000] {manager.py:879} INFO - 
================================================================================
DAG File Processing Stats

File Path                             PID  Runtime      # DAGs    # Errors  Last Runtime    Last Run
----------------------------------  -----  ---------  --------  ----------  --------------  -------------------
/opt/airflow/dags/daily_summary.py    255  0.00s             1           0  0.15s           2025-10-25T03:09:28
================================================================================
[2025-10-25T03:10:28.960+0000] {manager.py:879} INFO - 
================================================================================
DAG File Processing Stats

File Path                             PID  Runtime      # DAGs    # Errors  Last Runtime    Last Run
----------------------------------  -----  ---------  --------  ----------  --------------  -------------------
/opt/airflow/dags/daily_summary.py    275  0.00s             1           0  0.17s           2025-10-25T03:09:58
================================================================================
[2025-10-25T03:10:59.217+0000] {manager.py:879} INFO - 
================================================================================
DAG File Processing Stats

File Path                             PID  Runtime      # DAGs    # Errors  Last Runtime    Last Run
----------------------------------  -----  ---------  --------  ----------  --------------  -------------------
/opt/airflow/dags/daily_summary.py    285  0.00s             1           0  0.14s           2025-10-25T03:10:29
================================================================================
[2025-10-25T03:11:29.531+0000] {manager.py:879} INFO - 
================================================================================
DAG File Processing Stats

File Path                             PID  Runtime      # DAGs    # Errors  Last Runtime    Last Run
----------------------------------  -----  ---------  --------  ----------  --------------  -------------------
/opt/airflow/dags/daily_summary.py    290  0.00s             1           0  0.14s           2025-10-25T03:10:59
================================================================================
[2025-10-25T03:11:59.801+0000] {manager.py:879} INFO - 
================================================================================
DAG File Processing Stats

File Path                             PID  Runtime      # DAGs    # Errors  Last Runtime    Last Run
----------------------------------  -----  ---------  --------  ----------  --------------  -------------------
/opt/airflow/dags/daily_summary.py    295  0.00s             1           0  0.15s           2025-10-25T03:11:29
================================================================================
[2025-10-25T03:12:25.084+0000] {manager.py:738} INFO - Searching for files in /opt/airflow/dags
[2025-10-25T03:12:25.105+0000] {manager.py:741} INFO - There are 1 files in /opt/airflow/dags
[2025-10-25T03:12:30.157+0000] {manager.py:879} INFO - 
================================================================================
DAG File Processing Stats

File Path                             PID  Runtime      # DAGs    # Errors  Last Runtime    Last Run
----------------------------------  -----  ---------  --------  ----------  --------------  -------------------
/opt/airflow/dags/daily_summary.py    300  0.00s             1           0  0.14s           2025-10-25T03:11:59
================================================================================
[2025-10-25T03:13:00.412+0000] {manager.py:879} INFO - 
================================================================================
DAG File Processing Stats

File Path                             PID  Runtime      # DAGs    # Errors  Last Runtime    Last Run
----------------------------------  -----  ---------  --------  ----------  --------------  -------------------
/opt/airflow/dags/daily_summary.py    305  0.00s             1           0  0.14s           2025-10-25T03:12:30
================================================================================
[2025-10-25T03:13:30.797+0000] {manager.py:879} INFO - 
================================================================================
DAG File Processing Stats

File Path                             PID  Runtime      # DAGs    # Errors  Last Runtime    Last Run
----------------------------------  -----  ---------  --------  ----------  --------------  -------------------
/opt/airflow/dags/daily_summary.py    310  0.00s             1           0  0.17s           2025-10-25T03:13:00
================================================================================
[2025-10-25T03:14:01.066+0000] {manager.py:879} INFO - 
================================================================================
DAG File Processing Stats

File Path                             PID  Runtime      # DAGs    # Errors  Last Runtime    Last Run
----------------------------------  -----  ---------  --------  ----------  --------------  -------------------
/opt/airflow/dags/daily_summary.py    315  0.00s             1           0  0.15s           2025-10-25T03:13:30
================================================================================
[2025-10-25T03:14:31.391+0000] {manager.py:879} INFO - 
================================================================================
DAG File Processing Stats

File Path                             PID  Runtime      # DAGs    # Errors  Last Runtime    Last Run
----------------------------------  -----  ---------  --------  ----------  --------------  -------------------
/opt/airflow/dags/daily_summary.py    320  0.00s             1           0  0.18s           2025-10-25T03:14:01
================================================================================
[2025-10-25T03:15:01.700+0000] {manager.py:879} INFO - 
================================================================================
DAG File Processing Stats

File Path                             PID  Runtime      # DAGs    # Errors  Last Runtime    Last Run
----------------------------------  -----  ---------  --------  ----------  --------------  -------------------
/opt/airflow/dags/daily_summary.py    325  0.00s             1           0  0.16s           2025-10-25T03:14:31
================================================================================
[2025-10-25T03:15:32.009+0000] {manager.py:879} INFO - 
================================================================================
DAG File Processing Stats

File Path                             PID  Runtime      # DAGs    # Errors  Last Runtime    Last Run
----------------------------------  -----  ---------  --------  ----------  --------------  -------------------
/opt/airflow/dags/daily_summary.py    335  0.00s             1           0  0.18s           2025-10-25T03:15:01
================================================================================
[2025-10-25T03:16:02.299+0000] {manager.py:879} INFO - 
================================================================================
DAG File Processing Stats

File Path                             PID  Runtime      # DAGs    # Errors  Last Runtime    Last Run
----------------------------------  -----  ---------  --------  ----------  --------------  -------------------
/opt/airflow/dags/daily_summary.py    340  0.00s             1           0  0.16s           2025-10-25T03:15:32
================================================================================
[2025-10-25T03:16:32.612+0000] {manager.py:879} INFO - 
================================================================================
DAG File Processing Stats

File Path                             PID  Runtime      # DAGs    # Errors  Last Runtime    Last Run
----------------------------------  -----  ---------  --------  ----------  --------------  -------------------
/opt/airflow/dags/daily_summary.py    345  0.00s             1           0  0.15s           2025-10-25T03:16:02
================================================================================
[2025-10-25T03:17:02.899+0000] {manager.py:879} INFO - 
================================================================================
DAG File Processing Stats

File Path                             PID  Runtime      # DAGs    # Errors  Last Runtime    Last Run
----------------------------------  -----  ---------  --------  ----------  --------------  -------------------
/opt/airflow/dags/daily_summary.py    350  0.00s             1           0  0.16s           2025-10-25T03:16:32
================================================================================
[2025-10-25T03:17:25.120+0000] {manager.py:738} INFO - Searching for files in /opt/airflow/dags
[2025-10-25T03:17:25.135+0000] {manager.py:741} INFO - There are 1 files in /opt/airflow/dags
[2025-10-25T03:17:33.226+0000] {manager.py:879} INFO - 
================================================================================
DAG File Processing Stats

File Path                             PID  Runtime      # DAGs    # Errors  Last Runtime    Last Run
----------------------------------  -----  ---------  --------  ----------  --------------  -------------------
/opt/airflow/dags/daily_summary.py    355  0.00s             1           0  0.15s           2025-10-25T03:17:03
================================================================================
[2025-10-25T03:18:03.516+0000] {manager.py:879} INFO - 
================================================================================
DAG File Processing Stats

File Path                             PID  Runtime      # DAGs    # Errors  Last Runtime    Last Run
----------------------------------  -----  ---------  --------  ----------  --------------  -------------------
/opt/airflow/dags/daily_summary.py    360  0.00s             1           0  0.15s           2025-10-25T03:17:33
================================================================================
[2025-10-25T03:18:33.840+0000] {manager.py:879} INFO - 
================================================================================
DAG File Processing Stats

File Path                             PID  Runtime      # DAGs    # Errors  Last Runtime    Last Run
----------------------------------  -----  ---------  --------  ----------  --------------  -------------------
/opt/airflow/dags/daily_summary.py    365  0.00s             1           0  0.15s           2025-10-25T03:18:03
================================================================================
[2025-10-25T03:19:04.089+0000] {manager.py:879} INFO - 
================================================================================
DAG File Processing Stats

File Path                             PID  Runtime      # DAGs    # Errors  Last Runtime    Last Run
----------------------------------  -----  ---------  --------  ----------  --------------  -------------------
/opt/airflow/dags/daily_summary.py    370  0.00s             1           0  0.14s           2025-10-25T03:18:33
================================================================================
[2025-10-25T03:19:34.377+0000] {manager.py:879} INFO - 
================================================================================
DAG File Processing Stats

File Path                             PID  Runtime      # DAGs    # Errors  Last Runtime    Last Run
----------------------------------  -----  ---------  --------  ----------  --------------  -------------------
/opt/airflow/dags/daily_summary.py    375  0.00s             1           0  0.15s           2025-10-25T03:19:04
================================================================================
[2025-10-25T03:20:04.707+0000] {manager.py:879} INFO - 
================================================================================
DAG File Processing Stats

File Path                             PID  Runtime      # DAGs    # Errors  Last Runtime    Last Run
----------------------------------  -----  ---------  --------  ----------  --------------  -------------------
/opt/airflow/dags/daily_summary.py    380  0.00s             1           0  0.16s           2025-10-25T03:19:34
================================================================================
[2025-10-25T03:20:34.987+0000] {manager.py:879} INFO - 
================================================================================
DAG File Processing Stats

File Path                             PID  Runtime      # DAGs    # Errors  Last Runtime    Last Run
----------------------------------  -----  ---------  --------  ----------  --------------  -------------------
/opt/airflow/dags/daily_summary.py    385  0.00s             1           0  0.14s           2025-10-25T03:20:04
================================================================================
[2025-10-25T03:21:05.296+0000] {manager.py:879} INFO - 
================================================================================
DAG File Processing Stats

File Path                             PID  Runtime      # DAGs    # Errors  Last Runtime    Last Run
----------------------------------  -----  ---------  --------  ----------  --------------  -------------------
/opt/airflow/dags/daily_summary.py    390  0.00s             1           0  0.17s           2025-10-25T03:20:35
================================================================================
[2025-10-25T03:21:35.540+0000] {manager.py:879} INFO - 
================================================================================
DAG File Processing Stats

File Path                             PID  Runtime      # DAGs    # Errors  Last Runtime    Last Run
----------------------------------  -----  ---------  --------  ----------  --------------  -------------------
/opt/airflow/dags/daily_summary.py    395  0.00s             1           0  0.15s           2025-10-25T03:21:05
================================================================================
[2025-10-25T03:22:05.877+0000] {manager.py:879} INFO - 
================================================================================
DAG File Processing Stats

File Path                             PID  Runtime      # DAGs    # Errors  Last Runtime    Last Run
----------------------------------  -----  ---------  --------  ----------  --------------  -------------------
/opt/airflow/dags/daily_summary.py    400  0.00s             1           0  0.14s           2025-10-25T03:21:35
================================================================================
[2025-10-25T03:22:25.156+0000] {manager.py:738} INFO - Searching for files in /opt/airflow/dags
[2025-10-25T03:22:25.179+0000] {manager.py:741} INFO - There are 1 files in /opt/airflow/dags
[2025-10-25T03:22:36.114+0000] {manager.py:879} INFO - 
================================================================================
DAG File Processing Stats

File Path                             PID  Runtime      # DAGs    # Errors  Last Runtime    Last Run
----------------------------------  -----  ---------  --------  ----------  --------------  -------------------
/opt/airflow/dags/daily_summary.py    405  0.00s             1           0  0.15s           2025-10-25T03:22:06
================================================================================
[2025-10-25T03:23:06.544+0000] {manager.py:879} INFO - 
================================================================================
DAG File Processing Stats

File Path                             PID  Runtime      # DAGs    # Errors  Last Runtime    Last Run
----------------------------------  -----  ---------  --------  ----------  --------------  -------------------
/opt/airflow/dags/daily_summary.py    410  0.00s             1           0  0.16s           2025-10-25T03:22:36
================================================================================
[2025-10-25T03:23:36.800+0000] {manager.py:879} INFO - 
================================================================================
DAG File Processing Stats

File Path                             PID  Runtime      # DAGs    # Errors  Last Runtime    Last Run
----------------------------------  -----  ---------  --------  ----------  --------------  -------------------
/opt/airflow/dags/daily_summary.py    415  0.00s             1           0  0.15s           2025-10-25T03:23:06
================================================================================
[2025-10-25T03:24:07.172+0000] {manager.py:879} INFO - 
================================================================================
DAG File Processing Stats

File Path                             PID  Runtime      # DAGs    # Errors  Last Runtime    Last Run
----------------------------------  -----  ---------  --------  ----------  --------------  -------------------
/opt/airflow/dags/daily_summary.py    420  0.00s             1           0  0.14s           2025-10-25T03:23:36
================================================================================
[2025-10-25T03:24:37.474+0000] {manager.py:879} INFO - 
================================================================================
DAG File Processing Stats

File Path                             PID  Runtime      # DAGs    # Errors  Last Runtime    Last Run
----------------------------------  -----  ---------  --------  ----------  --------------  -------------------
/opt/airflow/dags/daily_summary.py    425  0.00s             1           0  0.14s           2025-10-25T03:24:07
================================================================================
[2025-10-25T03:25:07.782+0000] {manager.py:879} INFO - 
================================================================================
DAG File Processing Stats

File Path                             PID  Runtime      # DAGs    # Errors  Last Runtime    Last Run
----------------------------------  -----  ---------  --------  ----------  --------------  -------------------
/opt/airflow/dags/daily_summary.py    430  0.00s             1           0  0.14s           2025-10-25T03:24:37
================================================================================
[2025-10-25T03:25:38.024+0000] {manager.py:879} INFO - 
================================================================================
DAG File Processing Stats

File Path                             PID  Runtime      # DAGs    # Errors  Last Runtime    Last Run
----------------------------------  -----  ---------  --------  ----------  --------------  -------------------
/opt/airflow/dags/daily_summary.py    435  0.00s             1           0  0.14s           2025-10-25T03:25:07
================================================================================
[2025-10-25T03:26:08.314+0000] {manager.py:879} INFO - 
================================================================================
DAG File Processing Stats

File Path                             PID  Runtime      # DAGs    # Errors  Last Runtime    Last Run
----------------------------------  -----  ---------  --------  ----------  --------------  -------------------
/opt/airflow/dags/daily_summary.py    440  0.00s             1           0  0.14s           2025-10-25T03:25:38
================================================================================
[2025-10-25T03:26:38.604+0000] {manager.py:879} INFO - 
================================================================================
DAG File Processing Stats

File Path                             PID  Runtime      # DAGs    # Errors  Last Runtime    Last Run
----------------------------------  -----  ---------  --------  ----------  --------------  -------------------
/opt/airflow/dags/daily_summary.py    445  0.00s             1           0  0.15s           2025-10-25T03:26:08
================================================================================
[2025-10-25T03:27:08.896+0000] {manager.py:879} INFO - 
================================================================================
DAG File Processing Stats

File Path                             PID  Runtime      # DAGs    # Errors  Last Runtime    Last Run
----------------------------------  -----  ---------  --------  ----------  --------------  -------------------
/opt/airflow/dags/daily_summary.py    450  0.00s             1           0  0.15s           2025-10-25T03:26:38
================================================================================
[2025-10-25T03:27:25.171+0000] {manager.py:738} INFO - Searching for files in /opt/airflow/dags
[2025-10-25T03:27:25.187+0000] {manager.py:741} INFO - There are 1 files in /opt/airflow/dags
[2025-10-25T03:27:39.184+0000] {manager.py:879} INFO - 
================================================================================
DAG File Processing Stats

File Path                             PID  Runtime      # DAGs    # Errors  Last Runtime    Last Run
----------------------------------  -----  ---------  --------  ----------  --------------  -------------------
/opt/airflow/dags/daily_summary.py    455  0.00s             1           0  0.15s           2025-10-25T03:27:09
================================================================================
[2025-10-25T03:28:09.504+0000] {manager.py:879} INFO - 
================================================================================
DAG File Processing Stats

File Path                             PID  Runtime      # DAGs    # Errors  Last Runtime    Last Run
----------------------------------  -----  ---------  --------  ----------  --------------  -------------------
/opt/airflow/dags/daily_summary.py    460  0.00s             1           0  0.14s           2025-10-25T03:27:39
================================================================================
[2025-10-25T03:28:39.725+0000] {manager.py:879} INFO - 
================================================================================
DAG File Processing Stats

File Path                             PID  Runtime      # DAGs    # Errors  Last Runtime    Last Run
----------------------------------  -----  ---------  --------  ----------  --------------  -------------------
/opt/airflow/dags/daily_summary.py    465  0.00s             1           0  0.14s           2025-10-25T03:28:09
================================================================================
[2025-10-25T03:29:10.078+0000] {manager.py:879} INFO - 
================================================================================
DAG File Processing Stats

File Path                             PID  Runtime      # DAGs    # Errors  Last Runtime    Last Run
----------------------------------  -----  ---------  --------  ----------  --------------  -------------------
/opt/airflow/dags/daily_summary.py    470  0.01s             1           0  0.14s           2025-10-25T03:28:39
================================================================================
[2025-10-25T03:29:40.375+0000] {manager.py:879} INFO - 
================================================================================
DAG File Processing Stats

File Path                             PID  Runtime      # DAGs    # Errors  Last Runtime    Last Run
----------------------------------  -----  ---------  --------  ----------  --------------  -------------------
/opt/airflow/dags/daily_summary.py    475  0.01s             1           0  0.16s           2025-10-25T03:29:10
================================================================================
[2025-10-25T03:30:10.665+0000] {manager.py:879} INFO - 
================================================================================
DAG File Processing Stats

File Path                           PID    Runtime      # DAGs    # Errors  Last Runtime    Last Run
----------------------------------  -----  ---------  --------  ----------  --------------  -------------------
/opt/airflow/dags/daily_summary.py                           1           0  0.47s           2025-10-25T03:29:40
================================================================================
[2025-10-25T03:30:41.319+0000] {manager.py:879} INFO - 
================================================================================
DAG File Processing Stats

File Path                             PID  Runtime      # DAGs    # Errors  Last Runtime    Last Run
----------------------------------  -----  ---------  --------  ----------  --------------  -------------------
/opt/airflow/dags/daily_summary.py    485  0.00s             1           0  0.14s           2025-10-25T03:30:11
================================================================================
[2025-10-25T03:31:11.741+0000] {manager.py:879} INFO - 
================================================================================
DAG File Processing Stats

File Path                             PID  Runtime      # DAGs    # Errors  Last Runtime    Last Run
----------------------------------  -----  ---------  --------  ----------  --------------  -------------------
/opt/airflow/dags/daily_summary.py    490  0.00s             1           0  0.14s           2025-10-25T03:30:41
================================================================================
[2025-10-25T03:31:42.011+0000] {manager.py:879} INFO - 
================================================================================
DAG File Processing Stats

File Path                             PID  Runtime      # DAGs    # Errors  Last Runtime    Last Run
----------------------------------  -----  ---------  --------  ----------  --------------  -------------------
/opt/airflow/dags/daily_summary.py    495  0.01s             1           0  0.16s           2025-10-25T03:31:11
================================================================================
[2025-10-25T03:32:12.414+0000] {manager.py:879} INFO - 
================================================================================
DAG File Processing Stats

File Path                             PID  Runtime      # DAGs    # Errors  Last Runtime    Last Run
----------------------------------  -----  ---------  --------  ----------  --------------  -------------------
/opt/airflow/dags/daily_summary.py    500  0.00s             1           0  0.15s           2025-10-25T03:31:42
================================================================================
[2025-10-25T03:32:25.551+0000] {manager.py:738} INFO - Searching for files in /opt/airflow/dags
[2025-10-25T03:32:25.565+0000] {manager.py:741} INFO - There are 1 files in /opt/airflow/dags
[2025-10-25T03:32:42.746+0000] {manager.py:879} INFO - 
================================================================================
DAG File Processing Stats

File Path                             PID  Runtime      # DAGs    # Errors  Last Runtime    Last Run
----------------------------------  -----  ---------  --------  ----------  --------------  -------------------
/opt/airflow/dags/daily_summary.py    505  0.00s             1           0  0.16s           2025-10-25T03:32:12
================================================================================
[2025-10-25T03:33:13.098+0000] {manager.py:879} INFO - 
================================================================================
DAG File Processing Stats

File Path                             PID  Runtime      # DAGs    # Errors  Last Runtime    Last Run
----------------------------------  -----  ---------  --------  ----------  --------------  -------------------
/opt/airflow/dags/daily_summary.py    510  0.00s             1           0  0.16s           2025-10-25T03:32:42
================================================================================
[2025-10-25T03:33:43.451+0000] {manager.py:879} INFO - 
================================================================================
DAG File Processing Stats

File Path                             PID  Runtime      # DAGs    # Errors  Last Runtime    Last Run
----------------------------------  -----  ---------  --------  ----------  --------------  -------------------
/opt/airflow/dags/daily_summary.py    515  0.00s             1           0  0.15s           2025-10-25T03:33:13
================================================================================
[2025-10-25T03:34:13.832+0000] {manager.py:879} INFO - 
================================================================================
DAG File Processing Stats

File Path                             PID  Runtime      # DAGs    # Errors  Last Runtime    Last Run
----------------------------------  -----  ---------  --------  ----------  --------------  -------------------
/opt/airflow/dags/daily_summary.py    520  0.00s             1           0  0.15s           2025-10-25T03:33:43
================================================================================
[2025-10-25T03:34:44.132+0000] {manager.py:879} INFO - 
================================================================================
DAG File Processing Stats

File Path                             PID  Runtime      # DAGs    # Errors  Last Runtime    Last Run
----------------------------------  -----  ---------  --------  ----------  --------------  -------------------
/opt/airflow/dags/daily_summary.py    525  0.00s             1           0  0.17s           2025-10-25T03:34:13
================================================================================
[2025-10-25T03:35:14.435+0000] {manager.py:879} INFO - 
================================================================================
DAG File Processing Stats

File Path                             PID  Runtime      # DAGs    # Errors  Last Runtime    Last Run
----------------------------------  -----  ---------  --------  ----------  --------------  -------------------
/opt/airflow/dags/daily_summary.py    530  0.00s             1           0  0.15s           2025-10-25T03:34:44
================================================================================
[2025-10-25T03:35:44.848+0000] {manager.py:879} INFO - 
================================================================================
DAG File Processing Stats

File Path                             PID  Runtime      # DAGs    # Errors  Last Runtime    Last Run
----------------------------------  -----  ---------  --------  ----------  --------------  -------------------
/opt/airflow/dags/daily_summary.py    535  0.00s             1           0  0.16s           2025-10-25T03:35:14
================================================================================
[2025-10-25T03:36:15.159+0000] {manager.py:879} INFO - 
================================================================================
DAG File Processing Stats

File Path                             PID  Runtime      # DAGs    # Errors  Last Runtime    Last Run
----------------------------------  -----  ---------  --------  ----------  --------------  -------------------
/opt/airflow/dags/daily_summary.py    540  0.00s             1           0  0.14s           2025-10-25T03:35:44
================================================================================
[2025-10-25T03:36:45.527+0000] {manager.py:879} INFO - 
================================================================================
DAG File Processing Stats

File Path                             PID  Runtime      # DAGs    # Errors  Last Runtime    Last Run
----------------------------------  -----  ---------  --------  ----------  --------------  -------------------
/opt/airflow/dags/daily_summary.py    545  0.00s             1           0  0.15s           2025-10-25T03:36:15
================================================================================
[2025-10-25T03:37:15.901+0000] {manager.py:879} INFO - 
================================================================================
DAG File Processing Stats

File Path                             PID  Runtime      # DAGs    # Errors  Last Runtime    Last Run
----------------------------------  -----  ---------  --------  ----------  --------------  -------------------
/opt/airflow/dags/daily_summary.py    550  0.00s             1           0  0.15s           2025-10-25T03:36:45
================================================================================
[2025-10-25T03:37:25.994+0000] {manager.py:738} INFO - Searching for files in /opt/airflow/dags
[2025-10-25T03:37:26.016+0000] {manager.py:741} INFO - There are 1 files in /opt/airflow/dags
[2025-10-25T03:37:46.231+0000] {manager.py:879} INFO - 
================================================================================
DAG File Processing Stats

File Path                             PID  Runtime      # DAGs    # Errors  Last Runtime    Last Run
----------------------------------  -----  ---------  --------  ----------  --------------  -------------------
/opt/airflow/dags/daily_summary.py    555  0.00s             1           0  0.14s           2025-10-25T03:37:16
================================================================================
[2025-10-25T03:38:16.629+0000] {manager.py:879} INFO - 
================================================================================
DAG File Processing Stats

File Path                             PID  Runtime      # DAGs    # Errors  Last Runtime    Last Run
----------------------------------  -----  ---------  --------  ----------  --------------  -------------------
/opt/airflow/dags/daily_summary.py    560  0.00s             1           0  0.14s           2025-10-25T03:37:46
================================================================================
[2025-10-25T03:38:46.954+0000] {manager.py:879} INFO - 
================================================================================
DAG File Processing Stats

File Path                             PID  Runtime      # DAGs    # Errors  Last Runtime    Last Run
----------------------------------  -----  ---------  --------  ----------  --------------  -------------------
/opt/airflow/dags/daily_summary.py    565  0.00s             1           0  0.14s           2025-10-25T03:38:16
================================================================================
[2025-10-25T03:39:17.274+0000] {manager.py:879} INFO - 
================================================================================
DAG File Processing Stats

File Path                             PID  Runtime      # DAGs    # Errors  Last Runtime    Last Run
----------------------------------  -----  ---------  --------  ----------  --------------  -------------------
/opt/airflow/dags/daily_summary.py    570  0.00s             1           0  0.14s           2025-10-25T03:38:47
================================================================================
[2025-10-25T03:39:47.609+0000] {manager.py:879} INFO - 
================================================================================
DAG File Processing Stats

File Path                             PID  Runtime      # DAGs    # Errors  Last Runtime    Last Run
----------------------------------  -----  ---------  --------  ----------  --------------  -------------------
/opt/airflow/dags/daily_summary.py    575  0.00s             1           0  0.13s           2025-10-25T03:39:17
================================================================================
[2025-10-25T03:40:18.064+0000] {manager.py:879} INFO - 
================================================================================
DAG File Processing Stats

File Path                             PID  Runtime      # DAGs    # Errors  Last Runtime    Last Run
----------------------------------  -----  ---------  --------  ----------  --------------  -------------------
/opt/airflow/dags/daily_summary.py    580  0.00s             1           0  0.14s           2025-10-25T03:39:47
================================================================================
[2025-10-25T03:40:48.378+0000] {manager.py:879} INFO - 
================================================================================
DAG File Processing Stats

File Path                             PID  Runtime      # DAGs    # Errors  Last Runtime    Last Run
----------------------------------  -----  ---------  --------  ----------  --------------  -------------------
/opt/airflow/dags/daily_summary.py    585  0.00s             1           0  0.15s           2025-10-25T03:40:18
================================================================================
[2025-10-25T03:41:18.765+0000] {manager.py:879} INFO - 
================================================================================
DAG File Processing Stats

File Path                             PID  Runtime      # DAGs    # Errors  Last Runtime    Last Run
----------------------------------  -----  ---------  --------  ----------  --------------  -------------------
/opt/airflow/dags/daily_summary.py    590  0.00s             1           0  0.15s           2025-10-25T03:40:48
================================================================================
[2025-10-25T03:41:49.106+0000] {manager.py:879} INFO - 
================================================================================
DAG File Processing Stats

File Path                             PID  Runtime      # DAGs    # Errors  Last Runtime    Last Run
----------------------------------  -----  ---------  --------  ----------  --------------  -------------------
/opt/airflow/dags/daily_summary.py    595  0.00s             1           0  0.14s           2025-10-25T03:41:18
================================================================================
[2025-10-25T03:42:19.537+0000] {manager.py:879} INFO - 
================================================================================
DAG File Processing Stats

File Path                             PID  Runtime      # DAGs    # Errors  Last Runtime    Last Run
----------------------------------  -----  ---------  --------  ----------  --------------  -------------------
/opt/airflow/dags/daily_summary.py    600  0.00s             1           0  0.16s           2025-10-25T03:41:49
================================================================================
[2025-10-25T03:42:26.596+0000] {manager.py:738} INFO - Searching for files in /opt/airflow/dags
[2025-10-25T03:42:26.618+0000] {manager.py:741} INFO - There are 1 files in /opt/airflow/dags
[2025-10-25T03:42:49.835+0000] {manager.py:879} INFO - 
================================================================================
DAG File Processing Stats

File Path                             PID  Runtime      # DAGs    # Errors  Last Runtime    Last Run
----------------------------------  -----  ---------  --------  ----------  --------------  -------------------
/opt/airflow/dags/daily_summary.py    605  0.00s             1           0  0.15s           2025-10-25T03:42:19
================================================================================
[2025-10-25T03:43:20.279+0000] {manager.py:879} INFO - 
================================================================================
DAG File Processing Stats

File Path                             PID  Runtime      # DAGs    # Errors  Last Runtime    Last Run
----------------------------------  -----  ---------  --------  ----------  --------------  -------------------
/opt/airflow/dags/daily_summary.py    610  0.00s             1           0  0.14s           2025-10-25T03:42:49
================================================================================
[2025-10-25T03:43:50.621+0000] {manager.py:879} INFO - 
================================================================================
DAG File Processing Stats

File Path                             PID  Runtime      # DAGs    # Errors  Last Runtime    Last Run
----------------------------------  -----  ---------  --------  ----------  --------------  -------------------
/opt/airflow/dags/daily_summary.py    615  0.00s             1           0  0.14s           2025-10-25T03:43:20
================================================================================
[2025-10-25T03:44:20.935+0000] {manager.py:879} INFO - 
================================================================================
DAG File Processing Stats

File Path                             PID  Runtime      # DAGs    # Errors  Last Runtime    Last Run
----------------------------------  -----  ---------  --------  ----------  --------------  -------------------
/opt/airflow/dags/daily_summary.py    620  0.00s             1           0  0.14s           2025-10-25T03:43:50
================================================================================
[2025-10-25T03:44:51.273+0000] {manager.py:879} INFO - 
================================================================================
DAG File Processing Stats

File Path                             PID  Runtime      # DAGs    # Errors  Last Runtime    Last Run
----------------------------------  -----  ---------  --------  ----------  --------------  -------------------
/opt/airflow/dags/daily_summary.py    625  0.00s             1           0  0.14s           2025-10-25T03:44:21
================================================================================
[2025-10-25T03:45:21.670+0000] {manager.py:879} INFO - 
================================================================================
DAG File Processing Stats

File Path                             PID  Runtime      # DAGs    # Errors  Last Runtime    Last Run
----------------------------------  -----  ---------  --------  ----------  --------------  -------------------
/opt/airflow/dags/daily_summary.py    630  0.00s             1           0  0.14s           2025-10-25T03:44:51
================================================================================
[2025-10-25T03:45:51.993+0000] {manager.py:879} INFO - 
================================================================================
DAG File Processing Stats

File Path                             PID  Runtime      # DAGs    # Errors  Last Runtime    Last Run
----------------------------------  -----  ---------  --------  ----------  --------------  -------------------
/opt/airflow/dags/daily_summary.py    635  0.00s             1           0  0.14s           2025-10-25T03:45:21
================================================================================
[2025-10-25T03:46:22.449+0000] {manager.py:879} INFO - 
================================================================================
DAG File Processing Stats

File Path                             PID  Runtime      # DAGs    # Errors  Last Runtime    Last Run
----------------------------------  -----  ---------  --------  ----------  --------------  -------------------
/opt/airflow/dags/daily_summary.py    640  0.00s             1           0  0.14s           2025-10-25T03:45:52
================================================================================
[2025-10-25T03:46:52.745+0000] {manager.py:879} INFO - 
================================================================================
DAG File Processing Stats

File Path                             PID  Runtime      # DAGs    # Errors  Last Runtime    Last Run
----------------------------------  -----  ---------  --------  ----------  --------------  -------------------
/opt/airflow/dags/daily_summary.py    645  0.00s             1           0  0.14s           2025-10-25T03:46:22
================================================================================
[2025-10-25T03:47:23.169+0000] {manager.py:879} INFO - 
================================================================================
DAG File Processing Stats

File Path                             PID  Runtime      # DAGs    # Errors  Last Runtime    Last Run
----------------------------------  -----  ---------  --------  ----------  --------------  -------------------
/opt/airflow/dags/daily_summary.py    650  0.00s             1           0  0.14s           2025-10-25T03:46:52
================================================================================
[2025-10-25T03:47:27.217+0000] {manager.py:738} INFO - Searching for files in /opt/airflow/dags
[2025-10-25T03:47:27.248+0000] {manager.py:741} INFO - There are 1 files in /opt/airflow/dags
[2025-10-25T03:47:53.557+0000] {manager.py:879} INFO - 
================================================================================
DAG File Processing Stats

File Path                             PID  Runtime      # DAGs    # Errors  Last Runtime    Last Run
----------------------------------  -----  ---------  --------  ----------  --------------  -------------------
/opt/airflow/dags/daily_summary.py    655  0.00s             1           0  0.14s           2025-10-25T03:47:23
================================================================================
[2025-10-25T03:48:23.790+0000] {manager.py:879} INFO - 
================================================================================
DAG File Processing Stats

File Path                             PID  Runtime      # DAGs    # Errors  Last Runtime    Last Run
----------------------------------  -----  ---------  --------  ----------  --------------  -------------------
/opt/airflow/dags/daily_summary.py    660  0.00s             1           0  0.17s           2025-10-25T03:47:53
================================================================================
[2025-10-25T03:48:54.194+0000] {manager.py:879} INFO - 
================================================================================
DAG File Processing Stats

File Path                             PID  Runtime      # DAGs    # Errors  Last Runtime    Last Run
----------------------------------  -----  ---------  --------  ----------  --------------  -------------------
/opt/airflow/dags/daily_summary.py    665  0.00s             1           0  0.15s           2025-10-25T03:48:23
================================================================================
[2025-10-25T03:49:24.446+0000] {manager.py:879} INFO - 
================================================================================
DAG File Processing Stats

File Path                             PID  Runtime      # DAGs    # Errors  Last Runtime    Last Run
----------------------------------  -----  ---------  --------  ----------  --------------  -------------------
/opt/airflow/dags/daily_summary.py    670  0.00s             1           0  0.15s           2025-10-25T03:48:54
================================================================================
[2025-10-25T03:49:54.736+0000] {manager.py:879} INFO - 
================================================================================
DAG File Processing Stats

File Path                             PID  Runtime      # DAGs    # Errors  Last Runtime    Last Run
----------------------------------  -----  ---------  --------  ----------  --------------  -------------------
/opt/airflow/dags/daily_summary.py    675  0.01s             1           0  0.16s           2025-10-25T03:49:24
================================================================================
[2025-10-25T03:50:24.987+0000] {manager.py:879} INFO - 
================================================================================
DAG File Processing Stats

File Path                             PID  Runtime      # DAGs    # Errors  Last Runtime    Last Run
----------------------------------  -----  ---------  --------  ----------  --------------  -------------------
/opt/airflow/dags/daily_summary.py    680  0.00s             1           0  0.18s           2025-10-25T03:49:54
================================================================================
[2025-10-25T03:50:55.368+0000] {manager.py:879} INFO - 
================================================================================
DAG File Processing Stats

File Path                             PID  Runtime      # DAGs    # Errors  Last Runtime    Last Run
----------------------------------  -----  ---------  --------  ----------  --------------  -------------------
/opt/airflow/dags/daily_summary.py    685  0.00s             1           0  0.16s           2025-10-25T03:50:25
================================================================================
[2025-10-25T03:51:25.606+0000] {manager.py:879} INFO - 
================================================================================
DAG File Processing Stats

File Path                             PID  Runtime      # DAGs    # Errors  Last Runtime    Last Run
----------------------------------  -----  ---------  --------  ----------  --------------  -------------------
/opt/airflow/dags/daily_summary.py    690  0.00s             1           0  0.15s           2025-10-25T03:50:55
================================================================================
[2025-10-25T03:51:55.934+0000] {manager.py:879} INFO - 
================================================================================
DAG File Processing Stats

File Path                             PID  Runtime      # DAGs    # Errors  Last Runtime    Last Run
----------------------------------  -----  ---------  --------  ----------  --------------  -------------------
/opt/airflow/dags/daily_summary.py    695  0.00s             1           0  0.17s           2025-10-25T03:51:25
================================================================================
[2025-10-25T03:52:26.168+0000] {manager.py:879} INFO - 
================================================================================
DAG File Processing Stats

File Path                             PID  Runtime      # DAGs    # Errors  Last Runtime    Last Run
----------------------------------  -----  ---------  --------  ----------  --------------  -------------------
/opt/airflow/dags/daily_summary.py    700  0.00s             1           0  0.16s           2025-10-25T03:51:56
================================================================================
[2025-10-25T03:52:27.286+0000] {manager.py:738} INFO - Searching for files in /opt/airflow/dags
[2025-10-25T03:52:27.305+0000] {manager.py:741} INFO - There are 1 files in /opt/airflow/dags
[2025-10-25T03:52:43.918+0000] {manager.py:451} INFO - Exiting gracefully upon receiving signal 15
[2025-10-25T03:59:03.169+0000] {manager.py:469} INFO - Processing files using up to 2 processes at a time 
[2025-10-25T03:59:03.170+0000] {manager.py:470} INFO - Process each file at most once every 30 seconds
[2025-10-25T03:59:03.171+0000] {manager.py:471} INFO - Checking for new files in /opt/airflow/dags every 300 seconds
[2025-10-25T03:59:03.171+0000] {manager.py:738} INFO - Searching for files in /opt/airflow/dags
[2025-10-25T03:59:03.186+0000] {manager.py:741} INFO - There are 1 files in /opt/airflow/dags
[2025-10-25T03:59:03.265+0000] {manager.py:879} INFO - 
================================================================================
DAG File Processing Stats

File Path                             PID  Runtime      # DAGs    # Errors  Last Runtime    Last Run
----------------------------------  -----  ---------  --------  ----------  --------------  ----------
/opt/airflow/dags/daily_summary.py    175  0.03s             0           0
================================================================================
[2025-10-25T03:59:33.477+0000] {manager.py:879} INFO - 
================================================================================
DAG File Processing Stats

File Path                             PID  Runtime      # DAGs    # Errors  Last Runtime    Last Run
----------------------------------  -----  ---------  --------  ----------  --------------  -------------------
/opt/airflow/dags/daily_summary.py    180  0.00s             1           0  0.23s           2025-10-25T03:59:03
================================================================================
[2025-10-25T04:00:03.860+0000] {manager.py:879} INFO - 
================================================================================
DAG File Processing Stats

File Path                             PID  Runtime      # DAGs    # Errors  Last Runtime    Last Run
----------------------------------  -----  ---------  --------  ----------  --------------  -------------------
/opt/airflow/dags/daily_summary.py    185  0.00s             1           0  0.23s           2025-10-25T03:59:33
================================================================================
[2025-10-25T04:00:34.149+0000] {manager.py:879} INFO - 
================================================================================
DAG File Processing Stats

File Path                             PID  Runtime      # DAGs    # Errors  Last Runtime    Last Run
----------------------------------  -----  ---------  --------  ----------  --------------  -------------------
/opt/airflow/dags/daily_summary.py    193  0.00s             1           0  0.15s           2025-10-25T04:00:04
================================================================================
[2025-10-25T04:00:34.846+0000] {manager.py:451} INFO - Exiting gracefully upon receiving signal 15
[2025-10-25T04:01:18.053+0000] {manager.py:469} INFO - Processing files using up to 2 processes at a time 
[2025-10-25T04:01:18.054+0000] {manager.py:470} INFO - Process each file at most once every 30 seconds
[2025-10-25T04:01:18.055+0000] {manager.py:471} INFO - Checking for new files in /opt/airflow/dags every 300 seconds
[2025-10-25T04:01:18.055+0000] {manager.py:738} INFO - Searching for files in /opt/airflow/dags
[2025-10-25T04:01:18.078+0000] {manager.py:741} INFO - There are 1 files in /opt/airflow/dags
[2025-10-25T04:01:18.183+0000] {manager.py:879} INFO - 
================================================================================
DAG File Processing Stats

File Path                             PID  Runtime      # DAGs    # Errors  Last Runtime    Last Run
----------------------------------  -----  ---------  --------  ----------  --------------  ----------
/opt/airflow/dags/daily_summary.py    175  0.04s             0           0
================================================================================
[2025-10-25T04:01:48.356+0000] {manager.py:879} INFO - 
================================================================================
DAG File Processing Stats

File Path                           PID    Runtime      # DAGs    # Errors  Last Runtime    Last Run
----------------------------------  -----  ---------  --------  ----------  --------------  -------------------
/opt/airflow/dags/daily_summary.py                           1           0  0.25s           2025-10-25T04:01:18
================================================================================
[2025-10-25T04:02:18.773+0000] {manager.py:879} INFO - 
================================================================================
DAG File Processing Stats

File Path                           PID    Runtime      # DAGs    # Errors  Last Runtime    Last Run
----------------------------------  -----  ---------  --------  ----------  --------------  -------------------
/opt/airflow/dags/daily_summary.py                           1           0  0.27s           2025-10-25T04:01:48
================================================================================
[2025-10-25T04:02:49.229+0000] {manager.py:879} INFO - 
================================================================================
DAG File Processing Stats

File Path                             PID  Runtime      # DAGs    # Errors  Last Runtime    Last Run
----------------------------------  -----  ---------  --------  ----------  --------------  -------------------
/opt/airflow/dags/daily_summary.py    195  0.00s             1           0  0.18s           2025-10-25T04:02:19
================================================================================
[2025-10-25T04:03:19.431+0000] {manager.py:879} INFO - 
================================================================================
DAG File Processing Stats

File Path                             PID  Runtime      # DAGs    # Errors  Last Runtime    Last Run
----------------------------------  -----  ---------  --------  ----------  --------------  -------------------
/opt/airflow/dags/daily_summary.py    200  0.00s             1           0  0.15s           2025-10-25T04:02:49
================================================================================
[2025-10-25T04:03:49.792+0000] {manager.py:879} INFO - 
================================================================================
DAG File Processing Stats

File Path                             PID  Runtime      # DAGs    # Errors  Last Runtime    Last Run
----------------------------------  -----  ---------  --------  ----------  --------------  -------------------
/opt/airflow/dags/daily_summary.py    205  0.01s             1           0  0.15s           2025-10-25T04:03:19
================================================================================
[2025-10-25T04:04:20.018+0000] {manager.py:879} INFO - 
================================================================================
DAG File Processing Stats

File Path                             PID  Runtime      # DAGs    # Errors  Last Runtime    Last Run
----------------------------------  -----  ---------  --------  ----------  --------------  -------------------
/opt/airflow/dags/daily_summary.py    210  0.00s             1           0  0.16s           2025-10-25T04:03:49
================================================================================
[2025-10-25T04:04:50.343+0000] {manager.py:879} INFO - 
================================================================================
DAG File Processing Stats

File Path                             PID  Runtime      # DAGs    # Errors  Last Runtime    Last Run
----------------------------------  -----  ---------  --------  ----------  --------------  -------------------
/opt/airflow/dags/daily_summary.py    215  0.00s             1           0  0.16s           2025-10-25T04:04:20
================================================================================
[2025-10-25T04:05:20.578+0000] {manager.py:879} INFO - 
================================================================================
DAG File Processing Stats

File Path                             PID  Runtime      # DAGs    # Errors  Last Runtime    Last Run
----------------------------------  -----  ---------  --------  ----------  --------------  -------------------
/opt/airflow/dags/daily_summary.py    220  0.00s             1           0  0.16s           2025-10-25T04:04:50
================================================================================
[2025-10-25T04:05:50.920+0000] {manager.py:879} INFO - 
================================================================================
DAG File Processing Stats

File Path                             PID  Runtime      # DAGs    # Errors  Last Runtime    Last Run
----------------------------------  -----  ---------  --------  ----------  --------------  -------------------
/opt/airflow/dags/daily_summary.py    225  0.00s             1           0  0.16s           2025-10-25T04:05:20
================================================================================
[2025-10-25T04:06:18.132+0000] {manager.py:738} INFO - Searching for files in /opt/airflow/dags
[2025-10-25T04:06:18.148+0000] {manager.py:741} INFO - There are 1 files in /opt/airflow/dags
[2025-10-25T04:06:21.203+0000] {manager.py:879} INFO - 
================================================================================
DAG File Processing Stats

File Path                             PID  Runtime      # DAGs    # Errors  Last Runtime    Last Run
----------------------------------  -----  ---------  --------  ----------  --------------  -------------------
/opt/airflow/dags/daily_summary.py    230  0.00s             1           0  0.14s           2025-10-25T04:05:51
================================================================================
[2025-10-25T04:06:51.524+0000] {manager.py:879} INFO - 
================================================================================
DAG File Processing Stats

File Path                             PID  Runtime      # DAGs    # Errors  Last Runtime    Last Run
----------------------------------  -----  ---------  --------  ----------  --------------  -------------------
/opt/airflow/dags/daily_summary.py    235  0.00s             1           0  0.14s           2025-10-25T04:06:21
================================================================================
[2025-10-25T04:07:21.788+0000] {manager.py:879} INFO - 
================================================================================
DAG File Processing Stats

File Path                             PID  Runtime      # DAGs    # Errors  Last Runtime    Last Run
----------------------------------  -----  ---------  --------  ----------  --------------  -------------------
/opt/airflow/dags/daily_summary.py    240  0.00s             1           0  0.15s           2025-10-25T04:06:51
================================================================================
[2025-10-25T04:07:52.077+0000] {manager.py:879} INFO - 
================================================================================
DAG File Processing Stats

File Path                             PID  Runtime      # DAGs    # Errors  Last Runtime    Last Run
----------------------------------  -----  ---------  --------  ----------  --------------  -------------------
/opt/airflow/dags/daily_summary.py    250  0.00s             1           0  0.17s           2025-10-25T04:07:21
================================================================================
[2025-10-25T04:08:22.321+0000] {manager.py:879} INFO - 
================================================================================
DAG File Processing Stats

File Path                             PID  Runtime      # DAGs    # Errors  Last Runtime    Last Run
----------------------------------  -----  ---------  --------  ----------  --------------  -------------------
/opt/airflow/dags/daily_summary.py    255  0.00s             1           0  0.14s           2025-10-25T04:07:52
================================================================================
[2025-10-25T04:08:52.591+0000] {manager.py:879} INFO - 
================================================================================
DAG File Processing Stats

File Path                             PID  Runtime      # DAGs    # Errors  Last Runtime    Last Run
----------------------------------  -----  ---------  --------  ----------  --------------  -------------------
/opt/airflow/dags/daily_summary.py    260  0.00s             1           0  0.15s           2025-10-25T04:08:22
================================================================================
[2025-10-25T04:09:22.849+0000] {manager.py:879} INFO - 
================================================================================
DAG File Processing Stats

File Path                             PID  Runtime      # DAGs    # Errors  Last Runtime    Last Run
----------------------------------  -----  ---------  --------  ----------  --------------  -------------------
/opt/airflow/dags/daily_summary.py    265  0.00s             1           0  0.15s           2025-10-25T04:08:52
================================================================================
[2025-10-25T04:09:53.145+0000] {manager.py:879} INFO - 
================================================================================
DAG File Processing Stats

File Path                             PID  Runtime      # DAGs    # Errors  Last Runtime    Last Run
----------------------------------  -----  ---------  --------  ----------  --------------  -------------------
/opt/airflow/dags/daily_summary.py    270  0.00s             1           0  0.16s           2025-10-25T04:09:22
================================================================================
[2025-10-25T04:10:23.396+0000] {manager.py:879} INFO - 
================================================================================
DAG File Processing Stats

File Path                             PID  Runtime      # DAGs    # Errors  Last Runtime    Last Run
----------------------------------  -----  ---------  --------  ----------  --------------  -------------------
/opt/airflow/dags/daily_summary.py    275  0.00s             1           0  0.15s           2025-10-25T04:09:53
================================================================================
[2025-10-25T04:10:53.677+0000] {manager.py:879} INFO - 
================================================================================
DAG File Processing Stats

File Path                             PID  Runtime      # DAGs    # Errors  Last Runtime    Last Run
----------------------------------  -----  ---------  --------  ----------  --------------  -------------------
/opt/airflow/dags/daily_summary.py    280  0.00s             1           0  0.15s           2025-10-25T04:10:23
================================================================================
[2025-10-25T04:11:18.897+0000] {manager.py:738} INFO - Searching for files in /opt/airflow/dags
[2025-10-25T04:11:18.917+0000] {manager.py:741} INFO - There are 1 files in /opt/airflow/dags
[2025-10-25T04:11:23.972+0000] {manager.py:879} INFO - 
================================================================================
DAG File Processing Stats

File Path                             PID  Runtime      # DAGs    # Errors  Last Runtime    Last Run
----------------------------------  -----  ---------  --------  ----------  --------------  -------------------
/opt/airflow/dags/daily_summary.py    285  0.00s             1           0  0.15s           2025-10-25T04:10:53
================================================================================
[2025-10-25T04:11:54.236+0000] {manager.py:879} INFO - 
================================================================================
DAG File Processing Stats

File Path                             PID  Runtime      # DAGs    # Errors  Last Runtime    Last Run
----------------------------------  -----  ---------  --------  ----------  --------------  -------------------
/opt/airflow/dags/daily_summary.py    290  0.00s             1           0  0.14s           2025-10-25T04:11:24
================================================================================
[2025-10-25T04:12:24.508+0000] {manager.py:879} INFO - 
================================================================================
DAG File Processing Stats

File Path                             PID  Runtime      # DAGs    # Errors  Last Runtime    Last Run
----------------------------------  -----  ---------  --------  ----------  --------------  -------------------
/opt/airflow/dags/daily_summary.py    295  0.00s             1           0  0.15s           2025-10-25T04:11:54
================================================================================
[2025-10-25T04:12:54.756+0000] {manager.py:879} INFO - 
================================================================================
DAG File Processing Stats

File Path                             PID  Runtime      # DAGs    # Errors  Last Runtime    Last Run
----------------------------------  -----  ---------  --------  ----------  --------------  -------------------
/opt/airflow/dags/daily_summary.py    300  0.00s             1           0  0.14s           2025-10-25T04:12:24
================================================================================
[2025-10-25T04:13:25.130+0000] {manager.py:879} INFO - 
================================================================================
DAG File Processing Stats

File Path                             PID  Runtime      # DAGs    # Errors  Last Runtime    Last Run
----------------------------------  -----  ---------  --------  ----------  --------------  -------------------
/opt/airflow/dags/daily_summary.py    305  0.00s             1           0  0.14s           2025-10-25T04:12:54
================================================================================
[2025-10-25T04:13:55.365+0000] {manager.py:879} INFO - 
================================================================================
DAG File Processing Stats

File Path                             PID  Runtime      # DAGs    # Errors  Last Runtime    Last Run
----------------------------------  -----  ---------  --------  ----------  --------------  -------------------
/opt/airflow/dags/daily_summary.py    310  0.00s             1           0  0.15s           2025-10-25T04:13:25
================================================================================
[2025-10-25T04:14:25.735+0000] {manager.py:879} INFO - 
================================================================================
DAG File Processing Stats

File Path                             PID  Runtime      # DAGs    # Errors  Last Runtime    Last Run
----------------------------------  -----  ---------  --------  ----------  --------------  -------------------
/opt/airflow/dags/daily_summary.py    315  0.00s             1           0  0.15s           2025-10-25T04:13:55
================================================================================
[2025-10-25T04:14:55.972+0000] {manager.py:879} INFO - 
================================================================================
DAG File Processing Stats

File Path                             PID  Runtime      # DAGs    # Errors  Last Runtime    Last Run
----------------------------------  -----  ---------  --------  ----------  --------------  -------------------
/opt/airflow/dags/daily_summary.py    320  0.00s             1           0  0.15s           2025-10-25T04:14:25
================================================================================
[2025-10-25T04:15:26.334+0000] {manager.py:879} INFO - 
================================================================================
DAG File Processing Stats

File Path                             PID  Runtime      # DAGs    # Errors  Last Runtime    Last Run
----------------------------------  -----  ---------  --------  ----------  --------------  -------------------
/opt/airflow/dags/daily_summary.py    325  0.00s             1           0  0.15s           2025-10-25T04:14:56
================================================================================
[2025-10-25T04:15:56.629+0000] {manager.py:879} INFO - 
================================================================================
DAG File Processing Stats

File Path                             PID  Runtime      # DAGs    # Errors  Last Runtime    Last Run
----------------------------------  -----  ---------  --------  ----------  --------------  -------------------
/opt/airflow/dags/daily_summary.py    330  0.00s             1           0  0.15s           2025-10-25T04:15:26
================================================================================
[2025-10-25T04:16:18.936+0000] {manager.py:738} INFO - Searching for files in /opt/airflow/dags
[2025-10-25T04:16:18.953+0000] {manager.py:741} INFO - There are 1 files in /opt/airflow/dags
[2025-10-25T04:16:26.942+0000] {manager.py:879} INFO - 
================================================================================
DAG File Processing Stats

File Path                             PID  Runtime      # DAGs    # Errors  Last Runtime    Last Run
----------------------------------  -----  ---------  --------  ----------  --------------  -------------------
/opt/airflow/dags/daily_summary.py    335  0.00s             1           0  0.15s           2025-10-25T04:15:56
================================================================================
[2025-10-25T04:16:57.250+0000] {manager.py:879} INFO - 
================================================================================
DAG File Processing Stats

File Path                             PID  Runtime      # DAGs    # Errors  Last Runtime    Last Run
----------------------------------  -----  ---------  --------  ----------  --------------  -------------------
/opt/airflow/dags/daily_summary.py    340  0.00s             1           0  0.16s           2025-10-25T04:16:27
================================================================================
[2025-10-25T04:17:27.540+0000] {manager.py:879} INFO - 
================================================================================
DAG File Processing Stats

File Path                             PID  Runtime      # DAGs    # Errors  Last Runtime    Last Run
----------------------------------  -----  ---------  --------  ----------  --------------  -------------------
/opt/airflow/dags/daily_summary.py    345  0.00s             1           0  0.15s           2025-10-25T04:16:57
================================================================================
[2025-10-25T04:17:57.816+0000] {manager.py:879} INFO - 
================================================================================
DAG File Processing Stats

File Path                             PID  Runtime      # DAGs    # Errors  Last Runtime    Last Run
----------------------------------  -----  ---------  --------  ----------  --------------  -------------------
/opt/airflow/dags/daily_summary.py    350  0.00s             1           0  0.13s           2025-10-25T04:17:27
================================================================================
[2025-10-25T04:18:28.062+0000] {manager.py:879} INFO - 
================================================================================
DAG File Processing Stats

File Path                             PID  Runtime      # DAGs    # Errors  Last Runtime    Last Run
----------------------------------  -----  ---------  --------  ----------  --------------  -------------------
/opt/airflow/dags/daily_summary.py    355  0.00s             1           0  0.15s           2025-10-25T04:17:57
================================================================================
[2025-10-25T04:18:58.412+0000] {manager.py:879} INFO - 
================================================================================
DAG File Processing Stats

File Path                             PID  Runtime      # DAGs    # Errors  Last Runtime    Last Run
----------------------------------  -----  ---------  --------  ----------  --------------  -------------------
/opt/airflow/dags/daily_summary.py    360  0.00s             1           0  0.15s           2025-10-25T04:18:28
================================================================================
[2025-10-25T04:19:28.652+0000] {manager.py:879} INFO - 
================================================================================
DAG File Processing Stats

File Path                             PID  Runtime      # DAGs    # Errors  Last Runtime    Last Run
----------------------------------  -----  ---------  --------  ----------  --------------  -------------------
/opt/airflow/dags/daily_summary.py    365  0.00s             1           0  0.15s           2025-10-25T04:18:58
================================================================================
[2025-10-25T04:19:58.990+0000] {manager.py:879} INFO - 
================================================================================
DAG File Processing Stats

File Path                             PID  Runtime      # DAGs    # Errors  Last Runtime    Last Run
----------------------------------  -----  ---------  --------  ----------  --------------  -------------------
/opt/airflow/dags/daily_summary.py    370  0.00s             1           0  0.14s           2025-10-25T04:19:28
================================================================================
[2025-10-25T04:20:29.226+0000] {manager.py:879} INFO - 
================================================================================
DAG File Processing Stats

File Path                             PID  Runtime      # DAGs    # Errors  Last Runtime    Last Run
----------------------------------  -----  ---------  --------  ----------  --------------  -------------------
/opt/airflow/dags/daily_summary.py    375  0.00s             1           0  0.15s           2025-10-25T04:19:59
================================================================================
[2025-10-25T04:20:59.578+0000] {manager.py:879} INFO - 
================================================================================
DAG File Processing Stats

File Path                             PID  Runtime      # DAGs    # Errors  Last Runtime    Last Run
----------------------------------  -----  ---------  --------  ----------  --------------  -------------------
/opt/airflow/dags/daily_summary.py    380  0.00s             1           0  0.13s           2025-10-25T04:20:29
================================================================================
[2025-10-25T04:21:19.743+0000] {manager.py:738} INFO - Searching for files in /opt/airflow/dags
[2025-10-25T04:21:19.767+0000] {manager.py:741} INFO - There are 1 files in /opt/airflow/dags
[2025-10-25T04:21:29.864+0000] {manager.py:879} INFO - 
================================================================================
DAG File Processing Stats

File Path                             PID  Runtime      # DAGs    # Errors  Last Runtime    Last Run
----------------------------------  -----  ---------  --------  ----------  --------------  -------------------
/opt/airflow/dags/daily_summary.py    385  0.00s             1           0  0.14s           2025-10-25T04:20:59
================================================================================
[2025-10-25T04:22:00.103+0000] {manager.py:879} INFO - 
================================================================================
DAG File Processing Stats

File Path                             PID  Runtime      # DAGs    # Errors  Last Runtime    Last Run
----------------------------------  -----  ---------  --------  ----------  --------------  -------------------
/opt/airflow/dags/daily_summary.py    390  0.00s             1           0  0.16s           2025-10-25T04:21:30
================================================================================
[2025-10-25T04:22:30.451+0000] {manager.py:879} INFO - 
================================================================================
DAG File Processing Stats

File Path                             PID  Runtime      # DAGs    # Errors  Last Runtime    Last Run
----------------------------------  -----  ---------  --------  ----------  --------------  -------------------
/opt/airflow/dags/daily_summary.py    395  0.00s             1           0  0.15s           2025-10-25T04:22:00
================================================================================
[2025-10-25T04:23:00.683+0000] {manager.py:879} INFO - 
================================================================================
DAG File Processing Stats

File Path                             PID  Runtime      # DAGs    # Errors  Last Runtime    Last Run
----------------------------------  -----  ---------  --------  ----------  --------------  -------------------
/opt/airflow/dags/daily_summary.py    400  0.00s             1           0  0.14s           2025-10-25T04:22:30
================================================================================
[2025-10-25T04:23:31.001+0000] {manager.py:879} INFO - 
================================================================================
DAG File Processing Stats

File Path                             PID  Runtime      # DAGs    # Errors  Last Runtime    Last Run
----------------------------------  -----  ---------  --------  ----------  --------------  -------------------
/opt/airflow/dags/daily_summary.py    405  0.00s             1           0  0.14s           2025-10-25T04:23:00
================================================================================
[2025-10-25T04:24:01.244+0000] {manager.py:879} INFO - 
================================================================================
DAG File Processing Stats

File Path                             PID  Runtime      # DAGs    # Errors  Last Runtime    Last Run
----------------------------------  -----  ---------  --------  ----------  --------------  -------------------
/opt/airflow/dags/daily_summary.py    410  0.00s             1           0  0.15s           2025-10-25T04:23:31
================================================================================
[2025-10-25T04:24:31.585+0000] {manager.py:879} INFO - 
================================================================================
DAG File Processing Stats

File Path                             PID  Runtime      # DAGs    # Errors  Last Runtime    Last Run
----------------------------------  -----  ---------  --------  ----------  --------------  -------------------
/opt/airflow/dags/daily_summary.py    415  0.00s             1           0  0.14s           2025-10-25T04:24:01
================================================================================
[2025-10-25T04:25:01.819+0000] {manager.py:879} INFO - 
================================================================================
DAG File Processing Stats

File Path                             PID  Runtime      # DAGs    # Errors  Last Runtime    Last Run
----------------------------------  -----  ---------  --------  ----------  --------------  -------------------
/opt/airflow/dags/daily_summary.py    420  0.00s             1           0  0.14s           2025-10-25T04:24:31
================================================================================
[2025-10-25T04:25:19.808+0000] {manager.py:451} INFO - Exiting gracefully upon receiving signal 15
[2025-10-25T04:26:00.451+0000] {manager.py:469} INFO - Processing files using up to 2 processes at a time 
[2025-10-25T04:26:00.452+0000] {manager.py:470} INFO - Process each file at most once every 30 seconds
[2025-10-25T04:26:00.452+0000] {manager.py:471} INFO - Checking for new files in /opt/airflow/dags every 300 seconds
[2025-10-25T04:26:00.453+0000] {manager.py:738} INFO - Searching for files in /opt/airflow/dags
[2025-10-25T04:26:00.466+0000] {manager.py:741} INFO - There are 1 files in /opt/airflow/dags
[2025-10-25T04:26:00.605+0000] {manager.py:879} INFO - 
================================================================================
DAG File Processing Stats

File Path                             PID  Runtime      # DAGs    # Errors  Last Runtime    Last Run
----------------------------------  -----  ---------  --------  ----------  --------------  ----------
/opt/airflow/dags/daily_summary.py    176  0.08s             0           0
================================================================================
[2025-10-25T04:26:30.796+0000] {manager.py:879} INFO - 
================================================================================
DAG File Processing Stats

File Path                             PID  Runtime      # DAGs    # Errors  Last Runtime    Last Run
----------------------------------  -----  ---------  --------  ----------  --------------  -------------------
/opt/airflow/dags/daily_summary.py    181  0.00s             1           0  0.23s           2025-10-25T04:26:00
================================================================================
[2025-10-25T04:27:01.154+0000] {manager.py:879} INFO - 
================================================================================
DAG File Processing Stats

File Path                             PID  Runtime      # DAGs    # Errors  Last Runtime    Last Run
----------------------------------  -----  ---------  --------  ----------  --------------  -------------------
/opt/airflow/dags/daily_summary.py    186  0.00s             1           0  0.29s           2025-10-25T04:26:31
================================================================================
[2025-10-25T04:27:31.412+0000] {manager.py:879} INFO - 
================================================================================
DAG File Processing Stats

File Path                             PID  Runtime      # DAGs    # Errors  Last Runtime    Last Run
----------------------------------  -----  ---------  --------  ----------  --------------  -------------------
/opt/airflow/dags/daily_summary.py    191  0.00s             1           0  0.16s           2025-10-25T04:27:01
================================================================================
[2025-10-25T04:28:01.809+0000] {manager.py:879} INFO - 
================================================================================
DAG File Processing Stats

File Path                             PID  Runtime      # DAGs    # Errors  Last Runtime    Last Run
----------------------------------  -----  ---------  --------  ----------  --------------  -------------------
/opt/airflow/dags/daily_summary.py    196  0.00s             1           0  0.14s           2025-10-25T04:27:31
================================================================================
[2025-10-25T04:28:32.130+0000] {manager.py:879} INFO - 
================================================================================
DAG File Processing Stats

File Path                             PID  Runtime      # DAGs    # Errors  Last Runtime    Last Run
----------------------------------  -----  ---------  --------  ----------  --------------  -------------------
/opt/airflow/dags/daily_summary.py    201  0.00s             1           0  0.14s           2025-10-25T04:28:01
================================================================================
[2025-10-25T04:29:02.443+0000] {manager.py:879} INFO - 
================================================================================
DAG File Processing Stats

File Path                             PID  Runtime      # DAGs    # Errors  Last Runtime    Last Run
----------------------------------  -----  ---------  --------  ----------  --------------  -------------------
/opt/airflow/dags/daily_summary.py    206  0.00s             1           0  0.15s           2025-10-25T04:28:32
================================================================================
[2025-10-25T04:29:32.844+0000] {manager.py:879} INFO - 
================================================================================
DAG File Processing Stats

File Path                             PID  Runtime      # DAGs    # Errors  Last Runtime    Last Run
----------------------------------  -----  ---------  --------  ----------  --------------  -------------------
/opt/airflow/dags/daily_summary.py    211  0.00s             1           0  0.15s           2025-10-25T04:29:02
================================================================================
[2025-10-25T04:30:03.172+0000] {manager.py:879} INFO - 
================================================================================
DAG File Processing Stats

File Path                             PID  Runtime      # DAGs    # Errors  Last Runtime    Last Run
----------------------------------  -----  ---------  --------  ----------  --------------  -------------------
/opt/airflow/dags/daily_summary.py    216  0.00s             1           0  0.15s           2025-10-25T04:29:32
================================================================================
[2025-10-25T04:30:33.612+0000] {manager.py:879} INFO - 
================================================================================
DAG File Processing Stats

File Path                             PID  Runtime      # DAGs    # Errors  Last Runtime    Last Run
----------------------------------  -----  ---------  --------  ----------  --------------  -------------------
/opt/airflow/dags/daily_summary.py    221  0.00s             1           0  0.15s           2025-10-25T04:30:03
================================================================================
[2025-10-25T04:31:00.836+0000] {manager.py:738} INFO - Searching for files in /opt/airflow/dags
[2025-10-25T04:31:00.850+0000] {manager.py:741} INFO - There are 1 files in /opt/airflow/dags
[2025-10-25T04:31:03.890+0000] {manager.py:879} INFO - 
================================================================================
DAG File Processing Stats

File Path                             PID  Runtime      # DAGs    # Errors  Last Runtime    Last Run
----------------------------------  -----  ---------  --------  ----------  --------------  -------------------
/opt/airflow/dags/daily_summary.py    226  0.00s             1           0  0.14s           2025-10-25T04:30:33
================================================================================
[2025-10-25T04:31:34.232+0000] {manager.py:879} INFO - 
================================================================================
DAG File Processing Stats

File Path                             PID  Runtime      # DAGs    # Errors  Last Runtime    Last Run
----------------------------------  -----  ---------  --------  ----------  --------------  -------------------
/opt/airflow/dags/daily_summary.py    231  0.00s             1           0  0.16s           2025-10-25T04:31:04
================================================================================
[2025-10-25T04:32:04.526+0000] {manager.py:879} INFO - 
================================================================================
DAG File Processing Stats

File Path                             PID  Runtime      # DAGs    # Errors  Last Runtime    Last Run
----------------------------------  -----  ---------  --------  ----------  --------------  -------------------
/opt/airflow/dags/daily_summary.py    236  0.00s             1           0  0.14s           2025-10-25T04:31:34
================================================================================
[2025-10-25T04:32:34.951+0000] {manager.py:879} INFO - 
================================================================================
DAG File Processing Stats

File Path                             PID  Runtime      # DAGs    # Errors  Last Runtime    Last Run
----------------------------------  -----  ---------  --------  ----------  --------------  -------------------
/opt/airflow/dags/daily_summary.py    241  0.00s             1           0  0.14s           2025-10-25T04:32:04
================================================================================
[2025-10-25T04:33:05.250+0000] {manager.py:879} INFO - 
================================================================================
DAG File Processing Stats

File Path                             PID  Runtime      # DAGs    # Errors  Last Runtime    Last Run
----------------------------------  -----  ---------  --------  ----------  --------------  -------------------
/opt/airflow/dags/daily_summary.py    246  0.00s             1           0  0.14s           2025-10-25T04:32:35
================================================================================
[2025-10-25T04:33:35.645+0000] {manager.py:879} INFO - 
================================================================================
DAG File Processing Stats

File Path                             PID  Runtime      # DAGs    # Errors  Last Runtime    Last Run
----------------------------------  -----  ---------  --------  ----------  --------------  -------------------
/opt/airflow/dags/daily_summary.py    251  0.00s             1           0  0.15s           2025-10-25T04:33:05
================================================================================
[2025-10-25T04:34:05.954+0000] {manager.py:879} INFO - 
================================================================================
DAG File Processing Stats

File Path                             PID  Runtime      # DAGs    # Errors  Last Runtime    Last Run
----------------------------------  -----  ---------  --------  ----------  --------------  -------------------
/opt/airflow/dags/daily_summary.py    256  0.00s             1           0  0.14s           2025-10-25T04:33:35
================================================================================
[2025-10-25T04:34:36.315+0000] {manager.py:879} INFO - 
================================================================================
DAG File Processing Stats

File Path                             PID  Runtime      # DAGs    # Errors  Last Runtime    Last Run
----------------------------------  -----  ---------  --------  ----------  --------------  -------------------
/opt/airflow/dags/daily_summary.py    261  0.00s             1           0  0.14s           2025-10-25T04:34:06
================================================================================
[2025-10-25T04:35:06.534+0000] {manager.py:879} INFO - 
================================================================================
DAG File Processing Stats

File Path                             PID  Runtime      # DAGs    # Errors  Last Runtime    Last Run
----------------------------------  -----  ---------  --------  ----------  --------------  -------------------
/opt/airflow/dags/daily_summary.py    266  0.00s             1           0  0.14s           2025-10-25T04:34:36
================================================================================
[2025-10-25T04:35:36.915+0000] {manager.py:879} INFO - 
================================================================================
DAG File Processing Stats

File Path                             PID  Runtime      # DAGs    # Errors  Last Runtime    Last Run
----------------------------------  -----  ---------  --------  ----------  --------------  -------------------
/opt/airflow/dags/daily_summary.py    271  0.00s             1           0  0.14s           2025-10-25T04:35:06
================================================================================
[2025-10-25T04:36:01.068+0000] {manager.py:738} INFO - Searching for files in /opt/airflow/dags
[2025-10-25T04:36:01.084+0000] {manager.py:741} INFO - There are 1 files in /opt/airflow/dags
[2025-10-25T04:36:07.152+0000] {manager.py:879} INFO - 
================================================================================
DAG File Processing Stats

File Path                             PID  Runtime      # DAGs    # Errors  Last Runtime    Last Run
----------------------------------  -----  ---------  --------  ----------  --------------  -------------------
/opt/airflow/dags/daily_summary.py    276  0.00s             1           0  0.14s           2025-10-25T04:35:37
================================================================================
[2025-10-25T04:36:37.498+0000] {manager.py:879} INFO - 
================================================================================
DAG File Processing Stats

File Path                             PID  Runtime      # DAGs    # Errors  Last Runtime    Last Run
----------------------------------  -----  ---------  --------  ----------  --------------  -------------------
/opt/airflow/dags/daily_summary.py    281  0.00s             1           0  0.19s           2025-10-25T04:36:07
================================================================================
[2025-10-25T04:37:07.832+0000] {manager.py:879} INFO - 
================================================================================
DAG File Processing Stats

File Path                             PID  Runtime      # DAGs    # Errors  Last Runtime    Last Run
----------------------------------  -----  ---------  --------  ----------  --------------  -------------------
/opt/airflow/dags/daily_summary.py    286  0.00s             1           0  0.15s           2025-10-25T04:36:37
================================================================================
[2025-10-25T04:37:38.108+0000] {manager.py:879} INFO - 
================================================================================
DAG File Processing Stats

File Path                             PID  Runtime      # DAGs    # Errors  Last Runtime    Last Run
----------------------------------  -----  ---------  --------  ----------  --------------  -------------------
/opt/airflow/dags/daily_summary.py    291  0.00s             1           0  0.15s           2025-10-25T04:37:07
================================================================================
[2025-10-25T04:38:08.403+0000] {manager.py:879} INFO - 
================================================================================
DAG File Processing Stats

File Path                             PID  Runtime      # DAGs    # Errors  Last Runtime    Last Run
----------------------------------  -----  ---------  --------  ----------  --------------  -------------------
/opt/airflow/dags/daily_summary.py    296  0.00s             1           0  0.14s           2025-10-25T04:37:38
================================================================================
[2025-10-25T04:38:38.728+0000] {manager.py:879} INFO - 
================================================================================
DAG File Processing Stats

File Path                             PID  Runtime      # DAGs    # Errors  Last Runtime    Last Run
----------------------------------  -----  ---------  --------  ----------  --------------  -------------------
/opt/airflow/dags/daily_summary.py    301  0.00s             1           0  0.14s           2025-10-25T04:38:08
================================================================================
[2025-10-25T04:39:08.971+0000] {manager.py:879} INFO - 
================================================================================
DAG File Processing Stats

File Path                             PID  Runtime      # DAGs    # Errors  Last Runtime    Last Run
----------------------------------  -----  ---------  --------  ----------  --------------  -------------------
/opt/airflow/dags/daily_summary.py    306  0.00s             1           0  0.14s           2025-10-25T04:38:38
================================================================================
[2025-10-25T04:39:39.366+0000] {manager.py:879} INFO - 
================================================================================
DAG File Processing Stats

File Path                             PID  Runtime      # DAGs    # Errors  Last Runtime    Last Run
----------------------------------  -----  ---------  --------  ----------  --------------  -------------------
/opt/airflow/dags/daily_summary.py    311  0.00s             1           0  0.15s           2025-10-25T04:39:09
================================================================================
[2025-10-25T04:40:01.619+0000] {manager.py:451} INFO - Exiting gracefully upon receiving signal 15
[2025-10-25T04:42:02.719+0000] {manager.py:469} INFO - Processing files using up to 2 processes at a time 
[2025-10-25T04:42:02.720+0000] {manager.py:470} INFO - Process each file at most once every 30 seconds
[2025-10-25T04:42:02.720+0000] {manager.py:471} INFO - Checking for new files in /opt/airflow/dags every 300 seconds
[2025-10-25T04:42:02.720+0000] {manager.py:738} INFO - Searching for files in /opt/airflow/dags
[2025-10-25T04:42:02.736+0000] {manager.py:741} INFO - There are 1 files in /opt/airflow/dags
[2025-10-25T04:42:02.812+0000] {manager.py:879} INFO - 
================================================================================
DAG File Processing Stats

File Path                             PID  Runtime      # DAGs    # Errors  Last Runtime    Last Run
----------------------------------  -----  ---------  --------  ----------  --------------  ----------
/opt/airflow/dags/daily_summary.py    175  0.03s             0           0
================================================================================
[2025-10-25T04:42:33.023+0000] {manager.py:879} INFO - 
================================================================================
DAG File Processing Stats

File Path                             PID  Runtime      # DAGs    # Errors  Last Runtime    Last Run
----------------------------------  -----  ---------  --------  ----------  --------------  -------------------
/opt/airflow/dags/daily_summary.py    180  0.00s             1           0  0.20s           2025-10-25T04:42:02
================================================================================
[2025-10-25T04:43:03.375+0000] {manager.py:879} INFO - 
================================================================================
DAG File Processing Stats

File Path                             PID  Runtime      # DAGs    # Errors  Last Runtime    Last Run
----------------------------------  -----  ---------  --------  ----------  --------------  -------------------
/opt/airflow/dags/daily_summary.py    190  0.00s             1           0  0.32s           2025-10-25T04:42:33
================================================================================
[2025-10-25T04:43:33.723+0000] {manager.py:879} INFO - 
================================================================================
DAG File Processing Stats

File Path                             PID  Runtime      # DAGs    # Errors  Last Runtime    Last Run
----------------------------------  -----  ---------  --------  ----------  --------------  -------------------
/opt/airflow/dags/daily_summary.py    195  0.00s             1           0  0.18s           2025-10-25T04:43:03
================================================================================
[2025-10-25T04:44:03.950+0000] {manager.py:879} INFO - 
================================================================================
DAG File Processing Stats

File Path                             PID  Runtime      # DAGs    # Errors  Last Runtime    Last Run
----------------------------------  -----  ---------  --------  ----------  --------------  -------------------
/opt/airflow/dags/daily_summary.py    200  0.00s             1           0  0.16s           2025-10-25T04:43:33
================================================================================
[2025-10-25T04:44:34.249+0000] {manager.py:879} INFO - 
================================================================================
DAG File Processing Stats

File Path                             PID  Runtime      # DAGs    # Errors  Last Runtime    Last Run
----------------------------------  -----  ---------  --------  ----------  --------------  -------------------
/opt/airflow/dags/daily_summary.py    205  0.00s             1           0  0.16s           2025-10-25T04:44:04
================================================================================
[2025-10-25T04:45:04.465+0000] {manager.py:879} INFO - 
================================================================================
DAG File Processing Stats

File Path                             PID  Runtime      # DAGs    # Errors  Last Runtime    Last Run
----------------------------------  -----  ---------  --------  ----------  --------------  -------------------
/opt/airflow/dags/daily_summary.py    210  0.00s             1           0  0.15s           2025-10-25T04:44:34
================================================================================
[2025-10-25T04:45:34.871+0000] {manager.py:879} INFO - 
================================================================================
DAG File Processing Stats

File Path                             PID  Runtime      # DAGs    # Errors  Last Runtime    Last Run
----------------------------------  -----  ---------  --------  ----------  --------------  -------------------
/opt/airflow/dags/daily_summary.py    215  0.00s             1           0  0.18s           2025-10-25T04:45:04
================================================================================
[2025-10-25T04:46:05.155+0000] {manager.py:879} INFO - 
================================================================================
DAG File Processing Stats

File Path                             PID  Runtime      # DAGs    # Errors  Last Runtime    Last Run
----------------------------------  -----  ---------  --------  ----------  --------------  -------------------
/opt/airflow/dags/daily_summary.py    220  0.00s             1           0  0.15s           2025-10-25T04:45:35
================================================================================
[2025-10-25T04:46:35.477+0000] {manager.py:879} INFO - 
================================================================================
DAG File Processing Stats

File Path                             PID  Runtime      # DAGs    # Errors  Last Runtime    Last Run
----------------------------------  -----  ---------  --------  ----------  --------------  -------------------
/opt/airflow/dags/daily_summary.py    225  0.00s             1           0  0.14s           2025-10-25T04:46:05
================================================================================
[2025-10-25T04:47:02.762+0000] {manager.py:738} INFO - Searching for files in /opt/airflow/dags
[2025-10-25T04:47:02.774+0000] {manager.py:741} INFO - There are 1 files in /opt/airflow/dags
[2025-10-25T04:47:05.825+0000] {manager.py:879} INFO - 
================================================================================
DAG File Processing Stats

File Path                             PID  Runtime      # DAGs    # Errors  Last Runtime    Last Run
----------------------------------  -----  ---------  --------  ----------  --------------  -------------------
/opt/airflow/dags/daily_summary.py    230  0.00s             1           0  0.14s           2025-10-25T04:46:35
================================================================================
[2025-10-25T04:47:36.142+0000] {manager.py:879} INFO - 
================================================================================
DAG File Processing Stats

File Path                             PID  Runtime      # DAGs    # Errors  Last Runtime    Last Run
----------------------------------  -----  ---------  --------  ----------  --------------  -------------------
/opt/airflow/dags/daily_summary.py    235  0.00s             1           0  0.15s           2025-10-25T04:47:05
================================================================================
[2025-10-25T04:48:06.532+0000] {manager.py:879} INFO - 
================================================================================
DAG File Processing Stats

File Path                             PID  Runtime      # DAGs    # Errors  Last Runtime    Last Run
----------------------------------  -----  ---------  --------  ----------  --------------  -------------------
/opt/airflow/dags/daily_summary.py    240  0.00s             1           0  0.17s           2025-10-25T04:47:36
================================================================================
[2025-10-25T04:48:36.777+0000] {manager.py:879} INFO - 
================================================================================
DAG File Processing Stats

File Path                             PID  Runtime      # DAGs    # Errors  Last Runtime    Last Run
----------------------------------  -----  ---------  --------  ----------  --------------  -------------------
/opt/airflow/dags/daily_summary.py    245  0.00s             1           0  0.18s           2025-10-25T04:48:06
================================================================================
[2025-11-12T08:33:53.221+0000] {manager.py:469} INFO - Processing files using up to 2 processes at a time 
[2025-11-12T08:33:53.222+0000] {manager.py:470} INFO - Process each file at most once every 30 seconds
[2025-11-12T08:33:53.223+0000] {manager.py:471} INFO - Checking for new files in /opt/airflow/dags every 300 seconds
[2025-11-12T08:33:53.224+0000] {manager.py:738} INFO - Searching for files in /opt/airflow/dags
[2025-11-12T08:33:53.260+0000] {manager.py:741} INFO - There are 1 files in /opt/airflow/dags
[2025-11-12T08:33:53.403+0000] {manager.py:879} INFO - 
================================================================================
DAG File Processing Stats

File Path                             PID  Runtime      # DAGs    # Errors  Last Runtime    Last Run
----------------------------------  -----  ---------  --------  ----------  --------------  ----------
/opt/airflow/dags/daily_summary.py    176  0.05s             0           0
================================================================================
[2025-11-12T08:34:23.735+0000] {manager.py:879} INFO - 
================================================================================
DAG File Processing Stats

File Path                             PID  Runtime      # DAGs    # Errors  Last Runtime    Last Run
----------------------------------  -----  ---------  --------  ----------  --------------  -------------------
/opt/airflow/dags/daily_summary.py    185  0.01s             1           0  0.33s           2025-11-12T08:33:53
================================================================================
[2025-11-12T08:34:54.292+0000] {manager.py:879} INFO - 
================================================================================
DAG File Processing Stats

File Path                             PID  Runtime      # DAGs    # Errors  Last Runtime    Last Run
----------------------------------  -----  ---------  --------  ----------  --------------  -------------------
/opt/airflow/dags/daily_summary.py    190  0.01s             1           0  0.50s           2025-11-12T08:34:24
================================================================================
[2025-11-12T08:35:24.878+0000] {manager.py:879} INFO - 
================================================================================
DAG File Processing Stats

File Path                             PID  Runtime      # DAGs    # Errors  Last Runtime    Last Run
----------------------------------  -----  ---------  --------  ----------  --------------  -------------------
/opt/airflow/dags/daily_summary.py    195  0.01s             1           0  0.31s           2025-11-12T08:34:54
================================================================================
[2025-11-12T08:35:55.238+0000] {manager.py:879} INFO - 
================================================================================
DAG File Processing Stats

File Path                             PID  Runtime      # DAGs    # Errors  Last Runtime    Last Run
----------------------------------  -----  ---------  --------  ----------  --------------  -------------------
/opt/airflow/dags/daily_summary.py    200  0.01s             1           0  0.27s           2025-11-12T08:35:25
================================================================================
[2025-11-12T08:36:25.796+0000] {manager.py:879} INFO - 
================================================================================
DAG File Processing Stats

File Path                             PID  Runtime      # DAGs    # Errors  Last Runtime    Last Run
----------------------------------  -----  ---------  --------  ----------  --------------  -------------------
/opt/airflow/dags/daily_summary.py    205  0.01s             1           0  0.33s           2025-11-12T08:35:55
================================================================================
[2025-11-12T08:36:56.196+0000] {manager.py:879} INFO - 
================================================================================
DAG File Processing Stats

File Path                             PID  Runtime      # DAGs    # Errors  Last Runtime    Last Run
----------------------------------  -----  ---------  --------  ----------  --------------  -------------------
/opt/airflow/dags/daily_summary.py    210  0.01s             1           0  0.33s           2025-11-12T08:36:26
================================================================================
[2025-11-12T08:37:26.775+0000] {manager.py:879} INFO - 
================================================================================
DAG File Processing Stats

File Path                             PID  Runtime      # DAGs    # Errors  Last Runtime    Last Run
----------------------------------  -----  ---------  --------  ----------  --------------  -------------------
/opt/airflow/dags/daily_summary.py    215  0.01s             1           0  0.36s           2025-11-12T08:36:56
================================================================================
[2025-11-12T08:37:57.148+0000] {manager.py:879} INFO - 
================================================================================
DAG File Processing Stats

File Path                             PID  Runtime      # DAGs    # Errors  Last Runtime    Last Run
----------------------------------  -----  ---------  --------  ----------  --------------  -------------------
/opt/airflow/dags/daily_summary.py    220  0.01s             1           0  0.27s           2025-11-12T08:37:27
================================================================================
[2025-11-12T08:38:27.651+0000] {manager.py:879} INFO - 
================================================================================
DAG File Processing Stats

File Path                             PID  Runtime      # DAGs    # Errors  Last Runtime    Last Run
----------------------------------  -----  ---------  --------  ----------  --------------  -------------------
/opt/airflow/dags/daily_summary.py    225  0.01s             1           0  0.45s           2025-11-12T08:37:57
================================================================================
[2025-11-12T08:38:54.132+0000] {manager.py:738} INFO - Searching for files in /opt/airflow/dags
[2025-11-12T08:38:54.175+0000] {manager.py:741} INFO - There are 1 files in /opt/airflow/dags
[2025-11-12T08:38:58.256+0000] {manager.py:879} INFO - 
================================================================================
DAG File Processing Stats

File Path                             PID  Runtime      # DAGs    # Errors  Last Runtime    Last Run
----------------------------------  -----  ---------  --------  ----------  --------------  -------------------
/opt/airflow/dags/daily_summary.py    230  0.01s             1           0  0.33s           2025-11-12T08:38:27
================================================================================
[2025-11-12T08:39:28.601+0000] {manager.py:879} INFO - 
================================================================================
DAG File Processing Stats

File Path                             PID  Runtime      # DAGs    # Errors  Last Runtime    Last Run
----------------------------------  -----  ---------  --------  ----------  --------------  -------------------
/opt/airflow/dags/daily_summary.py    235  0.01s             1           0  0.29s           2025-11-12T08:38:58
================================================================================
[2025-11-12T08:39:59.178+0000] {manager.py:879} INFO - 
================================================================================
DAG File Processing Stats

File Path                             PID  Runtime      # DAGs    # Errors  Last Runtime    Last Run
----------------------------------  -----  ---------  --------  ----------  --------------  -------------------
/opt/airflow/dags/daily_summary.py    240  0.01s             1           0  0.32s           2025-11-12T08:39:28
================================================================================
[2025-11-12T08:40:29.566+0000] {manager.py:879} INFO - 
================================================================================
DAG File Processing Stats

File Path                             PID  Runtime      # DAGs    # Errors  Last Runtime    Last Run
----------------------------------  -----  ---------  --------  ----------  --------------  -------------------
/opt/airflow/dags/daily_summary.py    245  0.01s             1           0  0.28s           2025-11-12T08:39:59
================================================================================
[2025-11-12T08:41:00.108+0000] {manager.py:879} INFO - 
================================================================================
DAG File Processing Stats

File Path                             PID  Runtime      # DAGs    # Errors  Last Runtime    Last Run
----------------------------------  -----  ---------  --------  ----------  --------------  -------------------
/opt/airflow/dags/daily_summary.py    250  0.01s             1           0  0.36s           2025-11-12T08:40:29
================================================================================
[2025-11-12T08:41:30.576+0000] {manager.py:879} INFO - 
================================================================================
DAG File Processing Stats

File Path                             PID  Runtime      # DAGs    # Errors  Last Runtime    Last Run
----------------------------------  -----  ---------  --------  ----------  --------------  -------------------
/opt/airflow/dags/daily_summary.py    255  0.01s             1           0  0.31s           2025-11-12T08:41:00
================================================================================
[2025-11-12T08:42:01.065+0000] {manager.py:879} INFO - 
================================================================================
DAG File Processing Stats

File Path                             PID  Runtime      # DAGs    # Errors  Last Runtime    Last Run
----------------------------------  -----  ---------  --------  ----------  --------------  -------------------
/opt/airflow/dags/daily_summary.py    260  0.01s             1           0  0.37s           2025-11-12T08:41:30
================================================================================
[2025-11-12T08:42:31.611+0000] {manager.py:879} INFO - 
================================================================================
DAG File Processing Stats

File Path                             PID  Runtime      # DAGs    # Errors  Last Runtime    Last Run
----------------------------------  -----  ---------  --------  ----------  --------------  -------------------
/opt/airflow/dags/daily_summary.py    265  0.01s             1           0  0.38s           2025-11-12T08:42:01
================================================================================
[2025-11-12T08:43:02.136+0000] {manager.py:879} INFO - 
================================================================================
DAG File Processing Stats

File Path                             PID  Runtime      # DAGs    # Errors  Last Runtime    Last Run
----------------------------------  -----  ---------  --------  ----------  --------------  -------------------
/opt/airflow/dags/daily_summary.py    270  0.01s             1           0  0.30s           2025-11-12T08:42:31
================================================================================
[2025-11-12T08:43:32.545+0000] {manager.py:879} INFO - 
================================================================================
DAG File Processing Stats

File Path                             PID  Runtime      # DAGs    # Errors  Last Runtime    Last Run
----------------------------------  -----  ---------  --------  ----------  --------------  -------------------
/opt/airflow/dags/daily_summary.py    275  0.01s             1           0  0.32s           2025-11-12T08:43:02
================================================================================
[2025-11-12T08:43:54.963+0000] {manager.py:738} INFO - Searching for files in /opt/airflow/dags
[2025-11-12T08:43:55.030+0000] {manager.py:741} INFO - There are 1 files in /opt/airflow/dags
[2025-11-12T08:44:03.167+0000] {manager.py:879} INFO - 
================================================================================
DAG File Processing Stats

File Path                             PID  Runtime      # DAGs    # Errors  Last Runtime    Last Run
----------------------------------  -----  ---------  --------  ----------  --------------  -------------------
/opt/airflow/dags/daily_summary.py    280  0.01s             1           0  0.32s           2025-11-12T08:43:32
================================================================================
[2025-11-12T08:44:33.535+0000] {manager.py:879} INFO - 
================================================================================
DAG File Processing Stats

File Path                             PID  Runtime      # DAGs    # Errors  Last Runtime    Last Run
----------------------------------  -----  ---------  --------  ----------  --------------  -------------------
/opt/airflow/dags/daily_summary.py    285  0.01s             1           0  0.31s           2025-11-12T08:44:03
================================================================================
[2025-11-12T08:45:04.080+0000] {manager.py:879} INFO - 
================================================================================
DAG File Processing Stats

File Path                             PID  Runtime      # DAGs    # Errors  Last Runtime    Last Run
----------------------------------  -----  ---------  --------  ----------  --------------  -------------------
/opt/airflow/dags/daily_summary.py    290  0.01s             1           0  0.29s           2025-11-12T08:44:33
================================================================================
[2025-11-12T08:45:34.436+0000] {manager.py:879} INFO - 
================================================================================
DAG File Processing Stats

File Path                             PID  Runtime      # DAGs    # Errors  Last Runtime    Last Run
----------------------------------  -----  ---------  --------  ----------  --------------  -------------------
/opt/airflow/dags/daily_summary.py    295  0.01s             1           0  0.26s           2025-11-12T08:45:04
================================================================================
[2025-11-12T08:46:04.960+0000] {manager.py:879} INFO - 
================================================================================
DAG File Processing Stats

File Path                             PID  Runtime      # DAGs    # Errors  Last Runtime    Last Run
----------------------------------  -----  ---------  --------  ----------  --------------  -------------------
/opt/airflow/dags/daily_summary.py    300  0.01s             1           0  0.30s           2025-11-12T08:45:34
================================================================================
[2025-11-12T08:46:35.354+0000] {manager.py:879} INFO - 
================================================================================
DAG File Processing Stats

File Path                             PID  Runtime      # DAGs    # Errors  Last Runtime    Last Run
----------------------------------  -----  ---------  --------  ----------  --------------  -------------------
/opt/airflow/dags/daily_summary.py    305  0.01s             1           0  0.30s           2025-11-12T08:46:05
================================================================================
[2025-11-12T08:47:05.887+0000] {manager.py:879} INFO - 
================================================================================
DAG File Processing Stats

File Path                             PID  Runtime      # DAGs    # Errors  Last Runtime    Last Run
----------------------------------  -----  ---------  --------  ----------  --------------  -------------------
/opt/airflow/dags/daily_summary.py    310  0.01s             1           0  0.29s           2025-11-12T08:46:35
================================================================================
[2025-11-12T08:47:36.249+0000] {manager.py:879} INFO - 
================================================================================
DAG File Processing Stats

File Path                           PID    Runtime      # DAGs    # Errors  Last Runtime    Last Run
----------------------------------  -----  ---------  --------  ----------  --------------  -------------------
/opt/airflow/dags/daily_summary.py                           1           0  0.44s           2025-11-12T08:47:06
================================================================================
[2025-11-12T08:48:06.966+0000] {manager.py:879} INFO - 
================================================================================
DAG File Processing Stats

File Path                             PID  Runtime      # DAGs    # Errors  Last Runtime    Last Run
----------------------------------  -----  ---------  --------  ----------  --------------  -------------------
/opt/airflow/dags/daily_summary.py    320  0.01s             1           0  0.26s           2025-11-12T08:47:36
================================================================================
[2025-11-12T08:48:37.511+0000] {manager.py:879} INFO - 
================================================================================
DAG File Processing Stats

File Path                             PID  Runtime      # DAGs    # Errors  Last Runtime    Last Run
----------------------------------  -----  ---------  --------  ----------  --------------  -------------------
/opt/airflow/dags/daily_summary.py    325  0.01s             1           0  0.30s           2025-11-12T08:48:07
================================================================================
[2025-11-12T08:48:55.712+0000] {manager.py:738} INFO - Searching for files in /opt/airflow/dags
[2025-11-12T08:48:55.768+0000] {manager.py:741} INFO - There are 1 files in /opt/airflow/dags
[2025-11-12T08:49:07.938+0000] {manager.py:879} INFO - 
================================================================================
DAG File Processing Stats

File Path                             PID  Runtime      # DAGs    # Errors  Last Runtime    Last Run
----------------------------------  -----  ---------  --------  ----------  --------------  -------------------
/opt/airflow/dags/daily_summary.py    330  0.01s             1           0  0.30s           2025-11-12T08:48:37
================================================================================
[2025-11-12T08:49:38.373+0000] {manager.py:879} INFO - 
================================================================================
DAG File Processing Stats

File Path                             PID  Runtime      # DAGs    # Errors  Last Runtime    Last Run
----------------------------------  -----  ---------  --------  ----------  --------------  -------------------
/opt/airflow/dags/daily_summary.py    335  0.01s             1           0  0.36s           2025-11-12T08:49:08
================================================================================
[2025-11-12T08:50:08.886+0000] {manager.py:879} INFO - 
================================================================================
DAG File Processing Stats

File Path                             PID  Runtime      # DAGs    # Errors  Last Runtime    Last Run
----------------------------------  -----  ---------  --------  ----------  --------------  -------------------
/opt/airflow/dags/daily_summary.py    340  0.01s             1           0  0.33s           2025-11-12T08:49:38
================================================================================
[2025-11-12T13:23:51.685+0000] {manager.py:738} INFO - Searching for files in /opt/airflow/dags
[2025-11-12T13:23:51.726+0000] {manager.py:741} INFO - There are 1 files in /opt/airflow/dags
[2025-11-12T13:23:53.436+0000] {manager.py:879} INFO - 
================================================================================
DAG File Processing Stats

File Path                           PID    Runtime      # DAGs    # Errors  Last Runtime    Last Run
----------------------------------  -----  ---------  --------  ----------  --------------  -------------------
/opt/airflow/dags/daily_summary.py                           1           0  0.53s           2025-11-12T13:23:52
================================================================================
[2025-11-12T14:33:16.567+0000] {manager.py:738} INFO - Searching for files in /opt/airflow/dags
[2025-11-12T14:33:16.757+0000] {manager.py:741} INFO - There are 1 files in /opt/airflow/dags
[2025-11-12T14:33:37.488+0000] {manager.py:879} INFO - 
================================================================================
DAG File Processing Stats

File Path                           PID    Runtime      # DAGs    # Errors  Last Runtime    Last Run
----------------------------------  -----  ---------  --------  ----------  --------------  -------------------
/opt/airflow/dags/daily_summary.py                           1           0  6.66s           2025-11-12T14:33:24
================================================================================
[2025-11-12T14:34:07.799+0000] {manager.py:879} INFO - 
================================================================================
DAG File Processing Stats

File Path                           PID    Runtime      # DAGs    # Errors  Last Runtime    Last Run
----------------------------------  -----  ---------  --------  ----------  --------------  -------------------
/opt/airflow/dags/daily_summary.py                           1           0  0.25s           2025-11-12T14:33:54
================================================================================
[2025-11-12T14:34:38.269+0000] {manager.py:879} INFO - 
================================================================================
DAG File Processing Stats

File Path                           PID    Runtime      # DAGs    # Errors  Last Runtime    Last Run
----------------------------------  -----  ---------  --------  ----------  --------------  -------------------
/opt/airflow/dags/daily_summary.py                           1           0  0.21s           2025-11-12T14:34:25
================================================================================
[2025-11-12T14:35:08.766+0000] {manager.py:879} INFO - 
================================================================================
DAG File Processing Stats

File Path                           PID    Runtime      # DAGs    # Errors  Last Runtime    Last Run
----------------------------------  -----  ---------  --------  ----------  --------------  -------------------
/opt/airflow/dags/daily_summary.py                           1           0  0.27s           2025-11-12T14:34:55
================================================================================
[2025-11-12T14:35:39.182+0000] {manager.py:879} INFO - 
================================================================================
DAG File Processing Stats

File Path                           PID    Runtime      # DAGs    # Errors  Last Runtime    Last Run
----------------------------------  -----  ---------  --------  ----------  --------------  -------------------
/opt/airflow/dags/daily_summary.py                           1           0  0.33s           2025-11-12T14:35:26
================================================================================
[2025-11-12T14:36:09.774+0000] {manager.py:879} INFO - 
================================================================================
DAG File Processing Stats

File Path                           PID    Runtime      # DAGs    # Errors  Last Runtime    Last Run
----------------------------------  -----  ---------  --------  ----------  --------------  -------------------
/opt/airflow/dags/daily_summary.py                           1           0  0.31s           2025-11-12T14:35:56
================================================================================
[2025-11-12T14:36:40.167+0000] {manager.py:879} INFO - 
================================================================================
DAG File Processing Stats

File Path                           PID    Runtime      # DAGs    # Errors  Last Runtime    Last Run
----------------------------------  -----  ---------  --------  ----------  --------------  -------------------
/opt/airflow/dags/daily_summary.py                           1           0  0.31s           2025-11-12T14:36:27
================================================================================
[2025-11-12T14:37:10.781+0000] {manager.py:879} INFO - 
================================================================================
DAG File Processing Stats

File Path                           PID    Runtime      # DAGs    # Errors  Last Runtime    Last Run
----------------------------------  -----  ---------  --------  ----------  --------------  -------------------
/opt/airflow/dags/daily_summary.py                           1           0  0.32s           2025-11-12T14:36:57
================================================================================
[2025-11-12T14:37:41.160+0000] {manager.py:879} INFO - 
================================================================================
DAG File Processing Stats

File Path                           PID    Runtime      # DAGs    # Errors  Last Runtime    Last Run
----------------------------------  -----  ---------  --------  ----------  --------------  -------------------
/opt/airflow/dags/daily_summary.py                           1           0  0.33s           2025-11-12T14:37:28
================================================================================
[2025-11-12T14:38:11.811+0000] {manager.py:879} INFO - 
================================================================================
DAG File Processing Stats

File Path                           PID    Runtime      # DAGs    # Errors  Last Runtime    Last Run
----------------------------------  -----  ---------  --------  ----------  --------------  -------------------
/opt/airflow/dags/daily_summary.py                           1           0  0.32s           2025-11-12T14:37:58
================================================================================
[2025-11-12T14:38:16.868+0000] {manager.py:738} INFO - Searching for files in /opt/airflow/dags
[2025-11-12T14:38:16.951+0000] {manager.py:741} INFO - There are 1 files in /opt/airflow/dags
[2025-11-12T14:38:42.294+0000] {manager.py:879} INFO - 
================================================================================
DAG File Processing Stats

File Path                           PID    Runtime      # DAGs    # Errors  Last Runtime    Last Run
----------------------------------  -----  ---------  --------  ----------  --------------  -------------------
/opt/airflow/dags/daily_summary.py                           1           0  0.25s           2025-11-12T14:38:29
================================================================================
[2025-11-12T14:39:12.858+0000] {manager.py:879} INFO - 
================================================================================
DAG File Processing Stats

File Path                           PID    Runtime      # DAGs    # Errors  Last Runtime    Last Run
----------------------------------  -----  ---------  --------  ----------  --------------  -------------------
/opt/airflow/dags/daily_summary.py                           1           0  0.28s           2025-11-12T14:38:59
================================================================================
[2025-11-12T14:39:43.249+0000] {manager.py:879} INFO - 
================================================================================
DAG File Processing Stats

File Path                           PID    Runtime      # DAGs    # Errors  Last Runtime    Last Run
----------------------------------  -----  ---------  --------  ----------  --------------  -------------------
/opt/airflow/dags/daily_summary.py                           1           0  0.25s           2025-11-12T14:39:30
================================================================================
[2025-11-12T14:40:13.787+0000] {manager.py:879} INFO - 
================================================================================
DAG File Processing Stats

File Path                           PID    Runtime      # DAGs    # Errors  Last Runtime    Last Run
----------------------------------  -----  ---------  --------  ----------  --------------  -------------------
/opt/airflow/dags/daily_summary.py                           1           0  0.30s           2025-11-12T14:40:00
================================================================================
[2025-11-12T14:40:44.217+0000] {manager.py:879} INFO - 
================================================================================
DAG File Processing Stats

File Path                           PID    Runtime      # DAGs    # Errors  Last Runtime    Last Run
----------------------------------  -----  ---------  --------  ----------  --------------  -------------------
/opt/airflow/dags/daily_summary.py                           1           0  0.31s           2025-11-12T14:40:31
================================================================================
[2025-11-12T14:41:14.800+0000] {manager.py:879} INFO - 
================================================================================
DAG File Processing Stats

File Path                           PID    Runtime      # DAGs    # Errors  Last Runtime    Last Run
----------------------------------  -----  ---------  --------  ----------  --------------  -------------------
/opt/airflow/dags/daily_summary.py                           1           0  0.31s           2025-11-12T14:41:01
================================================================================
[2025-11-12T14:41:45.218+0000] {manager.py:879} INFO - 
================================================================================
DAG File Processing Stats

File Path                           PID    Runtime      # DAGs    # Errors  Last Runtime    Last Run
----------------------------------  -----  ---------  --------  ----------  --------------  -------------------
/opt/airflow/dags/daily_summary.py                           1           0  0.32s           2025-11-12T14:41:32
================================================================================
[2025-11-12T14:42:15.562+0000] {manager.py:879} INFO - 
================================================================================
DAG File Processing Stats

File Path                           PID    Runtime      # DAGs    # Errors  Last Runtime    Last Run
----------------------------------  -----  ---------  --------  ----------  --------------  -------------------
/opt/airflow/dags/daily_summary.py                           1           0  0.24s           2025-11-12T14:42:02
================================================================================
[2025-11-12T14:42:46.108+0000] {manager.py:879} INFO - 
================================================================================
DAG File Processing Stats

File Path                           PID    Runtime      # DAGs    # Errors  Last Runtime    Last Run
----------------------------------  -----  ---------  --------  ----------  --------------  -------------------
/opt/airflow/dags/daily_summary.py                           1           0  0.28s           2025-11-12T14:42:33
================================================================================
[2025-11-12T14:43:16.517+0000] {manager.py:879} INFO - 
================================================================================
DAG File Processing Stats

File Path                           PID    Runtime      # DAGs    # Errors  Last Runtime    Last Run
----------------------------------  -----  ---------  --------  ----------  --------------  -------------------
/opt/airflow/dags/daily_summary.py                           1           0  0.31s           2025-11-12T14:43:03
================================================================================
[2025-11-12T14:43:17.526+0000] {manager.py:738} INFO - Searching for files in /opt/airflow/dags
[2025-11-12T14:43:17.596+0000] {manager.py:741} INFO - There are 1 files in /opt/airflow/dags
[2025-11-12T14:43:47.079+0000] {manager.py:879} INFO - 
================================================================================
DAG File Processing Stats

File Path                           PID    Runtime      # DAGs    # Errors  Last Runtime    Last Run
----------------------------------  -----  ---------  --------  ----------  --------------  -------------------
/opt/airflow/dags/daily_summary.py                           1           0  0.31s           2025-11-12T14:43:34
================================================================================
[2025-11-12T14:44:17.555+0000] {manager.py:879} INFO - 
================================================================================
DAG File Processing Stats

File Path                           PID    Runtime      # DAGs    # Errors  Last Runtime    Last Run
----------------------------------  -----  ---------  --------  ----------  --------------  -------------------
/opt/airflow/dags/daily_summary.py                           1           0  0.34s           2025-11-12T14:44:04
================================================================================
[2025-11-12T14:44:48.094+0000] {manager.py:879} INFO - 
================================================================================
DAG File Processing Stats

File Path                           PID    Runtime      # DAGs    # Errors  Last Runtime    Last Run
----------------------------------  -----  ---------  --------  ----------  --------------  -------------------
/opt/airflow/dags/daily_summary.py                           1           0  0.37s           2025-11-12T14:44:35
================================================================================
[2025-11-12T14:45:18.596+0000] {manager.py:879} INFO - 
================================================================================
DAG File Processing Stats

File Path                           PID    Runtime      # DAGs    # Errors  Last Runtime    Last Run
----------------------------------  -----  ---------  --------  ----------  --------------  -------------------
/opt/airflow/dags/daily_summary.py                           1           0  0.26s           2025-11-12T14:45:05
================================================================================
[2025-11-12T14:45:49.040+0000] {manager.py:879} INFO - 
================================================================================
DAG File Processing Stats

File Path                           PID    Runtime      # DAGs    # Errors  Last Runtime    Last Run
----------------------------------  -----  ---------  --------  ----------  --------------  -------------------
/opt/airflow/dags/daily_summary.py                           1           0  0.34s           2025-11-12T14:45:36
================================================================================
[2025-11-12T14:46:19.621+0000] {manager.py:879} INFO - 
================================================================================
DAG File Processing Stats

File Path                           PID    Runtime      # DAGs    # Errors  Last Runtime    Last Run
----------------------------------  -----  ---------  --------  ----------  --------------  -------------------
/opt/airflow/dags/daily_summary.py                           1           0  0.32s           2025-11-12T14:46:06
================================================================================
[2025-11-12T14:46:50.072+0000] {manager.py:879} INFO - 
================================================================================
DAG File Processing Stats

File Path                           PID    Runtime      # DAGs    # Errors  Last Runtime    Last Run
----------------------------------  -----  ---------  --------  ----------  --------------  -------------------
/opt/airflow/dags/daily_summary.py                           1           0  0.28s           2025-11-12T14:46:37
================================================================================
[2025-11-12T14:47:20.570+0000] {manager.py:879} INFO - 
================================================================================
DAG File Processing Stats

File Path                           PID    Runtime      # DAGs    # Errors  Last Runtime    Last Run
----------------------------------  -----  ---------  --------  ----------  --------------  -------------------
/opt/airflow/dags/daily_summary.py                           1           0  0.29s           2025-11-12T14:47:07
================================================================================
[2025-11-12T14:47:51.067+0000] {manager.py:879} INFO - 
================================================================================
DAG File Processing Stats

File Path                           PID    Runtime      # DAGs    # Errors  Last Runtime    Last Run
----------------------------------  -----  ---------  --------  ----------  --------------  -------------------
/opt/airflow/dags/daily_summary.py                           1           0  0.29s           2025-11-12T14:47:38
================================================================================
[2025-11-12T14:48:17.703+0000] {manager.py:738} INFO - Searching for files in /opt/airflow/dags
[2025-11-12T14:48:17.758+0000] {manager.py:741} INFO - There are 1 files in /opt/airflow/dags
[2025-11-12T14:48:21.568+0000] {manager.py:879} INFO - 
================================================================================
DAG File Processing Stats

File Path                           PID    Runtime      # DAGs    # Errors  Last Runtime    Last Run
----------------------------------  -----  ---------  --------  ----------  --------------  -------------------
/opt/airflow/dags/daily_summary.py                           1           0  0.31s           2025-11-12T14:48:08
================================================================================
[2025-11-12T14:48:52.156+0000] {manager.py:879} INFO - 
================================================================================
DAG File Processing Stats

File Path                           PID    Runtime      # DAGs    # Errors  Last Runtime    Last Run
----------------------------------  -----  ---------  --------  ----------  --------------  -------------------
/opt/airflow/dags/daily_summary.py                           1           0  0.31s           2025-11-12T14:48:39
================================================================================
[2025-11-12T14:49:22.541+0000] {manager.py:879} INFO - 
================================================================================
DAG File Processing Stats

File Path                           PID    Runtime      # DAGs    # Errors  Last Runtime    Last Run
----------------------------------  -----  ---------  --------  ----------  --------------  -------------------
/opt/airflow/dags/daily_summary.py                           1           0  0.28s           2025-11-12T14:49:09
================================================================================
[2025-11-12T14:49:53.122+0000] {manager.py:879} INFO - 
================================================================================
DAG File Processing Stats

File Path                           PID    Runtime      # DAGs    # Errors  Last Runtime    Last Run
----------------------------------  -----  ---------  --------  ----------  --------------  -------------------
/opt/airflow/dags/daily_summary.py                           1           0  0.32s           2025-11-12T14:49:40
================================================================================
[2025-11-12T14:50:23.530+0000] {manager.py:879} INFO - 
================================================================================
DAG File Processing Stats

File Path                           PID    Runtime      # DAGs    # Errors  Last Runtime    Last Run
----------------------------------  -----  ---------  --------  ----------  --------------  -------------------
/opt/airflow/dags/daily_summary.py                           1           0  0.30s           2025-11-12T14:50:10
================================================================================
[2025-11-12T14:50:54.136+0000] {manager.py:879} INFO - 
================================================================================
DAG File Processing Stats

File Path                           PID    Runtime      # DAGs    # Errors  Last Runtime    Last Run
----------------------------------  -----  ---------  --------  ----------  --------------  -------------------
/opt/airflow/dags/daily_summary.py                           1           0  0.30s           2025-11-12T14:50:41
================================================================================
[2025-11-12T14:51:24.523+0000] {manager.py:879} INFO - 
================================================================================
DAG File Processing Stats

File Path                           PID    Runtime      # DAGs    # Errors  Last Runtime    Last Run
----------------------------------  -----  ---------  --------  ----------  --------------  -------------------
/opt/airflow/dags/daily_summary.py                           1           0  0.27s           2025-11-12T14:51:11
================================================================================
[2025-11-12T14:51:55.080+0000] {manager.py:879} INFO - 
================================================================================
DAG File Processing Stats

File Path                           PID    Runtime      # DAGs    # Errors  Last Runtime    Last Run
----------------------------------  -----  ---------  --------  ----------  --------------  -------------------
/opt/airflow/dags/daily_summary.py                           1           0  0.28s           2025-11-12T14:51:42
================================================================================
[2025-11-12T14:52:25.427+0000] {manager.py:879} INFO - 
================================================================================
DAG File Processing Stats

File Path                           PID    Runtime      # DAGs    # Errors  Last Runtime    Last Run
----------------------------------  -----  ---------  --------  ----------  --------------  -------------------
/opt/airflow/dags/daily_summary.py                           1           0  0.30s           2025-11-12T14:52:12
================================================================================
[2025-11-12T14:52:56.017+0000] {manager.py:879} INFO - 
================================================================================
DAG File Processing Stats

File Path                           PID    Runtime      # DAGs    # Errors  Last Runtime    Last Run
----------------------------------  -----  ---------  --------  ----------  --------------  -------------------
/opt/airflow/dags/daily_summary.py                           1           0  0.28s           2025-11-12T14:52:42
================================================================================
[2025-11-12T14:53:18.324+0000] {manager.py:738} INFO - Searching for files in /opt/airflow/dags
[2025-11-12T14:53:18.375+0000] {manager.py:741} INFO - There are 1 files in /opt/airflow/dags
[2025-11-12T14:53:26.472+0000] {manager.py:879} INFO - 
================================================================================
DAG File Processing Stats

File Path                           PID    Runtime      # DAGs    # Errors  Last Runtime    Last Run
----------------------------------  -----  ---------  --------  ----------  --------------  -------------------
/opt/airflow/dags/daily_summary.py                           1           0  0.34s           2025-11-12T14:53:13
================================================================================
[2025-11-12T14:53:57.036+0000] {manager.py:879} INFO - 
================================================================================
DAG File Processing Stats

File Path                           PID    Runtime      # DAGs    # Errors  Last Runtime    Last Run
----------------------------------  -----  ---------  --------  ----------  --------------  -------------------
/opt/airflow/dags/daily_summary.py                           1           0  0.28s           2025-11-12T14:53:43
================================================================================
[2025-11-12T14:54:27.444+0000] {manager.py:879} INFO - 
================================================================================
DAG File Processing Stats

File Path                           PID    Runtime      # DAGs    # Errors  Last Runtime    Last Run
----------------------------------  -----  ---------  --------  ----------  --------------  -------------------
/opt/airflow/dags/daily_summary.py                           1           0  0.32s           2025-11-12T14:54:14
================================================================================
[2025-11-12T14:54:58.063+0000] {manager.py:879} INFO - 
================================================================================
DAG File Processing Stats

File Path                           PID    Runtime      # DAGs    # Errors  Last Runtime    Last Run
----------------------------------  -----  ---------  --------  ----------  --------------  -------------------
/opt/airflow/dags/daily_summary.py                           1           0  0.29s           2025-11-12T14:54:44
================================================================================
[2025-11-12T14:55:28.449+0000] {manager.py:879} INFO - 
================================================================================
DAG File Processing Stats

File Path                           PID    Runtime      # DAGs    # Errors  Last Runtime    Last Run
----------------------------------  -----  ---------  --------  ----------  --------------  -------------------
/opt/airflow/dags/daily_summary.py                           1           0  0.34s           2025-11-12T14:55:15
================================================================================
[2025-11-12T14:55:59.097+0000] {manager.py:879} INFO - 
================================================================================
DAG File Processing Stats

File Path                           PID    Runtime      # DAGs    # Errors  Last Runtime    Last Run
----------------------------------  -----  ---------  --------  ----------  --------------  -------------------
/opt/airflow/dags/daily_summary.py                           1           0  0.33s           2025-11-12T14:55:46
================================================================================
[2025-11-12T14:56:29.507+0000] {manager.py:879} INFO - 
================================================================================
DAG File Processing Stats

File Path                           PID    Runtime      # DAGs    # Errors  Last Runtime    Last Run
----------------------------------  -----  ---------  --------  ----------  --------------  -------------------
/opt/airflow/dags/daily_summary.py                           1           0  0.30s           2025-11-12T14:56:16
================================================================================
[2025-11-12T14:57:00.070+0000] {manager.py:879} INFO - 
================================================================================
DAG File Processing Stats

File Path                           PID    Runtime      # DAGs    # Errors  Last Runtime    Last Run
----------------------------------  -----  ---------  --------  ----------  --------------  -------------------
/opt/airflow/dags/daily_summary.py                           1           0  0.32s           2025-11-12T14:56:47
================================================================================
[2025-11-12T14:57:30.530+0000] {manager.py:879} INFO - 
================================================================================
DAG File Processing Stats

File Path                           PID    Runtime      # DAGs    # Errors  Last Runtime    Last Run
----------------------------------  -----  ---------  --------  ----------  --------------  -------------------
/opt/airflow/dags/daily_summary.py                           1           0  0.30s           2025-11-12T14:57:17
================================================================================
[2025-11-12T14:58:01.026+0000] {manager.py:879} INFO - 
================================================================================
DAG File Processing Stats

File Path                           PID    Runtime      # DAGs    # Errors  Last Runtime    Last Run
----------------------------------  -----  ---------  --------  ----------  --------------  -------------------
/opt/airflow/dags/daily_summary.py                           1           0  0.32s           2025-11-12T14:57:48
================================================================================
[2025-11-12T14:58:18.348+0000] {manager.py:738} INFO - Searching for files in /opt/airflow/dags
[2025-11-12T14:58:18.391+0000] {manager.py:741} INFO - There are 1 files in /opt/airflow/dags
[2025-11-12T14:58:31.547+0000] {manager.py:879} INFO - 
================================================================================
DAG File Processing Stats

File Path                           PID    Runtime      # DAGs    # Errors  Last Runtime    Last Run
----------------------------------  -----  ---------  --------  ----------  --------------  -------------------
/opt/airflow/dags/daily_summary.py                           1           0  0.25s           2025-11-12T14:58:18
================================================================================
[2025-11-12T14:59:01.882+0000] {manager.py:879} INFO - 
================================================================================
DAG File Processing Stats

File Path                           PID    Runtime      # DAGs    # Errors  Last Runtime    Last Run
----------------------------------  -----  ---------  --------  ----------  --------------  -------------------
/opt/airflow/dags/daily_summary.py                           1           0  0.26s           2025-11-12T14:58:49
================================================================================
[2025-11-12T14:59:32.409+0000] {manager.py:879} INFO - 
================================================================================
DAG File Processing Stats

File Path                           PID    Runtime      # DAGs    # Errors  Last Runtime    Last Run
----------------------------------  -----  ---------  --------  ----------  --------------  -------------------
/opt/airflow/dags/daily_summary.py                           1           0  0.27s           2025-11-12T14:59:19
================================================================================
[2025-11-12T15:00:02.754+0000] {manager.py:879} INFO - 
================================================================================
DAG File Processing Stats

File Path                           PID    Runtime      # DAGs    # Errors  Last Runtime    Last Run
----------------------------------  -----  ---------  --------  ----------  --------------  -------------------
/opt/airflow/dags/daily_summary.py                           1           0  0.28s           2025-11-12T14:59:49
================================================================================
[2025-11-12T15:00:33.297+0000] {manager.py:879} INFO - 
================================================================================
DAG File Processing Stats

File Path                           PID    Runtime      # DAGs    # Errors  Last Runtime    Last Run
----------------------------------  -----  ---------  --------  ----------  --------------  -------------------
/opt/airflow/dags/daily_summary.py                           1           0  0.28s           2025-11-12T15:00:20
================================================================================
[2025-11-12T15:01:03.645+0000] {manager.py:879} INFO - 
================================================================================
DAG File Processing Stats

File Path                           PID    Runtime      # DAGs    # Errors  Last Runtime    Last Run
----------------------------------  -----  ---------  --------  ----------  --------------  -------------------
/opt/airflow/dags/daily_summary.py                           1           0  0.31s           2025-11-12T15:00:50
================================================================================
[2025-11-12T15:01:33.999+0000] {manager.py:879} INFO - 
================================================================================
DAG File Processing Stats

File Path                           PID    Runtime      # DAGs    # Errors  Last Runtime    Last Run
----------------------------------  -----  ---------  --------  ----------  --------------  -------------------
/opt/airflow/dags/daily_summary.py                           1           0  0.27s           2025-11-12T15:01:21
================================================================================
[2025-11-12T15:02:04.589+0000] {manager.py:879} INFO - 
================================================================================
DAG File Processing Stats

File Path                           PID    Runtime      # DAGs    # Errors  Last Runtime    Last Run
----------------------------------  -----  ---------  --------  ----------  --------------  -------------------
/opt/airflow/dags/daily_summary.py                           1           0  0.25s           2025-11-12T15:01:51
================================================================================
[2025-11-12T15:02:34.988+0000] {manager.py:879} INFO - 
================================================================================
DAG File Processing Stats

File Path                           PID    Runtime      # DAGs    # Errors  Last Runtime    Last Run
----------------------------------  -----  ---------  --------  ----------  --------------  -------------------
/opt/airflow/dags/daily_summary.py                           1           0  0.29s           2025-11-12T15:02:22
================================================================================
[2025-11-12T15:03:05.564+0000] {manager.py:879} INFO - 
================================================================================
DAG File Processing Stats

File Path                           PID    Runtime      # DAGs    # Errors  Last Runtime    Last Run
----------------------------------  -----  ---------  --------  ----------  --------------  -------------------
/opt/airflow/dags/daily_summary.py                           1           0  0.34s           2025-11-12T15:02:52
================================================================================
[2025-11-12T15:03:18.712+0000] {manager.py:738} INFO - Searching for files in /opt/airflow/dags
[2025-11-12T15:03:18.765+0000] {manager.py:741} INFO - There are 1 files in /opt/airflow/dags
[2025-11-12T15:03:36.009+0000] {manager.py:879} INFO - 
================================================================================
DAG File Processing Stats

File Path                           PID    Runtime      # DAGs    # Errors  Last Runtime    Last Run
----------------------------------  -----  ---------  --------  ----------  --------------  -------------------
/opt/airflow/dags/daily_summary.py                           1           0  0.33s           2025-11-12T15:03:23
================================================================================
[2025-11-12T15:04:06.649+0000] {manager.py:879} INFO - 
================================================================================
DAG File Processing Stats

File Path                           PID    Runtime      # DAGs    # Errors  Last Runtime    Last Run
----------------------------------  -----  ---------  --------  ----------  --------------  -------------------
/opt/airflow/dags/daily_summary.py                           1           0  0.30s           2025-11-12T15:03:53
================================================================================
[2025-11-12T15:04:37.024+0000] {manager.py:879} INFO - 
================================================================================
DAG File Processing Stats

File Path                           PID    Runtime      # DAGs    # Errors  Last Runtime    Last Run
----------------------------------  -----  ---------  --------  ----------  --------------  -------------------
/opt/airflow/dags/daily_summary.py                           1           0  0.32s           2025-11-12T15:04:24
================================================================================
[2025-11-12T15:05:07.616+0000] {manager.py:879} INFO - 
================================================================================
DAG File Processing Stats

File Path                           PID    Runtime      # DAGs    # Errors  Last Runtime    Last Run
----------------------------------  -----  ---------  --------  ----------  --------------  -------------------
/opt/airflow/dags/daily_summary.py                           1           0  0.31s           2025-11-12T15:04:54
================================================================================
[2025-11-12T15:05:38.034+0000] {manager.py:879} INFO - 
================================================================================
DAG File Processing Stats

File Path                           PID    Runtime      # DAGs    # Errors  Last Runtime    Last Run
----------------------------------  -----  ---------  --------  ----------  --------------  -------------------
/opt/airflow/dags/daily_summary.py                           1           0  0.29s           2025-11-12T15:05:25
================================================================================
[2025-11-12T15:06:08.602+0000] {manager.py:879} INFO - 
================================================================================
DAG File Processing Stats

File Path                           PID    Runtime      # DAGs    # Errors  Last Runtime    Last Run
----------------------------------  -----  ---------  --------  ----------  --------------  -------------------
/opt/airflow/dags/daily_summary.py                           1           0  0.26s           2025-11-12T15:05:55
================================================================================
[2025-11-12T15:06:38.981+0000] {manager.py:879} INFO - 
================================================================================
DAG File Processing Stats

File Path                           PID    Runtime      # DAGs    # Errors  Last Runtime    Last Run
----------------------------------  -----  ---------  --------  ----------  --------------  -------------------
/opt/airflow/dags/daily_summary.py                           1           0  0.30s           2025-11-12T15:06:26
================================================================================
[2025-11-12T15:07:09.577+0000] {manager.py:879} INFO - 
================================================================================
DAG File Processing Stats

File Path                           PID    Runtime      # DAGs    # Errors  Last Runtime    Last Run
----------------------------------  -----  ---------  --------  ----------  --------------  -------------------
/opt/airflow/dags/daily_summary.py                           1           0  0.33s           2025-11-12T15:06:56
================================================================================
[2025-11-12T15:07:39.993+0000] {manager.py:879} INFO - 
================================================================================
DAG File Processing Stats

File Path                           PID    Runtime      # DAGs    # Errors  Last Runtime    Last Run
----------------------------------  -----  ---------  --------  ----------  --------------  -------------------
/opt/airflow/dags/daily_summary.py                           1           0  0.35s           2025-11-12T15:07:27
================================================================================
[2025-11-12T15:08:10.643+0000] {manager.py:879} INFO - 
================================================================================
DAG File Processing Stats

File Path                           PID    Runtime      # DAGs    # Errors  Last Runtime    Last Run
----------------------------------  -----  ---------  --------  ----------  --------------  -------------------
/opt/airflow/dags/daily_summary.py                           1           0  0.30s           2025-11-12T15:07:57
================================================================================
[2025-11-12T15:08:18.735+0000] {manager.py:738} INFO - Searching for files in /opt/airflow/dags
[2025-11-12T15:08:18.813+0000] {manager.py:741} INFO - There are 1 files in /opt/airflow/dags
[2025-11-12T15:08:41.152+0000] {manager.py:879} INFO - 
================================================================================
DAG File Processing Stats

File Path                           PID    Runtime      # DAGs    # Errors  Last Runtime    Last Run
----------------------------------  -----  ---------  --------  ----------  --------------  -------------------
/opt/airflow/dags/daily_summary.py                           1           0  0.34s           2025-11-12T15:08:28
================================================================================
[2025-11-12T15:09:11.748+0000] {manager.py:879} INFO - 
================================================================================
DAG File Processing Stats

File Path                           PID    Runtime      # DAGs    # Errors  Last Runtime    Last Run
----------------------------------  -----  ---------  --------  ----------  --------------  -------------------
/opt/airflow/dags/daily_summary.py                           1           0  0.31s           2025-11-12T15:08:58
================================================================================
[2025-11-12T15:09:42.136+0000] {manager.py:879} INFO - 
================================================================================
DAG File Processing Stats

File Path                           PID    Runtime      # DAGs    # Errors  Last Runtime    Last Run
----------------------------------  -----  ---------  --------  ----------  --------------  -------------------
/opt/airflow/dags/daily_summary.py                           1           0  0.27s           2025-11-12T15:09:29
================================================================================
[2025-11-12T15:10:12.671+0000] {manager.py:879} INFO - 
================================================================================
DAG File Processing Stats

File Path                           PID    Runtime      # DAGs    # Errors  Last Runtime    Last Run
----------------------------------  -----  ---------  --------  ----------  --------------  -------------------
/opt/airflow/dags/daily_summary.py                           1           0  0.25s           2025-11-12T15:09:59
================================================================================
[2025-11-12T15:10:43.086+0000] {manager.py:879} INFO - 
================================================================================
DAG File Processing Stats

File Path                           PID    Runtime      # DAGs    # Errors  Last Runtime    Last Run
----------------------------------  -----  ---------  --------  ----------  --------------  -------------------
/opt/airflow/dags/daily_summary.py                           1           0  0.30s           2025-11-12T15:10:30
================================================================================
[2025-11-12T15:11:13.665+0000] {manager.py:879} INFO - 
================================================================================
DAG File Processing Stats

File Path                           PID    Runtime      # DAGs    # Errors  Last Runtime    Last Run
----------------------------------  -----  ---------  --------  ----------  --------------  -------------------
/opt/airflow/dags/daily_summary.py                           1           0  0.28s           2025-11-12T15:11:00
================================================================================
[2025-11-12T15:11:44.052+0000] {manager.py:879} INFO - 
================================================================================
DAG File Processing Stats

File Path                           PID    Runtime      # DAGs    # Errors  Last Runtime    Last Run
----------------------------------  -----  ---------  --------  ----------  --------------  -------------------
/opt/airflow/dags/daily_summary.py                           1           0  0.31s           2025-11-12T15:11:31
================================================================================
[2025-11-12T15:12:14.656+0000] {manager.py:879} INFO - 
================================================================================
DAG File Processing Stats

File Path                           PID    Runtime      # DAGs    # Errors  Last Runtime    Last Run
----------------------------------  -----  ---------  --------  ----------  --------------  -------------------
/opt/airflow/dags/daily_summary.py                           1           0  0.27s           2025-11-12T15:12:01
================================================================================
[2025-11-12T15:12:45.033+0000] {manager.py:879} INFO - 
================================================================================
DAG File Processing Stats

File Path                           PID    Runtime      # DAGs    # Errors  Last Runtime    Last Run
----------------------------------  -----  ---------  --------  ----------  --------------  -------------------
/opt/airflow/dags/daily_summary.py                           1           0  0.25s           2025-11-12T15:12:32
================================================================================
[2025-11-12T15:13:15.569+0000] {manager.py:879} INFO - 
================================================================================
DAG File Processing Stats

File Path                           PID    Runtime      # DAGs    # Errors  Last Runtime    Last Run
----------------------------------  -----  ---------  --------  ----------  --------------  -------------------
/opt/airflow/dags/daily_summary.py                           1           0  0.35s           2025-11-12T15:13:02
================================================================================
[2025-11-12T15:13:18.757+0000] {manager.py:738} INFO - Searching for files in /opt/airflow/dags
[2025-11-12T15:13:18.800+0000] {manager.py:741} INFO - There are 1 files in /opt/airflow/dags
[2025-11-12T15:13:46.099+0000] {manager.py:879} INFO - 
================================================================================
DAG File Processing Stats

File Path                           PID    Runtime      # DAGs    # Errors  Last Runtime    Last Run
----------------------------------  -----  ---------  --------  ----------  --------------  -------------------
/opt/airflow/dags/daily_summary.py                           1           0  0.33s           2025-11-12T15:13:33
================================================================================
[2025-11-12T15:14:16.550+0000] {manager.py:879} INFO - 
================================================================================
DAG File Processing Stats

File Path                           PID    Runtime      # DAGs    # Errors  Last Runtime    Last Run
----------------------------------  -----  ---------  --------  ----------  --------------  -------------------
/opt/airflow/dags/daily_summary.py                           1           0  0.31s           2025-11-12T15:14:03
================================================================================
[2025-11-12T15:14:47.092+0000] {manager.py:879} INFO - 
================================================================================
DAG File Processing Stats

File Path                           PID    Runtime      # DAGs    # Errors  Last Runtime    Last Run
----------------------------------  -----  ---------  --------  ----------  --------------  -------------------
/opt/airflow/dags/daily_summary.py                           1           0  0.34s           2025-11-12T15:14:34
================================================================================
[2025-11-12T15:15:17.565+0000] {manager.py:879} INFO - 
================================================================================
DAG File Processing Stats

File Path                           PID    Runtime      # DAGs    # Errors  Last Runtime    Last Run
----------------------------------  -----  ---------  --------  ----------  --------------  -------------------
/opt/airflow/dags/daily_summary.py                           1           0  0.28s           2025-11-12T15:15:04
================================================================================
[2025-11-12T15:15:48.019+0000] {manager.py:879} INFO - 
================================================================================
DAG File Processing Stats

File Path                           PID    Runtime      # DAGs    # Errors  Last Runtime    Last Run
----------------------------------  -----  ---------  --------  ----------  --------------  -------------------
/opt/airflow/dags/daily_summary.py                           1           0  0.37s           2025-11-12T15:15:35
================================================================================
[2025-11-12T15:16:18.609+0000] {manager.py:879} INFO - 
================================================================================
DAG File Processing Stats

File Path                           PID    Runtime      # DAGs    # Errors  Last Runtime    Last Run
----------------------------------  -----  ---------  --------  ----------  --------------  -------------------
/opt/airflow/dags/daily_summary.py                           1           0  0.36s           2025-11-12T15:16:05
================================================================================
[2025-11-12T15:16:49.042+0000] {manager.py:879} INFO - 
================================================================================
DAG File Processing Stats

File Path                           PID    Runtime      # DAGs    # Errors  Last Runtime    Last Run
----------------------------------  -----  ---------  --------  ----------  --------------  -------------------
/opt/airflow/dags/daily_summary.py                           1           0  0.30s           2025-11-12T15:16:36
================================================================================
[2025-11-12T15:17:19.565+0000] {manager.py:879} INFO - 
================================================================================
DAG File Processing Stats

File Path                           PID    Runtime      # DAGs    # Errors  Last Runtime    Last Run
----------------------------------  -----  ---------  --------  ----------  --------------  -------------------
/opt/airflow/dags/daily_summary.py                           1           0  0.31s           2025-11-12T15:17:06
================================================================================
[2025-11-12T15:17:50.009+0000] {manager.py:879} INFO - 
================================================================================
DAG File Processing Stats

File Path                           PID    Runtime      # DAGs    # Errors  Last Runtime    Last Run
----------------------------------  -----  ---------  --------  ----------  --------------  -------------------
/opt/airflow/dags/daily_summary.py                           1           0  0.31s           2025-11-12T15:17:37
================================================================================
[2025-11-12T15:18:19.546+0000] {manager.py:738} INFO - Searching for files in /opt/airflow/dags
[2025-11-12T15:18:19.612+0000] {manager.py:741} INFO - There are 1 files in /opt/airflow/dags
[2025-11-12T15:18:20.641+0000] {manager.py:879} INFO - 
================================================================================
DAG File Processing Stats

File Path                           PID    Runtime      # DAGs    # Errors  Last Runtime    Last Run
----------------------------------  -----  ---------  --------  ----------  --------------  -------------------
/opt/airflow/dags/daily_summary.py                           1           0  0.35s           2025-11-12T15:18:07
================================================================================
[2025-11-12T15:18:51.035+0000] {manager.py:879} INFO - 
================================================================================
DAG File Processing Stats

File Path                           PID    Runtime      # DAGs    # Errors  Last Runtime    Last Run
----------------------------------  -----  ---------  --------  ----------  --------------  -------------------
/opt/airflow/dags/daily_summary.py                           1           0  0.31s           2025-11-12T15:18:38
================================================================================
[2025-11-12T15:19:21.651+0000] {manager.py:879} INFO - 
================================================================================
DAG File Processing Stats

File Path                           PID    Runtime      # DAGs    # Errors  Last Runtime    Last Run
----------------------------------  -----  ---------  --------  ----------  --------------  -------------------
/opt/airflow/dags/daily_summary.py                           1           0  0.32s           2025-11-12T15:19:08
================================================================================
[2025-11-12T15:19:52.036+0000] {manager.py:879} INFO - 
================================================================================
DAG File Processing Stats

File Path                           PID    Runtime      # DAGs    # Errors  Last Runtime    Last Run
----------------------------------  -----  ---------  --------  ----------  --------------  -------------------
/opt/airflow/dags/daily_summary.py                           1           0  0.28s           2025-11-12T15:19:39
================================================================================
[2025-11-12T15:20:22.610+0000] {manager.py:879} INFO - 
================================================================================
DAG File Processing Stats

File Path                           PID    Runtime      # DAGs    # Errors  Last Runtime    Last Run
----------------------------------  -----  ---------  --------  ----------  --------------  -------------------
/opt/airflow/dags/daily_summary.py                           1           0  0.30s           2025-11-12T15:20:09
================================================================================
[2025-11-12T15:20:52.990+0000] {manager.py:879} INFO - 
================================================================================
DAG File Processing Stats

File Path                           PID    Runtime      # DAGs    # Errors  Last Runtime    Last Run
----------------------------------  -----  ---------  --------  ----------  --------------  -------------------
/opt/airflow/dags/daily_summary.py                           1           0  0.26s           2025-11-12T15:20:40
================================================================================
[2025-11-12T15:21:23.547+0000] {manager.py:879} INFO - 
================================================================================
DAG File Processing Stats

File Path                           PID    Runtime      # DAGs    # Errors  Last Runtime    Last Run
----------------------------------  -----  ---------  --------  ----------  --------------  -------------------
/opt/airflow/dags/daily_summary.py                           1           0  0.33s           2025-11-12T15:21:10
================================================================================
[2025-11-12T15:21:53.986+0000] {manager.py:879} INFO - 
================================================================================
DAG File Processing Stats

File Path                           PID    Runtime      # DAGs    # Errors  Last Runtime    Last Run
----------------------------------  -----  ---------  --------  ----------  --------------  -------------------
/opt/airflow/dags/daily_summary.py                           1           0  0.30s           2025-11-12T15:21:41
================================================================================
[2025-11-12T15:22:24.547+0000] {manager.py:879} INFO - 
================================================================================
DAG File Processing Stats

File Path                           PID    Runtime      # DAGs    # Errors  Last Runtime    Last Run
----------------------------------  -----  ---------  --------  ----------  --------------  -------------------
/opt/airflow/dags/daily_summary.py                           1           0  0.31s           2025-11-12T15:22:11
================================================================================
[2025-11-12T15:22:54.968+0000] {manager.py:879} INFO - 
================================================================================
DAG File Processing Stats

File Path                           PID    Runtime      # DAGs    # Errors  Last Runtime    Last Run
----------------------------------  -----  ---------  --------  ----------  --------------  -------------------
/opt/airflow/dags/daily_summary.py                           1           0  0.26s           2025-11-12T15:22:42
================================================================================
[2025-11-12T15:23:19.571+0000] {manager.py:738} INFO - Searching for files in /opt/airflow/dags
[2025-11-12T15:23:19.651+0000] {manager.py:741} INFO - There are 1 files in /opt/airflow/dags
[2025-11-12T15:23:25.497+0000] {manager.py:879} INFO - 
================================================================================
DAG File Processing Stats

File Path                           PID    Runtime      # DAGs    # Errors  Last Runtime    Last Run
----------------------------------  -----  ---------  --------  ----------  --------------  -------------------
/opt/airflow/dags/daily_summary.py                           1           0  0.32s           2025-11-12T15:23:12
================================================================================
[2025-11-12T15:23:56.047+0000] {manager.py:879} INFO - 
================================================================================
DAG File Processing Stats

File Path                           PID    Runtime      # DAGs    # Errors  Last Runtime    Last Run
----------------------------------  -----  ---------  --------  ----------  --------------  -------------------
/opt/airflow/dags/daily_summary.py                           1           0  0.36s           2025-11-12T15:23:43
================================================================================
[2025-11-12T15:24:26.552+0000] {manager.py:879} INFO - 
================================================================================
DAG File Processing Stats

File Path                           PID    Runtime      # DAGs    # Errors  Last Runtime    Last Run
----------------------------------  -----  ---------  --------  ----------  --------------  -------------------
/opt/airflow/dags/daily_summary.py                           1           0  0.33s           2025-11-12T15:24:13
================================================================================
[2025-11-12T15:24:57.045+0000] {manager.py:879} INFO - 
================================================================================
DAG File Processing Stats

File Path                           PID    Runtime      # DAGs    # Errors  Last Runtime    Last Run
----------------------------------  -----  ---------  --------  ----------  --------------  -------------------
/opt/airflow/dags/daily_summary.py                           1           0  0.36s           2025-11-12T15:24:44
================================================================================
[2025-11-12T15:25:27.594+0000] {manager.py:879} INFO - 
================================================================================
DAG File Processing Stats

File Path                           PID    Runtime      # DAGs    # Errors  Last Runtime    Last Run
----------------------------------  -----  ---------  --------  ----------  --------------  -------------------
/opt/airflow/dags/daily_summary.py                           1           0  0.31s           2025-11-12T15:25:14
================================================================================
[2025-11-12T15:25:58.019+0000] {manager.py:879} INFO - 
================================================================================
DAG File Processing Stats

File Path                           PID    Runtime      # DAGs    # Errors  Last Runtime    Last Run
----------------------------------  -----  ---------  --------  ----------  --------------  -------------------
/opt/airflow/dags/daily_summary.py                           1           0  0.26s           2025-11-12T15:25:45
================================================================================
[2025-11-12T15:26:28.539+0000] {manager.py:879} INFO - 
================================================================================
DAG File Processing Stats

File Path                           PID    Runtime      # DAGs    # Errors  Last Runtime    Last Run
----------------------------------  -----  ---------  --------  ----------  --------------  -------------------
/opt/airflow/dags/daily_summary.py                           1           0  0.25s           2025-11-12T15:26:15
================================================================================
[2025-11-12T15:26:58.931+0000] {manager.py:879} INFO - 
================================================================================
DAG File Processing Stats

File Path                           PID    Runtime      # DAGs    # Errors  Last Runtime    Last Run
----------------------------------  -----  ---------  --------  ----------  --------------  -------------------
/opt/airflow/dags/daily_summary.py                           1           0  0.29s           2025-11-12T15:26:46
================================================================================
[2025-11-12T15:27:29.516+0000] {manager.py:879} INFO - 
================================================================================
DAG File Processing Stats

File Path                           PID    Runtime      # DAGs    # Errors  Last Runtime    Last Run
----------------------------------  -----  ---------  --------  ----------  --------------  -------------------
/opt/airflow/dags/daily_summary.py                           1           0  0.35s           2025-11-12T15:27:16
================================================================================
[2025-11-12T15:27:59.974+0000] {manager.py:879} INFO - 
================================================================================
DAG File Processing Stats

File Path                           PID    Runtime      # DAGs    # Errors  Last Runtime    Last Run
----------------------------------  -----  ---------  --------  ----------  --------------  -------------------
/opt/airflow/dags/daily_summary.py                           1           0  0.32s           2025-11-12T15:27:47
================================================================================
[2025-11-12T15:28:20.395+0000] {manager.py:738} INFO - Searching for files in /opt/airflow/dags
[2025-11-12T15:28:20.441+0000] {manager.py:741} INFO - There are 1 files in /opt/airflow/dags
[2025-11-12T15:28:30.568+0000] {manager.py:879} INFO - 
================================================================================
DAG File Processing Stats

File Path                           PID    Runtime      # DAGs    # Errors  Last Runtime    Last Run
----------------------------------  -----  ---------  --------  ----------  --------------  -------------------
/opt/airflow/dags/daily_summary.py                           1           0  0.29s           2025-11-12T15:28:17
================================================================================
[2025-11-12T15:29:00.961+0000] {manager.py:879} INFO - 
================================================================================
DAG File Processing Stats

File Path                           PID    Runtime      # DAGs    # Errors  Last Runtime    Last Run
----------------------------------  -----  ---------  --------  ----------  --------------  -------------------
/opt/airflow/dags/daily_summary.py                           1           0  0.30s           2025-11-12T15:28:48
================================================================================
[2025-11-12T15:29:31.540+0000] {manager.py:879} INFO - 
================================================================================
DAG File Processing Stats

File Path                           PID    Runtime      # DAGs    # Errors  Last Runtime    Last Run
----------------------------------  -----  ---------  --------  ----------  --------------  -------------------
/opt/airflow/dags/daily_summary.py                           1           0  0.43s           2025-11-12T15:29:18
================================================================================
[2025-11-12T15:30:02.023+0000] {manager.py:879} INFO - 
================================================================================
DAG File Processing Stats

File Path                           PID    Runtime      # DAGs    # Errors  Last Runtime    Last Run
----------------------------------  -----  ---------  --------  ----------  --------------  -------------------
/opt/airflow/dags/daily_summary.py                           1           0  0.29s           2025-11-12T15:29:49
================================================================================
[2025-11-12T15:30:32.449+0000] {manager.py:879} INFO - 
================================================================================
DAG File Processing Stats

File Path                           PID    Runtime      # DAGs    # Errors  Last Runtime    Last Run
----------------------------------  -----  ---------  --------  ----------  --------------  -------------------
/opt/airflow/dags/daily_summary.py                           1           0  0.30s           2025-11-12T15:30:19
================================================================================
[2025-11-12T16:20:26.894+0000] {manager.py:469} INFO - Processing files using up to 2 processes at a time 
[2025-11-12T16:20:26.895+0000] {manager.py:470} INFO - Process each file at most once every 30 seconds
[2025-11-12T16:20:26.896+0000] {manager.py:471} INFO - Checking for new files in /opt/airflow/dags every 300 seconds
[2025-11-12T16:20:26.897+0000] {manager.py:738} INFO - Searching for files in /opt/airflow/dags
[2025-11-12T16:20:26.942+0000] {manager.py:741} INFO - There are 1 files in /opt/airflow/dags
[2025-11-12T16:20:27.064+0000] {manager.py:879} INFO - 
================================================================================
DAG File Processing Stats

File Path                             PID  Runtime      # DAGs    # Errors  Last Runtime    Last Run
----------------------------------  -----  ---------  --------  ----------  --------------  ----------
/opt/airflow/dags/daily_summary.py    175  0.05s             0           0
================================================================================
[2025-11-12T16:20:57.366+0000] {manager.py:879} INFO - 
================================================================================
DAG File Processing Stats

File Path                           PID    Runtime      # DAGs    # Errors  Last Runtime    Last Run
----------------------------------  -----  ---------  --------  ----------  --------------  -------------------
/opt/airflow/dags/daily_summary.py                           1           0  0.39s           2025-11-12T16:20:27
================================================================================
[2025-11-12T16:21:27.602+0000] {manager.py:879} INFO - 
================================================================================
DAG File Processing Stats

File Path                           PID    Runtime      # DAGs    # Errors  Last Runtime    Last Run
----------------------------------  -----  ---------  --------  ----------  --------------  -------------------
/opt/airflow/dags/daily_summary.py                           1           0  0.60s           2025-11-12T16:20:58
================================================================================
[2025-11-12T16:21:57.954+0000] {manager.py:879} INFO - 
================================================================================
DAG File Processing Stats

File Path                           PID    Runtime      # DAGs    # Errors  Last Runtime    Last Run
----------------------------------  -----  ---------  --------  ----------  --------------  -------------------
/opt/airflow/dags/daily_summary.py                           1           0  0.33s           2025-11-12T16:21:28
================================================================================
[2025-11-12T16:22:28.050+0000] {manager.py:879} INFO - 
================================================================================
DAG File Processing Stats

File Path                           PID    Runtime      # DAGs    # Errors  Last Runtime    Last Run
----------------------------------  -----  ---------  --------  ----------  --------------  -------------------
/opt/airflow/dags/daily_summary.py                           1           0  0.41s           2025-11-12T16:21:59
================================================================================
[2025-11-12T16:22:58.415+0000] {manager.py:879} INFO - 
================================================================================
DAG File Processing Stats

File Path                           PID    Runtime      # DAGs    # Errors  Last Runtime    Last Run
----------------------------------  -----  ---------  --------  ----------  --------------  -------------------
/opt/airflow/dags/daily_summary.py                           1           0  0.34s           2025-11-12T16:22:30
================================================================================
[2025-11-12T16:23:29.076+0000] {manager.py:879} INFO - 
================================================================================
DAG File Processing Stats

File Path                           PID    Runtime      # DAGs    # Errors  Last Runtime    Last Run
----------------------------------  -----  ---------  --------  ----------  --------------  -------------------
/opt/airflow/dags/daily_summary.py                           1           0  0.36s           2025-11-12T16:23:00
================================================================================
[2025-11-12T16:23:59.463+0000] {manager.py:879} INFO - 
================================================================================
DAG File Processing Stats

File Path                           PID    Runtime      # DAGs    # Errors  Last Runtime    Last Run
----------------------------------  -----  ---------  --------  ----------  --------------  -------------------
/opt/airflow/dags/daily_summary.py                           1           0  0.31s           2025-11-12T16:23:31
================================================================================
[2025-11-12T16:24:19.058+0000] {manager.py:451} INFO - Exiting gracefully upon receiving signal 15
[2025-11-12T16:37:12.528+0000] {manager.py:469} INFO - Processing files using up to 2 processes at a time 
[2025-11-12T16:37:12.529+0000] {manager.py:470} INFO - Process each file at most once every 30 seconds
[2025-11-12T16:37:12.530+0000] {manager.py:471} INFO - Checking for new files in /opt/airflow/dags every 300 seconds
[2025-11-12T16:37:12.531+0000] {manager.py:738} INFO - Searching for files in /opt/airflow/dags
[2025-11-12T16:37:12.571+0000] {manager.py:741} INFO - There are 1 files in /opt/airflow/dags
[2025-11-12T16:37:12.707+0000] {manager.py:879} INFO - 
================================================================================
DAG File Processing Stats

File Path                             PID  Runtime      # DAGs    # Errors  Last Runtime    Last Run
----------------------------------  -----  ---------  --------  ----------  --------------  ----------
/opt/airflow/dags/daily_summary.py    175  0.06s             0           0
================================================================================
[2025-11-12T16:37:43.030+0000] {manager.py:879} INFO - 
================================================================================
DAG File Processing Stats

File Path                             PID  Runtime      # DAGs    # Errors  Last Runtime    Last Run
----------------------------------  -----  ---------  --------  ----------  --------------  -------------------
/opt/airflow/dags/daily_summary.py    180  0.01s             1           0  0.33s           2025-11-12T16:37:12
================================================================================
[2025-11-12T16:38:07.173+0000] {manager.py:451} INFO - Exiting gracefully upon receiving signal 15
[2025-11-12T16:38:53.685+0000] {manager.py:469} INFO - Processing files using up to 2 processes at a time 
[2025-11-12T16:38:53.686+0000] {manager.py:470} INFO - Process each file at most once every 30 seconds
[2025-11-12T16:38:53.687+0000] {manager.py:471} INFO - Checking for new files in /opt/airflow/dags every 300 seconds
[2025-11-12T16:38:53.688+0000] {manager.py:738} INFO - Searching for files in /opt/airflow/dags
[2025-11-12T16:38:53.741+0000] {manager.py:741} INFO - There are 1 files in /opt/airflow/dags
[2025-11-12T16:38:53.899+0000] {manager.py:879} INFO - 
================================================================================
DAG File Processing Stats

File Path                             PID  Runtime      # DAGs    # Errors  Last Runtime    Last Run
----------------------------------  -----  ---------  --------  ----------  --------------  ----------
/opt/airflow/dags/daily_summary.py    175  0.05s             0           0
================================================================================
[2025-11-12T16:39:24.168+0000] {manager.py:879} INFO - 
================================================================================
DAG File Processing Stats

File Path                           PID    Runtime      # DAGs    # Errors  Last Runtime    Last Run
----------------------------------  -----  ---------  --------  ----------  --------------  -------------------
/opt/airflow/dags/daily_summary.py                           1           0  0.32s           2025-11-12T16:38:54
================================================================================
[2025-11-12T16:39:54.276+0000] {manager.py:879} INFO - 
================================================================================
DAG File Processing Stats

File Path                           PID    Runtime      # DAGs    # Errors  Last Runtime    Last Run
----------------------------------  -----  ---------  --------  ----------  --------------  -------------------
/opt/airflow/dags/daily_summary.py                           1           0  0.49s           2025-11-12T16:39:24
================================================================================
[2025-11-12T16:40:24.624+0000] {manager.py:879} INFO - 
================================================================================
DAG File Processing Stats

File Path                           PID    Runtime      # DAGs    # Errors  Last Runtime    Last Run
----------------------------------  -----  ---------  --------  ----------  --------------  -------------------
/opt/airflow/dags/daily_summary.py                           1           0  0.30s           2025-11-12T16:39:55
================================================================================
[2025-11-12T16:40:55.261+0000] {manager.py:879} INFO - 
================================================================================
DAG File Processing Stats

File Path                           PID    Runtime      # DAGs    # Errors  Last Runtime    Last Run
----------------------------------  -----  ---------  --------  ----------  --------------  -------------------
/opt/airflow/dags/daily_summary.py                           1           0  0.33s           2025-11-12T16:40:25
================================================================================
[2025-11-12T16:41:25.637+0000] {manager.py:879} INFO - 
================================================================================
DAG File Processing Stats

File Path                           PID    Runtime      # DAGs    # Errors  Last Runtime    Last Run
----------------------------------  -----  ---------  --------  ----------  --------------  -------------------
/opt/airflow/dags/daily_summary.py                           1           0  0.36s           2025-11-12T16:40:56
================================================================================
[2025-11-12T16:41:55.641+0000] {manager.py:879} INFO - 
================================================================================
DAG File Processing Stats

File Path                           PID    Runtime      # DAGs    # Errors  Last Runtime    Last Run
----------------------------------  -----  ---------  --------  ----------  --------------  -------------------
/opt/airflow/dags/daily_summary.py                           1           0  0.31s           2025-11-12T16:41:27
================================================================================
[2025-11-12T16:42:25.998+0000] {manager.py:879} INFO - 
================================================================================
DAG File Processing Stats

File Path                           PID    Runtime      # DAGs    # Errors  Last Runtime    Last Run
----------------------------------  -----  ---------  --------  ----------  --------------  -------------------
/opt/airflow/dags/daily_summary.py                           1           0  0.32s           2025-11-12T16:41:57
================================================================================
[2025-11-12T16:42:56.379+0000] {manager.py:879} INFO - 
================================================================================
DAG File Processing Stats

File Path                           PID    Runtime      # DAGs    # Errors  Last Runtime    Last Run
----------------------------------  -----  ---------  --------  ----------  --------------  -------------------
/opt/airflow/dags/daily_summary.py                           1           0  0.38s           2025-11-12T16:42:28
================================================================================
[2025-11-12T16:43:26.389+0000] {manager.py:879} INFO - 
================================================================================
DAG File Processing Stats

File Path                           PID    Runtime      # DAGs    # Errors  Last Runtime    Last Run
----------------------------------  -----  ---------  --------  ----------  --------------  -------------------
/opt/airflow/dags/daily_summary.py                           1           0  0.34s           2025-11-12T16:42:59
================================================================================
[2025-11-12T16:43:53.705+0000] {manager.py:738} INFO - Searching for files in /opt/airflow/dags
[2025-11-12T16:43:53.772+0000] {manager.py:741} INFO - There are 1 files in /opt/airflow/dags
[2025-11-12T16:43:56.829+0000] {manager.py:879} INFO - 
================================================================================
DAG File Processing Stats

File Path                           PID    Runtime      # DAGs    # Errors  Last Runtime    Last Run
----------------------------------  -----  ---------  --------  ----------  --------------  -------------------
/opt/airflow/dags/daily_summary.py                           1           0  0.33s           2025-11-12T16:43:29
================================================================================
[2025-11-12T16:44:27.194+0000] {manager.py:879} INFO - 
================================================================================
DAG File Processing Stats

File Path                           PID    Runtime      # DAGs    # Errors  Last Runtime    Last Run
----------------------------------  -----  ---------  --------  ----------  --------------  -------------------
/opt/airflow/dags/daily_summary.py                           1           0  0.30s           2025-11-12T16:44:00
================================================================================
[2025-11-12T16:44:57.819+0000] {manager.py:879} INFO - 
================================================================================
DAG File Processing Stats

File Path                           PID    Runtime      # DAGs    # Errors  Last Runtime    Last Run
----------------------------------  -----  ---------  --------  ----------  --------------  -------------------
/opt/airflow/dags/daily_summary.py                           1           0  0.28s           2025-11-12T16:44:30
================================================================================
[2025-11-12T16:45:28.102+0000] {manager.py:879} INFO - 
================================================================================
DAG File Processing Stats

File Path                           PID    Runtime      # DAGs    # Errors  Last Runtime    Last Run
----------------------------------  -----  ---------  --------  ----------  --------------  -------------------
/opt/airflow/dags/daily_summary.py                           1           0  0.34s           2025-11-12T16:45:01
================================================================================
[2025-11-12T16:45:58.616+0000] {manager.py:879} INFO - 
================================================================================
DAG File Processing Stats

File Path                           PID    Runtime      # DAGs    # Errors  Last Runtime    Last Run
----------------------------------  -----  ---------  --------  ----------  --------------  -------------------
/opt/airflow/dags/daily_summary.py                           1           0  0.15s           2025-11-12T16:45:31
================================================================================
[2025-11-12T16:46:28.956+0000] {manager.py:879} INFO - 
================================================================================
DAG File Processing Stats

File Path                           PID    Runtime      # DAGs    # Errors  Last Runtime    Last Run
----------------------------------  -----  ---------  --------  ----------  --------------  -------------------
/opt/airflow/dags/daily_summary.py                           1           0  0.14s           2025-11-12T16:46:01
================================================================================
[2025-11-12T16:46:59.176+0000] {manager.py:879} INFO - 
================================================================================
DAG File Processing Stats

File Path                           PID    Runtime      # DAGs    # Errors  Last Runtime    Last Run
----------------------------------  -----  ---------  --------  ----------  --------------  -------------------
/opt/airflow/dags/daily_summary.py                           1           0  0.14s           2025-11-12T16:46:32
================================================================================
[2025-11-12T16:47:29.540+0000] {manager.py:879} INFO - 
================================================================================
DAG File Processing Stats

File Path                           PID    Runtime      # DAGs    # Errors  Last Runtime    Last Run
----------------------------------  -----  ---------  --------  ----------  --------------  -------------------
/opt/airflow/dags/daily_summary.py                           1           0  0.15s           2025-11-12T16:47:02
================================================================================
[2025-11-12T16:47:59.773+0000] {manager.py:879} INFO - 
================================================================================
DAG File Processing Stats

File Path                           PID    Runtime      # DAGs    # Errors  Last Runtime    Last Run
----------------------------------  -----  ---------  --------  ----------  --------------  -------------------
/opt/airflow/dags/daily_summary.py                           1           0  0.16s           2025-11-12T16:47:32
================================================================================
[2025-11-12T16:48:30.054+0000] {manager.py:879} INFO - 
================================================================================
DAG File Processing Stats

File Path                           PID    Runtime      # DAGs    # Errors  Last Runtime    Last Run
----------------------------------  -----  ---------  --------  ----------  --------------  -------------------
/opt/airflow/dags/daily_summary.py                           1           0  0.14s           2025-11-12T16:48:02
================================================================================
[2025-11-12T16:48:54.319+0000] {manager.py:738} INFO - Searching for files in /opt/airflow/dags
[2025-11-12T16:48:54.341+0000] {manager.py:741} INFO - There are 1 files in /opt/airflow/dags
[2025-11-12T16:49:00.391+0000] {manager.py:879} INFO - 
================================================================================
DAG File Processing Stats

File Path                           PID    Runtime      # DAGs    # Errors  Last Runtime    Last Run
----------------------------------  -----  ---------  --------  ----------  --------------  -------------------
/opt/airflow/dags/daily_summary.py                           1           0  0.15s           2025-11-12T16:48:33
================================================================================
[2025-11-12T16:49:30.635+0000] {manager.py:879} INFO - 
================================================================================
DAG File Processing Stats

File Path                           PID    Runtime      # DAGs    # Errors  Last Runtime    Last Run
----------------------------------  -----  ---------  --------  ----------  --------------  -------------------
/opt/airflow/dags/daily_summary.py                           1           0  0.16s           2025-11-12T16:49:03
================================================================================
[2025-11-12T16:49:43.794+0000] {manager.py:451} INFO - Exiting gracefully upon receiving signal 15
[2025-11-12T16:54:28.301+0000] {manager.py:469} INFO - Processing files using up to 2 processes at a time 
[2025-11-12T16:54:28.301+0000] {manager.py:470} INFO - Process each file at most once every 30 seconds
[2025-11-12T16:54:28.302+0000] {manager.py:471} INFO - Checking for new files in /opt/airflow/dags every 300 seconds
[2025-11-12T16:54:28.302+0000] {manager.py:738} INFO - Searching for files in /opt/airflow/dags
[2025-11-12T16:54:28.321+0000] {manager.py:741} INFO - There are 1 files in /opt/airflow/dags
[2025-11-12T16:54:28.413+0000] {manager.py:879} INFO - 
================================================================================
DAG File Processing Stats

File Path                             PID  Runtime      # DAGs    # Errors  Last Runtime    Last Run
----------------------------------  -----  ---------  --------  ----------  --------------  ----------
/opt/airflow/dags/daily_summary.py    175  0.04s             0           0
================================================================================
[2025-11-12T16:54:58.648+0000] {manager.py:879} INFO - 
================================================================================
DAG File Processing Stats

File Path                             PID  Runtime      # DAGs    # Errors  Last Runtime    Last Run
----------------------------------  -----  ---------  --------  ----------  --------------  -------------------
/opt/airflow/dags/daily_summary.py    180  0.00s             1           0  0.23s           2025-11-12T16:54:28
================================================================================
[2025-11-12T16:55:29.016+0000] {manager.py:879} INFO - 
================================================================================
DAG File Processing Stats

File Path                             PID  Runtime      # DAGs    # Errors  Last Runtime    Last Run
----------------------------------  -----  ---------  --------  ----------  --------------  -------------------
/opt/airflow/dags/daily_summary.py    185  0.00s             1           0  0.26s           2025-11-12T16:54:58
================================================================================
[2025-11-12T16:55:59.394+0000] {manager.py:879} INFO - 
================================================================================
DAG File Processing Stats

File Path                             PID  Runtime      # DAGs    # Errors  Last Runtime    Last Run
----------------------------------  -----  ---------  --------  ----------  --------------  -------------------
/opt/airflow/dags/daily_summary.py    190  0.00s             1           0  0.15s           2025-11-12T16:55:29
================================================================================
[2025-11-12T16:56:29.690+0000] {manager.py:879} INFO - 
================================================================================
DAG File Processing Stats

File Path                             PID  Runtime      # DAGs    # Errors  Last Runtime    Last Run
----------------------------------  -----  ---------  --------  ----------  --------------  -------------------
/opt/airflow/dags/daily_summary.py    195  0.00s             1           0  0.15s           2025-11-12T16:55:59
================================================================================
[2025-11-12T16:57:00.035+0000] {manager.py:879} INFO - 
================================================================================
DAG File Processing Stats

File Path                             PID  Runtime      # DAGs    # Errors  Last Runtime    Last Run
----------------------------------  -----  ---------  --------  ----------  --------------  -------------------
/opt/airflow/dags/daily_summary.py    200  0.00s             1           0  0.14s           2025-11-12T16:56:29
================================================================================
[2025-11-12T16:57:30.310+0000] {manager.py:879} INFO - 
================================================================================
DAG File Processing Stats

File Path                             PID  Runtime      # DAGs    # Errors  Last Runtime    Last Run
----------------------------------  -----  ---------  --------  ----------  --------------  -------------------
/opt/airflow/dags/daily_summary.py    205  0.00s             1           0  0.15s           2025-11-12T16:57:00
================================================================================
[2025-11-12T16:58:00.618+0000] {manager.py:879} INFO - 
================================================================================
DAG File Processing Stats

File Path                             PID  Runtime      # DAGs    # Errors  Last Runtime    Last Run
----------------------------------  -----  ---------  --------  ----------  --------------  -------------------
/opt/airflow/dags/daily_summary.py    210  0.00s             1           0  0.14s           2025-11-12T16:57:30
================================================================================
[2025-11-12T16:58:30.958+0000] {manager.py:879} INFO - 
================================================================================
DAG File Processing Stats

File Path                             PID  Runtime      # DAGs    # Errors  Last Runtime    Last Run
----------------------------------  -----  ---------  --------  ----------  --------------  -------------------
/opt/airflow/dags/daily_summary.py    215  0.00s             1           0  0.15s           2025-11-12T16:58:00
================================================================================
[2025-11-12T16:59:01.215+0000] {manager.py:879} INFO - 
================================================================================
DAG File Processing Stats

File Path                             PID  Runtime      # DAGs    # Errors  Last Runtime    Last Run
----------------------------------  -----  ---------  --------  ----------  --------------  -------------------
/opt/airflow/dags/daily_summary.py    220  0.00s             1           0  0.15s           2025-11-12T16:58:31
================================================================================
[2025-11-12T16:59:28.501+0000] {manager.py:738} INFO - Searching for files in /opt/airflow/dags
[2025-11-12T16:59:28.517+0000] {manager.py:741} INFO - There are 1 files in /opt/airflow/dags
[2025-11-12T16:59:31.560+0000] {manager.py:879} INFO - 
================================================================================
DAG File Processing Stats

File Path                             PID  Runtime      # DAGs    # Errors  Last Runtime    Last Run
----------------------------------  -----  ---------  --------  ----------  --------------  -------------------
/opt/airflow/dags/daily_summary.py    225  0.00s             1           0  0.16s           2025-11-12T16:59:01
================================================================================
[2025-11-12T17:00:01.793+0000] {manager.py:879} INFO - 
================================================================================
DAG File Processing Stats

File Path                             PID  Runtime      # DAGs    # Errors  Last Runtime    Last Run
----------------------------------  -----  ---------  --------  ----------  --------------  -------------------
/opt/airflow/dags/daily_summary.py    230  0.00s             1           0  0.14s           2025-11-12T16:59:31
================================================================================
[2025-11-12T17:00:32.137+0000] {manager.py:879} INFO - 
================================================================================
DAG File Processing Stats

File Path                             PID  Runtime      # DAGs    # Errors  Last Runtime    Last Run
----------------------------------  -----  ---------  --------  ----------  --------------  -------------------
/opt/airflow/dags/daily_summary.py    235  0.00s             1           0  0.20s           2025-11-12T17:00:01
================================================================================
[2025-11-12T17:01:16.515+0000] {manager.py:469} INFO - Processing files using up to 2 processes at a time 
[2025-11-12T17:01:16.516+0000] {manager.py:470} INFO - Process each file at most once every 30 seconds
[2025-11-12T17:01:16.517+0000] {manager.py:471} INFO - Checking for new files in /opt/airflow/dags every 300 seconds
[2025-11-12T17:01:16.517+0000] {manager.py:738} INFO - Searching for files in /opt/airflow/dags
[2025-11-12T17:01:16.533+0000] {manager.py:741} INFO - There are 1 files in /opt/airflow/dags
[2025-11-12T17:01:16.619+0000] {manager.py:879} INFO - 
================================================================================
DAG File Processing Stats

File Path                             PID  Runtime      # DAGs    # Errors  Last Runtime    Last Run
----------------------------------  -----  ---------  --------  ----------  --------------  ----------
/opt/airflow/dags/daily_summary.py    175  0.04s             0           0
================================================================================
[2025-11-12T17:01:46.886+0000] {manager.py:879} INFO - 
================================================================================
DAG File Processing Stats

File Path                             PID  Runtime      # DAGs    # Errors  Last Runtime    Last Run
----------------------------------  -----  ---------  --------  ----------  --------------  -------------------
/opt/airflow/dags/daily_summary.py    180  0.00s             1           0  0.22s           2025-11-12T17:01:16
================================================================================
[2025-11-12T17:01:59.498+0000] {manager.py:451} INFO - Exiting gracefully upon receiving signal 15
[2025-11-12T17:02:29.462+0000] {manager.py:469} INFO - Processing files using up to 2 processes at a time 
[2025-11-12T17:02:29.462+0000] {manager.py:470} INFO - Process each file at most once every 30 seconds
[2025-11-12T17:02:29.463+0000] {manager.py:471} INFO - Checking for new files in /opt/airflow/dags every 300 seconds
[2025-11-12T17:02:29.463+0000] {manager.py:738} INFO - Searching for files in /opt/airflow/dags
[2025-11-12T17:02:29.478+0000] {manager.py:741} INFO - There are 1 files in /opt/airflow/dags
[2025-11-12T17:02:29.554+0000] {manager.py:879} INFO - 
================================================================================
DAG File Processing Stats

File Path                             PID  Runtime      # DAGs    # Errors  Last Runtime    Last Run
----------------------------------  -----  ---------  --------  ----------  --------------  ----------
/opt/airflow/dags/daily_summary.py    175  0.03s             0           0
================================================================================
[2025-11-12T17:02:59.771+0000] {manager.py:879} INFO - 
================================================================================
DAG File Processing Stats

File Path                             PID  Runtime      # DAGs    # Errors  Last Runtime    Last Run
----------------------------------  -----  ---------  --------  ----------  --------------  -------------------
/opt/airflow/dags/daily_summary.py    180  0.00s             1           0  0.21s           2025-11-12T17:02:29
================================================================================
[2025-11-12T17:03:30.201+0000] {manager.py:879} INFO - 
================================================================================
DAG File Processing Stats

File Path                             PID  Runtime      # DAGs    # Errors  Last Runtime    Last Run
----------------------------------  -----  ---------  --------  ----------  --------------  -------------------
/opt/airflow/dags/daily_summary.py    185  0.00s             1           0  0.28s           2025-11-12T17:03:00
================================================================================
[2025-11-12T17:04:00.612+0000] {manager.py:879} INFO - 
================================================================================
DAG File Processing Stats

File Path                             PID  Runtime      # DAGs    # Errors  Last Runtime    Last Run
----------------------------------  -----  ---------  --------  ----------  --------------  -------------------
/opt/airflow/dags/daily_summary.py    190  0.00s             1           0  0.14s           2025-11-12T17:03:30
================================================================================
[2025-11-12T17:04:30.843+0000] {manager.py:879} INFO - 
================================================================================
DAG File Processing Stats

File Path                             PID  Runtime      # DAGs    # Errors  Last Runtime    Last Run
----------------------------------  -----  ---------  --------  ----------  --------------  -------------------
/opt/airflow/dags/daily_summary.py    195  0.00s             1           0  0.16s           2025-11-12T17:04:00
================================================================================
[2025-11-12T17:05:21.544+0000] {manager.py:469} INFO - Processing files using up to 2 processes at a time 
[2025-11-12T17:05:21.545+0000] {manager.py:470} INFO - Process each file at most once every 30 seconds
[2025-11-12T17:05:21.545+0000] {manager.py:471} INFO - Checking for new files in /opt/airflow/dags every 300 seconds
[2025-11-12T17:05:21.546+0000] {manager.py:738} INFO - Searching for files in /opt/airflow/dags
[2025-11-12T17:05:21.560+0000] {manager.py:741} INFO - There are 1 files in /opt/airflow/dags
[2025-11-12T17:05:21.635+0000] {manager.py:879} INFO - 
================================================================================
DAG File Processing Stats

File Path                             PID  Runtime      # DAGs    # Errors  Last Runtime    Last Run
----------------------------------  -----  ---------  --------  ----------  --------------  ----------
/opt/airflow/dags/daily_summary.py    175  0.03s             0           0
================================================================================
[2025-11-12T17:05:51.810+0000] {manager.py:879} INFO - 
================================================================================
DAG File Processing Stats

File Path                             PID  Runtime      # DAGs    # Errors  Last Runtime    Last Run
----------------------------------  -----  ---------  --------  ----------  --------------  -------------------
/opt/airflow/dags/daily_summary.py    180  0.00s             1           0  0.17s           2025-11-12T17:05:21
================================================================================
[2025-11-12T17:06:22.245+0000] {manager.py:879} INFO - 
================================================================================
DAG File Processing Stats

File Path                             PID  Runtime      # DAGs    # Errors  Last Runtime    Last Run
----------------------------------  -----  ---------  --------  ----------  --------------  -------------------
/opt/airflow/dags/daily_summary.py    185  0.00s             1           0  0.26s           2025-11-12T17:05:52
================================================================================
[2025-11-12T17:06:41.120+0000] {manager.py:451} INFO - Exiting gracefully upon receiving signal 15
[2025-11-12T17:11:15.354+0000] {manager.py:469} INFO - Processing files using up to 2 processes at a time 
[2025-11-12T17:11:15.355+0000] {manager.py:470} INFO - Process each file at most once every 30 seconds
[2025-11-12T17:11:15.356+0000] {manager.py:471} INFO - Checking for new files in /opt/airflow/dags every 300 seconds
[2025-11-12T17:11:15.356+0000] {manager.py:738} INFO - Searching for files in /opt/airflow/dags
[2025-11-12T17:11:15.377+0000] {manager.py:741} INFO - There are 1 files in /opt/airflow/dags
[2025-11-12T17:11:15.473+0000] {manager.py:879} INFO - 
================================================================================
DAG File Processing Stats

File Path                             PID  Runtime      # DAGs    # Errors  Last Runtime    Last Run
----------------------------------  -----  ---------  --------  ----------  --------------  ----------
/opt/airflow/dags/daily_summary.py    175  0.04s             0           0
================================================================================
[2025-11-12T17:11:45.728+0000] {manager.py:879} INFO - 
================================================================================
DAG File Processing Stats

File Path                             PID  Runtime      # DAGs    # Errors  Last Runtime    Last Run
----------------------------------  -----  ---------  --------  ----------  --------------  -------------------
/opt/airflow/dags/daily_summary.py    180  0.00s             1           0  0.23s           2025-11-12T17:11:15
================================================================================
[2025-11-12T17:12:16.159+0000] {manager.py:879} INFO - 
================================================================================
DAG File Processing Stats

File Path                             PID  Runtime      # DAGs    # Errors  Last Runtime    Last Run
----------------------------------  -----  ---------  --------  ----------  --------------  -------------------
/opt/airflow/dags/daily_summary.py    185  0.00s             1           0  0.27s           2025-11-12T17:11:45
================================================================================
[2025-11-12T17:13:15.910+0000] {manager.py:469} INFO - Processing files using up to 2 processes at a time 
[2025-11-12T17:13:15.910+0000] {manager.py:470} INFO - Process each file at most once every 30 seconds
[2025-11-12T17:13:15.911+0000] {manager.py:471} INFO - Checking for new files in /opt/airflow/dags every 300 seconds
[2025-11-12T17:13:15.911+0000] {manager.py:738} INFO - Searching for files in /opt/airflow/dags
[2025-11-12T17:13:15.928+0000] {manager.py:741} INFO - There are 1 files in /opt/airflow/dags
[2025-11-12T17:13:16.015+0000] {manager.py:879} INFO - 
================================================================================
DAG File Processing Stats

File Path                             PID  Runtime      # DAGs    # Errors  Last Runtime    Last Run
----------------------------------  -----  ---------  --------  ----------  --------------  ----------
/opt/airflow/dags/daily_summary.py    176  0.03s             0           0
================================================================================
[2025-11-12T17:13:46.262+0000] {manager.py:879} INFO - 
================================================================================
DAG File Processing Stats

File Path                             PID  Runtime      # DAGs    # Errors  Last Runtime    Last Run
----------------------------------  -----  ---------  --------  ----------  --------------  -------------------
/opt/airflow/dags/daily_summary.py    181  0.00s             1           0  0.22s           2025-11-12T17:13:16
================================================================================
[2025-11-12T17:14:16.713+0000] {manager.py:879} INFO - 
================================================================================
DAG File Processing Stats

File Path                             PID  Runtime      # DAGs    # Errors  Last Runtime    Last Run
----------------------------------  -----  ---------  --------  ----------  --------------  -------------------
/opt/airflow/dags/daily_summary.py    186  0.00s             1           0  0.28s           2025-11-12T17:13:46
================================================================================
[2025-11-12T17:14:47.029+0000] {manager.py:879} INFO - 
================================================================================
DAG File Processing Stats

File Path                             PID  Runtime      # DAGs    # Errors  Last Runtime    Last Run
----------------------------------  -----  ---------  --------  ----------  --------------  -------------------
/opt/airflow/dags/daily_summary.py    191  0.00s             1           0  0.16s           2025-11-12T17:14:16
================================================================================
[2025-11-12T17:15:17.315+0000] {manager.py:879} INFO - 
================================================================================
DAG File Processing Stats

File Path                             PID  Runtime      # DAGs    # Errors  Last Runtime    Last Run
----------------------------------  -----  ---------  --------  ----------  --------------  -------------------
/opt/airflow/dags/daily_summary.py    196  0.00s             1           0  0.17s           2025-11-12T17:14:47
================================================================================
[2025-11-12T17:21:48.969+0000] {manager.py:469} INFO - Processing files using up to 2 processes at a time 
[2025-11-12T17:21:48.970+0000] {manager.py:470} INFO - Process each file at most once every 30 seconds
[2025-11-12T17:21:48.971+0000] {manager.py:471} INFO - Checking for new files in /opt/airflow/dags every 300 seconds
[2025-11-12T17:21:48.971+0000] {manager.py:738} INFO - Searching for files in /opt/airflow/dags
[2025-11-12T17:21:49.004+0000] {manager.py:741} INFO - There are 1 files in /opt/airflow/dags
[2025-11-12T17:21:49.105+0000] {manager.py:879} INFO - 
================================================================================
DAG File Processing Stats

File Path                             PID  Runtime      # DAGs    # Errors  Last Runtime    Last Run
----------------------------------  -----  ---------  --------  ----------  --------------  ----------
/opt/airflow/dags/daily_summary.py    175  0.04s             0           0
================================================================================
[2025-11-12T17:22:19.318+0000] {manager.py:879} INFO - 
================================================================================
DAG File Processing Stats

File Path                             PID  Runtime      # DAGs    # Errors  Last Runtime    Last Run
----------------------------------  -----  ---------  --------  ----------  --------------  -------------------
/opt/airflow/dags/daily_summary.py    180  0.00s             1           0  0.20s           2025-11-12T17:21:49
================================================================================
[2025-11-12T17:24:17.451+0000] {manager.py:469} INFO - Processing files using up to 2 processes at a time 
[2025-11-12T17:24:17.452+0000] {manager.py:470} INFO - Process each file at most once every 30 seconds
[2025-11-12T17:24:17.453+0000] {manager.py:471} INFO - Checking for new files in /opt/airflow/dags every 300 seconds
[2025-11-12T17:24:17.453+0000] {manager.py:738} INFO - Searching for files in /opt/airflow/dags
[2025-11-12T17:24:17.483+0000] {manager.py:741} INFO - There are 1 files in /opt/airflow/dags
[2025-11-12T17:24:17.605+0000] {manager.py:879} INFO - 
================================================================================
DAG File Processing Stats

File Path                             PID  Runtime      # DAGs    # Errors  Last Runtime    Last Run
----------------------------------  -----  ---------  --------  ----------  --------------  ----------
/opt/airflow/dags/daily_summary.py    175  0.05s             0           0
================================================================================
[2025-11-12T17:24:47.827+0000] {manager.py:879} INFO - 
================================================================================
DAG File Processing Stats

File Path                           PID    Runtime      # DAGs    # Errors  Last Runtime    Last Run
----------------------------------  -----  ---------  --------  ----------  --------------  -------------------
/opt/airflow/dags/daily_summary.py                           1           0  0.27s           2025-11-12T17:24:17
================================================================================
[2025-11-12T17:25:18.273+0000] {manager.py:879} INFO - 
================================================================================
DAG File Processing Stats

File Path                           PID    Runtime      # DAGs    # Errors  Last Runtime    Last Run
----------------------------------  -----  ---------  --------  ----------  --------------  -------------------
/opt/airflow/dags/daily_summary.py                           1           0  0.28s           2025-11-12T17:24:48
================================================================================
[2025-11-12T17:25:48.771+0000] {manager.py:879} INFO - 
================================================================================
DAG File Processing Stats

File Path                             PID  Runtime      # DAGs    # Errors  Last Runtime    Last Run
----------------------------------  -----  ---------  --------  ----------  --------------  -------------------
/opt/airflow/dags/daily_summary.py    190  0.00s             1           0  0.14s           2025-11-12T17:25:18
================================================================================
[2025-11-12T17:26:19.158+0000] {manager.py:879} INFO - 
================================================================================
DAG File Processing Stats

File Path                             PID  Runtime      # DAGs    # Errors  Last Runtime    Last Run
----------------------------------  -----  ---------  --------  ----------  --------------  -------------------
/opt/airflow/dags/daily_summary.py    195  0.00s             1           0  0.15s           2025-11-12T17:25:48
================================================================================
[2025-11-12T17:26:49.411+0000] {manager.py:879} INFO - 
================================================================================
DAG File Processing Stats

File Path                             PID  Runtime      # DAGs    # Errors  Last Runtime    Last Run
----------------------------------  -----  ---------  --------  ----------  --------------  -------------------
/opt/airflow/dags/daily_summary.py    200  0.00s             1           0  0.16s           2025-11-12T17:26:19
================================================================================
[2025-11-12T17:27:19.756+0000] {manager.py:879} INFO - 
================================================================================
DAG File Processing Stats

File Path                             PID  Runtime      # DAGs    # Errors  Last Runtime    Last Run
----------------------------------  -----  ---------  --------  ----------  --------------  -------------------
/opt/airflow/dags/daily_summary.py    205  0.00s             1           0  0.15s           2025-11-12T17:26:49
================================================================================
[2025-11-12T17:27:50.083+0000] {manager.py:879} INFO - 
================================================================================
DAG File Processing Stats

File Path                             PID  Runtime      # DAGs    # Errors  Last Runtime    Last Run
----------------------------------  -----  ---------  --------  ----------  --------------  -------------------
/opt/airflow/dags/daily_summary.py    210  0.00s             1           0  0.15s           2025-11-12T17:27:19
================================================================================
[2025-11-14T16:53:47.339+0000] {manager.py:469} INFO - Processing files using up to 2 processes at a time 
[2025-11-14T16:53:47.342+0000] {manager.py:470} INFO - Process each file at most once every 30 seconds
[2025-11-14T16:53:47.343+0000] {manager.py:471} INFO - Checking for new files in /opt/airflow/dags every 300 seconds
[2025-11-14T16:53:47.346+0000] {manager.py:738} INFO - Searching for files in /opt/airflow/dags
[2025-11-14T16:53:47.400+0000] {manager.py:741} INFO - There are 1 files in /opt/airflow/dags
[2025-11-14T16:53:47.506+0000] {manager.py:879} INFO - 
================================================================================
DAG File Processing Stats

File Path                             PID  Runtime      # DAGs    # Errors  Last Runtime    Last Run
----------------------------------  -----  ---------  --------  ----------  --------------  ----------
/opt/airflow/dags/daily_summary.py    175  0.04s             0           0
================================================================================
[2025-11-14T16:54:17.757+0000] {manager.py:879} INFO - 
================================================================================
DAG File Processing Stats

File Path                           PID    Runtime      # DAGs    # Errors  Last Runtime    Last Run
----------------------------------  -----  ---------  --------  ----------  --------------  -------------------
/opt/airflow/dags/daily_summary.py                           1           0  0.30s           2025-11-14T16:53:47
================================================================================
[2025-11-14T16:56:54.984+0000] {manager.py:469} INFO - Processing files using up to 2 processes at a time 
[2025-11-14T16:56:54.985+0000] {manager.py:470} INFO - Process each file at most once every 30 seconds
[2025-11-14T16:56:54.986+0000] {manager.py:471} INFO - Checking for new files in /opt/airflow/dags every 300 seconds
[2025-11-14T16:56:54.987+0000] {manager.py:738} INFO - Searching for files in /opt/airflow/dags
[2025-11-14T16:56:55.018+0000] {manager.py:741} INFO - There are 1 files in /opt/airflow/dags
[2025-11-14T16:56:55.133+0000] {manager.py:879} INFO - 
================================================================================
DAG File Processing Stats

File Path                             PID  Runtime      # DAGs    # Errors  Last Runtime    Last Run
----------------------------------  -----  ---------  --------  ----------  --------------  ----------
/opt/airflow/dags/daily_summary.py    175  0.05s             0           0
================================================================================
[2025-11-14T16:57:25.414+0000] {manager.py:879} INFO - 
================================================================================
DAG File Processing Stats

File Path                             PID  Runtime      # DAGs    # Errors  Last Runtime    Last Run
----------------------------------  -----  ---------  --------  ----------  --------------  -------------------
/opt/airflow/dags/daily_summary.py    180  0.01s             1           0  0.28s           2025-11-14T16:56:55
================================================================================
[2025-11-14T16:57:55.883+0000] {manager.py:879} INFO - 
================================================================================
DAG File Processing Stats

File Path                           PID    Runtime      # DAGs    # Errors  Last Runtime    Last Run
----------------------------------  -----  ---------  --------  ----------  --------------  -------------------
/opt/airflow/dags/daily_summary.py                           1           0  0.54s           2025-11-14T16:57:25
================================================================================
[2025-11-14T16:58:25.931+0000] {manager.py:879} INFO - 
================================================================================
DAG File Processing Stats

File Path                           PID    Runtime      # DAGs    # Errors  Last Runtime    Last Run
----------------------------------  -----  ---------  --------  ----------  --------------  -------------------
/opt/airflow/dags/daily_summary.py                           1           0  0.37s           2025-11-14T16:57:56
================================================================================
[2025-11-14T16:58:56.308+0000] {manager.py:879} INFO - 
================================================================================
DAG File Processing Stats

File Path                           PID    Runtime      # DAGs    # Errors  Last Runtime    Last Run
----------------------------------  -----  ---------  --------  ----------  --------------  -------------------
/opt/airflow/dags/daily_summary.py                           1           0  0.36s           2025-11-14T16:58:27
================================================================================
[2025-11-14T16:59:26.335+0000] {manager.py:879} INFO - 
================================================================================
DAG File Processing Stats

File Path                           PID    Runtime      # DAGs    # Errors  Last Runtime    Last Run
----------------------------------  -----  ---------  --------  ----------  --------------  -------------------
/opt/airflow/dags/daily_summary.py                           1           0  0.33s           2025-11-14T16:58:58
================================================================================
[2025-11-14T16:59:56.711+0000] {manager.py:879} INFO - 
================================================================================
DAG File Processing Stats

File Path                           PID    Runtime      # DAGs    # Errors  Last Runtime    Last Run
----------------------------------  -----  ---------  --------  ----------  --------------  -------------------
/opt/airflow/dags/daily_summary.py                           1           0  0.38s           2025-11-14T16:59:28
================================================================================
[2025-11-14T17:00:26.731+0000] {manager.py:879} INFO - 
================================================================================
DAG File Processing Stats

File Path                           PID    Runtime      # DAGs    # Errors  Last Runtime    Last Run
----------------------------------  -----  ---------  --------  ----------  --------------  -------------------
/opt/airflow/dags/daily_summary.py                           1           0  0.35s           2025-11-14T16:59:59
================================================================================
[2025-11-14T17:00:57.018+0000] {manager.py:879} INFO - 
================================================================================
DAG File Processing Stats

File Path                           PID    Runtime      # DAGs    # Errors  Last Runtime    Last Run
----------------------------------  -----  ---------  --------  ----------  --------------  -------------------
/opt/airflow/dags/daily_summary.py                           1           0  0.37s           2025-11-14T17:00:29
================================================================================
[2025-11-14T17:01:27.377+0000] {manager.py:879} INFO - 
================================================================================
DAG File Processing Stats

File Path                           PID    Runtime      # DAGs    # Errors  Last Runtime    Last Run
----------------------------------  -----  ---------  --------  ----------  --------------  -------------------
/opt/airflow/dags/daily_summary.py                           1           0  0.30s           2025-11-14T17:01:00
================================================================================
[2025-11-14T17:01:55.921+0000] {manager.py:738} INFO - Searching for files in /opt/airflow/dags
[2025-11-14T17:01:55.995+0000] {manager.py:741} INFO - There are 1 files in /opt/airflow/dags
[2025-11-14T17:01:58.037+0000] {manager.py:879} INFO - 
================================================================================
DAG File Processing Stats

File Path                           PID    Runtime      # DAGs    # Errors  Last Runtime    Last Run
----------------------------------  -----  ---------  --------  ----------  --------------  -------------------
/opt/airflow/dags/daily_summary.py                           1           0  0.27s           2025-11-14T17:01:30
================================================================================
[2025-11-14T17:02:28.455+0000] {manager.py:879} INFO - 
================================================================================
DAG File Processing Stats

File Path                           PID    Runtime      # DAGs    # Errors  Last Runtime    Last Run
----------------------------------  -----  ---------  --------  ----------  --------------  -------------------
/opt/airflow/dags/daily_summary.py                           1           0  0.31s           2025-11-14T17:02:01
================================================================================
[2025-11-14T17:02:59.025+0000] {manager.py:879} INFO - 
================================================================================
DAG File Processing Stats

File Path                           PID    Runtime      # DAGs    # Errors  Last Runtime    Last Run
----------------------------------  -----  ---------  --------  ----------  --------------  -------------------
/opt/airflow/dags/daily_summary.py                           1           0  0.32s           2025-11-14T17:02:31
================================================================================
[2025-11-14T17:03:29.464+0000] {manager.py:879} INFO - 
================================================================================
DAG File Processing Stats

File Path                           PID    Runtime      # DAGs    # Errors  Last Runtime    Last Run
----------------------------------  -----  ---------  --------  ----------  --------------  -------------------
/opt/airflow/dags/daily_summary.py                           1           0  0.33s           2025-11-14T17:03:02
================================================================================
[2025-11-14T17:03:59.829+0000] {manager.py:879} INFO - 
================================================================================
DAG File Processing Stats

File Path                           PID    Runtime      # DAGs    # Errors  Last Runtime    Last Run
----------------------------------  -----  ---------  --------  ----------  --------------  -------------------
/opt/airflow/dags/daily_summary.py                           1           0  0.24s           2025-11-14T17:03:32
================================================================================
[2025-11-14T17:04:30.357+0000] {manager.py:879} INFO - 
================================================================================
DAG File Processing Stats

File Path                           PID    Runtime      # DAGs    # Errors  Last Runtime    Last Run
----------------------------------  -----  ---------  --------  ----------  --------------  -------------------
/opt/airflow/dags/daily_summary.py                           1           0  0.27s           2025-11-14T17:04:03
================================================================================
[2025-11-14T17:05:00.781+0000] {manager.py:879} INFO - 
================================================================================
DAG File Processing Stats

File Path                           PID    Runtime      # DAGs    # Errors  Last Runtime    Last Run
----------------------------------  -----  ---------  --------  ----------  --------------  -------------------
/opt/airflow/dags/daily_summary.py                           1           0  0.24s           2025-11-14T17:04:33
================================================================================
[2025-11-14T17:05:31.244+0000] {manager.py:879} INFO - 
================================================================================
DAG File Processing Stats

File Path                           PID    Runtime      # DAGs    # Errors  Last Runtime    Last Run
----------------------------------  -----  ---------  --------  ----------  --------------  -------------------
/opt/airflow/dags/daily_summary.py                           1           0  0.29s           2025-11-14T17:05:04
================================================================================
[2025-11-14T17:06:01.772+0000] {manager.py:879} INFO - 
================================================================================
DAG File Processing Stats

File Path                           PID    Runtime      # DAGs    # Errors  Last Runtime    Last Run
----------------------------------  -----  ---------  --------  ----------  --------------  -------------------
/opt/airflow/dags/daily_summary.py                           1           0  0.42s           2025-11-14T17:05:34
================================================================================
[2025-11-14T17:06:32.375+0000] {manager.py:879} INFO - 
================================================================================
DAG File Processing Stats

File Path                           PID    Runtime      # DAGs    # Errors  Last Runtime    Last Run
----------------------------------  -----  ---------  --------  ----------  --------------  -------------------
/opt/airflow/dags/daily_summary.py                           1           0  0.28s           2025-11-14T17:06:05
================================================================================
[2025-11-14T17:06:55.992+0000] {manager.py:738} INFO - Searching for files in /opt/airflow/dags
[2025-11-14T17:06:56.067+0000] {manager.py:741} INFO - There are 1 files in /opt/airflow/dags
[2025-11-14T17:07:02.768+0000] {manager.py:879} INFO - 
================================================================================
DAG File Processing Stats

File Path                           PID    Runtime      # DAGs    # Errors  Last Runtime    Last Run
----------------------------------  -----  ---------  --------  ----------  --------------  -------------------
/opt/airflow/dags/daily_summary.py                           1           0  0.34s           2025-11-14T17:06:35
================================================================================
[2025-11-14T17:07:33.136+0000] {manager.py:879} INFO - 
================================================================================
DAG File Processing Stats

File Path                           PID    Runtime      # DAGs    # Errors  Last Runtime    Last Run
----------------------------------  -----  ---------  --------  ----------  --------------  -------------------
/opt/airflow/dags/daily_summary.py                           1           0  0.33s           2025-11-14T17:07:06
================================================================================
[2025-11-14T17:08:03.840+0000] {manager.py:879} INFO - 
================================================================================
DAG File Processing Stats

File Path                           PID    Runtime      # DAGs    # Errors  Last Runtime    Last Run
----------------------------------  -----  ---------  --------  ----------  --------------  -------------------
/opt/airflow/dags/daily_summary.py                           1           0  0.35s           2025-11-14T17:07:36
================================================================================
[2025-11-14T17:08:34.208+0000] {manager.py:879} INFO - 
================================================================================
DAG File Processing Stats

File Path                           PID    Runtime      # DAGs    # Errors  Last Runtime    Last Run
----------------------------------  -----  ---------  --------  ----------  --------------  -------------------
/opt/airflow/dags/daily_summary.py                           1           0  0.32s           2025-11-14T17:08:07
================================================================================
[2025-11-14T17:09:04.876+0000] {manager.py:879} INFO - 
================================================================================
DAG File Processing Stats

File Path                           PID    Runtime      # DAGs    # Errors  Last Runtime    Last Run
----------------------------------  -----  ---------  --------  ----------  --------------  -------------------
/opt/airflow/dags/daily_summary.py                           1           0  0.34s           2025-11-14T17:08:37
================================================================================
[2025-11-14T17:09:35.259+0000] {manager.py:879} INFO - 
================================================================================
DAG File Processing Stats

File Path                           PID    Runtime      # DAGs    # Errors  Last Runtime    Last Run
----------------------------------  -----  ---------  --------  ----------  --------------  -------------------
/opt/airflow/dags/daily_summary.py                           1           0  0.34s           2025-11-14T17:09:08
================================================================================
[2025-11-14T17:10:05.616+0000] {manager.py:879} INFO - 
================================================================================
DAG File Processing Stats

File Path                           PID    Runtime      # DAGs    # Errors  Last Runtime    Last Run
----------------------------------  -----  ---------  --------  ----------  --------------  -------------------
/opt/airflow/dags/daily_summary.py                           1           0  0.28s           2025-11-14T17:09:38
================================================================================
[2025-11-14T17:10:36.194+0000] {manager.py:879} INFO - 
================================================================================
DAG File Processing Stats

File Path                           PID    Runtime      # DAGs    # Errors  Last Runtime    Last Run
----------------------------------  -----  ---------  --------  ----------  --------------  -------------------
/opt/airflow/dags/daily_summary.py                           1           0  0.27s           2025-11-14T17:10:08
================================================================================
[2025-11-14T17:11:06.500+0000] {manager.py:879} INFO - 
================================================================================
DAG File Processing Stats

File Path                           PID    Runtime      # DAGs    # Errors  Last Runtime    Last Run
----------------------------------  -----  ---------  --------  ----------  --------------  -------------------
/opt/airflow/dags/daily_summary.py                           1           0  0.32s           2025-11-14T17:10:39
================================================================================
[2025-11-14T17:11:37.167+0000] {manager.py:879} INFO - 
================================================================================
DAG File Processing Stats

File Path                           PID    Runtime      # DAGs    # Errors  Last Runtime    Last Run
----------------------------------  -----  ---------  --------  ----------  --------------  -------------------
/opt/airflow/dags/daily_summary.py                           1           0  0.28s           2025-11-14T17:11:10
================================================================================
[2025-11-14T17:11:56.620+0000] {manager.py:738} INFO - Searching for files in /opt/airflow/dags
[2025-11-14T17:11:56.701+0000] {manager.py:741} INFO - There are 1 files in /opt/airflow/dags
[2025-11-14T17:12:07.855+0000] {manager.py:879} INFO - 
================================================================================
DAG File Processing Stats

File Path                           PID    Runtime      # DAGs    # Errors  Last Runtime    Last Run
----------------------------------  -----  ---------  --------  ----------  --------------  -------------------
/opt/airflow/dags/daily_summary.py                           1           0  0.30s           2025-11-14T17:11:40
================================================================================
[2025-11-14T17:12:38.233+0000] {manager.py:879} INFO - 
================================================================================
DAG File Processing Stats

File Path                           PID    Runtime      # DAGs    # Errors  Last Runtime    Last Run
----------------------------------  -----  ---------  --------  ----------  --------------  -------------------
/opt/airflow/dags/daily_summary.py                           1           0  0.37s           2025-11-14T17:12:11
================================================================================
[2025-11-14T17:13:08.252+0000] {manager.py:879} INFO - 
================================================================================
DAG File Processing Stats

File Path                           PID    Runtime      # DAGs    # Errors  Last Runtime    Last Run
----------------------------------  -----  ---------  --------  ----------  --------------  -------------------
/opt/airflow/dags/daily_summary.py                           1           0  0.36s           2025-11-14T17:12:41
================================================================================
[2025-11-14T17:13:13.406+0000] {manager.py:451} INFO - Exiting gracefully upon receiving signal 15
[2025-11-14T17:14:01.750+0000] {manager.py:469} INFO - Processing files using up to 2 processes at a time 
[2025-11-14T17:14:01.751+0000] {manager.py:470} INFO - Process each file at most once every 30 seconds
[2025-11-14T17:14:01.751+0000] {manager.py:471} INFO - Checking for new files in /opt/airflow/dags every 300 seconds
[2025-11-14T17:14:01.752+0000] {manager.py:738} INFO - Searching for files in /opt/airflow/dags
[2025-11-14T17:14:01.799+0000] {manager.py:741} INFO - There are 1 files in /opt/airflow/dags
[2025-11-14T17:14:01.955+0000] {manager.py:879} INFO - 
================================================================================
DAG File Processing Stats

File Path                             PID  Runtime      # DAGs    # Errors  Last Runtime    Last Run
----------------------------------  -----  ---------  --------  ----------  --------------  ----------
/opt/airflow/dags/daily_summary.py    175  0.07s             0           0
================================================================================
[2025-11-14T17:14:32.273+0000] {manager.py:879} INFO - 
================================================================================
DAG File Processing Stats

File Path                             PID  Runtime      # DAGs    # Errors  Last Runtime    Last Run
----------------------------------  -----  ---------  --------  ----------  --------------  -------------------
/opt/airflow/dags/daily_summary.py    180  0.00s             1           0  0.35s           2025-11-14T17:14:02
================================================================================
[2025-11-14T17:15:02.937+0000] {manager.py:879} INFO - 
================================================================================
DAG File Processing Stats

File Path                           PID    Runtime      # DAGs    # Errors  Last Runtime    Last Run
----------------------------------  -----  ---------  --------  ----------  --------------  -------------------
/opt/airflow/dags/daily_summary.py                           1           0  0.72s           2025-11-14T17:14:32
================================================================================
[2025-11-14T17:15:33.571+0000] {manager.py:879} INFO - 
================================================================================
DAG File Processing Stats

File Path                           PID    Runtime      # DAGs    # Errors  Last Runtime    Last Run
----------------------------------  -----  ---------  --------  ----------  --------------  -------------------
/opt/airflow/dags/daily_summary.py                           1           0  0.37s           2025-11-14T17:15:03
================================================================================
[2025-11-14T17:16:04.223+0000] {manager.py:879} INFO - 
================================================================================
DAG File Processing Stats

File Path                           PID    Runtime      # DAGs    # Errors  Last Runtime    Last Run
----------------------------------  -----  ---------  --------  ----------  --------------  -------------------
/opt/airflow/dags/daily_summary.py                           1           0  0.30s           2025-11-14T17:15:34
================================================================================
[2025-11-14T17:16:34.951+0000] {manager.py:879} INFO - 
================================================================================
DAG File Processing Stats

File Path                             PID  Runtime      # DAGs    # Errors  Last Runtime    Last Run
----------------------------------  -----  ---------  --------  ----------  --------------  -------------------
/opt/airflow/dags/daily_summary.py    200  0.01s             1           0  0.31s           2025-11-14T17:16:04
================================================================================
[2025-11-14T17:17:05.580+0000] {manager.py:879} INFO - 
================================================================================
DAG File Processing Stats

File Path                             PID  Runtime      # DAGs    # Errors  Last Runtime    Last Run
----------------------------------  -----  ---------  --------  ----------  --------------  -------------------
/opt/airflow/dags/daily_summary.py    205  0.01s             1           0  0.34s           2025-11-14T17:16:35
================================================================================
[2025-11-14T17:17:35.963+0000] {manager.py:879} INFO - 
================================================================================
DAG File Processing Stats

File Path                           PID    Runtime      # DAGs    # Errors  Last Runtime    Last Run
----------------------------------  -----  ---------  --------  ----------  --------------  -------------------
/opt/airflow/dags/daily_summary.py                           1           0  0.40s           2025-11-14T17:17:05
================================================================================
[2025-11-14T17:18:06.725+0000] {manager.py:879} INFO - 
================================================================================
DAG File Processing Stats

File Path                             PID  Runtime      # DAGs    # Errors  Last Runtime    Last Run
----------------------------------  -----  ---------  --------  ----------  --------------  -------------------
/opt/airflow/dags/daily_summary.py    215  0.01s             1           0  0.30s           2025-11-14T17:17:36
================================================================================
[2025-11-14T17:18:37.331+0000] {manager.py:879} INFO - 
================================================================================
DAG File Processing Stats

File Path                             PID  Runtime      # DAGs    # Errors  Last Runtime    Last Run
----------------------------------  -----  ---------  --------  ----------  --------------  -------------------
/opt/airflow/dags/daily_summary.py    220  0.01s             1           0  0.40s           2025-11-14T17:18:07
================================================================================
[2025-11-14T17:19:01.873+0000] {manager.py:738} INFO - Searching for files in /opt/airflow/dags
[2025-11-14T17:19:01.942+0000] {manager.py:741} INFO - There are 1 files in /opt/airflow/dags
[2025-11-14T17:19:07.826+0000] {manager.py:879} INFO - 
================================================================================
DAG File Processing Stats

File Path                             PID  Runtime      # DAGs    # Errors  Last Runtime    Last Run
----------------------------------  -----  ---------  --------  ----------  --------------  -------------------
/opt/airflow/dags/daily_summary.py    225  0.01s             1           0  0.29s           2025-11-14T17:18:37
================================================================================
[2025-11-14T17:19:38.395+0000] {manager.py:879} INFO - 
================================================================================
DAG File Processing Stats

File Path                             PID  Runtime      # DAGs    # Errors  Last Runtime    Last Run
----------------------------------  -----  ---------  --------  ----------  --------------  -------------------
/opt/airflow/dags/daily_summary.py    230  0.01s             1           0  0.35s           2025-11-14T17:19:08
================================================================================
[2025-11-14T17:20:08.884+0000] {manager.py:879} INFO - 
================================================================================
DAG File Processing Stats

File Path                             PID  Runtime      # DAGs    # Errors  Last Runtime    Last Run
----------------------------------  -----  ---------  --------  ----------  --------------  -------------------
/opt/airflow/dags/daily_summary.py    235  0.01s             1           0  0.37s           2025-11-14T17:19:38
================================================================================
[2025-11-14T17:20:39.502+0000] {manager.py:879} INFO - 
================================================================================
DAG File Processing Stats

File Path                             PID  Runtime      # DAGs    # Errors  Last Runtime    Last Run
----------------------------------  -----  ---------  --------  ----------  --------------  -------------------
/opt/airflow/dags/daily_summary.py    240  0.01s             1           0  0.29s           2025-11-14T17:20:09
================================================================================
[2025-11-14T17:21:09.847+0000] {manager.py:879} INFO - 
================================================================================
DAG File Processing Stats

File Path                           PID    Runtime      # DAGs    # Errors  Last Runtime    Last Run
----------------------------------  -----  ---------  --------  ----------  --------------  -------------------
/opt/airflow/dags/daily_summary.py                           1           0  0.36s           2025-11-14T17:20:39
================================================================================
[2025-11-14T17:21:39.908+0000] {manager.py:879} INFO - 
================================================================================
DAG File Processing Stats

File Path                           PID    Runtime      # DAGs    # Errors  Last Runtime    Last Run
----------------------------------  -----  ---------  --------  ----------  --------------  -------------------
/opt/airflow/dags/daily_summary.py                           1           0  0.33s           2025-11-14T17:21:10
================================================================================
[2025-11-14T17:22:09.952+0000] {manager.py:879} INFO - 
================================================================================
DAG File Processing Stats

File Path                           PID    Runtime      # DAGs    # Errors  Last Runtime    Last Run
----------------------------------  -----  ---------  --------  ----------  --------------  -------------------
/opt/airflow/dags/daily_summary.py                           1           0  0.29s           2025-11-14T17:21:40
================================================================================
[2025-11-14T17:22:40.596+0000] {manager.py:879} INFO - 
================================================================================
DAG File Processing Stats

File Path                           PID    Runtime      # DAGs    # Errors  Last Runtime    Last Run
----------------------------------  -----  ---------  --------  ----------  --------------  -------------------
/opt/airflow/dags/daily_summary.py                           1           0  0.35s           2025-11-14T17:22:11
================================================================================
[2025-11-14T17:23:10.999+0000] {manager.py:879} INFO - 
================================================================================
DAG File Processing Stats

File Path                           PID    Runtime      # DAGs    # Errors  Last Runtime    Last Run
----------------------------------  -----  ---------  --------  ----------  --------------  -------------------
/opt/airflow/dags/daily_summary.py                           1           0  0.41s           2025-11-14T17:22:42
================================================================================
[2025-11-14T17:23:41.110+0000] {manager.py:879} INFO - 
================================================================================
DAG File Processing Stats

File Path                           PID    Runtime      # DAGs    # Errors  Last Runtime    Last Run
----------------------------------  -----  ---------  --------  ----------  --------------  -------------------
/opt/airflow/dags/daily_summary.py                           1           0  0.35s           2025-11-14T17:23:12
================================================================================
[2025-11-14T17:24:02.362+0000] {manager.py:738} INFO - Searching for files in /opt/airflow/dags
[2025-11-14T17:24:02.440+0000] {manager.py:741} INFO - There are 1 files in /opt/airflow/dags
[2025-11-14T17:24:11.567+0000] {manager.py:879} INFO - 
================================================================================
DAG File Processing Stats

File Path                           PID    Runtime      # DAGs    # Errors  Last Runtime    Last Run
----------------------------------  -----  ---------  --------  ----------  --------------  -------------------
/opt/airflow/dags/daily_summary.py                           1           0  0.35s           2025-11-14T17:23:43
================================================================================
[2025-11-14T17:24:42.128+0000] {manager.py:879} INFO - 
================================================================================
DAG File Processing Stats

File Path                           PID    Runtime      # DAGs    # Errors  Last Runtime    Last Run
----------------------------------  -----  ---------  --------  ----------  --------------  -------------------
/opt/airflow/dags/daily_summary.py                           1           0  0.37s           2025-11-14T17:24:13
================================================================================
[2025-11-14T17:25:12.580+0000] {manager.py:879} INFO - 
================================================================================
DAG File Processing Stats

File Path                           PID    Runtime      # DAGs    # Errors  Last Runtime    Last Run
----------------------------------  -----  ---------  --------  ----------  --------------  -------------------
/opt/airflow/dags/daily_summary.py                           1           0  0.29s           2025-11-14T17:24:44
================================================================================
[2025-11-14T17:25:42.995+0000] {manager.py:879} INFO - 
================================================================================
DAG File Processing Stats

File Path                           PID    Runtime      # DAGs    # Errors  Last Runtime    Last Run
----------------------------------  -----  ---------  --------  ----------  --------------  -------------------
/opt/airflow/dags/daily_summary.py                           1           0  0.27s           2025-11-14T17:25:14
================================================================================
[2025-11-14T17:26:13.513+0000] {manager.py:879} INFO - 
================================================================================
DAG File Processing Stats

File Path                           PID    Runtime      # DAGs    # Errors  Last Runtime    Last Run
----------------------------------  -----  ---------  --------  ----------  --------------  -------------------
/opt/airflow/dags/daily_summary.py                           1           0  0.37s           2025-11-14T17:25:45
================================================================================
[2025-11-14T17:26:44.091+0000] {manager.py:879} INFO - 
================================================================================
DAG File Processing Stats

File Path                           PID    Runtime      # DAGs    # Errors  Last Runtime    Last Run
----------------------------------  -----  ---------  --------  ----------  --------------  -------------------
/opt/airflow/dags/daily_summary.py                           1           0  0.36s           2025-11-14T17:26:15
================================================================================
[2025-11-14T17:27:14.598+0000] {manager.py:879} INFO - 
================================================================================
DAG File Processing Stats

File Path                           PID    Runtime      # DAGs    # Errors  Last Runtime    Last Run
----------------------------------  -----  ---------  --------  ----------  --------------  -------------------
/opt/airflow/dags/daily_summary.py                           1           0  0.34s           2025-11-14T17:26:46
================================================================================
[2025-11-14T17:27:42.360+0000] {manager.py:451} INFO - Exiting gracefully upon receiving signal 15
[2025-11-14T17:28:23.549+0000] {manager.py:469} INFO - Processing files using up to 2 processes at a time 
[2025-11-14T17:28:23.550+0000] {manager.py:470} INFO - Process each file at most once every 30 seconds
[2025-11-14T17:28:23.551+0000] {manager.py:471} INFO - Checking for new files in /opt/airflow/dags every 300 seconds
[2025-11-14T17:28:23.552+0000] {manager.py:738} INFO - Searching for files in /opt/airflow/dags
[2025-11-14T17:28:23.590+0000] {manager.py:741} INFO - There are 1 files in /opt/airflow/dags
[2025-11-14T17:28:23.724+0000] {manager.py:879} INFO - 
================================================================================
DAG File Processing Stats

File Path                             PID  Runtime      # DAGs    # Errors  Last Runtime    Last Run
----------------------------------  -----  ---------  --------  ----------  --------------  ----------
/opt/airflow/dags/daily_summary.py    175  0.05s             0           0
================================================================================
[2025-11-14T17:28:54.062+0000] {manager.py:879} INFO - 
================================================================================
DAG File Processing Stats

File Path                             PID  Runtime      # DAGs    # Errors  Last Runtime    Last Run
----------------------------------  -----  ---------  --------  ----------  --------------  -------------------
/opt/airflow/dags/daily_summary.py    180  0.01s             1           0  0.32s           2025-11-14T17:28:23
================================================================================
[2025-11-14T17:29:24.625+0000] {manager.py:879} INFO - 
================================================================================
DAG File Processing Stats

File Path                           PID    Runtime      # DAGs    # Errors  Last Runtime    Last Run
----------------------------------  -----  ---------  --------  ----------  --------------  -------------------
/opt/airflow/dags/daily_summary.py                           1           0  0.59s           2025-11-14T17:28:54
================================================================================
[2025-11-14T17:29:54.679+0000] {manager.py:879} INFO - 
================================================================================
DAG File Processing Stats

File Path                           PID    Runtime      # DAGs    # Errors  Last Runtime    Last Run
----------------------------------  -----  ---------  --------  ----------  --------------  -------------------
/opt/airflow/dags/daily_summary.py                           1           0  0.36s           2025-11-14T17:29:25
================================================================================
[2025-11-14T17:30:25.038+0000] {manager.py:879} INFO - 
================================================================================
DAG File Processing Stats

File Path                           PID    Runtime      # DAGs    # Errors  Last Runtime    Last Run
----------------------------------  -----  ---------  --------  ----------  --------------  -------------------
/opt/airflow/dags/daily_summary.py                           1           0  0.37s           2025-11-14T17:29:56
================================================================================
[2025-11-14T17:30:55.756+0000] {manager.py:879} INFO - 
================================================================================
DAG File Processing Stats

File Path                           PID    Runtime      # DAGs    # Errors  Last Runtime    Last Run
----------------------------------  -----  ---------  --------  ----------  --------------  -------------------
/opt/airflow/dags/daily_summary.py                           1           0  0.30s           2025-11-14T17:30:26
================================================================================
[2025-11-14T17:31:26.332+0000] {manager.py:879} INFO - 
================================================================================
DAG File Processing Stats

File Path                           PID    Runtime      # DAGs    # Errors  Last Runtime    Last Run
----------------------------------  -----  ---------  --------  ----------  --------------  -------------------
/opt/airflow/dags/daily_summary.py                           1           0  0.34s           2025-11-14T17:30:57
================================================================================
[2025-11-14T17:31:56.747+0000] {manager.py:879} INFO - 
================================================================================
DAG File Processing Stats

File Path                           PID    Runtime      # DAGs    # Errors  Last Runtime    Last Run
----------------------------------  -----  ---------  --------  ----------  --------------  -------------------
/opt/airflow/dags/daily_summary.py                           1           0  0.38s           2025-11-14T17:31:27
================================================================================
[2025-11-14T17:32:26.802+0000] {manager.py:879} INFO - 
================================================================================
DAG File Processing Stats

File Path                           PID    Runtime      # DAGs    # Errors  Last Runtime    Last Run
----------------------------------  -----  ---------  --------  ----------  --------------  -------------------
/opt/airflow/dags/daily_summary.py                           1           0  0.38s           2025-11-14T17:31:58
================================================================================
[2025-11-14T17:32:57.148+0000] {manager.py:879} INFO - 
================================================================================
DAG File Processing Stats

File Path                           PID    Runtime      # DAGs    # Errors  Last Runtime    Last Run
----------------------------------  -----  ---------  --------  ----------  --------------  -------------------
/opt/airflow/dags/daily_summary.py                           1           0  0.33s           2025-11-14T17:32:29
================================================================================
[2025-11-14T17:33:23.823+0000] {manager.py:738} INFO - Searching for files in /opt/airflow/dags
[2025-11-14T17:33:23.891+0000] {manager.py:741} INFO - There are 1 files in /opt/airflow/dags
[2025-11-14T17:33:27.249+0000] {manager.py:879} INFO - 
================================================================================
DAG File Processing Stats

File Path                           PID    Runtime      # DAGs    # Errors  Last Runtime    Last Run
----------------------------------  -----  ---------  --------  ----------  --------------  -------------------
/opt/airflow/dags/daily_summary.py                           1           0  0.39s           2025-11-14T17:32:59
================================================================================
[2025-11-14T17:33:57.602+0000] {manager.py:879} INFO - 
================================================================================
DAG File Processing Stats

File Path                           PID    Runtime      # DAGs    # Errors  Last Runtime    Last Run
----------------------------------  -----  ---------  --------  ----------  --------------  -------------------
/opt/airflow/dags/daily_summary.py                           1           0  0.40s           2025-11-14T17:33:30
================================================================================
[2025-11-14T17:34:28.039+0000] {manager.py:879} INFO - 
================================================================================
DAG File Processing Stats

File Path                           PID    Runtime      # DAGs    # Errors  Last Runtime    Last Run
----------------------------------  -----  ---------  --------  ----------  --------------  -------------------
/opt/airflow/dags/daily_summary.py                           1           0  0.33s           2025-11-14T17:34:00
================================================================================
[2025-11-14T17:34:58.629+0000] {manager.py:879} INFO - 
================================================================================
DAG File Processing Stats

File Path                           PID    Runtime      # DAGs    # Errors  Last Runtime    Last Run
----------------------------------  -----  ---------  --------  ----------  --------------  -------------------
/opt/airflow/dags/daily_summary.py                           1           0  0.36s           2025-11-14T17:34:31
================================================================================
[2025-11-14T17:35:29.103+0000] {manager.py:879} INFO - 
================================================================================
DAG File Processing Stats

File Path                           PID    Runtime      # DAGs    # Errors  Last Runtime    Last Run
----------------------------------  -----  ---------  --------  ----------  --------------  -------------------
/opt/airflow/dags/daily_summary.py                           1           0  0.30s           2025-11-14T17:35:01
================================================================================
[2025-11-14T17:35:59.631+0000] {manager.py:879} INFO - 
================================================================================
DAG File Processing Stats

File Path                           PID    Runtime      # DAGs    # Errors  Last Runtime    Last Run
----------------------------------  -----  ---------  --------  ----------  --------------  -------------------
/opt/airflow/dags/daily_summary.py                           1           0  0.28s           2025-11-14T17:35:32
================================================================================
[2025-11-14T17:36:30.095+0000] {manager.py:879} INFO - 
================================================================================
DAG File Processing Stats

File Path                           PID    Runtime      # DAGs    # Errors  Last Runtime    Last Run
----------------------------------  -----  ---------  --------  ----------  --------------  -------------------
/opt/airflow/dags/daily_summary.py                           1           0  0.27s           2025-11-14T17:36:02
================================================================================
[2025-11-14T17:37:00.625+0000] {manager.py:879} INFO - 
================================================================================
DAG File Processing Stats

File Path                           PID    Runtime      # DAGs    # Errors  Last Runtime    Last Run
----------------------------------  -----  ---------  --------  ----------  --------------  -------------------
/opt/airflow/dags/daily_summary.py                           1           0  0.40s           2025-11-14T17:36:33
================================================================================
[2025-11-14T17:37:20.849+0000] {manager.py:451} INFO - Exiting gracefully upon receiving signal 15
[2025-11-14T17:39:56.096+0000] {manager.py:469} INFO - Processing files using up to 2 processes at a time 
[2025-11-14T17:39:56.097+0000] {manager.py:470} INFO - Process each file at most once every 30 seconds
[2025-11-14T17:39:56.097+0000] {manager.py:471} INFO - Checking for new files in /opt/airflow/dags every 300 seconds
[2025-11-14T17:39:56.098+0000] {manager.py:738} INFO - Searching for files in /opt/airflow/dags
[2025-11-14T17:39:56.141+0000] {manager.py:741} INFO - There are 1 files in /opt/airflow/dags
[2025-11-14T17:39:56.281+0000] {manager.py:879} INFO - 
================================================================================
DAG File Processing Stats

File Path                             PID  Runtime      # DAGs    # Errors  Last Runtime    Last Run
----------------------------------  -----  ---------  --------  ----------  --------------  ----------
/opt/airflow/dags/daily_summary.py    175  0.05s             0           0
================================================================================
[2025-11-14T17:40:26.577+0000] {manager.py:879} INFO - 
================================================================================
DAG File Processing Stats

File Path                           PID    Runtime      # DAGs    # Errors  Last Runtime    Last Run
----------------------------------  -----  ---------  --------  ----------  --------------  -------------------
/opt/airflow/dags/daily_summary.py                           1           0  0.35s           2025-11-14T17:39:56
================================================================================
[2025-11-14T17:40:56.830+0000] {manager.py:879} INFO - 
================================================================================
DAG File Processing Stats

File Path                           PID    Runtime      # DAGs    # Errors  Last Runtime    Last Run
----------------------------------  -----  ---------  --------  ----------  --------------  -------------------
/opt/airflow/dags/daily_summary.py                           1           0  0.62s           2025-11-14T17:40:27
================================================================================
[2025-11-14T17:41:27.214+0000] {manager.py:879} INFO - 
================================================================================
DAG File Processing Stats

File Path                           PID    Runtime      # DAGs    # Errors  Last Runtime    Last Run
----------------------------------  -----  ---------  --------  ----------  --------------  -------------------
/opt/airflow/dags/daily_summary.py                           1           0  0.35s           2025-11-14T17:40:58
================================================================================
[2025-11-14T17:41:57.891+0000] {manager.py:879} INFO - 
================================================================================
DAG File Processing Stats

File Path                           PID    Runtime      # DAGs    # Errors  Last Runtime    Last Run
----------------------------------  -----  ---------  --------  ----------  --------------  -------------------
/opt/airflow/dags/daily_summary.py                           1           0  0.46s           2025-11-14T17:41:28
================================================================================
[2025-11-14T17:42:28.368+0000] {manager.py:879} INFO - 
================================================================================
DAG File Processing Stats

File Path                           PID    Runtime      # DAGs    # Errors  Last Runtime    Last Run
----------------------------------  -----  ---------  --------  ----------  --------------  -------------------
/opt/airflow/dags/daily_summary.py                           1           0  0.37s           2025-11-14T17:41:59
================================================================================
[2025-11-14T17:42:58.968+0000] {manager.py:879} INFO - 
================================================================================
DAG File Processing Stats

File Path                           PID    Runtime      # DAGs    # Errors  Last Runtime    Last Run
----------------------------------  -----  ---------  --------  ----------  --------------  -------------------
/opt/airflow/dags/daily_summary.py                           1           0  0.31s           2025-11-14T17:42:29
================================================================================
[2025-11-14T17:43:29.280+0000] {manager.py:879} INFO - 
================================================================================
DAG File Processing Stats

File Path                           PID    Runtime      # DAGs    # Errors  Last Runtime    Last Run
----------------------------------  -----  ---------  --------  ----------  --------------  -------------------
/opt/airflow/dags/daily_summary.py                           1           0  0.28s           2025-11-14T17:43:00
================================================================================
[2025-11-14T17:43:59.857+0000] {manager.py:879} INFO - 
================================================================================
DAG File Processing Stats

File Path                           PID    Runtime      # DAGs    # Errors  Last Runtime    Last Run
----------------------------------  -----  ---------  --------  ----------  --------------  -------------------
/opt/airflow/dags/daily_summary.py                           1           0  0.44s           2025-11-14T17:43:30
================================================================================
[2025-11-14T17:44:30.354+0000] {manager.py:879} INFO - 
================================================================================
DAG File Processing Stats

File Path                           PID    Runtime      # DAGs    # Errors  Last Runtime    Last Run
----------------------------------  -----  ---------  --------  ----------  --------------  -------------------
/opt/airflow/dags/daily_summary.py                           1           0  0.30s           2025-11-14T17:44:01
================================================================================
[2025-11-14T17:44:56.766+0000] {manager.py:738} INFO - Searching for files in /opt/airflow/dags
[2025-11-14T17:44:56.845+0000] {manager.py:741} INFO - There are 1 files in /opt/airflow/dags
[2025-11-14T17:45:00.916+0000] {manager.py:879} INFO - 
================================================================================
DAG File Processing Stats

File Path                           PID    Runtime      # DAGs    # Errors  Last Runtime    Last Run
----------------------------------  -----  ---------  --------  ----------  --------------  -------------------
/opt/airflow/dags/daily_summary.py                           1           0  0.29s           2025-11-14T17:44:31
================================================================================
[2025-11-14T17:45:31.318+0000] {manager.py:879} INFO - 
================================================================================
DAG File Processing Stats

File Path                           PID    Runtime      # DAGs    # Errors  Last Runtime    Last Run
----------------------------------  -----  ---------  --------  ----------  --------------  -------------------
/opt/airflow/dags/daily_summary.py                           1           0  0.32s           2025-11-14T17:45:02
================================================================================
[2025-11-14T17:46:01.902+0000] {manager.py:879} INFO - 
================================================================================
DAG File Processing Stats

File Path                           PID    Runtime      # DAGs    # Errors  Last Runtime    Last Run
----------------------------------  -----  ---------  --------  ----------  --------------  -------------------
/opt/airflow/dags/daily_summary.py                           1           0  0.30s           2025-11-14T17:45:32
================================================================================
[2025-11-14T17:46:32.281+0000] {manager.py:879} INFO - 
================================================================================
DAG File Processing Stats

File Path                           PID    Runtime      # DAGs    # Errors  Last Runtime    Last Run
----------------------------------  -----  ---------  --------  ----------  --------------  -------------------
/opt/airflow/dags/daily_summary.py                           1           0  0.30s           2025-11-14T17:46:03
================================================================================
[2025-11-14T17:47:02.893+0000] {manager.py:879} INFO - 
================================================================================
DAG File Processing Stats

File Path                           PID    Runtime      # DAGs    # Errors  Last Runtime    Last Run
----------------------------------  -----  ---------  --------  ----------  --------------  -------------------
/opt/airflow/dags/daily_summary.py                           1           0  0.35s           2025-11-14T17:46:33
================================================================================
[2025-11-14T17:47:33.326+0000] {manager.py:879} INFO - 
================================================================================
DAG File Processing Stats

File Path                           PID    Runtime      # DAGs    # Errors  Last Runtime    Last Run
----------------------------------  -----  ---------  --------  ----------  --------------  -------------------
/opt/airflow/dags/daily_summary.py                           1           0  0.29s           2025-11-14T17:47:04
================================================================================
[2025-11-14T17:48:03.846+0000] {manager.py:879} INFO - 
================================================================================
DAG File Processing Stats

File Path                           PID    Runtime      # DAGs    # Errors  Last Runtime    Last Run
----------------------------------  -----  ---------  --------  ----------  --------------  -------------------
/opt/airflow/dags/daily_summary.py                           1           0  0.32s           2025-11-14T17:47:34
================================================================================
[2025-11-14T17:48:34.258+0000] {manager.py:879} INFO - 
================================================================================
DAG File Processing Stats

File Path                           PID    Runtime      # DAGs    # Errors  Last Runtime    Last Run
----------------------------------  -----  ---------  --------  ----------  --------------  -------------------
/opt/airflow/dags/daily_summary.py                           1           0  0.29s           2025-11-14T17:48:05
================================================================================
[2025-11-14T17:49:04.762+0000] {manager.py:879} INFO - 
================================================================================
DAG File Processing Stats

File Path                           PID    Runtime      # DAGs    # Errors  Last Runtime    Last Run
----------------------------------  -----  ---------  --------  ----------  --------------  -------------------
/opt/airflow/dags/daily_summary.py                           1           0  0.31s           2025-11-14T17:48:35
================================================================================
[2025-11-14T17:49:35.192+0000] {manager.py:879} INFO - 
================================================================================
DAG File Processing Stats

File Path                           PID    Runtime      # DAGs    # Errors  Last Runtime    Last Run
----------------------------------  -----  ---------  --------  ----------  --------------  -------------------
/opt/airflow/dags/daily_summary.py                           1           0  0.32s           2025-11-14T17:49:06
================================================================================
[2025-11-14T17:49:57.623+0000] {manager.py:738} INFO - Searching for files in /opt/airflow/dags
[2025-11-14T17:49:57.692+0000] {manager.py:741} INFO - There are 1 files in /opt/airflow/dags
[2025-11-14T17:50:05.800+0000] {manager.py:879} INFO - 
================================================================================
DAG File Processing Stats

File Path                           PID    Runtime      # DAGs    # Errors  Last Runtime    Last Run
----------------------------------  -----  ---------  --------  ----------  --------------  -------------------
/opt/airflow/dags/daily_summary.py                           1           0  0.33s           2025-11-14T17:49:36
================================================================================
[2025-11-14T17:50:36.135+0000] {manager.py:879} INFO - 
================================================================================
DAG File Processing Stats

File Path                           PID    Runtime      # DAGs    # Errors  Last Runtime    Last Run
----------------------------------  -----  ---------  --------  ----------  --------------  -------------------
/opt/airflow/dags/daily_summary.py                           1           0  0.34s           2025-11-14T17:50:07
================================================================================
[2025-11-14T17:50:49.482+0000] {manager.py:451} INFO - Exiting gracefully upon receiving signal 15
[2025-11-14T17:51:50.363+0000] {manager.py:469} INFO - Processing files using up to 2 processes at a time 
[2025-11-14T17:51:50.367+0000] {manager.py:470} INFO - Process each file at most once every 30 seconds
[2025-11-14T17:51:50.368+0000] {manager.py:471} INFO - Checking for new files in /opt/airflow/dags every 300 seconds
[2025-11-14T17:51:50.369+0000] {manager.py:738} INFO - Searching for files in /opt/airflow/dags
[2025-11-14T17:51:50.419+0000] {manager.py:741} INFO - There are 1 files in /opt/airflow/dags
[2025-11-14T17:51:50.585+0000] {manager.py:879} INFO - 
================================================================================
DAG File Processing Stats

File Path                             PID  Runtime      # DAGs    # Errors  Last Runtime    Last Run
----------------------------------  -----  ---------  --------  ----------  --------------  ----------
/opt/airflow/dags/daily_summary.py    175  0.07s             0           0
================================================================================
[2025-11-14T17:52:20.872+0000] {manager.py:879} INFO - 
================================================================================
DAG File Processing Stats

File Path                           PID    Runtime      # DAGs    # Errors  Last Runtime    Last Run
----------------------------------  -----  ---------  --------  ----------  --------------  -------------------
/opt/airflow/dags/daily_summary.py                           1           0  0.38s           2025-11-14T17:51:50
================================================================================
[2025-11-14T17:52:50.947+0000] {manager.py:879} INFO - 
================================================================================
DAG File Processing Stats

File Path                           PID    Runtime      # DAGs    # Errors  Last Runtime    Last Run
----------------------------------  -----  ---------  --------  ----------  --------------  -------------------
/opt/airflow/dags/daily_summary.py                           1           0  0.51s           2025-11-14T17:52:21
================================================================================
[2025-11-14T17:53:21.140+0000] {manager.py:879} INFO - 
================================================================================
DAG File Processing Stats

File Path                           PID    Runtime      # DAGs    # Errors  Last Runtime    Last Run
----------------------------------  -----  ---------  --------  ----------  --------------  -------------------
/opt/airflow/dags/daily_summary.py                           1           0  0.17s           2025-11-14T17:52:52
================================================================================
[2025-11-14T17:53:51.484+0000] {manager.py:879} INFO - 
================================================================================
DAG File Processing Stats

File Path                           PID    Runtime      # DAGs    # Errors  Last Runtime    Last Run
----------------------------------  -----  ---------  --------  ----------  --------------  -------------------
/opt/airflow/dags/daily_summary.py                           1           0  0.16s           2025-11-14T17:53:22
================================================================================
[2025-11-14T17:54:21.696+0000] {manager.py:879} INFO - 
================================================================================
DAG File Processing Stats

File Path                           PID    Runtime      # DAGs    # Errors  Last Runtime    Last Run
----------------------------------  -----  ---------  --------  ----------  --------------  -------------------
/opt/airflow/dags/daily_summary.py                           1           0  0.20s           2025-11-14T17:53:52
================================================================================
[2025-11-14T17:54:51.902+0000] {manager.py:879} INFO - 
================================================================================
DAG File Processing Stats

File Path                           PID    Runtime      # DAGs    # Errors  Last Runtime    Last Run
----------------------------------  -----  ---------  --------  ----------  --------------  -------------------
/opt/airflow/dags/daily_summary.py                           1           0  0.15s           2025-11-14T17:54:22
================================================================================
[2025-11-14T17:55:22.215+0000] {manager.py:879} INFO - 
================================================================================
DAG File Processing Stats

File Path                           PID    Runtime      # DAGs    # Errors  Last Runtime    Last Run
----------------------------------  -----  ---------  --------  ----------  --------------  -------------------
/opt/airflow/dags/daily_summary.py                           1           0  0.15s           2025-11-14T17:54:53
================================================================================
[2025-11-14T17:55:52.433+0000] {manager.py:879} INFO - 
================================================================================
DAG File Processing Stats

File Path                           PID    Runtime      # DAGs    # Errors  Last Runtime    Last Run
----------------------------------  -----  ---------  --------  ----------  --------------  -------------------
/opt/airflow/dags/daily_summary.py                           1           0  0.15s           2025-11-14T17:55:23
================================================================================
[2025-11-14T17:56:22.738+0000] {manager.py:879} INFO - 
================================================================================
DAG File Processing Stats

File Path                           PID    Runtime      # DAGs    # Errors  Last Runtime    Last Run
----------------------------------  -----  ---------  --------  ----------  --------------  -------------------
/opt/airflow/dags/daily_summary.py                           1           0  0.15s           2025-11-14T17:55:53
================================================================================
[2025-11-14T17:56:50.929+0000] {manager.py:738} INFO - Searching for files in /opt/airflow/dags
[2025-11-14T17:56:50.949+0000] {manager.py:741} INFO - There are 1 files in /opt/airflow/dags
[2025-11-14T17:56:52.971+0000] {manager.py:879} INFO - 
================================================================================
DAG File Processing Stats

File Path                           PID    Runtime      # DAGs    # Errors  Last Runtime    Last Run
----------------------------------  -----  ---------  --------  ----------  --------------  -------------------
/opt/airflow/dags/daily_summary.py                           1           0  0.15s           2025-11-14T17:56:23
================================================================================
[2025-11-14T17:57:23.251+0000] {manager.py:879} INFO - 
================================================================================
DAG File Processing Stats

File Path                           PID    Runtime      # DAGs    # Errors  Last Runtime    Last Run
----------------------------------  -----  ---------  --------  ----------  --------------  -------------------
/opt/airflow/dags/daily_summary.py                           1           0  0.15s           2025-11-14T17:56:54
================================================================================
[2025-11-14T17:57:53.470+0000] {manager.py:879} INFO - 
================================================================================
DAG File Processing Stats

File Path                           PID    Runtime      # DAGs    # Errors  Last Runtime    Last Run
----------------------------------  -----  ---------  --------  ----------  --------------  -------------------
/opt/airflow/dags/daily_summary.py                           1           0  0.15s           2025-11-14T17:57:24
================================================================================
[2025-11-14T17:58:23.777+0000] {manager.py:879} INFO - 
================================================================================
DAG File Processing Stats

File Path                           PID    Runtime      # DAGs    # Errors  Last Runtime    Last Run
----------------------------------  -----  ---------  --------  ----------  --------------  -------------------
/opt/airflow/dags/daily_summary.py                           1           0  0.15s           2025-11-14T17:57:54
================================================================================
[2025-11-14T17:58:53.999+0000] {manager.py:879} INFO - 
================================================================================
DAG File Processing Stats

File Path                           PID    Runtime      # DAGs    # Errors  Last Runtime    Last Run
----------------------------------  -----  ---------  --------  ----------  --------------  -------------------
/opt/airflow/dags/daily_summary.py                           1           0  0.14s           2025-11-14T17:58:24
================================================================================
[2025-11-14T17:59:24.315+0000] {manager.py:879} INFO - 
================================================================================
DAG File Processing Stats

File Path                           PID    Runtime      # DAGs    # Errors  Last Runtime    Last Run
----------------------------------  -----  ---------  --------  ----------  --------------  -------------------
/opt/airflow/dags/daily_summary.py                           1           0  0.15s           2025-11-14T17:58:55
================================================================================
[2025-11-14T17:59:54.554+0000] {manager.py:879} INFO - 
================================================================================
DAG File Processing Stats

File Path                           PID    Runtime      # DAGs    # Errors  Last Runtime    Last Run
----------------------------------  -----  ---------  --------  ----------  --------------  -------------------
/opt/airflow/dags/daily_summary.py                           1           0  0.14s           2025-11-14T17:59:25
================================================================================
[2025-11-14T18:00:24.876+0000] {manager.py:879} INFO - 
================================================================================
DAG File Processing Stats

File Path                           PID    Runtime      # DAGs    # Errors  Last Runtime    Last Run
----------------------------------  -----  ---------  --------  ----------  --------------  -------------------
/opt/airflow/dags/daily_summary.py                           1           0  0.17s           2025-11-14T17:59:55
================================================================================
[2025-11-14T18:00:55.135+0000] {manager.py:879} INFO - 
================================================================================
DAG File Processing Stats

File Path                           PID    Runtime      # DAGs    # Errors  Last Runtime    Last Run
----------------------------------  -----  ---------  --------  ----------  --------------  -------------------
/opt/airflow/dags/daily_summary.py                           1           0  0.18s           2025-11-14T18:00:26
================================================================================
[2025-11-14T18:01:25.463+0000] {manager.py:879} INFO - 
================================================================================
DAG File Processing Stats

File Path                           PID    Runtime      # DAGs    # Errors  Last Runtime    Last Run
----------------------------------  -----  ---------  --------  ----------  --------------  -------------------
/opt/airflow/dags/daily_summary.py                           1           0  0.15s           2025-11-14T18:00:56
================================================================================
[2025-11-14T18:01:51.666+0000] {manager.py:738} INFO - Searching for files in /opt/airflow/dags
[2025-11-14T18:01:51.686+0000] {manager.py:741} INFO - There are 1 files in /opt/airflow/dags
[2025-11-14T18:01:55.725+0000] {manager.py:879} INFO - 
================================================================================
DAG File Processing Stats

File Path                           PID    Runtime      # DAGs    # Errors  Last Runtime    Last Run
----------------------------------  -----  ---------  --------  ----------  --------------  -------------------
/opt/airflow/dags/daily_summary.py                           1           0  0.16s           2025-11-14T18:01:26
================================================================================
[2025-11-14T18:02:26.052+0000] {manager.py:879} INFO - 
================================================================================
DAG File Processing Stats

File Path                           PID    Runtime      # DAGs    # Errors  Last Runtime    Last Run
----------------------------------  -----  ---------  --------  ----------  --------------  -------------------
/opt/airflow/dags/daily_summary.py                           1           0  0.15s           2025-11-14T18:01:56
================================================================================
[2025-11-14T18:02:56.266+0000] {manager.py:879} INFO - 
================================================================================
DAG File Processing Stats

File Path                           PID    Runtime      # DAGs    # Errors  Last Runtime    Last Run
----------------------------------  -----  ---------  --------  ----------  --------------  -------------------
/opt/airflow/dags/daily_summary.py                           1           0  0.16s           2025-11-14T18:02:27
================================================================================
[2025-11-14T18:03:26.627+0000] {manager.py:879} INFO - 
================================================================================
DAG File Processing Stats

File Path                           PID    Runtime      # DAGs    # Errors  Last Runtime    Last Run
----------------------------------  -----  ---------  --------  ----------  --------------  -------------------
/opt/airflow/dags/daily_summary.py                           1           0  0.16s           2025-11-14T18:02:57
================================================================================
[2025-11-14T18:03:56.861+0000] {manager.py:879} INFO - 
================================================================================
DAG File Processing Stats

File Path                           PID    Runtime      # DAGs    # Errors  Last Runtime    Last Run
----------------------------------  -----  ---------  --------  ----------  --------------  -------------------
/opt/airflow/dags/daily_summary.py                           1           0  0.16s           2025-11-14T18:03:27
================================================================================
[2025-11-14T18:04:27.192+0000] {manager.py:879} INFO - 
================================================================================
DAG File Processing Stats

File Path                           PID    Runtime      # DAGs    # Errors  Last Runtime    Last Run
----------------------------------  -----  ---------  --------  ----------  --------------  -------------------
/opt/airflow/dags/daily_summary.py                           1           0  0.15s           2025-11-14T18:03:58
================================================================================
[2025-11-14T18:04:57.404+0000] {manager.py:879} INFO - 
================================================================================
DAG File Processing Stats

File Path                           PID    Runtime      # DAGs    # Errors  Last Runtime    Last Run
----------------------------------  -----  ---------  --------  ----------  --------------  -------------------
/opt/airflow/dags/daily_summary.py                           1           0  0.14s           2025-11-14T18:04:28
================================================================================
[2025-11-14T18:05:27.728+0000] {manager.py:879} INFO - 
================================================================================
DAG File Processing Stats

File Path                           PID    Runtime      # DAGs    # Errors  Last Runtime    Last Run
----------------------------------  -----  ---------  --------  ----------  --------------  -------------------
/opt/airflow/dags/daily_summary.py                           1           0  0.17s           2025-11-14T18:04:58
================================================================================
[2025-11-14T18:05:57.969+0000] {manager.py:879} INFO - 
================================================================================
DAG File Processing Stats

File Path                           PID    Runtime      # DAGs    # Errors  Last Runtime    Last Run
----------------------------------  -----  ---------  --------  ----------  --------------  -------------------
/opt/airflow/dags/daily_summary.py                           1           0  0.16s           2025-11-14T18:05:28
================================================================================
[2025-11-14T18:06:28.276+0000] {manager.py:879} INFO - 
================================================================================
DAG File Processing Stats

File Path                           PID    Runtime      # DAGs    # Errors  Last Runtime    Last Run
----------------------------------  -----  ---------  --------  ----------  --------------  -------------------
/opt/airflow/dags/daily_summary.py                           1           0  0.16s           2025-11-14T18:05:59
================================================================================
[2025-11-14T18:06:52.461+0000] {manager.py:738} INFO - Searching for files in /opt/airflow/dags
[2025-11-14T18:06:52.484+0000] {manager.py:741} INFO - There are 1 files in /opt/airflow/dags
[2025-11-14T18:06:58.532+0000] {manager.py:879} INFO - 
================================================================================
DAG File Processing Stats

File Path                           PID    Runtime      # DAGs    # Errors  Last Runtime    Last Run
----------------------------------  -----  ---------  --------  ----------  --------------  -------------------
/opt/airflow/dags/daily_summary.py                           1           0  0.15s           2025-11-14T18:06:29
================================================================================
[2025-11-14T18:07:28.861+0000] {manager.py:879} INFO - 
================================================================================
DAG File Processing Stats

File Path                           PID    Runtime      # DAGs    # Errors  Last Runtime    Last Run
----------------------------------  -----  ---------  --------  ----------  --------------  -------------------
/opt/airflow/dags/daily_summary.py                           1           0  0.15s           2025-11-14T18:06:59
================================================================================
[2025-11-14T18:07:59.090+0000] {manager.py:879} INFO - 
================================================================================
DAG File Processing Stats

File Path                           PID    Runtime      # DAGs    # Errors  Last Runtime    Last Run
----------------------------------  -----  ---------  --------  ----------  --------------  -------------------
/opt/airflow/dags/daily_summary.py                           1           0  0.16s           2025-11-14T18:07:30
================================================================================
[2025-11-14T18:08:29.430+0000] {manager.py:879} INFO - 
================================================================================
DAG File Processing Stats

File Path                           PID    Runtime      # DAGs    # Errors  Last Runtime    Last Run
----------------------------------  -----  ---------  --------  ----------  --------------  -------------------
/opt/airflow/dags/daily_summary.py                           1           0  0.15s           2025-11-14T18:08:00
================================================================================
[2025-11-14T18:08:59.677+0000] {manager.py:879} INFO - 
================================================================================
DAG File Processing Stats

File Path                           PID    Runtime      # DAGs    # Errors  Last Runtime    Last Run
----------------------------------  -----  ---------  --------  ----------  --------------  -------------------
/opt/airflow/dags/daily_summary.py                           1           0  0.15s           2025-11-14T18:08:30
================================================================================
[2025-11-14T18:09:29.985+0000] {manager.py:879} INFO - 
================================================================================
DAG File Processing Stats

File Path                           PID    Runtime      # DAGs    # Errors  Last Runtime    Last Run
----------------------------------  -----  ---------  --------  ----------  --------------  -------------------
/opt/airflow/dags/daily_summary.py                           1           0  0.15s           2025-11-14T18:09:00
================================================================================
[2025-11-14T18:10:00.229+0000] {manager.py:879} INFO - 
================================================================================
DAG File Processing Stats

File Path                           PID    Runtime      # DAGs    # Errors  Last Runtime    Last Run
----------------------------------  -----  ---------  --------  ----------  --------------  -------------------
/opt/airflow/dags/daily_summary.py                           1           0  0.15s           2025-11-14T18:09:31
================================================================================
[2025-11-14T18:10:30.564+0000] {manager.py:879} INFO - 
================================================================================
DAG File Processing Stats

File Path                           PID    Runtime      # DAGs    # Errors  Last Runtime    Last Run
----------------------------------  -----  ---------  --------  ----------  --------------  -------------------
/opt/airflow/dags/daily_summary.py                           1           0  0.16s           2025-11-14T18:10:01
================================================================================
[2025-11-14T18:11:00.833+0000] {manager.py:879} INFO - 
================================================================================
DAG File Processing Stats

File Path                           PID    Runtime      # DAGs    # Errors  Last Runtime    Last Run
----------------------------------  -----  ---------  --------  ----------  --------------  -------------------
/opt/airflow/dags/daily_summary.py                           1           0  0.15s           2025-11-14T18:10:31
================================================================================
[2025-11-14T18:11:31.138+0000] {manager.py:879} INFO - 
================================================================================
DAG File Processing Stats

File Path                           PID    Runtime      # DAGs    # Errors  Last Runtime    Last Run
----------------------------------  -----  ---------  --------  ----------  --------------  -------------------
/opt/airflow/dags/daily_summary.py                           1           0  0.14s           2025-11-14T18:11:01
================================================================================
[2025-11-14T18:11:53.319+0000] {manager.py:738} INFO - Searching for files in /opt/airflow/dags
[2025-11-14T18:11:53.336+0000] {manager.py:741} INFO - There are 1 files in /opt/airflow/dags
[2025-11-14T18:12:01.396+0000] {manager.py:879} INFO - 
================================================================================
DAG File Processing Stats

File Path                           PID    Runtime      # DAGs    # Errors  Last Runtime    Last Run
----------------------------------  -----  ---------  --------  ----------  --------------  -------------------
/opt/airflow/dags/daily_summary.py                           1           0  0.17s           2025-11-14T18:11:32
================================================================================
[2025-11-14T18:12:31.669+0000] {manager.py:879} INFO - 
================================================================================
DAG File Processing Stats

File Path                           PID    Runtime      # DAGs    # Errors  Last Runtime    Last Run
----------------------------------  -----  ---------  --------  ----------  --------------  -------------------
/opt/airflow/dags/daily_summary.py                           1           0  0.14s           2025-11-14T18:12:02
================================================================================
[2025-11-14T18:13:01.893+0000] {manager.py:879} INFO - 
================================================================================
DAG File Processing Stats

File Path                           PID    Runtime      # DAGs    # Errors  Last Runtime    Last Run
----------------------------------  -----  ---------  --------  ----------  --------------  -------------------
/opt/airflow/dags/daily_summary.py                           1           0  0.16s           2025-11-14T18:12:32
================================================================================
[2025-11-14T18:13:32.203+0000] {manager.py:879} INFO - 
================================================================================
DAG File Processing Stats

File Path                           PID    Runtime      # DAGs    # Errors  Last Runtime    Last Run
----------------------------------  -----  ---------  --------  ----------  --------------  -------------------
/opt/airflow/dags/daily_summary.py                           1           0  0.14s           2025-11-14T18:13:03
================================================================================
[2025-11-14T18:14:02.413+0000] {manager.py:879} INFO - 
================================================================================
DAG File Processing Stats

File Path                           PID    Runtime      # DAGs    # Errors  Last Runtime    Last Run
----------------------------------  -----  ---------  --------  ----------  --------------  -------------------
/opt/airflow/dags/daily_summary.py                           1           0  0.15s           2025-11-14T18:13:33
================================================================================
[2025-11-14T18:14:32.725+0000] {manager.py:879} INFO - 
================================================================================
DAG File Processing Stats

File Path                           PID    Runtime      # DAGs    # Errors  Last Runtime    Last Run
----------------------------------  -----  ---------  --------  ----------  --------------  -------------------
/opt/airflow/dags/daily_summary.py                           1           0  0.14s           2025-11-14T18:14:03
================================================================================
[2025-11-14T18:15:02.951+0000] {manager.py:879} INFO - 
================================================================================
DAG File Processing Stats

File Path                           PID    Runtime      # DAGs    # Errors  Last Runtime    Last Run
----------------------------------  -----  ---------  --------  ----------  --------------  -------------------
/opt/airflow/dags/daily_summary.py                           1           0  0.15s           2025-11-14T18:14:33
================================================================================
[2025-11-14T18:15:33.274+0000] {manager.py:879} INFO - 
================================================================================
DAG File Processing Stats

File Path                           PID    Runtime      # DAGs    # Errors  Last Runtime    Last Run
----------------------------------  -----  ---------  --------  ----------  --------------  -------------------
/opt/airflow/dags/daily_summary.py                           1           0  0.15s           2025-11-14T18:15:04
================================================================================
[2025-11-14T18:16:03.480+0000] {manager.py:879} INFO - 
================================================================================
DAG File Processing Stats

File Path                           PID    Runtime      # DAGs    # Errors  Last Runtime    Last Run
----------------------------------  -----  ---------  --------  ----------  --------------  -------------------
/opt/airflow/dags/daily_summary.py                           1           0  0.14s           2025-11-14T18:15:34
================================================================================
[2025-11-14T18:16:33.767+0000] {manager.py:879} INFO - 
================================================================================
DAG File Processing Stats

File Path                           PID    Runtime      # DAGs    # Errors  Last Runtime    Last Run
----------------------------------  -----  ---------  --------  ----------  --------------  -------------------
/opt/airflow/dags/daily_summary.py                           1           0  0.14s           2025-11-14T18:16:04
================================================================================
[2025-11-14T18:16:53.902+0000] {manager.py:738} INFO - Searching for files in /opt/airflow/dags
[2025-11-14T18:16:53.922+0000] {manager.py:741} INFO - There are 1 files in /opt/airflow/dags
[2025-11-14T18:17:03.992+0000] {manager.py:879} INFO - 
================================================================================
DAG File Processing Stats

File Path                           PID    Runtime      # DAGs    # Errors  Last Runtime    Last Run
----------------------------------  -----  ---------  --------  ----------  --------------  -------------------
/opt/airflow/dags/daily_summary.py                           1           0  0.14s           2025-11-14T18:16:34
================================================================================
[2025-11-14T18:17:34.252+0000] {manager.py:879} INFO - 
================================================================================
DAG File Processing Stats

File Path                           PID    Runtime      # DAGs    # Errors  Last Runtime    Last Run
----------------------------------  -----  ---------  --------  ----------  --------------  -------------------
/opt/airflow/dags/daily_summary.py                           1           0  0.15s           2025-11-14T18:17:05
================================================================================
[2025-11-14T18:18:04.490+0000] {manager.py:879} INFO - 
================================================================================
DAG File Processing Stats

File Path                           PID    Runtime      # DAGs    # Errors  Last Runtime    Last Run
----------------------------------  -----  ---------  --------  ----------  --------------  -------------------
/opt/airflow/dags/daily_summary.py                           1           0  0.15s           2025-11-14T18:17:35
================================================================================
[2025-11-14T18:18:34.758+0000] {manager.py:879} INFO - 
================================================================================
DAG File Processing Stats

File Path                           PID    Runtime      # DAGs    # Errors  Last Runtime    Last Run
----------------------------------  -----  ---------  --------  ----------  --------------  -------------------
/opt/airflow/dags/daily_summary.py                           1           0  0.15s           2025-11-14T18:18:05
================================================================================
[2025-11-14T18:19:04.978+0000] {manager.py:879} INFO - 
================================================================================
DAG File Processing Stats

File Path                           PID    Runtime      # DAGs    # Errors  Last Runtime    Last Run
----------------------------------  -----  ---------  --------  ----------  --------------  -------------------
/opt/airflow/dags/daily_summary.py                           1           0  0.14s           2025-11-14T18:18:35
================================================================================
[2025-11-14T18:19:35.220+0000] {manager.py:879} INFO - 
================================================================================
DAG File Processing Stats

File Path                           PID    Runtime      # DAGs    # Errors  Last Runtime    Last Run
----------------------------------  -----  ---------  --------  ----------  --------------  -------------------
/opt/airflow/dags/daily_summary.py                           1           0  0.14s           2025-11-14T18:19:06
================================================================================
[2025-11-14T18:20:05.441+0000] {manager.py:879} INFO - 
================================================================================
DAG File Processing Stats

File Path                           PID    Runtime      # DAGs    # Errors  Last Runtime    Last Run
----------------------------------  -----  ---------  --------  ----------  --------------  -------------------
/opt/airflow/dags/daily_summary.py                           1           0  0.14s           2025-11-14T18:19:36
================================================================================
[2025-11-14T18:20:35.680+0000] {manager.py:879} INFO - 
================================================================================
DAG File Processing Stats

File Path                           PID    Runtime      # DAGs    # Errors  Last Runtime    Last Run
----------------------------------  -----  ---------  --------  ----------  --------------  -------------------
/opt/airflow/dags/daily_summary.py                           1           0  0.14s           2025-11-14T18:20:06
================================================================================
[2025-11-14T18:21:05.920+0000] {manager.py:879} INFO - 
================================================================================
DAG File Processing Stats

File Path                           PID    Runtime      # DAGs    # Errors  Last Runtime    Last Run
----------------------------------  -----  ---------  --------  ----------  --------------  -------------------
/opt/airflow/dags/daily_summary.py                           1           0  0.15s           2025-11-14T18:20:36
================================================================================
[2025-11-14T18:21:36.158+0000] {manager.py:879} INFO - 
================================================================================
DAG File Processing Stats

File Path                           PID    Runtime      # DAGs    # Errors  Last Runtime    Last Run
----------------------------------  -----  ---------  --------  ----------  --------------  -------------------
/opt/airflow/dags/daily_summary.py                           1           0  0.16s           2025-11-14T18:21:07
================================================================================
[2025-11-14T18:21:54.352+0000] {manager.py:738} INFO - Searching for files in /opt/airflow/dags
[2025-11-14T18:21:54.372+0000] {manager.py:741} INFO - There are 1 files in /opt/airflow/dags
[2025-11-14T18:22:06.455+0000] {manager.py:879} INFO - 
================================================================================
DAG File Processing Stats

File Path                           PID    Runtime      # DAGs    # Errors  Last Runtime    Last Run
----------------------------------  -----  ---------  --------  ----------  --------------  -------------------
/opt/airflow/dags/daily_summary.py                           1           0  0.15s           2025-11-14T18:21:37
================================================================================
[2025-11-14T18:22:36.650+0000] {manager.py:879} INFO - 
================================================================================
DAG File Processing Stats

File Path                           PID    Runtime      # DAGs    # Errors  Last Runtime    Last Run
----------------------------------  -----  ---------  --------  ----------  --------------  -------------------
/opt/airflow/dags/daily_summary.py                           1           0  0.14s           2025-11-14T18:22:07
================================================================================
[2025-11-14T18:23:06.936+0000] {manager.py:879} INFO - 
================================================================================
DAG File Processing Stats

File Path                           PID    Runtime      # DAGs    # Errors  Last Runtime    Last Run
----------------------------------  -----  ---------  --------  ----------  --------------  -------------------
/opt/airflow/dags/daily_summary.py                           1           0  0.17s           2025-11-14T18:22:37
================================================================================
[2025-11-14T18:23:37.146+0000] {manager.py:879} INFO - 
================================================================================
DAG File Processing Stats

File Path                           PID    Runtime      # DAGs    # Errors  Last Runtime    Last Run
----------------------------------  -----  ---------  --------  ----------  --------------  -------------------
/opt/airflow/dags/daily_summary.py                           1           0  0.15s           2025-11-14T18:23:08
================================================================================
[2025-11-14T18:24:07.425+0000] {manager.py:879} INFO - 
================================================================================
DAG File Processing Stats

File Path                           PID    Runtime      # DAGs    # Errors  Last Runtime    Last Run
----------------------------------  -----  ---------  --------  ----------  --------------  -------------------
/opt/airflow/dags/daily_summary.py                           1           0  0.14s           2025-11-14T18:23:38
================================================================================
[2025-11-14T18:24:37.627+0000] {manager.py:879} INFO - 
================================================================================
DAG File Processing Stats

File Path                           PID    Runtime      # DAGs    # Errors  Last Runtime    Last Run
----------------------------------  -----  ---------  --------  ----------  --------------  -------------------
/opt/airflow/dags/daily_summary.py                           1           0  0.14s           2025-11-14T18:24:08
================================================================================
[2025-11-14T18:25:07.905+0000] {manager.py:879} INFO - 
================================================================================
DAG File Processing Stats

File Path                           PID    Runtime      # DAGs    # Errors  Last Runtime    Last Run
----------------------------------  -----  ---------  --------  ----------  --------------  -------------------
/opt/airflow/dags/daily_summary.py                           1           0  0.15s           2025-11-14T18:24:38
================================================================================
[2025-11-14T18:25:38.102+0000] {manager.py:879} INFO - 
================================================================================
DAG File Processing Stats

File Path                           PID    Runtime      # DAGs    # Errors  Last Runtime    Last Run
----------------------------------  -----  ---------  --------  ----------  --------------  -------------------
/opt/airflow/dags/daily_summary.py                           1           0  0.15s           2025-11-14T18:25:09
================================================================================
[2025-11-14T18:26:08.390+0000] {manager.py:879} INFO - 
================================================================================
DAG File Processing Stats

File Path                           PID    Runtime      # DAGs    # Errors  Last Runtime    Last Run
----------------------------------  -----  ---------  --------  ----------  --------------  -------------------
/opt/airflow/dags/daily_summary.py                           1           0  0.15s           2025-11-14T18:25:39
================================================================================
[2025-11-14T18:26:38.582+0000] {manager.py:879} INFO - 
================================================================================
DAG File Processing Stats

File Path                           PID    Runtime      # DAGs    # Errors  Last Runtime    Last Run
----------------------------------  -----  ---------  --------  ----------  --------------  -------------------
/opt/airflow/dags/daily_summary.py                           1           0  0.14s           2025-11-14T18:26:09
================================================================================
[2025-11-14T18:26:54.792+0000] {manager.py:738} INFO - Searching for files in /opt/airflow/dags
[2025-11-14T18:26:54.813+0000] {manager.py:741} INFO - There are 1 files in /opt/airflow/dags
[2025-11-14T18:27:08.911+0000] {manager.py:879} INFO - 
================================================================================
DAG File Processing Stats

File Path                           PID    Runtime      # DAGs    # Errors  Last Runtime    Last Run
----------------------------------  -----  ---------  --------  ----------  --------------  -------------------
/opt/airflow/dags/daily_summary.py                           1           0  0.15s           2025-11-14T18:26:39
================================================================================
[2025-11-14T18:27:39.110+0000] {manager.py:879} INFO - 
================================================================================
DAG File Processing Stats

File Path                           PID    Runtime      # DAGs    # Errors  Last Runtime    Last Run
----------------------------------  -----  ---------  --------  ----------  --------------  -------------------
/opt/airflow/dags/daily_summary.py                           1           0  0.15s           2025-11-14T18:27:10
================================================================================
[2025-11-14T18:28:09.428+0000] {manager.py:879} INFO - 
================================================================================
DAG File Processing Stats

File Path                           PID    Runtime      # DAGs    # Errors  Last Runtime    Last Run
----------------------------------  -----  ---------  --------  ----------  --------------  -------------------
/opt/airflow/dags/daily_summary.py                           1           0  0.15s           2025-11-14T18:27:40
================================================================================
[2025-11-14T18:28:39.641+0000] {manager.py:879} INFO - 
================================================================================
DAG File Processing Stats

File Path                           PID    Runtime      # DAGs    # Errors  Last Runtime    Last Run
----------------------------------  -----  ---------  --------  ----------  --------------  -------------------
/opt/airflow/dags/daily_summary.py                           1           0  0.14s           2025-11-14T18:28:10
================================================================================
[2025-11-14T18:29:09.983+0000] {manager.py:879} INFO - 
================================================================================
DAG File Processing Stats

File Path                           PID    Runtime      # DAGs    # Errors  Last Runtime    Last Run
----------------------------------  -----  ---------  --------  ----------  --------------  -------------------
/opt/airflow/dags/daily_summary.py                           1           0  0.14s           2025-11-14T18:28:40
================================================================================
[2025-11-14T18:29:40.205+0000] {manager.py:879} INFO - 
================================================================================
DAG File Processing Stats

File Path                           PID    Runtime      # DAGs    # Errors  Last Runtime    Last Run
----------------------------------  -----  ---------  --------  ----------  --------------  -------------------
/opt/airflow/dags/daily_summary.py                           1           0  0.15s           2025-11-14T18:29:11
================================================================================
[2025-11-14T18:30:10.418+0000] {manager.py:879} INFO - 
================================================================================
DAG File Processing Stats

File Path                           PID    Runtime      # DAGs    # Errors  Last Runtime    Last Run
----------------------------------  -----  ---------  --------  ----------  --------------  -------------------
/opt/airflow/dags/daily_summary.py                           1           0  0.15s           2025-11-14T18:29:41
================================================================================
[2025-11-14T18:30:40.754+0000] {manager.py:879} INFO - 
================================================================================
DAG File Processing Stats

File Path                           PID    Runtime      # DAGs    # Errors  Last Runtime    Last Run
----------------------------------  -----  ---------  --------  ----------  --------------  -------------------
/opt/airflow/dags/daily_summary.py                           1           0  0.15s           2025-11-14T18:30:11
================================================================================
[2025-11-14T18:31:10.976+0000] {manager.py:879} INFO - 
================================================================================
DAG File Processing Stats

File Path                           PID    Runtime      # DAGs    # Errors  Last Runtime    Last Run
----------------------------------  -----  ---------  --------  ----------  --------------  -------------------
/opt/airflow/dags/daily_summary.py                           1           0  0.15s           2025-11-14T18:30:41
================================================================================
[2025-11-14T18:31:41.299+0000] {manager.py:879} INFO - 
================================================================================
DAG File Processing Stats

File Path                           PID    Runtime      # DAGs    # Errors  Last Runtime    Last Run
----------------------------------  -----  ---------  --------  ----------  --------------  -------------------
/opt/airflow/dags/daily_summary.py                           1           0  0.14s           2025-11-14T18:31:12
================================================================================
[2025-11-14T18:31:55.421+0000] {manager.py:738} INFO - Searching for files in /opt/airflow/dags
[2025-11-14T18:31:55.440+0000] {manager.py:741} INFO - There are 1 files in /opt/airflow/dags
[2025-11-14T18:32:11.572+0000] {manager.py:879} INFO - 
================================================================================
DAG File Processing Stats

File Path                           PID    Runtime      # DAGs    # Errors  Last Runtime    Last Run
----------------------------------  -----  ---------  --------  ----------  --------------  -------------------
/opt/airflow/dags/daily_summary.py                           1           0  0.15s           2025-11-14T18:31:42
================================================================================
[2025-11-14T18:32:41.925+0000] {manager.py:879} INFO - 
================================================================================
DAG File Processing Stats

File Path                           PID    Runtime      # DAGs    # Errors  Last Runtime    Last Run
----------------------------------  -----  ---------  --------  ----------  --------------  -------------------
/opt/airflow/dags/daily_summary.py                           1           0  0.14s           2025-11-14T18:32:12
================================================================================
[2025-11-14T18:33:12.169+0000] {manager.py:879} INFO - 
================================================================================
DAG File Processing Stats

File Path                           PID    Runtime      # DAGs    # Errors  Last Runtime    Last Run
----------------------------------  -----  ---------  --------  ----------  --------------  -------------------
/opt/airflow/dags/daily_summary.py                           1           0  0.15s           2025-11-14T18:32:43
================================================================================
[2025-11-14T18:33:42.510+0000] {manager.py:879} INFO - 
================================================================================
DAG File Processing Stats

File Path                           PID    Runtime      # DAGs    # Errors  Last Runtime    Last Run
----------------------------------  -----  ---------  --------  ----------  --------------  -------------------
/opt/airflow/dags/daily_summary.py                           1           0  0.14s           2025-11-14T18:33:13
================================================================================
[2025-11-14T18:34:12.762+0000] {manager.py:879} INFO - 
================================================================================
DAG File Processing Stats

File Path                           PID    Runtime      # DAGs    # Errors  Last Runtime    Last Run
----------------------------------  -----  ---------  --------  ----------  --------------  -------------------
/opt/airflow/dags/daily_summary.py                           1           0  0.15s           2025-11-14T18:33:43
================================================================================
[2025-11-14T18:34:43.130+0000] {manager.py:879} INFO - 
================================================================================
DAG File Processing Stats

File Path                           PID    Runtime      # DAGs    # Errors  Last Runtime    Last Run
----------------------------------  -----  ---------  --------  ----------  --------------  -------------------
/opt/airflow/dags/daily_summary.py                           1           0  0.14s           2025-11-14T18:34:13
================================================================================
[2025-11-14T18:35:13.369+0000] {manager.py:879} INFO - 
================================================================================
DAG File Processing Stats

File Path                           PID    Runtime      # DAGs    # Errors  Last Runtime    Last Run
----------------------------------  -----  ---------  --------  ----------  --------------  -------------------
/opt/airflow/dags/daily_summary.py                           1           0  0.14s           2025-11-14T18:34:44
================================================================================
[2025-11-14T18:35:43.704+0000] {manager.py:879} INFO - 
================================================================================
DAG File Processing Stats

File Path                           PID    Runtime      # DAGs    # Errors  Last Runtime    Last Run
----------------------------------  -----  ---------  --------  ----------  --------------  -------------------
/opt/airflow/dags/daily_summary.py                           1           0  0.14s           2025-11-14T18:35:14
================================================================================
[2025-11-14T18:36:13.931+0000] {manager.py:879} INFO - 
================================================================================
DAG File Processing Stats

File Path                           PID    Runtime      # DAGs    # Errors  Last Runtime    Last Run
----------------------------------  -----  ---------  --------  ----------  --------------  -------------------
/opt/airflow/dags/daily_summary.py                           1           0  0.14s           2025-11-14T18:35:44
================================================================================
[2025-11-14T18:36:44.295+0000] {manager.py:879} INFO - 
================================================================================
DAG File Processing Stats

File Path                           PID    Runtime      # DAGs    # Errors  Last Runtime    Last Run
----------------------------------  -----  ---------  --------  ----------  --------------  -------------------
/opt/airflow/dags/daily_summary.py                           1           0  0.15s           2025-11-14T18:36:15
================================================================================
[2025-11-14T18:36:55.527+0000] {manager.py:738} INFO - Searching for files in /opt/airflow/dags
[2025-11-14T18:36:55.541+0000] {manager.py:741} INFO - There are 1 files in /opt/airflow/dags
[2025-11-14T18:37:14.544+0000] {manager.py:879} INFO - 
================================================================================
DAG File Processing Stats

File Path                           PID    Runtime      # DAGs    # Errors  Last Runtime    Last Run
----------------------------------  -----  ---------  --------  ----------  --------------  -------------------
/opt/airflow/dags/daily_summary.py                           1           0  0.15s           2025-11-14T18:36:45
================================================================================
[2025-11-14T18:37:44.882+0000] {manager.py:879} INFO - 
================================================================================
DAG File Processing Stats

File Path                           PID    Runtime      # DAGs    # Errors  Last Runtime    Last Run
----------------------------------  -----  ---------  --------  ----------  --------------  -------------------
/opt/airflow/dags/daily_summary.py                           1           0  0.13s           2025-11-14T18:37:15
================================================================================
[2025-11-14T18:38:15.118+0000] {manager.py:879} INFO - 
================================================================================
DAG File Processing Stats

File Path                           PID    Runtime      # DAGs    # Errors  Last Runtime    Last Run
----------------------------------  -----  ---------  --------  ----------  --------------  -------------------
/opt/airflow/dags/daily_summary.py                           1           0  0.14s           2025-11-14T18:37:46
================================================================================
[2025-11-14T18:38:45.491+0000] {manager.py:879} INFO - 
================================================================================
DAG File Processing Stats

File Path                           PID    Runtime      # DAGs    # Errors  Last Runtime    Last Run
----------------------------------  -----  ---------  --------  ----------  --------------  -------------------
/opt/airflow/dags/daily_summary.py                           1           0  0.16s           2025-11-14T18:38:16
================================================================================
[2025-11-14T23:07:29.791+0000] {manager.py:738} INFO - Searching for files in /opt/airflow/dags
[2025-11-14T23:07:29.838+0000] {manager.py:741} INFO - There are 1 files in /opt/airflow/dags
[2025-11-15T02:07:30.319+0000] {manager.py:738} INFO - Searching for files in /opt/airflow/dags
[2025-11-15T02:07:30.450+0000] {manager.py:741} INFO - There are 1 files in /opt/airflow/dags
[2025-11-15T02:07:45.305+0000] {manager.py:879} INFO - 
================================================================================
DAG File Processing Stats

File Path                           PID    Runtime      # DAGs    # Errors  Last Runtime    Last Run
----------------------------------  -----  ---------  --------  ----------  --------------  -------------------
/opt/airflow/dags/daily_summary.py                           1           0  1.60s           2025-11-15T02:07:32
================================================================================
[2025-11-15T02:08:15.570+0000] {manager.py:879} INFO - 
================================================================================
DAG File Processing Stats

File Path                           PID    Runtime      # DAGs    # Errors  Last Runtime    Last Run
----------------------------------  -----  ---------  --------  ----------  --------------  -------------------
/opt/airflow/dags/daily_summary.py                           1           0  0.36s           2025-11-15T02:08:02
================================================================================
[2025-11-15T02:08:46.132+0000] {manager.py:879} INFO - 
================================================================================
DAG File Processing Stats

File Path                           PID    Runtime      # DAGs    # Errors  Last Runtime    Last Run
----------------------------------  -----  ---------  --------  ----------  --------------  -------------------
/opt/airflow/dags/daily_summary.py                           1           0  0.18s           2025-11-15T02:08:33
================================================================================
[2025-11-15T02:08:48.706+0000] {manager.py:451} INFO - Exiting gracefully upon receiving signal 15
[2025-11-15T02:11:49.935+0000] {manager.py:469} INFO - Processing files using up to 2 processes at a time 
[2025-11-15T02:11:49.936+0000] {manager.py:470} INFO - Process each file at most once every 30 seconds
[2025-11-15T02:11:49.937+0000] {manager.py:471} INFO - Checking for new files in /opt/airflow/dags every 300 seconds
[2025-11-15T02:11:49.938+0000] {manager.py:738} INFO - Searching for files in /opt/airflow/dags
[2025-11-15T02:11:49.980+0000] {manager.py:741} INFO - There are 1 files in /opt/airflow/dags
[2025-11-15T02:11:50.110+0000] {manager.py:879} INFO - 
================================================================================
DAG File Processing Stats

File Path                             PID  Runtime      # DAGs    # Errors  Last Runtime    Last Run
----------------------------------  -----  ---------  --------  ----------  --------------  ----------
/opt/airflow/dags/daily_summary.py    175  0.05s             0           0
================================================================================
[2025-11-15T02:12:20.405+0000] {manager.py:879} INFO - 
================================================================================
DAG File Processing Stats

File Path                           PID    Runtime      # DAGs    # Errors  Last Runtime    Last Run
----------------------------------  -----  ---------  --------  ----------  --------------  -------------------
/opt/airflow/dags/daily_summary.py                           1           0  0.38s           2025-11-15T02:11:50
================================================================================
[2025-11-15T02:12:50.577+0000] {manager.py:879} INFO - 
================================================================================
DAG File Processing Stats

File Path                           PID    Runtime      # DAGs    # Errors  Last Runtime    Last Run
----------------------------------  -----  ---------  --------  ----------  --------------  -------------------
/opt/airflow/dags/daily_summary.py                           1           0  0.50s           2025-11-15T02:12:21
================================================================================
[2025-11-15T02:13:20.974+0000] {manager.py:879} INFO - 
================================================================================
DAG File Processing Stats

File Path                           PID    Runtime      # DAGs    # Errors  Last Runtime    Last Run
----------------------------------  -----  ---------  --------  ----------  --------------  -------------------
/opt/airflow/dags/daily_summary.py                           1           0  0.42s           2025-11-15T02:12:52
================================================================================
[2025-11-15T02:13:51.064+0000] {manager.py:879} INFO - 
================================================================================
DAG File Processing Stats

File Path                           PID    Runtime      # DAGs    # Errors  Last Runtime    Last Run
----------------------------------  -----  ---------  --------  ----------  --------------  -------------------
/opt/airflow/dags/daily_summary.py                           1           0  0.37s           2025-11-15T02:13:22
================================================================================
[2025-11-15T02:14:21.443+0000] {manager.py:879} INFO - 
================================================================================
DAG File Processing Stats

File Path                           PID    Runtime      # DAGs    # Errors  Last Runtime    Last Run
----------------------------------  -----  ---------  --------  ----------  --------------  -------------------
/opt/airflow/dags/daily_summary.py                           1           0  0.38s           2025-11-15T02:13:53
================================================================================
[2025-11-15T02:14:51.481+0000] {manager.py:879} INFO - 
================================================================================
DAG File Processing Stats

File Path                           PID    Runtime      # DAGs    # Errors  Last Runtime    Last Run
----------------------------------  -----  ---------  --------  ----------  --------------  -------------------
/opt/airflow/dags/daily_summary.py                           1           0  0.34s           2025-11-15T02:14:24
================================================================================
[2025-11-15T02:15:21.828+0000] {manager.py:879} INFO - 
================================================================================
DAG File Processing Stats

File Path                           PID    Runtime      # DAGs    # Errors  Last Runtime    Last Run
----------------------------------  -----  ---------  --------  ----------  --------------  -------------------
/opt/airflow/dags/daily_summary.py                           1           0  0.27s           2025-11-15T02:14:54
================================================================================
[2025-11-15T02:15:52.415+0000] {manager.py:879} INFO - 
================================================================================
DAG File Processing Stats

File Path                           PID    Runtime      # DAGs    # Errors  Last Runtime    Last Run
----------------------------------  -----  ---------  --------  ----------  --------------  -------------------
/opt/airflow/dags/daily_summary.py                           1           0  0.38s           2025-11-15T02:15:25
================================================================================
[2025-11-15T02:16:19.869+0000] {manager.py:451} INFO - Exiting gracefully upon receiving signal 15
[2025-11-15T02:17:00.939+0000] {manager.py:469} INFO - Processing files using up to 2 processes at a time 
[2025-11-15T02:17:00.941+0000] {manager.py:470} INFO - Process each file at most once every 30 seconds
[2025-11-15T02:17:00.942+0000] {manager.py:471} INFO - Checking for new files in /opt/airflow/dags every 300 seconds
[2025-11-15T02:17:00.943+0000] {manager.py:738} INFO - Searching for files in /opt/airflow/dags
[2025-11-15T02:17:00.989+0000] {manager.py:741} INFO - There are 1 files in /opt/airflow/dags
[2025-11-15T02:17:01.111+0000] {manager.py:879} INFO - 
================================================================================
DAG File Processing Stats

File Path                             PID  Runtime      # DAGs    # Errors  Last Runtime    Last Run
----------------------------------  -----  ---------  --------  ----------  --------------  ----------
/opt/airflow/dags/daily_summary.py    175  0.05s             0           0
================================================================================
[2025-11-15T02:17:31.421+0000] {manager.py:879} INFO - 
================================================================================
DAG File Processing Stats

File Path                             PID  Runtime      # DAGs    # Errors  Last Runtime    Last Run
----------------------------------  -----  ---------  --------  ----------  --------------  -------------------
/opt/airflow/dags/daily_summary.py    180  0.01s             1           0  0.31s           2025-11-15T02:17:01
================================================================================
[2025-11-15T02:18:01.945+0000] {manager.py:879} INFO - 
================================================================================
DAG File Processing Stats

File Path                           PID    Runtime      # DAGs    # Errors  Last Runtime    Last Run
----------------------------------  -----  ---------  --------  ----------  --------------  -------------------
/opt/airflow/dags/daily_summary.py                           1           0  0.57s           2025-11-15T02:17:31
================================================================================
[2025-11-15T02:18:32.001+0000] {manager.py:879} INFO - 
================================================================================
DAG File Processing Stats

File Path                           PID    Runtime      # DAGs    # Errors  Last Runtime    Last Run
----------------------------------  -----  ---------  --------  ----------  --------------  -------------------
/opt/airflow/dags/daily_summary.py                           1           0  0.38s           2025-11-15T02:18:02
================================================================================
[2025-11-15T02:19:02.357+0000] {manager.py:879} INFO - 
================================================================================
DAG File Processing Stats

File Path                           PID    Runtime      # DAGs    # Errors  Last Runtime    Last Run
----------------------------------  -----  ---------  --------  ----------  --------------  -------------------
/opt/airflow/dags/daily_summary.py                           1           0  0.37s           2025-11-15T02:18:33
================================================================================
[2025-11-15T02:19:32.379+0000] {manager.py:879} INFO - 
================================================================================
DAG File Processing Stats

File Path                           PID    Runtime      # DAGs    # Errors  Last Runtime    Last Run
----------------------------------  -----  ---------  --------  ----------  --------------  -------------------
/opt/airflow/dags/daily_summary.py                           1           0  0.33s           2025-11-15T02:19:04
================================================================================
[2025-11-15T02:20:02.736+0000] {manager.py:879} INFO - 
================================================================================
DAG File Processing Stats

File Path                           PID    Runtime      # DAGs    # Errors  Last Runtime    Last Run
----------------------------------  -----  ---------  --------  ----------  --------------  -------------------
/opt/airflow/dags/daily_summary.py                           1           0  0.34s           2025-11-15T02:19:34
================================================================================
[2025-11-15T02:20:33.115+0000] {manager.py:879} INFO - 
================================================================================
DAG File Processing Stats

File Path                           PID    Runtime      # DAGs    # Errors  Last Runtime    Last Run
----------------------------------  -----  ---------  --------  ----------  --------------  -------------------
/opt/airflow/dags/daily_summary.py                           1           0  0.29s           2025-11-15T02:20:05
================================================================================
[2025-11-15T02:21:03.684+0000] {manager.py:879} INFO - 
================================================================================
DAG File Processing Stats

File Path                           PID    Runtime      # DAGs    # Errors  Last Runtime    Last Run
----------------------------------  -----  ---------  --------  ----------  --------------  -------------------
/opt/airflow/dags/daily_summary.py                           1           0  0.28s           2025-11-15T02:20:35
================================================================================
[2025-11-15T02:21:34.097+0000] {manager.py:879} INFO - 
================================================================================
DAG File Processing Stats

File Path                           PID    Runtime      # DAGs    # Errors  Last Runtime    Last Run
----------------------------------  -----  ---------  --------  ----------  --------------  -------------------
/opt/airflow/dags/daily_summary.py                           1           0  0.35s           2025-11-15T02:21:06
================================================================================
[2025-11-15T02:22:01.721+0000] {manager.py:738} INFO - Searching for files in /opt/airflow/dags
[2025-11-15T02:22:01.789+0000] {manager.py:741} INFO - There are 1 files in /opt/airflow/dags
[2025-11-15T02:22:04.854+0000] {manager.py:879} INFO - 
================================================================================
DAG File Processing Stats

File Path                           PID    Runtime      # DAGs    # Errors  Last Runtime    Last Run
----------------------------------  -----  ---------  --------  ----------  --------------  -------------------
/opt/airflow/dags/daily_summary.py                           1           0  0.31s           2025-11-15T02:21:36
================================================================================
[2025-11-15T02:22:35.274+0000] {manager.py:879} INFO - 
================================================================================
DAG File Processing Stats

File Path                           PID    Runtime      # DAGs    # Errors  Last Runtime    Last Run
----------------------------------  -----  ---------  --------  ----------  --------------  -------------------
/opt/airflow/dags/daily_summary.py                           1           0  0.25s           2025-11-15T02:22:07
================================================================================
[2025-11-15T02:23:05.812+0000] {manager.py:879} INFO - 
================================================================================
DAG File Processing Stats

File Path                           PID    Runtime      # DAGs    # Errors  Last Runtime    Last Run
----------------------------------  -----  ---------  --------  ----------  --------------  -------------------
/opt/airflow/dags/daily_summary.py                           1           0  0.33s           2025-11-15T02:22:37
================================================================================
[2025-11-15T02:23:36.330+0000] {manager.py:879} INFO - 
================================================================================
DAG File Processing Stats

File Path                           PID    Runtime      # DAGs    # Errors  Last Runtime    Last Run
----------------------------------  -----  ---------  --------  ----------  --------------  -------------------
/opt/airflow/dags/daily_summary.py                           1           0  0.24s           2025-11-15T02:23:08
================================================================================
[2025-11-15T02:24:06.751+0000] {manager.py:879} INFO - 
================================================================================
DAG File Processing Stats

File Path                           PID    Runtime      # DAGs    # Errors  Last Runtime    Last Run
----------------------------------  -----  ---------  --------  ----------  --------------  -------------------
/opt/airflow/dags/daily_summary.py                           1           0  0.30s           2025-11-15T02:23:38
================================================================================
[2025-11-15T02:24:37.337+0000] {manager.py:879} INFO - 
================================================================================
DAG File Processing Stats

File Path                           PID    Runtime      # DAGs    # Errors  Last Runtime    Last Run
----------------------------------  -----  ---------  --------  ----------  --------------  -------------------
/opt/airflow/dags/daily_summary.py                           1           0  0.37s           2025-11-15T02:24:09
================================================================================
[2025-11-15T02:25:07.824+0000] {manager.py:879} INFO - 
================================================================================
DAG File Processing Stats

File Path                           PID    Runtime      # DAGs    # Errors  Last Runtime    Last Run
----------------------------------  -----  ---------  --------  ----------  --------------  -------------------
/opt/airflow/dags/daily_summary.py                           1           0  0.25s           2025-11-15T02:24:39
================================================================================
[2025-11-15T02:25:38.277+0000] {manager.py:879} INFO - 
================================================================================
DAG File Processing Stats

File Path                           PID    Runtime      # DAGs    # Errors  Last Runtime    Last Run
----------------------------------  -----  ---------  --------  ----------  --------------  -------------------
/opt/airflow/dags/daily_summary.py                           1           0  0.35s           2025-11-15T02:25:10
================================================================================
[2025-11-15T02:25:42.778+0000] {manager.py:451} INFO - Exiting gracefully upon receiving signal 15
[2025-11-15T02:26:57.519+0000] {manager.py:469} INFO - Processing files using up to 2 processes at a time 
[2025-11-15T02:26:57.520+0000] {manager.py:470} INFO - Process each file at most once every 30 seconds
[2025-11-15T02:26:57.520+0000] {manager.py:471} INFO - Checking for new files in /opt/airflow/dags every 300 seconds
[2025-11-15T02:26:57.521+0000] {manager.py:738} INFO - Searching for files in /opt/airflow/dags
[2025-11-15T02:26:57.565+0000] {manager.py:741} INFO - There are 1 files in /opt/airflow/dags
[2025-11-15T02:26:57.700+0000] {manager.py:879} INFO - 
================================================================================
DAG File Processing Stats

File Path                             PID  Runtime      # DAGs    # Errors  Last Runtime    Last Run
----------------------------------  -----  ---------  --------  ----------  --------------  ----------
/opt/airflow/dags/daily_summary.py    175  0.06s             0           0
================================================================================
[2025-11-15T02:27:28.027+0000] {manager.py:879} INFO - 
================================================================================
DAG File Processing Stats

File Path                             PID  Runtime      # DAGs    # Errors  Last Runtime    Last Run
----------------------------------  -----  ---------  --------  ----------  --------------  -------------------
/opt/airflow/dags/daily_summary.py    180  0.01s             1           0  0.34s           2025-11-15T02:26:57
================================================================================
[2025-11-15T02:27:58.621+0000] {manager.py:879} INFO - 
================================================================================
DAG File Processing Stats

File Path                           PID    Runtime      # DAGs    # Errors  Last Runtime    Last Run
----------------------------------  -----  ---------  --------  ----------  --------------  -------------------
/opt/airflow/dags/daily_summary.py                           1           0  0.62s           2025-11-15T02:27:28
================================================================================
[2025-11-15T02:28:28.671+0000] {manager.py:879} INFO - 
================================================================================
DAG File Processing Stats

File Path                           PID    Runtime      # DAGs    # Errors  Last Runtime    Last Run
----------------------------------  -----  ---------  --------  ----------  --------------  -------------------
/opt/airflow/dags/daily_summary.py                           1           0  0.36s           2025-11-15T02:27:59
================================================================================
[2025-11-15T02:28:59.014+0000] {manager.py:879} INFO - 
================================================================================
DAG File Processing Stats

File Path                           PID    Runtime      # DAGs    # Errors  Last Runtime    Last Run
----------------------------------  -----  ---------  --------  ----------  --------------  -------------------
/opt/airflow/dags/daily_summary.py                           1           0  0.31s           2025-11-15T02:28:30
================================================================================
[2025-11-15T02:29:29.653+0000] {manager.py:879} INFO - 
================================================================================
DAG File Processing Stats

File Path                           PID    Runtime      # DAGs    # Errors  Last Runtime    Last Run
----------------------------------  -----  ---------  --------  ----------  --------------  -------------------
/opt/airflow/dags/daily_summary.py                           1           0  0.33s           2025-11-15T02:29:00
================================================================================
[2025-11-15T02:30:00.013+0000] {manager.py:879} INFO - 
================================================================================
DAG File Processing Stats

File Path                           PID    Runtime      # DAGs    # Errors  Last Runtime    Last Run
----------------------------------  -----  ---------  --------  ----------  --------------  -------------------
/opt/airflow/dags/daily_summary.py                           1           0  0.25s           2025-11-15T02:29:30
================================================================================
[2025-11-15T02:30:30.575+0000] {manager.py:879} INFO - 
================================================================================
DAG File Processing Stats

File Path                           PID    Runtime      # DAGs    # Errors  Last Runtime    Last Run
----------------------------------  -----  ---------  --------  ----------  --------------  -------------------
/opt/airflow/dags/daily_summary.py                           1           0  0.41s           2025-11-15T02:30:01
================================================================================
[2025-11-15T02:31:01.108+0000] {manager.py:879} INFO - 
================================================================================
DAG File Processing Stats

File Path                           PID    Runtime      # DAGs    # Errors  Last Runtime    Last Run
----------------------------------  -----  ---------  --------  ----------  --------------  -------------------
/opt/airflow/dags/daily_summary.py                           1           0  0.31s           2025-11-15T02:30:31
================================================================================
[2025-11-15T02:31:31.584+0000] {manager.py:879} INFO - 
================================================================================
DAG File Processing Stats

File Path                           PID    Runtime      # DAGs    # Errors  Last Runtime    Last Run
----------------------------------  -----  ---------  --------  ----------  --------------  -------------------
/opt/airflow/dags/daily_summary.py                           1           0  0.28s           2025-11-15T02:31:02
================================================================================
[2025-11-15T02:31:58.039+0000] {manager.py:738} INFO - Searching for files in /opt/airflow/dags
[2025-11-15T02:31:58.107+0000] {manager.py:741} INFO - There are 1 files in /opt/airflow/dags
[2025-11-15T02:32:02.177+0000] {manager.py:879} INFO - 
================================================================================
DAG File Processing Stats

File Path                           PID    Runtime      # DAGs    # Errors  Last Runtime    Last Run
----------------------------------  -----  ---------  --------  ----------  --------------  -------------------
/opt/airflow/dags/daily_summary.py                           1           0  0.32s           2025-11-15T02:31:32
================================================================================
[2025-11-15T02:32:32.625+0000] {manager.py:879} INFO - 
================================================================================
DAG File Processing Stats

File Path                           PID    Runtime      # DAGs    # Errors  Last Runtime    Last Run
----------------------------------  -----  ---------  --------  ----------  --------------  -------------------
/opt/airflow/dags/daily_summary.py                           1           0  0.41s           2025-11-15T02:32:03
================================================================================
[2025-11-15T02:33:03.307+0000] {manager.py:879} INFO - 
================================================================================
DAG File Processing Stats

File Path                           PID    Runtime      # DAGs    # Errors  Last Runtime    Last Run
----------------------------------  -----  ---------  --------  ----------  --------------  -------------------
/opt/airflow/dags/daily_summary.py                           1           0  0.40s           2025-11-15T02:32:34
================================================================================
[2025-11-15T02:33:28.397+0000] {manager.py:451} INFO - Exiting gracefully upon receiving signal 15
[2025-11-15T02:34:30.486+0000] {manager.py:469} INFO - Processing files using up to 2 processes at a time 
[2025-11-15T02:34:30.488+0000] {manager.py:470} INFO - Process each file at most once every 30 seconds
[2025-11-15T02:34:30.488+0000] {manager.py:471} INFO - Checking for new files in /opt/airflow/dags every 300 seconds
[2025-11-15T02:34:30.489+0000] {manager.py:738} INFO - Searching for files in /opt/airflow/dags
[2025-11-15T02:34:30.528+0000] {manager.py:741} INFO - There are 1 files in /opt/airflow/dags
[2025-11-15T02:34:30.649+0000] {manager.py:879} INFO - 
================================================================================
DAG File Processing Stats

File Path                             PID  Runtime      # DAGs    # Errors  Last Runtime    Last Run
----------------------------------  -----  ---------  --------  ----------  --------------  ----------
/opt/airflow/dags/daily_summary.py    175  0.04s             0           0
================================================================================
[2025-11-15T02:35:00.951+0000] {manager.py:879} INFO - 
================================================================================
DAG File Processing Stats

File Path                             PID  Runtime      # DAGs    # Errors  Last Runtime    Last Run
----------------------------------  -----  ---------  --------  ----------  --------------  -------------------
/opt/airflow/dags/daily_summary.py    180  0.01s             1           0  0.30s           2025-11-15T02:34:30
================================================================================
[2025-11-15T02:35:03.348+0000] {manager.py:451} INFO - Exiting gracefully upon receiving signal 15
[2025-11-15T02:35:27.610+0000] {manager.py:469} INFO - Processing files using up to 2 processes at a time 
[2025-11-15T02:35:27.611+0000] {manager.py:470} INFO - Process each file at most once every 30 seconds
[2025-11-15T02:35:27.612+0000] {manager.py:471} INFO - Checking for new files in /opt/airflow/dags every 300 seconds
[2025-11-15T02:35:27.613+0000] {manager.py:738} INFO - Searching for files in /opt/airflow/dags
[2025-11-15T02:35:27.660+0000] {manager.py:741} INFO - There are 1 files in /opt/airflow/dags
[2025-11-15T02:35:27.810+0000] {manager.py:879} INFO - 
================================================================================
DAG File Processing Stats

File Path                             PID  Runtime      # DAGs    # Errors  Last Runtime    Last Run
----------------------------------  -----  ---------  --------  ----------  --------------  ----------
/opt/airflow/dags/daily_summary.py    176  0.05s             0           0
================================================================================
[2025-11-15T02:35:58.108+0000] {manager.py:879} INFO - 
================================================================================
DAG File Processing Stats

File Path                           PID    Runtime      # DAGs    # Errors  Last Runtime    Last Run
----------------------------------  -----  ---------  --------  ----------  --------------  -------------------
/opt/airflow/dags/daily_summary.py                           1           0  0.37s           2025-11-15T02:35:28
================================================================================
[2025-11-15T02:36:28.268+0000] {manager.py:879} INFO - 
================================================================================
DAG File Processing Stats

File Path                           PID    Runtime      # DAGs    # Errors  Last Runtime    Last Run
----------------------------------  -----  ---------  --------  ----------  --------------  -------------------
/opt/airflow/dags/daily_summary.py                           1           0  0.54s           2025-11-15T02:35:58
================================================================================
[2025-11-15T02:36:58.592+0000] {manager.py:879} INFO - 
================================================================================
DAG File Processing Stats

File Path                           PID    Runtime      # DAGs    # Errors  Last Runtime    Last Run
----------------------------------  -----  ---------  --------  ----------  --------------  -------------------
/opt/airflow/dags/daily_summary.py                           1           0  0.29s           2025-11-15T02:36:29
================================================================================
[2025-11-15T02:37:29.269+0000] {manager.py:879} INFO - 
================================================================================
DAG File Processing Stats

File Path                           PID    Runtime      # DAGs    # Errors  Last Runtime    Last Run
----------------------------------  -----  ---------  --------  ----------  --------------  -------------------
/opt/airflow/dags/daily_summary.py                           1           0  0.28s           2025-11-15T02:36:59
================================================================================
[2025-11-15T02:37:59.616+0000] {manager.py:879} INFO - 
================================================================================
DAG File Processing Stats

File Path                           PID    Runtime      # DAGs    # Errors  Last Runtime    Last Run
----------------------------------  -----  ---------  --------  ----------  --------------  -------------------
/opt/airflow/dags/daily_summary.py                           1           0  0.41s           2025-11-15T02:37:30
================================================================================
[2025-11-15T02:38:29.875+0000] {manager.py:879} INFO - 
================================================================================
DAG File Processing Stats

File Path                           PID    Runtime      # DAGs    # Errors  Last Runtime    Last Run
----------------------------------  -----  ---------  --------  ----------  --------------  -------------------
/opt/airflow/dags/daily_summary.py                           1           0  0.45s           2025-11-15T02:38:01
================================================================================
[2025-11-15T02:39:00.277+0000] {manager.py:879} INFO - 
================================================================================
DAG File Processing Stats

File Path                           PID    Runtime      # DAGs    # Errors  Last Runtime    Last Run
----------------------------------  -----  ---------  --------  ----------  --------------  -------------------
/opt/airflow/dags/daily_summary.py                           1           0  0.32s           2025-11-15T02:38:32
================================================================================
[2025-11-15T02:39:30.905+0000] {manager.py:879} INFO - 
================================================================================
DAG File Processing Stats

File Path                           PID    Runtime      # DAGs    # Errors  Last Runtime    Last Run
----------------------------------  -----  ---------  --------  ----------  --------------  -------------------
/opt/airflow/dags/daily_summary.py                           1           0  0.29s           2025-11-15T02:39:02
================================================================================
[2025-11-15T02:40:01.327+0000] {manager.py:879} INFO - 
================================================================================
DAG File Processing Stats

File Path                           PID    Runtime      # DAGs    # Errors  Last Runtime    Last Run
----------------------------------  -----  ---------  --------  ----------  --------------  -------------------
/opt/airflow/dags/daily_summary.py                           1           0  0.34s           2025-11-15T02:39:33
================================================================================
[2025-11-15T02:40:27.874+0000] {manager.py:738} INFO - Searching for files in /opt/airflow/dags
[2025-11-15T02:40:27.944+0000] {manager.py:741} INFO - There are 1 files in /opt/airflow/dags
[2025-11-15T02:40:32.022+0000] {manager.py:879} INFO - 
================================================================================
DAG File Processing Stats

File Path                           PID    Runtime      # DAGs    # Errors  Last Runtime    Last Run
----------------------------------  -----  ---------  --------  ----------  --------------  -------------------
/opt/airflow/dags/daily_summary.py                           1           0  0.35s           2025-11-15T02:40:03
================================================================================
[2025-11-15T02:41:02.394+0000] {manager.py:879} INFO - 
================================================================================
DAG File Processing Stats

File Path                           PID    Runtime      # DAGs    # Errors  Last Runtime    Last Run
----------------------------------  -----  ---------  --------  ----------  --------------  -------------------
/opt/airflow/dags/daily_summary.py                           1           0  0.31s           2025-11-15T02:40:34
================================================================================
[2025-11-15T02:41:19.159+0000] {manager.py:451} INFO - Exiting gracefully upon receiving signal 15
[2025-11-15T02:41:44.142+0000] {manager.py:469} INFO - Processing files using up to 2 processes at a time 
[2025-11-15T02:41:44.144+0000] {manager.py:470} INFO - Process each file at most once every 30 seconds
[2025-11-15T02:41:44.145+0000] {manager.py:471} INFO - Checking for new files in /opt/airflow/dags every 300 seconds
[2025-11-15T02:41:44.146+0000] {manager.py:738} INFO - Searching for files in /opt/airflow/dags
[2025-11-15T02:41:44.204+0000] {manager.py:741} INFO - There are 1 files in /opt/airflow/dags
[2025-11-15T02:41:44.340+0000] {manager.py:879} INFO - 
================================================================================
DAG File Processing Stats

File Path                             PID  Runtime      # DAGs    # Errors  Last Runtime    Last Run
----------------------------------  -----  ---------  --------  ----------  --------------  ----------
/opt/airflow/dags/daily_summary.py    175  0.05s             0           0
================================================================================
[2025-11-15T02:42:14.675+0000] {manager.py:879} INFO - 
================================================================================
DAG File Processing Stats

File Path                             PID  Runtime      # DAGs    # Errors  Last Runtime    Last Run
----------------------------------  -----  ---------  --------  ----------  --------------  -------------------
/opt/airflow/dags/daily_summary.py    180  0.01s             1           0  0.29s           2025-11-15T02:41:44
================================================================================
[2025-11-15T02:42:45.242+0000] {manager.py:879} INFO - 
================================================================================
DAG File Processing Stats

File Path                             PID  Runtime      # DAGs    # Errors  Last Runtime    Last Run
----------------------------------  -----  ---------  --------  ----------  --------------  -------------------
/opt/airflow/dags/daily_summary.py    185  0.01s             1           0  0.46s           2025-11-15T02:42:15
================================================================================
[2025-11-15T02:43:15.842+0000] {manager.py:879} INFO - 
================================================================================
DAG File Processing Stats

File Path                             PID  Runtime      # DAGs    # Errors  Last Runtime    Last Run
----------------------------------  -----  ---------  --------  ----------  --------------  -------------------
/opt/airflow/dags/daily_summary.py    190  0.01s             1           0  0.34s           2025-11-15T02:42:45
================================================================================
[2025-11-15T02:43:46.290+0000] {manager.py:879} INFO - 
================================================================================
DAG File Processing Stats

File Path                             PID  Runtime      # DAGs    # Errors  Last Runtime    Last Run
----------------------------------  -----  ---------  --------  ----------  --------------  -------------------
/opt/airflow/dags/daily_summary.py    195  0.01s             1           0  0.38s           2025-11-15T02:43:16
================================================================================
[2025-11-15T02:44:16.929+0000] {manager.py:879} INFO - 
================================================================================
DAG File Processing Stats

File Path                             PID  Runtime      # DAGs    # Errors  Last Runtime    Last Run
----------------------------------  -----  ---------  --------  ----------  --------------  -------------------
/opt/airflow/dags/daily_summary.py    200  0.01s             1           0  0.36s           2025-11-15T02:43:46
================================================================================
[2025-11-15T02:44:47.343+0000] {manager.py:879} INFO - 
================================================================================
DAG File Processing Stats

File Path                             PID  Runtime      # DAGs    # Errors  Last Runtime    Last Run
----------------------------------  -----  ---------  --------  ----------  --------------  -------------------
/opt/airflow/dags/daily_summary.py    205  0.01s             1           0  0.34s           2025-11-15T02:44:17
================================================================================
[2025-11-15T02:45:18.020+0000] {manager.py:879} INFO - 
================================================================================
DAG File Processing Stats

File Path                             PID  Runtime      # DAGs    # Errors  Last Runtime    Last Run
----------------------------------  -----  ---------  --------  ----------  --------------  -------------------
/opt/airflow/dags/daily_summary.py    210  0.01s             1           0  0.37s           2025-11-15T02:44:47
================================================================================
[2025-11-15T02:45:48.442+0000] {manager.py:879} INFO - 
================================================================================
DAG File Processing Stats

File Path                             PID  Runtime      # DAGs    # Errors  Last Runtime    Last Run
----------------------------------  -----  ---------  --------  ----------  --------------  -------------------
/opt/airflow/dags/daily_summary.py    215  0.01s             1           0  0.31s           2025-11-15T02:45:18
================================================================================
[2025-11-15T02:46:19.043+0000] {manager.py:879} INFO - 
================================================================================
DAG File Processing Stats

File Path                             PID  Runtime      # DAGs    # Errors  Last Runtime    Last Run
----------------------------------  -----  ---------  --------  ----------  --------------  -------------------
/opt/airflow/dags/daily_summary.py    220  0.01s             1           0  0.33s           2025-11-15T02:45:48
================================================================================
[2025-11-15T02:46:44.372+0000] {manager.py:738} INFO - Searching for files in /opt/airflow/dags
[2025-11-15T02:46:44.453+0000] {manager.py:741} INFO - There are 1 files in /opt/airflow/dags
[2025-11-15T02:46:49.571+0000] {manager.py:879} INFO - 
================================================================================
DAG File Processing Stats

File Path                             PID  Runtime      # DAGs    # Errors  Last Runtime    Last Run
----------------------------------  -----  ---------  --------  ----------  --------------  -------------------
/opt/airflow/dags/daily_summary.py    225  0.01s             1           0  0.34s           2025-11-15T02:46:19
================================================================================
[2025-11-15T02:47:20.107+0000] {manager.py:879} INFO - 
================================================================================
DAG File Processing Stats

File Path                             PID  Runtime      # DAGs    # Errors  Last Runtime    Last Run
----------------------------------  -----  ---------  --------  ----------  --------------  -------------------
/opt/airflow/dags/daily_summary.py    230  0.01s             1           0  0.37s           2025-11-15T02:46:49
================================================================================
[2025-11-15T02:47:50.665+0000] {manager.py:879} INFO - 
================================================================================
DAG File Processing Stats

File Path                             PID  Runtime      # DAGs    # Errors  Last Runtime    Last Run
----------------------------------  -----  ---------  --------  ----------  --------------  -------------------
/opt/airflow/dags/daily_summary.py    235  0.01s             1           0  0.34s           2025-11-15T02:47:20
================================================================================
[2025-11-15T02:48:21.157+0000] {manager.py:879} INFO - 
================================================================================
DAG File Processing Stats

File Path                             PID  Runtime      # DAGs    # Errors  Last Runtime    Last Run
----------------------------------  -----  ---------  --------  ----------  --------------  -------------------
/opt/airflow/dags/daily_summary.py    240  0.01s             1           0  0.27s           2025-11-15T02:47:50
================================================================================
[2025-11-15T02:48:51.656+0000] {manager.py:879} INFO - 
================================================================================
DAG File Processing Stats

File Path                             PID  Runtime      # DAGs    # Errors  Last Runtime    Last Run
----------------------------------  -----  ---------  --------  ----------  --------------  -------------------
/opt/airflow/dags/daily_summary.py    245  0.01s             1           0  0.37s           2025-11-15T02:48:21
================================================================================
[2025-11-15T02:49:22.243+0000] {manager.py:879} INFO - 
================================================================================
DAG File Processing Stats

File Path                             PID  Runtime      # DAGs    # Errors  Last Runtime    Last Run
----------------------------------  -----  ---------  --------  ----------  --------------  -------------------
/opt/airflow/dags/daily_summary.py    250  0.01s             1           0  0.39s           2025-11-15T02:48:52
================================================================================
[2025-11-15T02:49:52.765+0000] {manager.py:879} INFO - 
================================================================================
DAG File Processing Stats

File Path                             PID  Runtime      # DAGs    # Errors  Last Runtime    Last Run
----------------------------------  -----  ---------  --------  ----------  --------------  -------------------
/opt/airflow/dags/daily_summary.py    255  0.01s             1           0  0.35s           2025-11-15T02:49:22
================================================================================
[2025-11-15T02:50:23.296+0000] {manager.py:879} INFO - 
================================================================================
DAG File Processing Stats

File Path                             PID  Runtime      # DAGs    # Errors  Last Runtime    Last Run
----------------------------------  -----  ---------  --------  ----------  --------------  -------------------
/opt/airflow/dags/daily_summary.py    260  0.01s             1           0  0.28s           2025-11-15T02:49:53
================================================================================
[2025-11-15T02:50:53.763+0000] {manager.py:879} INFO - 
================================================================================
DAG File Processing Stats

File Path                             PID  Runtime      # DAGs    # Errors  Last Runtime    Last Run
----------------------------------  -----  ---------  --------  ----------  --------------  -------------------
/opt/airflow/dags/daily_summary.py    265  0.01s             1           0  0.28s           2025-11-15T02:50:23
================================================================================
[2025-11-15T02:51:24.272+0000] {manager.py:879} INFO - 
================================================================================
DAG File Processing Stats

File Path                             PID  Runtime      # DAGs    # Errors  Last Runtime    Last Run
----------------------------------  -----  ---------  --------  ----------  --------------  -------------------
/opt/airflow/dags/daily_summary.py    270  0.01s             1           0  0.35s           2025-11-15T02:50:54
================================================================================
[2025-11-15T02:51:44.663+0000] {manager.py:738} INFO - Searching for files in /opt/airflow/dags
[2025-11-15T02:51:44.732+0000] {manager.py:741} INFO - There are 1 files in /opt/airflow/dags
[2025-11-15T02:51:54.906+0000] {manager.py:879} INFO - 
================================================================================
DAG File Processing Stats

File Path                             PID  Runtime      # DAGs    # Errors  Last Runtime    Last Run
----------------------------------  -----  ---------  --------  ----------  --------------  -------------------
/opt/airflow/dags/daily_summary.py    275  0.01s             1           0  0.34s           2025-11-15T02:51:24
================================================================================
[2025-11-15T02:52:25.284+0000] {manager.py:879} INFO - 
================================================================================
DAG File Processing Stats

File Path                             PID  Runtime      # DAGs    # Errors  Last Runtime    Last Run
----------------------------------  -----  ---------  --------  ----------  --------------  -------------------
/opt/airflow/dags/daily_summary.py    280  0.01s             1           0  0.33s           2025-11-15T02:51:55
================================================================================
[2025-11-15T02:52:55.908+0000] {manager.py:879} INFO - 
================================================================================
DAG File Processing Stats

File Path                             PID  Runtime      # DAGs    # Errors  Last Runtime    Last Run
----------------------------------  -----  ---------  --------  ----------  --------------  -------------------
/opt/airflow/dags/daily_summary.py    285  0.01s             1           0  0.40s           2025-11-15T02:52:25
================================================================================
[2025-11-15T02:53:10.279+0000] {manager.py:451} INFO - Exiting gracefully upon receiving signal 15
[2025-11-15T02:53:34.675+0000] {manager.py:469} INFO - Processing files using up to 2 processes at a time 
[2025-11-15T02:53:34.677+0000] {manager.py:470} INFO - Process each file at most once every 30 seconds
[2025-11-15T02:53:34.678+0000] {manager.py:471} INFO - Checking for new files in /opt/airflow/dags every 300 seconds
[2025-11-15T02:53:34.680+0000] {manager.py:738} INFO - Searching for files in /opt/airflow/dags
[2025-11-15T02:53:34.743+0000] {manager.py:741} INFO - There are 1 files in /opt/airflow/dags
[2025-11-15T02:53:34.889+0000] {manager.py:879} INFO - 
================================================================================
DAG File Processing Stats

File Path                             PID  Runtime      # DAGs    # Errors  Last Runtime    Last Run
----------------------------------  -----  ---------  --------  ----------  --------------  ----------
/opt/airflow/dags/daily_summary.py    175  0.06s             0           0
================================================================================
[2025-11-15T02:54:05.253+0000] {manager.py:879} INFO - 
================================================================================
DAG File Processing Stats

File Path                             PID  Runtime      # DAGs    # Errors  Last Runtime    Last Run
----------------------------------  -----  ---------  --------  ----------  --------------  -------------------
/opt/airflow/dags/daily_summary.py    180  0.01s             1           0  0.29s           2025-11-15T02:53:35
================================================================================
[2025-11-15T02:54:35.698+0000] {manager.py:879} INFO - 
================================================================================
DAG File Processing Stats

File Path                           PID    Runtime      # DAGs    # Errors  Last Runtime    Last Run
----------------------------------  -----  ---------  --------  ----------  --------------  -------------------
/opt/airflow/dags/daily_summary.py                           1           0  0.63s           2025-11-15T02:54:05
================================================================================
[2025-11-15T02:55:05.947+0000] {manager.py:879} INFO - 
================================================================================
DAG File Processing Stats

File Path                           PID    Runtime      # DAGs    # Errors  Last Runtime    Last Run
----------------------------------  -----  ---------  --------  ----------  --------------  -------------------
/opt/airflow/dags/daily_summary.py                           1           0  0.42s           2025-11-15T02:54:36
================================================================================
[2025-11-15T02:55:36.292+0000] {manager.py:879} INFO - 
================================================================================
DAG File Processing Stats

File Path                           PID    Runtime      # DAGs    # Errors  Last Runtime    Last Run
----------------------------------  -----  ---------  --------  ----------  --------------  -------------------
/opt/airflow/dags/daily_summary.py                           1           0  0.35s           2025-11-15T02:55:07
================================================================================
[2025-11-15T02:56:06.990+0000] {manager.py:879} INFO - 
================================================================================
DAG File Processing Stats

File Path                           PID    Runtime      # DAGs    # Errors  Last Runtime    Last Run
----------------------------------  -----  ---------  --------  ----------  --------------  -------------------
/opt/airflow/dags/daily_summary.py                           1           0  0.29s           2025-11-15T02:55:37
================================================================================
[2025-11-15T02:56:37.556+0000] {manager.py:879} INFO - 
================================================================================
DAG File Processing Stats

File Path                           PID    Runtime      # DAGs    # Errors  Last Runtime    Last Run
----------------------------------  -----  ---------  --------  ----------  --------------  -------------------
/opt/airflow/dags/daily_summary.py                           1           0  0.36s           2025-11-15T02:56:08
================================================================================
[2025-11-15T02:57:05.950+0000] {manager.py:451} INFO - Exiting gracefully upon receiving signal 15
[2025-11-15T02:57:30.338+0000] {manager.py:469} INFO - Processing files using up to 2 processes at a time 
[2025-11-15T02:57:30.340+0000] {manager.py:470} INFO - Process each file at most once every 30 seconds
[2025-11-15T02:57:30.340+0000] {manager.py:471} INFO - Checking for new files in /opt/airflow/dags every 300 seconds
[2025-11-15T02:57:30.341+0000] {manager.py:738} INFO - Searching for files in /opt/airflow/dags
[2025-11-15T02:57:30.387+0000] {manager.py:741} INFO - There are 1 files in /opt/airflow/dags
[2025-11-15T02:57:30.496+0000] {manager.py:879} INFO - 
================================================================================
DAG File Processing Stats

File Path                             PID  Runtime      # DAGs    # Errors  Last Runtime    Last Run
----------------------------------  -----  ---------  --------  ----------  --------------  ----------
/opt/airflow/dags/daily_summary.py    176  0.04s             0           0
================================================================================
[2025-11-15T02:58:00.833+0000] {manager.py:879} INFO - 
================================================================================
DAG File Processing Stats

File Path                             PID  Runtime      # DAGs    # Errors  Last Runtime    Last Run
----------------------------------  -----  ---------  --------  ----------  --------------  -------------------
/opt/airflow/dags/daily_summary.py    181  0.01s             1           0  0.25s           2025-11-15T02:57:30
================================================================================
[2025-11-15T02:58:31.339+0000] {manager.py:879} INFO - 
================================================================================
DAG File Processing Stats

File Path                           PID    Runtime      # DAGs    # Errors  Last Runtime    Last Run
----------------------------------  -----  ---------  --------  ----------  --------------  -------------------
/opt/airflow/dags/daily_summary.py                           1           0  0.54s           2025-11-15T02:58:01
================================================================================
[2025-11-15T02:59:01.444+0000] {manager.py:879} INFO - 
================================================================================
DAG File Processing Stats

File Path                           PID    Runtime      # DAGs    # Errors  Last Runtime    Last Run
----------------------------------  -----  ---------  --------  ----------  --------------  -------------------
/opt/airflow/dags/daily_summary.py                           1           0  0.40s           2025-11-15T02:58:32
================================================================================
[2025-11-15T02:59:31.830+0000] {manager.py:879} INFO - 
================================================================================
DAG File Processing Stats

File Path                           PID    Runtime      # DAGs    # Errors  Last Runtime    Last Run
----------------------------------  -----  ---------  --------  ----------  --------------  -------------------
/opt/airflow/dags/daily_summary.py                           1           0  0.31s           2025-11-15T02:59:02
================================================================================
[2025-11-15T03:00:02.469+0000] {manager.py:879} INFO - 
================================================================================
DAG File Processing Stats

File Path                           PID    Runtime      # DAGs    # Errors  Last Runtime    Last Run
----------------------------------  -----  ---------  --------  ----------  --------------  -------------------
/opt/airflow/dags/daily_summary.py                           1           0  0.34s           2025-11-15T02:59:33
================================================================================
[2025-11-15T03:00:32.881+0000] {manager.py:879} INFO - 
================================================================================
DAG File Processing Stats

File Path                           PID    Runtime      # DAGs    # Errors  Last Runtime    Last Run
----------------------------------  -----  ---------  --------  ----------  --------------  -------------------
/opt/airflow/dags/daily_summary.py                           1           0  0.38s           2025-11-15T03:00:03
================================================================================
[2025-11-15T03:01:03.568+0000] {manager.py:879} INFO - 
================================================================================
DAG File Processing Stats

File Path                           PID    Runtime      # DAGs    # Errors  Last Runtime    Last Run
----------------------------------  -----  ---------  --------  ----------  --------------  -------------------
/opt/airflow/dags/daily_summary.py                           1           0  0.30s           2025-11-15T03:00:34
================================================================================
[2025-11-15T03:01:33.991+0000] {manager.py:879} INFO - 
================================================================================
DAG File Processing Stats

File Path                           PID    Runtime      # DAGs    # Errors  Last Runtime    Last Run
----------------------------------  -----  ---------  --------  ----------  --------------  -------------------
/opt/airflow/dags/daily_summary.py                           1           0  0.38s           2025-11-15T03:01:04
================================================================================
[2025-11-15T03:02:04.347+0000] {manager.py:879} INFO - 
================================================================================
DAG File Processing Stats

File Path                           PID    Runtime      # DAGs    # Errors  Last Runtime    Last Run
----------------------------------  -----  ---------  --------  ----------  --------------  -------------------
/opt/airflow/dags/daily_summary.py                           1           0  0.28s           2025-11-15T03:01:35
================================================================================
[2025-11-15T03:02:30.924+0000] {manager.py:738} INFO - Searching for files in /opt/airflow/dags
[2025-11-15T03:02:30.985+0000] {manager.py:741} INFO - There are 1 files in /opt/airflow/dags
[2025-11-15T03:02:35.058+0000] {manager.py:879} INFO - 
================================================================================
DAG File Processing Stats

File Path                           PID    Runtime      # DAGs    # Errors  Last Runtime    Last Run
----------------------------------  -----  ---------  --------  ----------  --------------  -------------------
/opt/airflow/dags/daily_summary.py                           1           0  0.33s           2025-11-15T03:02:05
================================================================================
[2025-11-15T03:03:05.459+0000] {manager.py:879} INFO - 
================================================================================
DAG File Processing Stats

File Path                           PID    Runtime      # DAGs    # Errors  Last Runtime    Last Run
----------------------------------  -----  ---------  --------  ----------  --------------  -------------------
/opt/airflow/dags/daily_summary.py                           1           0  0.43s           2025-11-15T03:02:36
================================================================================
[2025-11-15T03:03:35.609+0000] {manager.py:879} INFO - 
================================================================================
DAG File Processing Stats

File Path                           PID    Runtime      # DAGs    # Errors  Last Runtime    Last Run
----------------------------------  -----  ---------  --------  ----------  --------------  -------------------
/opt/airflow/dags/daily_summary.py                           1           0  0.39s           2025-11-15T03:03:07
================================================================================
[2025-11-15T03:04:05.960+0000] {manager.py:879} INFO - 
================================================================================
DAG File Processing Stats

File Path                           PID    Runtime      # DAGs    # Errors  Last Runtime    Last Run
----------------------------------  -----  ---------  --------  ----------  --------------  -------------------
/opt/airflow/dags/daily_summary.py                           1           0  0.33s           2025-11-15T03:03:37
================================================================================
[2025-11-15T03:04:36.023+0000] {manager.py:879} INFO - 
================================================================================
DAG File Processing Stats

File Path                           PID    Runtime      # DAGs    # Errors  Last Runtime    Last Run
----------------------------------  -----  ---------  --------  ----------  --------------  -------------------
/opt/airflow/dags/daily_summary.py                           1           0  0.38s           2025-11-15T03:04:08
================================================================================
[2025-11-15T03:05:06.390+0000] {manager.py:879} INFO - 
================================================================================
DAG File Processing Stats

File Path                           PID    Runtime      # DAGs    # Errors  Last Runtime    Last Run
----------------------------------  -----  ---------  --------  ----------  --------------  -------------------
/opt/airflow/dags/daily_summary.py                           1           0  0.32s           2025-11-15T03:04:39
================================================================================
[2025-11-15T03:05:37.021+0000] {manager.py:879} INFO - 
================================================================================
DAG File Processing Stats

File Path                           PID    Runtime      # DAGs    # Errors  Last Runtime    Last Run
----------------------------------  -----  ---------  --------  ----------  --------------  -------------------
/opt/airflow/dags/daily_summary.py                           1           0  0.36s           2025-11-15T03:05:09
================================================================================
[2025-11-15T03:06:07.419+0000] {manager.py:879} INFO - 
================================================================================
DAG File Processing Stats

File Path                           PID    Runtime      # DAGs    # Errors  Last Runtime    Last Run
----------------------------------  -----  ---------  --------  ----------  --------------  -------------------
/opt/airflow/dags/daily_summary.py                           1           0  0.36s           2025-11-15T03:05:40
================================================================================
[2025-11-15T03:06:38.058+0000] {manager.py:879} INFO - 
================================================================================
DAG File Processing Stats

File Path                           PID    Runtime      # DAGs    # Errors  Last Runtime    Last Run
----------------------------------  -----  ---------  --------  ----------  --------------  -------------------
/opt/airflow/dags/daily_summary.py                           1           0  0.38s           2025-11-15T03:06:10
================================================================================
[2025-11-15T03:07:08.483+0000] {manager.py:879} INFO - 
================================================================================
DAG File Processing Stats

File Path                           PID    Runtime      # DAGs    # Errors  Last Runtime    Last Run
----------------------------------  -----  ---------  --------  ----------  --------------  -------------------
/opt/airflow/dags/daily_summary.py                           1           0  0.33s           2025-11-15T03:06:41
================================================================================
[2025-11-15T03:07:31.000+0000] {manager.py:738} INFO - Searching for files in /opt/airflow/dags
[2025-11-15T03:07:31.082+0000] {manager.py:741} INFO - There are 1 files in /opt/airflow/dags
[2025-11-15T03:07:39.196+0000] {manager.py:879} INFO - 
================================================================================
DAG File Processing Stats

File Path                           PID    Runtime      # DAGs    # Errors  Last Runtime    Last Run
----------------------------------  -----  ---------  --------  ----------  --------------  -------------------
/opt/airflow/dags/daily_summary.py                           1           0  0.33s           2025-11-15T03:07:11
================================================================================
[2025-11-15T03:08:09.579+0000] {manager.py:879} INFO - 
================================================================================
DAG File Processing Stats

File Path                           PID    Runtime      # DAGs    # Errors  Last Runtime    Last Run
----------------------------------  -----  ---------  --------  ----------  --------------  -------------------
/opt/airflow/dags/daily_summary.py                           1           0  0.32s           2025-11-15T03:07:42
================================================================================
[2025-11-15T03:08:40.161+0000] {manager.py:879} INFO - 
================================================================================
DAG File Processing Stats

File Path                           PID    Runtime      # DAGs    # Errors  Last Runtime    Last Run
----------------------------------  -----  ---------  --------  ----------  --------------  -------------------
/opt/airflow/dags/daily_summary.py                           1           0  0.35s           2025-11-15T03:08:12
================================================================================
[2025-11-15T03:09:10.592+0000] {manager.py:879} INFO - 
================================================================================
DAG File Processing Stats

File Path                           PID    Runtime      # DAGs    # Errors  Last Runtime    Last Run
----------------------------------  -----  ---------  --------  ----------  --------------  -------------------
/opt/airflow/dags/daily_summary.py                           1           0  0.31s           2025-11-15T03:08:43
================================================================================
[2025-11-15T03:09:41.145+0000] {manager.py:879} INFO - 
================================================================================
DAG File Processing Stats

File Path                           PID    Runtime      # DAGs    # Errors  Last Runtime    Last Run
----------------------------------  -----  ---------  --------  ----------  --------------  -------------------
/opt/airflow/dags/daily_summary.py                           1           0  0.37s           2025-11-15T03:09:14
================================================================================
[2025-11-15T03:10:11.652+0000] {manager.py:879} INFO - 
================================================================================
DAG File Processing Stats

File Path                           PID    Runtime      # DAGs    # Errors  Last Runtime    Last Run
----------------------------------  -----  ---------  --------  ----------  --------------  -------------------
/opt/airflow/dags/daily_summary.py                           1           0  0.27s           2025-11-15T03:09:44
================================================================================
[2025-11-15T03:10:20.142+0000] {manager.py:451} INFO - Exiting gracefully upon receiving signal 15
[2025-11-15T03:10:31.985+0000] {manager.py:469} INFO - Processing files using up to 2 processes at a time 
[2025-11-15T03:10:31.986+0000] {manager.py:470} INFO - Process each file at most once every 30 seconds
[2025-11-15T03:10:31.987+0000] {manager.py:471} INFO - Checking for new files in /opt/airflow/dags every 300 seconds
[2025-11-15T03:10:31.988+0000] {manager.py:738} INFO - Searching for files in /opt/airflow/dags
[2025-11-15T03:10:32.039+0000] {manager.py:741} INFO - There are 1 files in /opt/airflow/dags
[2025-11-15T03:10:32.151+0000] {manager.py:879} INFO - 
================================================================================
DAG File Processing Stats

File Path                             PID  Runtime      # DAGs    # Errors  Last Runtime    Last Run
----------------------------------  -----  ---------  --------  ----------  --------------  ----------
/opt/airflow/dags/daily_summary.py    175  0.05s             0           0
================================================================================
[2025-11-15T03:11:02.498+0000] {manager.py:879} INFO - 
================================================================================
DAG File Processing Stats

File Path                             PID  Runtime      # DAGs    # Errors  Last Runtime    Last Run
----------------------------------  -----  ---------  --------  ----------  --------------  -------------------
/opt/airflow/dags/daily_summary.py    180  0.01s             1           0  0.27s           2025-11-15T03:10:32
================================================================================
[2025-11-15T03:11:33.056+0000] {manager.py:879} INFO - 
================================================================================
DAG File Processing Stats

File Path                             PID  Runtime      # DAGs    # Errors  Last Runtime    Last Run
----------------------------------  -----  ---------  --------  ----------  --------------  -------------------
/opt/airflow/dags/daily_summary.py    185  0.01s             1           0  0.40s           2025-11-15T03:11:02
================================================================================
[2025-11-15T03:12:03.579+0000] {manager.py:879} INFO - 
================================================================================
DAG File Processing Stats

File Path                             PID  Runtime      # DAGs    # Errors  Last Runtime    Last Run
----------------------------------  -----  ---------  --------  ----------  --------------  -------------------
/opt/airflow/dags/daily_summary.py    190  0.01s             1           0  0.32s           2025-11-15T03:11:33
================================================================================
[2025-11-15T03:12:14.608+0000] {manager.py:451} INFO - Exiting gracefully upon receiving signal 15
[2025-11-15T03:12:25.778+0000] {manager.py:469} INFO - Processing files using up to 2 processes at a time 
[2025-11-15T03:12:25.779+0000] {manager.py:470} INFO - Process each file at most once every 30 seconds
[2025-11-15T03:12:25.780+0000] {manager.py:471} INFO - Checking for new files in /opt/airflow/dags every 300 seconds
[2025-11-15T03:12:25.781+0000] {manager.py:738} INFO - Searching for files in /opt/airflow/dags
[2025-11-15T03:12:25.833+0000] {manager.py:741} INFO - There are 1 files in /opt/airflow/dags
[2025-11-15T03:12:25.932+0000] {manager.py:879} INFO - 
================================================================================
DAG File Processing Stats

File Path                             PID  Runtime      # DAGs    # Errors  Last Runtime    Last Run
----------------------------------  -----  ---------  --------  ----------  --------------  ----------
/opt/airflow/dags/daily_summary.py    175  0.04s             0           0
================================================================================
[2025-11-15T03:12:56.270+0000] {manager.py:879} INFO - 
================================================================================
DAG File Processing Stats

File Path                             PID  Runtime      # DAGs    # Errors  Last Runtime    Last Run
----------------------------------  -----  ---------  --------  ----------  --------------  -------------------
/opt/airflow/dags/daily_summary.py    180  0.01s             1           0  0.25s           2025-11-15T03:12:26
================================================================================
[2025-11-15T03:13:26.488+0000] {manager.py:451} INFO - Exiting gracefully upon receiving signal 15
[2025-11-15T03:13:38.596+0000] {manager.py:469} INFO - Processing files using up to 2 processes at a time 
[2025-11-15T03:13:38.598+0000] {manager.py:470} INFO - Process each file at most once every 30 seconds
[2025-11-15T03:13:38.599+0000] {manager.py:471} INFO - Checking for new files in /opt/airflow/dags every 300 seconds
[2025-11-15T03:13:38.599+0000] {manager.py:738} INFO - Searching for files in /opt/airflow/dags
[2025-11-15T03:13:38.643+0000] {manager.py:741} INFO - There are 1 files in /opt/airflow/dags
[2025-11-15T03:13:38.793+0000] {manager.py:879} INFO - 
================================================================================
DAG File Processing Stats

File Path                             PID  Runtime      # DAGs    # Errors  Last Runtime    Last Run
----------------------------------  -----  ---------  --------  ----------  --------------  ----------
/opt/airflow/dags/daily_summary.py    175  0.05s             0           0
================================================================================
[2025-11-15T03:14:09.138+0000] {manager.py:879} INFO - 
================================================================================
DAG File Processing Stats

File Path                             PID  Runtime      # DAGs    # Errors  Last Runtime    Last Run
----------------------------------  -----  ---------  --------  ----------  --------------  -------------------
/opt/airflow/dags/daily_summary.py    180  0.01s             1           0  0.26s           2025-11-15T03:13:38
================================================================================
[2025-11-15T03:14:39.658+0000] {manager.py:879} INFO - 
================================================================================
DAG File Processing Stats

File Path                             PID  Runtime      # DAGs    # Errors  Last Runtime    Last Run
----------------------------------  -----  ---------  --------  ----------  --------------  -------------------
/opt/airflow/dags/daily_summary.py    185  0.01s             1           0  0.43s           2025-11-15T03:14:09
================================================================================
[2025-11-15T03:14:51.364+0000] {manager.py:451} INFO - Exiting gracefully upon receiving signal 15
[2025-11-15T03:16:30.611+0000] {manager.py:469} INFO - Processing files using up to 2 processes at a time 
[2025-11-15T03:16:30.612+0000] {manager.py:470} INFO - Process each file at most once every 30 seconds
[2025-11-15T03:16:30.613+0000] {manager.py:471} INFO - Checking for new files in /opt/airflow/dags every 300 seconds
[2025-11-15T03:16:30.614+0000] {manager.py:738} INFO - Searching for files in /opt/airflow/dags
[2025-11-15T03:16:30.652+0000] {manager.py:741} INFO - There are 1 files in /opt/airflow/dags
[2025-11-15T03:16:30.771+0000] {manager.py:879} INFO - 
================================================================================
DAG File Processing Stats

File Path                             PID  Runtime      # DAGs    # Errors  Last Runtime    Last Run
----------------------------------  -----  ---------  --------  ----------  --------------  ----------
/opt/airflow/dags/daily_summary.py    176  0.05s             0           0
================================================================================
[2025-11-15T03:17:01.099+0000] {manager.py:879} INFO - 
================================================================================
DAG File Processing Stats

File Path                             PID  Runtime      # DAGs    # Errors  Last Runtime    Last Run
----------------------------------  -----  ---------  --------  ----------  --------------  -------------------
/opt/airflow/dags/daily_summary.py    181  0.01s             1           0  0.24s           2025-11-15T03:16:30
================================================================================
[2025-11-15T03:17:10.589+0000] {manager.py:451} INFO - Exiting gracefully upon receiving signal 15
[2025-11-15T03:18:45.983+0000] {manager.py:469} INFO - Processing files using up to 2 processes at a time 
[2025-11-15T03:18:45.985+0000] {manager.py:470} INFO - Process each file at most once every 30 seconds
[2025-11-15T03:18:45.985+0000] {manager.py:471} INFO - Checking for new files in /opt/airflow/dags every 300 seconds
[2025-11-15T03:18:45.986+0000] {manager.py:738} INFO - Searching for files in /opt/airflow/dags
[2025-11-15T03:18:46.039+0000] {manager.py:741} INFO - There are 1 files in /opt/airflow/dags
[2025-11-15T03:18:46.177+0000] {manager.py:879} INFO - 
================================================================================
DAG File Processing Stats

File Path                             PID  Runtime      # DAGs    # Errors  Last Runtime    Last Run
----------------------------------  -----  ---------  --------  ----------  --------------  ----------
/opt/airflow/dags/daily_summary.py    175  0.06s             0           0
================================================================================
[2025-11-15T03:19:16.479+0000] {manager.py:879} INFO - 
================================================================================
DAG File Processing Stats

File Path                             PID  Runtime      # DAGs    # Errors  Last Runtime    Last Run
----------------------------------  -----  ---------  --------  ----------  --------------  -------------------
/opt/airflow/dags/daily_summary.py    180  0.01s             1           0  0.32s           2025-11-15T03:18:46
================================================================================
[2025-11-15T03:19:47.040+0000] {manager.py:879} INFO - 
================================================================================
DAG File Processing Stats

File Path                             PID  Runtime      # DAGs    # Errors  Last Runtime    Last Run
----------------------------------  -----  ---------  --------  ----------  --------------  -------------------
/opt/airflow/dags/daily_summary.py    185  0.01s             1           0  0.46s           2025-11-15T03:19:16
================================================================================
[2025-11-15T03:19:53.091+0000] {manager.py:451} INFO - Exiting gracefully upon receiving signal 15
[2025-11-15T03:29:17.824+0000] {manager.py:469} INFO - Processing files using up to 2 processes at a time 
[2025-11-15T03:29:17.825+0000] {manager.py:470} INFO - Process each file at most once every 30 seconds
[2025-11-15T03:29:17.826+0000] {manager.py:471} INFO - Checking for new files in /opt/airflow/dags every 300 seconds
[2025-11-15T03:29:17.827+0000] {manager.py:738} INFO - Searching for files in /opt/airflow/dags
[2025-11-15T03:29:17.866+0000] {manager.py:741} INFO - There are 1 files in /opt/airflow/dags
[2025-11-15T03:29:18.032+0000] {manager.py:879} INFO - 
================================================================================
DAG File Processing Stats

File Path                             PID  Runtime      # DAGs    # Errors  Last Runtime    Last Run
----------------------------------  -----  ---------  --------  ----------  --------------  ----------
/opt/airflow/dags/daily_summary.py    176  0.07s             0           0
================================================================================
[2025-11-15T03:29:48.255+0000] {manager.py:879} INFO - 
================================================================================
DAG File Processing Stats

File Path                           PID    Runtime      # DAGs    # Errors  Last Runtime    Last Run
----------------------------------  -----  ---------  --------  ----------  --------------  -------------------
/opt/airflow/dags/daily_summary.py                           1           0  0.37s           2025-11-15T03:29:18
================================================================================
[2025-11-15T03:30:18.320+0000] {manager.py:879} INFO - 
================================================================================
DAG File Processing Stats

File Path                           PID    Runtime      # DAGs    # Errors  Last Runtime    Last Run
----------------------------------  -----  ---------  --------  ----------  --------------  -------------------
/opt/airflow/dags/daily_summary.py                           1           0  0.53s           2025-11-15T03:29:49
================================================================================
[2025-11-15T03:30:48.690+0000] {manager.py:879} INFO - 
================================================================================
DAG File Processing Stats

File Path                           PID    Runtime      # DAGs    # Errors  Last Runtime    Last Run
----------------------------------  -----  ---------  --------  ----------  --------------  -------------------
/opt/airflow/dags/daily_summary.py                           1           0  0.33s           2025-11-15T03:30:19
================================================================================
[2025-11-15T03:31:19.291+0000] {manager.py:879} INFO - 
================================================================================
DAG File Processing Stats

File Path                           PID    Runtime      # DAGs    # Errors  Last Runtime    Last Run
----------------------------------  -----  ---------  --------  ----------  --------------  -------------------
/opt/airflow/dags/daily_summary.py                           1           0  0.36s           2025-11-15T03:30:50
================================================================================
[2025-11-15T03:31:49.685+0000] {manager.py:879} INFO - 
================================================================================
DAG File Processing Stats

File Path                           PID    Runtime      # DAGs    # Errors  Last Runtime    Last Run
----------------------------------  -----  ---------  --------  ----------  --------------  -------------------
/opt/airflow/dags/daily_summary.py                           1           0  0.32s           2025-11-15T03:31:20
================================================================================
[2025-11-15T03:32:20.326+0000] {manager.py:879} INFO - 
================================================================================
DAG File Processing Stats

File Path                           PID    Runtime      # DAGs    # Errors  Last Runtime    Last Run
----------------------------------  -----  ---------  --------  ----------  --------------  -------------------
/opt/airflow/dags/daily_summary.py                           1           0  0.36s           2025-11-15T03:31:51
================================================================================
[2025-11-15T03:32:50.734+0000] {manager.py:879} INFO - 
================================================================================
DAG File Processing Stats

File Path                           PID    Runtime      # DAGs    # Errors  Last Runtime    Last Run
----------------------------------  -----  ---------  --------  ----------  --------------  -------------------
/opt/airflow/dags/daily_summary.py                           1           0  0.29s           2025-11-15T03:32:21
================================================================================
[2025-11-15T03:33:21.317+0000] {manager.py:879} INFO - 
================================================================================
DAG File Processing Stats

File Path                           PID    Runtime      # DAGs    # Errors  Last Runtime    Last Run
----------------------------------  -----  ---------  --------  ----------  --------------  -------------------
/opt/airflow/dags/daily_summary.py                           1           0  0.43s           2025-11-15T03:32:52
================================================================================
[2025-11-15T03:33:51.854+0000] {manager.py:879} INFO - 
================================================================================
DAG File Processing Stats

File Path                           PID    Runtime      # DAGs    # Errors  Last Runtime    Last Run
----------------------------------  -----  ---------  --------  ----------  --------------  -------------------
/opt/airflow/dags/daily_summary.py                           1           0  0.42s           2025-11-15T03:33:22
================================================================================
[2025-11-15T03:34:18.383+0000] {manager.py:738} INFO - Searching for files in /opt/airflow/dags
[2025-11-15T03:34:18.454+0000] {manager.py:741} INFO - There are 1 files in /opt/airflow/dags
[2025-11-15T03:34:22.521+0000] {manager.py:879} INFO - 
================================================================================
DAG File Processing Stats

File Path                           PID    Runtime      # DAGs    # Errors  Last Runtime    Last Run
----------------------------------  -----  ---------  --------  ----------  --------------  -------------------
/opt/airflow/dags/daily_summary.py                           1           0  0.35s           2025-11-15T03:33:53
================================================================================
[2025-11-15T03:34:52.866+0000] {manager.py:879} INFO - 
================================================================================
DAG File Processing Stats

File Path                           PID    Runtime      # DAGs    # Errors  Last Runtime    Last Run
----------------------------------  -----  ---------  --------  ----------  --------------  -------------------
/opt/airflow/dags/daily_summary.py                           1           0  0.31s           2025-11-15T03:34:23
================================================================================
[2025-11-15T03:35:46.846+0000] {manager.py:469} INFO - Processing files using up to 2 processes at a time 
[2025-11-15T03:35:46.847+0000] {manager.py:470} INFO - Process each file at most once every 30 seconds
[2025-11-15T03:35:46.848+0000] {manager.py:471} INFO - Checking for new files in /opt/airflow/dags every 300 seconds
[2025-11-15T03:35:46.849+0000] {manager.py:738} INFO - Searching for files in /opt/airflow/dags
[2025-11-15T03:35:46.896+0000] {manager.py:741} INFO - There are 1 files in /opt/airflow/dags
[2025-11-15T03:35:47.094+0000] {manager.py:879} INFO - 
================================================================================
DAG File Processing Stats

File Path                             PID  Runtime      # DAGs    # Errors  Last Runtime    Last Run
----------------------------------  -----  ---------  --------  ----------  --------------  ----------
/opt/airflow/dags/daily_summary.py    175  0.09s             0           0
================================================================================
[2025-11-15T03:36:17.437+0000] {manager.py:879} INFO - 
================================================================================
DAG File Processing Stats

File Path                             PID  Runtime      # DAGs    # Errors  Last Runtime    Last Run
----------------------------------  -----  ---------  --------  ----------  --------------  -------------------
/opt/airflow/dags/daily_summary.py    180  0.01s             1           0  0.37s           2025-11-15T03:35:47
================================================================================
[2025-11-15T03:36:47.976+0000] {manager.py:879} INFO - 
================================================================================
DAG File Processing Stats

File Path                           PID    Runtime      # DAGs    # Errors  Last Runtime    Last Run
----------------------------------  -----  ---------  --------  ----------  --------------  -------------------
/opt/airflow/dags/daily_summary.py                           1           0  0.58s           2025-11-15T03:36:18
================================================================================
[2025-11-15T03:37:18.724+0000] {manager.py:879} INFO - 
================================================================================
DAG File Processing Stats

File Path                             PID  Runtime      # DAGs    # Errors  Last Runtime    Last Run
----------------------------------  -----  ---------  --------  ----------  --------------  -------------------
/opt/airflow/dags/daily_summary.py    190  0.01s             1           0  0.28s           2025-11-15T03:36:48
================================================================================
[2025-11-15T03:37:49.326+0000] {manager.py:879} INFO - 
================================================================================
DAG File Processing Stats

File Path                             PID  Runtime      # DAGs    # Errors  Last Runtime    Last Run
----------------------------------  -----  ---------  --------  ----------  --------------  -------------------
/opt/airflow/dags/daily_summary.py    195  0.01s             1           0  0.34s           2025-11-15T03:37:19
================================================================================
[2025-11-15T03:38:19.740+0000] {manager.py:879} INFO - 
================================================================================
DAG File Processing Stats

File Path                             PID  Runtime      # DAGs    # Errors  Last Runtime    Last Run
----------------------------------  -----  ---------  --------  ----------  --------------  -------------------
/opt/airflow/dags/daily_summary.py    200  0.01s             1           0  0.31s           2025-11-15T03:37:49
================================================================================
[2025-11-15T03:38:50.342+0000] {manager.py:879} INFO - 
================================================================================
DAG File Processing Stats

File Path                             PID  Runtime      # DAGs    # Errors  Last Runtime    Last Run
----------------------------------  -----  ---------  --------  ----------  --------------  -------------------
/opt/airflow/dags/daily_summary.py    205  0.01s             1           0  0.37s           2025-11-15T03:38:20
================================================================================
[2025-11-15T03:39:20.738+0000] {manager.py:879} INFO - 
================================================================================
DAG File Processing Stats

File Path                           PID    Runtime      # DAGs    # Errors  Last Runtime    Last Run
----------------------------------  -----  ---------  --------  ----------  --------------  -------------------
/opt/airflow/dags/daily_summary.py                           1           0  0.42s           2025-11-15T03:38:50
================================================================================
[2025-11-15T03:39:41.336+0000] {manager.py:451} INFO - Exiting gracefully upon receiving signal 15
[2025-11-15T03:40:34.725+0000] {manager.py:469} INFO - Processing files using up to 2 processes at a time 
[2025-11-15T03:40:34.726+0000] {manager.py:470} INFO - Process each file at most once every 30 seconds
[2025-11-15T03:40:34.727+0000] {manager.py:471} INFO - Checking for new files in /opt/airflow/dags every 300 seconds
[2025-11-15T03:40:34.728+0000] {manager.py:738} INFO - Searching for files in /opt/airflow/dags
[2025-11-15T03:40:34.774+0000] {manager.py:741} INFO - There are 1 files in /opt/airflow/dags
[2025-11-15T03:40:34.930+0000] {manager.py:879} INFO - 
================================================================================
DAG File Processing Stats

File Path                             PID  Runtime      # DAGs    # Errors  Last Runtime    Last Run
----------------------------------  -----  ---------  --------  ----------  --------------  ----------
/opt/airflow/dags/daily_summary.py    175  0.06s             0           0
================================================================================
[2025-11-15T03:41:05.212+0000] {manager.py:879} INFO - 
================================================================================
DAG File Processing Stats

File Path                           PID    Runtime      # DAGs    # Errors  Last Runtime    Last Run
----------------------------------  -----  ---------  --------  ----------  --------------  -------------------
/opt/airflow/dags/daily_summary.py                           1           0  0.42s           2025-11-15T03:40:35
================================================================================
[2025-11-15T03:41:35.529+0000] {manager.py:879} INFO - 
================================================================================
DAG File Processing Stats

File Path                           PID    Runtime      # DAGs    # Errors  Last Runtime    Last Run
----------------------------------  -----  ---------  --------  ----------  --------------  -------------------
/opt/airflow/dags/daily_summary.py                           1           0  0.66s           2025-11-15T03:41:06
================================================================================
[2025-11-15T03:42:05.909+0000] {manager.py:879} INFO - 
================================================================================
DAG File Processing Stats

File Path                           PID    Runtime      # DAGs    # Errors  Last Runtime    Last Run
----------------------------------  -----  ---------  --------  ----------  --------------  -------------------
/opt/airflow/dags/daily_summary.py                           1           0  0.31s           2025-11-15T03:41:36
================================================================================
[2025-11-15T03:42:36.524+0000] {manager.py:879} INFO - 
================================================================================
DAG File Processing Stats

File Path                           PID    Runtime      # DAGs    # Errors  Last Runtime    Last Run
----------------------------------  -----  ---------  --------  ----------  --------------  -------------------
/opt/airflow/dags/daily_summary.py                           1           0  0.30s           2025-11-15T03:42:07
================================================================================
[2025-11-15T03:43:06.910+0000] {manager.py:879} INFO - 
================================================================================
DAG File Processing Stats

File Path                           PID    Runtime      # DAGs    # Errors  Last Runtime    Last Run
----------------------------------  -----  ---------  --------  ----------  --------------  -------------------
/opt/airflow/dags/daily_summary.py                           1           0  0.40s           2025-11-15T03:42:37
================================================================================
[2025-11-15T03:43:36.984+0000] {manager.py:879} INFO - 
================================================================================
DAG File Processing Stats

File Path                           PID    Runtime      # DAGs    # Errors  Last Runtime    Last Run
----------------------------------  -----  ---------  --------  ----------  --------------  -------------------
/opt/airflow/dags/daily_summary.py                           1           0  0.36s           2025-11-15T03:43:08
================================================================================
[2025-11-15T03:44:07.310+0000] {manager.py:879} INFO - 
================================================================================
DAG File Processing Stats

File Path                           PID    Runtime      # DAGs    # Errors  Last Runtime    Last Run
----------------------------------  -----  ---------  --------  ----------  --------------  -------------------
/opt/airflow/dags/daily_summary.py                           1           0  0.31s           2025-11-15T03:43:39
================================================================================
[2025-11-15T03:44:37.684+0000] {manager.py:879} INFO - 
================================================================================
DAG File Processing Stats

File Path                           PID    Runtime      # DAGs    # Errors  Last Runtime    Last Run
----------------------------------  -----  ---------  --------  ----------  --------------  -------------------
/opt/airflow/dags/daily_summary.py                           1           0  0.30s           2025-11-15T03:44:09
================================================================================
[2025-11-15T03:45:08.312+0000] {manager.py:879} INFO - 
================================================================================
DAG File Processing Stats

File Path                           PID    Runtime      # DAGs    # Errors  Last Runtime    Last Run
----------------------------------  -----  ---------  --------  ----------  --------------  -------------------
/opt/airflow/dags/daily_summary.py                           1           0  0.34s           2025-11-15T03:44:40
================================================================================
[2025-11-15T03:45:34.912+0000] {manager.py:738} INFO - Searching for files in /opt/airflow/dags
[2025-11-15T03:45:34.957+0000] {manager.py:741} INFO - There are 1 files in /opt/airflow/dags
[2025-11-15T03:45:38.681+0000] {manager.py:879} INFO - 
================================================================================
DAG File Processing Stats

File Path                           PID    Runtime      # DAGs    # Errors  Last Runtime    Last Run
----------------------------------  -----  ---------  --------  ----------  --------------  -------------------
/opt/airflow/dags/daily_summary.py                           1           0  0.31s           2025-11-15T03:45:10
================================================================================
[2025-11-15T03:46:09.258+0000] {manager.py:879} INFO - 
================================================================================
DAG File Processing Stats

File Path                           PID    Runtime      # DAGs    # Errors  Last Runtime    Last Run
----------------------------------  -----  ---------  --------  ----------  --------------  -------------------
/opt/airflow/dags/daily_summary.py                           1           0  0.34s           2025-11-15T03:45:41
================================================================================
[2025-11-15T03:46:11.802+0000] {manager.py:451} INFO - Exiting gracefully upon receiving signal 15
[2025-11-15T03:46:37.832+0000] {manager.py:469} INFO - Processing files using up to 2 processes at a time 
[2025-11-15T03:46:37.833+0000] {manager.py:470} INFO - Process each file at most once every 30 seconds
[2025-11-15T03:46:37.834+0000] {manager.py:471} INFO - Checking for new files in /opt/airflow/dags every 300 seconds
[2025-11-15T03:46:37.835+0000] {manager.py:738} INFO - Searching for files in /opt/airflow/dags
[2025-11-15T03:46:37.880+0000] {manager.py:741} INFO - There are 1 files in /opt/airflow/dags
[2025-11-15T03:46:38.069+0000] {manager.py:879} INFO - 
================================================================================
DAG File Processing Stats

File Path                             PID  Runtime      # DAGs    # Errors  Last Runtime    Last Run
----------------------------------  -----  ---------  --------  ----------  --------------  ----------
/opt/airflow/dags/daily_summary.py    175  0.07s             0           0
================================================================================
[2025-11-15T03:47:08.396+0000] {manager.py:879} INFO - 
================================================================================
DAG File Processing Stats

File Path                             PID  Runtime      # DAGs    # Errors  Last Runtime    Last Run
----------------------------------  -----  ---------  --------  ----------  --------------  -------------------
/opt/airflow/dags/daily_summary.py    180  0.01s             1           0  0.31s           2025-11-15T03:46:38
================================================================================
[2025-11-15T03:47:38.934+0000] {manager.py:879} INFO - 
================================================================================
DAG File Processing Stats

File Path                           PID    Runtime      # DAGs    # Errors  Last Runtime    Last Run
----------------------------------  -----  ---------  --------  ----------  --------------  -------------------
/opt/airflow/dags/daily_summary.py                           1           0  0.57s           2025-11-15T03:47:08
================================================================================
[2025-11-15T03:48:09.030+0000] {manager.py:879} INFO - 
================================================================================
DAG File Processing Stats

File Path                           PID    Runtime      # DAGs    # Errors  Last Runtime    Last Run
----------------------------------  -----  ---------  --------  ----------  --------------  -------------------
/opt/airflow/dags/daily_summary.py                           1           0  0.38s           2025-11-15T03:47:39
================================================================================
[2025-11-15T03:48:39.383+0000] {manager.py:879} INFO - 
================================================================================
DAG File Processing Stats

File Path                           PID    Runtime      # DAGs    # Errors  Last Runtime    Last Run
----------------------------------  -----  ---------  --------  ----------  --------------  -------------------
/opt/airflow/dags/daily_summary.py                           1           0  0.30s           2025-11-15T03:48:10
================================================================================
[2025-11-15T03:49:09.940+0000] {manager.py:879} INFO - 
================================================================================
DAG File Processing Stats

File Path                           PID    Runtime      # DAGs    # Errors  Last Runtime    Last Run
----------------------------------  -----  ---------  --------  ----------  --------------  -------------------
/opt/airflow/dags/daily_summary.py                           1           0  0.35s           2025-11-15T03:48:40
================================================================================
[2025-11-15T03:49:17.342+0000] {manager.py:451} INFO - Exiting gracefully upon receiving signal 15
[2025-11-15T03:49:42.386+0000] {manager.py:469} INFO - Processing files using up to 2 processes at a time 
[2025-11-15T03:49:42.387+0000] {manager.py:470} INFO - Process each file at most once every 30 seconds
[2025-11-15T03:49:42.388+0000] {manager.py:471} INFO - Checking for new files in /opt/airflow/dags every 300 seconds
[2025-11-15T03:49:42.389+0000] {manager.py:738} INFO - Searching for files in /opt/airflow/dags
[2025-11-15T03:49:42.451+0000] {manager.py:741} INFO - There are 1 files in /opt/airflow/dags
[2025-11-15T03:49:42.599+0000] {manager.py:879} INFO - 
================================================================================
DAG File Processing Stats

File Path                             PID  Runtime      # DAGs    # Errors  Last Runtime    Last Run
----------------------------------  -----  ---------  --------  ----------  --------------  ----------
/opt/airflow/dags/daily_summary.py    175  0.04s             0           0
================================================================================
[2025-11-15T03:50:12.929+0000] {manager.py:879} INFO - 
================================================================================
DAG File Processing Stats

File Path                             PID  Runtime      # DAGs    # Errors  Last Runtime    Last Run
----------------------------------  -----  ---------  --------  ----------  --------------  -------------------
/opt/airflow/dags/daily_summary.py    180  0.01s             1           0  0.28s           2025-11-15T03:49:42
================================================================================
[2025-11-15T03:50:43.488+0000] {manager.py:879} INFO - 
================================================================================
DAG File Processing Stats

File Path                             PID  Runtime      # DAGs    # Errors  Last Runtime    Last Run
----------------------------------  -----  ---------  --------  ----------  --------------  -------------------
/opt/airflow/dags/daily_summary.py    185  0.01s             1           0  0.52s           2025-11-15T03:50:13
================================================================================
[2025-11-15T03:51:14.174+0000] {manager.py:879} INFO - 
================================================================================
DAG File Processing Stats

File Path                             PID  Runtime      # DAGs    # Errors  Last Runtime    Last Run
----------------------------------  -----  ---------  --------  ----------  --------------  -------------------
/opt/airflow/dags/daily_summary.py    190  0.01s             1           0  0.35s           2025-11-15T03:50:43
================================================================================
[2025-11-15T03:51:44.576+0000] {manager.py:879} INFO - 
================================================================================
DAG File Processing Stats

File Path                             PID  Runtime      # DAGs    # Errors  Last Runtime    Last Run
----------------------------------  -----  ---------  --------  ----------  --------------  -------------------
/opt/airflow/dags/daily_summary.py    195  0.01s             1           0  0.31s           2025-11-15T03:51:14
================================================================================
[2025-11-15T03:52:15.211+0000] {manager.py:879} INFO - 
================================================================================
DAG File Processing Stats

File Path                             PID  Runtime      # DAGs    # Errors  Last Runtime    Last Run
----------------------------------  -----  ---------  --------  ----------  --------------  -------------------
/opt/airflow/dags/daily_summary.py    200  0.01s             1           0  0.31s           2025-11-15T03:51:44
================================================================================
[2025-11-15T03:52:45.561+0000] {manager.py:879} INFO - 
================================================================================
DAG File Processing Stats

File Path                           PID    Runtime      # DAGs    # Errors  Last Runtime    Last Run
----------------------------------  -----  ---------  --------  ----------  --------------  -------------------
/opt/airflow/dags/daily_summary.py                           1           0  0.39s           2025-11-15T03:52:15
================================================================================
[2025-11-15T03:53:16.313+0000] {manager.py:879} INFO - 
================================================================================
DAG File Processing Stats

File Path                             PID  Runtime      # DAGs    # Errors  Last Runtime    Last Run
----------------------------------  -----  ---------  --------  ----------  --------------  -------------------
/opt/airflow/dags/daily_summary.py    210  0.01s             1           0  0.28s           2025-11-15T03:52:46
================================================================================
[2025-11-15T03:53:46.917+0000] {manager.py:879} INFO - 
================================================================================
DAG File Processing Stats

File Path                             PID  Runtime      # DAGs    # Errors  Last Runtime    Last Run
----------------------------------  -----  ---------  --------  ----------  --------------  -------------------
/opt/airflow/dags/daily_summary.py    215  0.01s             1           0  0.37s           2025-11-15T03:53:16
================================================================================
[2025-11-15T03:54:12.549+0000] {manager.py:451} INFO - Exiting gracefully upon receiving signal 15
[2025-11-15T03:54:38.054+0000] {manager.py:469} INFO - Processing files using up to 2 processes at a time 
[2025-11-15T03:54:38.055+0000] {manager.py:470} INFO - Process each file at most once every 30 seconds
[2025-11-15T03:54:38.055+0000] {manager.py:471} INFO - Checking for new files in /opt/airflow/dags every 300 seconds
[2025-11-15T03:54:38.056+0000] {manager.py:738} INFO - Searching for files in /opt/airflow/dags
[2025-11-15T03:54:38.097+0000] {manager.py:741} INFO - There are 1 files in /opt/airflow/dags
[2025-11-15T03:54:38.199+0000] {manager.py:879} INFO - 
================================================================================
DAG File Processing Stats

File Path                             PID  Runtime      # DAGs    # Errors  Last Runtime    Last Run
----------------------------------  -----  ---------  --------  ----------  --------------  ----------
/opt/airflow/dags/daily_summary.py    175  0.04s             0           0
================================================================================
[2025-11-15T03:55:08.513+0000] {manager.py:879} INFO - 
================================================================================
DAG File Processing Stats

File Path                             PID  Runtime      # DAGs    # Errors  Last Runtime    Last Run
----------------------------------  -----  ---------  --------  ----------  --------------  -------------------
/opt/airflow/dags/daily_summary.py    180  0.01s             1           0  0.29s           2025-11-15T03:54:38
================================================================================
[2025-11-15T03:55:39.085+0000] {manager.py:879} INFO - 
================================================================================
DAG File Processing Stats

File Path                             PID  Runtime      # DAGs    # Errors  Last Runtime    Last Run
----------------------------------  -----  ---------  --------  ----------  --------------  -------------------
/opt/airflow/dags/daily_summary.py    185  0.01s             1           0  0.51s           2025-11-15T03:55:09
================================================================================
[2025-11-15T03:56:09.702+0000] {manager.py:879} INFO - 
================================================================================
DAG File Processing Stats

File Path                             PID  Runtime      # DAGs    # Errors  Last Runtime    Last Run
----------------------------------  -----  ---------  --------  ----------  --------------  -------------------
/opt/airflow/dags/daily_summary.py    190  0.01s             1           0  0.36s           2025-11-15T03:55:39
================================================================================
[2025-11-15T03:56:40.170+0000] {manager.py:879} INFO - 
================================================================================
DAG File Processing Stats

File Path                             PID  Runtime      # DAGs    # Errors  Last Runtime    Last Run
----------------------------------  -----  ---------  --------  ----------  --------------  -------------------
/opt/airflow/dags/daily_summary.py    195  0.01s             1           0  0.40s           2025-11-15T03:56:10
================================================================================
[2025-11-15T03:57:10.824+0000] {manager.py:879} INFO - 
================================================================================
DAG File Processing Stats

File Path                             PID  Runtime      # DAGs    # Errors  Last Runtime    Last Run
----------------------------------  -----  ---------  --------  ----------  --------------  -------------------
/opt/airflow/dags/daily_summary.py    200  0.01s             1           0  0.35s           2025-11-15T03:56:40
================================================================================
[2025-11-15T03:57:41.231+0000] {manager.py:879} INFO - 
================================================================================
DAG File Processing Stats

File Path                             PID  Runtime      # DAGs    # Errors  Last Runtime    Last Run
----------------------------------  -----  ---------  --------  ----------  --------------  -------------------
/opt/airflow/dags/daily_summary.py    205  0.01s             1           0  0.30s           2025-11-15T03:57:11
================================================================================
[2025-11-15T03:58:11.787+0000] {manager.py:879} INFO - 
================================================================================
DAG File Processing Stats

File Path                             PID  Runtime      # DAGs    # Errors  Last Runtime    Last Run
----------------------------------  -----  ---------  --------  ----------  --------------  -------------------
/opt/airflow/dags/daily_summary.py    210  0.01s             1           0  0.31s           2025-11-15T03:57:41
================================================================================
[2025-11-15T03:58:42.239+0000] {manager.py:879} INFO - 
================================================================================
DAG File Processing Stats

File Path                             PID  Runtime      # DAGs    # Errors  Last Runtime    Last Run
----------------------------------  -----  ---------  --------  ----------  --------------  -------------------
/opt/airflow/dags/daily_summary.py    215  0.01s             1           0  0.37s           2025-11-15T03:58:12
================================================================================
[2025-11-15T03:59:12.804+0000] {manager.py:879} INFO - 
================================================================================
DAG File Processing Stats

File Path                             PID  Runtime      # DAGs    # Errors  Last Runtime    Last Run
----------------------------------  -----  ---------  --------  ----------  --------------  -------------------
/opt/airflow/dags/daily_summary.py    220  0.01s             1           0  0.32s           2025-11-15T03:58:42
================================================================================
[2025-11-15T03:59:38.056+0000] {manager.py:738} INFO - Searching for files in /opt/airflow/dags
[2025-11-15T03:59:38.114+0000] {manager.py:741} INFO - There are 1 files in /opt/airflow/dags
[2025-11-15T03:59:43.201+0000] {manager.py:879} INFO - 
================================================================================
DAG File Processing Stats

File Path                             PID  Runtime      # DAGs    # Errors  Last Runtime    Last Run
----------------------------------  -----  ---------  --------  ----------  --------------  -------------------
/opt/airflow/dags/daily_summary.py    225  0.01s             1           0  0.31s           2025-11-15T03:59:13
================================================================================
[2025-11-15T03:59:44.425+0000] {manager.py:451} INFO - Exiting gracefully upon receiving signal 15
[2025-11-15T04:00:12.219+0000] {manager.py:469} INFO - Processing files using up to 2 processes at a time 
[2025-11-15T04:00:12.220+0000] {manager.py:470} INFO - Process each file at most once every 30 seconds
[2025-11-15T04:00:12.221+0000] {manager.py:471} INFO - Checking for new files in /opt/airflow/dags every 300 seconds
[2025-11-15T04:00:12.222+0000] {manager.py:738} INFO - Searching for files in /opt/airflow/dags
[2025-11-15T04:00:12.267+0000] {manager.py:741} INFO - There are 1 files in /opt/airflow/dags
[2025-11-15T04:00:12.380+0000] {manager.py:879} INFO - 
================================================================================
DAG File Processing Stats

File Path                             PID  Runtime      # DAGs    # Errors  Last Runtime    Last Run
----------------------------------  -----  ---------  --------  ----------  --------------  ----------
/opt/airflow/dags/daily_summary.py    175  0.05s             0           0
================================================================================
[2025-11-15T04:00:42.710+0000] {manager.py:879} INFO - 
================================================================================
DAG File Processing Stats

File Path                             PID  Runtime      # DAGs    # Errors  Last Runtime    Last Run
----------------------------------  -----  ---------  --------  ----------  --------------  -------------------
/opt/airflow/dags/daily_summary.py    180  0.01s             1           0  0.31s           2025-11-15T04:00:12
================================================================================
[2025-11-15T04:01:13.318+0000] {manager.py:879} INFO - 
================================================================================
DAG File Processing Stats

File Path                             PID  Runtime      # DAGs    # Errors  Last Runtime    Last Run
----------------------------------  -----  ---------  --------  ----------  --------------  -------------------
/opt/airflow/dags/daily_summary.py    185  0.01s             1           0  0.53s           2025-11-15T04:00:43
================================================================================
[2025-11-15T04:01:43.965+0000] {manager.py:879} INFO - 
================================================================================
DAG File Processing Stats

File Path                             PID  Runtime      # DAGs    # Errors  Last Runtime    Last Run
----------------------------------  -----  ---------  --------  ----------  --------------  -------------------
/opt/airflow/dags/daily_summary.py    190  0.01s             1           0  0.35s           2025-11-15T04:01:13
================================================================================
[2025-11-15T04:02:14.327+0000] {manager.py:879} INFO - 
================================================================================
DAG File Processing Stats

File Path                           PID    Runtime      # DAGs    # Errors  Last Runtime    Last Run
----------------------------------  -----  ---------  --------  ----------  --------------  -------------------
/opt/airflow/dags/daily_summary.py                           1           0  0.41s           2025-11-15T04:01:44
================================================================================
[2025-11-15T04:02:45.109+0000] {manager.py:879} INFO - 
================================================================================
DAG File Processing Stats

File Path                             PID  Runtime      # DAGs    # Errors  Last Runtime    Last Run
----------------------------------  -----  ---------  --------  ----------  --------------  -------------------
/opt/airflow/dags/daily_summary.py    200  0.01s             1           0  0.28s           2025-11-15T04:02:14
================================================================================
[2025-11-15T04:03:15.729+0000] {manager.py:879} INFO - 
================================================================================
DAG File Processing Stats

File Path                             PID  Runtime      # DAGs    # Errors  Last Runtime    Last Run
----------------------------------  -----  ---------  --------  ----------  --------------  -------------------
/opt/airflow/dags/daily_summary.py    205  0.01s             1           0  0.43s           2025-11-15T04:02:45
================================================================================
[2025-11-15T04:03:46.230+0000] {manager.py:879} INFO - 
================================================================================
DAG File Processing Stats

File Path                             PID  Runtime      # DAGs    # Errors  Last Runtime    Last Run
----------------------------------  -----  ---------  --------  ----------  --------------  -------------------
/opt/airflow/dags/daily_summary.py    210  0.01s             1           0  0.37s           2025-11-15T04:03:16
================================================================================
[2025-11-15T04:04:16.773+0000] {manager.py:879} INFO - 
================================================================================
DAG File Processing Stats

File Path                             PID  Runtime      # DAGs    # Errors  Last Runtime    Last Run
----------------------------------  -----  ---------  --------  ----------  --------------  -------------------
/opt/airflow/dags/daily_summary.py    215  0.01s             1           0  0.30s           2025-11-15T04:03:46
================================================================================
[2025-11-15T04:04:47.189+0000] {manager.py:879} INFO - 
================================================================================
DAG File Processing Stats

File Path                             PID  Runtime      # DAGs    # Errors  Last Runtime    Last Run
----------------------------------  -----  ---------  --------  ----------  --------------  -------------------
/opt/airflow/dags/daily_summary.py    220  0.01s             1           0  0.33s           2025-11-15T04:04:17
================================================================================
[2025-11-15T04:05:12.648+0000] {manager.py:738} INFO - Searching for files in /opt/airflow/dags
[2025-11-15T04:05:12.700+0000] {manager.py:741} INFO - There are 1 files in /opt/airflow/dags
[2025-11-15T04:05:17.811+0000] {manager.py:879} INFO - 
================================================================================
DAG File Processing Stats

File Path                             PID  Runtime      # DAGs    # Errors  Last Runtime    Last Run
----------------------------------  -----  ---------  --------  ----------  --------------  -------------------
/opt/airflow/dags/daily_summary.py    225  0.01s             1           0  0.33s           2025-11-15T04:04:47
================================================================================
[2025-11-15T04:05:48.114+0000] {manager.py:879} INFO - 
================================================================================
DAG File Processing Stats

File Path                           PID    Runtime      # DAGs    # Errors  Last Runtime    Last Run
----------------------------------  -----  ---------  --------  ----------  --------------  -------------------
/opt/airflow/dags/daily_summary.py                           1           0  0.34s           2025-11-15T04:05:18
================================================================================
[2025-11-15T04:06:18.137+0000] {manager.py:879} INFO - 
================================================================================
DAG File Processing Stats

File Path                           PID    Runtime      # DAGs    # Errors  Last Runtime    Last Run
----------------------------------  -----  ---------  --------  ----------  --------------  -------------------
/opt/airflow/dags/daily_summary.py                           1           0  0.38s           2025-11-15T04:05:48
================================================================================
[2025-11-15T04:06:48.434+0000] {manager.py:879} INFO - 
================================================================================
DAG File Processing Stats

File Path                           PID    Runtime      # DAGs    # Errors  Last Runtime    Last Run
----------------------------------  -----  ---------  --------  ----------  --------------  -------------------
/opt/airflow/dags/daily_summary.py                           1           0  0.33s           2025-11-15T04:06:19
================================================================================
[2025-11-15T04:07:02.475+0000] {manager.py:451} INFO - Exiting gracefully upon receiving signal 15
[2025-11-15T04:07:31.183+0000] {manager.py:469} INFO - Processing files using up to 2 processes at a time 
[2025-11-15T04:07:31.194+0000] {manager.py:470} INFO - Process each file at most once every 30 seconds
[2025-11-15T04:07:31.196+0000] {manager.py:471} INFO - Checking for new files in /opt/airflow/dags every 300 seconds
[2025-11-15T04:07:31.197+0000] {manager.py:738} INFO - Searching for files in /opt/airflow/dags
[2025-11-15T04:07:31.291+0000] {manager.py:741} INFO - There are 1 files in /opt/airflow/dags
[2025-11-15T04:07:31.441+0000] {manager.py:879} INFO - 
================================================================================
DAG File Processing Stats

File Path                             PID  Runtime      # DAGs    # Errors  Last Runtime    Last Run
----------------------------------  -----  ---------  --------  ----------  --------------  ----------
/opt/airflow/dags/daily_summary.py    175  0.06s             0           0
================================================================================
[2025-11-15T04:08:01.783+0000] {manager.py:879} INFO - 
================================================================================
DAG File Processing Stats

File Path                             PID  Runtime      # DAGs    # Errors  Last Runtime    Last Run
----------------------------------  -----  ---------  --------  ----------  --------------  -------------------
/opt/airflow/dags/daily_summary.py    180  0.01s             1           0  0.33s           2025-11-15T04:07:31
================================================================================
[2025-11-15T04:08:32.371+0000] {manager.py:879} INFO - 
================================================================================
DAG File Processing Stats

File Path                           PID    Runtime      # DAGs    # Errors  Last Runtime    Last Run
----------------------------------  -----  ---------  --------  ----------  --------------  -------------------
/opt/airflow/dags/daily_summary.py                           1           0  0.61s           2025-11-15T04:08:02
================================================================================
[2025-11-15T04:09:03.078+0000] {manager.py:879} INFO - 
================================================================================
DAG File Processing Stats

File Path                           PID    Runtime      # DAGs    # Errors  Last Runtime    Last Run
----------------------------------  -----  ---------  --------  ----------  --------------  -------------------
/opt/airflow/dags/daily_summary.py                           1           0  0.33s           2025-11-15T04:08:33
================================================================================
[2025-11-15T04:09:33.725+0000] {manager.py:879} INFO - 
================================================================================
DAG File Processing Stats

File Path                           PID    Runtime      # DAGs    # Errors  Last Runtime    Last Run
----------------------------------  -----  ---------  --------  ----------  --------------  -------------------
/opt/airflow/dags/daily_summary.py                           1           0  0.35s           2025-11-15T04:09:03
================================================================================
[2025-11-15T04:10:04.413+0000] {manager.py:879} INFO - 
================================================================================
DAG File Processing Stats

File Path                             PID  Runtime      # DAGs    # Errors  Last Runtime    Last Run
----------------------------------  -----  ---------  --------  ----------  --------------  -------------------
/opt/airflow/dags/daily_summary.py    200  0.01s             1           0  0.28s           2025-11-15T04:09:34
================================================================================
[2025-11-15T04:10:35.011+0000] {manager.py:879} INFO - 
================================================================================
DAG File Processing Stats

File Path                             PID  Runtime      # DAGs    # Errors  Last Runtime    Last Run
----------------------------------  -----  ---------  --------  ----------  --------------  -------------------
/opt/airflow/dags/daily_summary.py    205  0.01s             1           0  0.31s           2025-11-15T04:10:04
================================================================================
[2025-11-15T04:11:05.361+0000] {manager.py:879} INFO - 
================================================================================
DAG File Processing Stats

File Path                           PID    Runtime      # DAGs    # Errors  Last Runtime    Last Run
----------------------------------  -----  ---------  --------  ----------  --------------  -------------------
/opt/airflow/dags/daily_summary.py                           1           0  0.37s           2025-11-15T04:10:35
================================================================================
[2025-11-15T04:11:35.412+0000] {manager.py:879} INFO - 
================================================================================
DAG File Processing Stats

File Path                           PID    Runtime      # DAGs    # Errors  Last Runtime    Last Run
----------------------------------  -----  ---------  --------  ----------  --------------  -------------------
/opt/airflow/dags/daily_summary.py                           1           0  0.35s           2025-11-15T04:11:06
================================================================================
[2025-11-15T04:12:05.805+0000] {manager.py:879} INFO - 
================================================================================
DAG File Processing Stats

File Path                           PID    Runtime      # DAGs    # Errors  Last Runtime    Last Run
----------------------------------  -----  ---------  --------  ----------  --------------  -------------------
/opt/airflow/dags/daily_summary.py                           1           0  0.38s           2025-11-15T04:11:36
================================================================================
[2025-11-15T04:12:31.468+0000] {manager.py:738} INFO - Searching for files in /opt/airflow/dags
[2025-11-15T04:12:31.528+0000] {manager.py:741} INFO - There are 1 files in /opt/airflow/dags
[2025-11-15T04:12:35.897+0000] {manager.py:879} INFO - 
================================================================================
DAG File Processing Stats

File Path                           PID    Runtime      # DAGs    # Errors  Last Runtime    Last Run
----------------------------------  -----  ---------  --------  ----------  --------------  -------------------
/opt/airflow/dags/daily_summary.py                           1           0  0.38s           2025-11-15T04:12:07
================================================================================
[2025-11-15T04:13:06.185+0000] {manager.py:879} INFO - 
================================================================================
DAG File Processing Stats

File Path                           PID    Runtime      # DAGs    # Errors  Last Runtime    Last Run
----------------------------------  -----  ---------  --------  ----------  --------------  -------------------
/opt/airflow/dags/daily_summary.py                           1           0  0.37s           2025-11-15T04:12:38
================================================================================
[2025-11-15T04:13:27.746+0000] {manager.py:451} INFO - Exiting gracefully upon receiving signal 15
[2025-11-15T04:13:54.408+0000] {manager.py:469} INFO - Processing files using up to 2 processes at a time 
[2025-11-15T04:13:54.410+0000] {manager.py:470} INFO - Process each file at most once every 30 seconds
[2025-11-15T04:13:54.411+0000] {manager.py:471} INFO - Checking for new files in /opt/airflow/dags every 300 seconds
[2025-11-15T04:13:54.412+0000] {manager.py:738} INFO - Searching for files in /opt/airflow/dags
[2025-11-15T04:13:54.456+0000] {manager.py:741} INFO - There are 1 files in /opt/airflow/dags
[2025-11-15T04:13:54.569+0000] {manager.py:879} INFO - 
================================================================================
DAG File Processing Stats

File Path                             PID  Runtime      # DAGs    # Errors  Last Runtime    Last Run
----------------------------------  -----  ---------  --------  ----------  --------------  ----------
/opt/airflow/dags/daily_summary.py    175  0.05s             0           0
================================================================================
[2025-11-15T04:14:24.868+0000] {manager.py:879} INFO - 
================================================================================
DAG File Processing Stats

File Path                           PID    Runtime      # DAGs    # Errors  Last Runtime    Last Run
----------------------------------  -----  ---------  --------  ----------  --------------  -------------------
/opt/airflow/dags/daily_summary.py                           1           0  0.35s           2025-11-15T04:13:54
================================================================================
[2025-11-15T04:14:55.056+0000] {manager.py:879} INFO - 
================================================================================
DAG File Processing Stats

File Path                           PID    Runtime      # DAGs    # Errors  Last Runtime    Last Run
----------------------------------  -----  ---------  --------  ----------  --------------  -------------------
/opt/airflow/dags/daily_summary.py                           1           0  0.54s           2025-11-15T04:14:25
================================================================================
[2025-11-15T04:15:19.868+0000] {manager.py:451} INFO - Exiting gracefully upon receiving signal 15
[2025-11-15T04:15:47.298+0000] {manager.py:469} INFO - Processing files using up to 2 processes at a time 
[2025-11-15T04:15:47.299+0000] {manager.py:470} INFO - Process each file at most once every 30 seconds
[2025-11-15T04:15:47.299+0000] {manager.py:471} INFO - Checking for new files in /opt/airflow/dags every 300 seconds
[2025-11-15T04:15:47.300+0000] {manager.py:738} INFO - Searching for files in /opt/airflow/dags
[2025-11-15T04:15:47.344+0000] {manager.py:741} INFO - There are 1 files in /opt/airflow/dags
[2025-11-15T04:15:47.454+0000] {manager.py:879} INFO - 
================================================================================
DAG File Processing Stats

File Path                             PID  Runtime      # DAGs    # Errors  Last Runtime    Last Run
----------------------------------  -----  ---------  --------  ----------  --------------  ----------
/opt/airflow/dags/daily_summary.py    175  0.04s             0           0
================================================================================
[2025-11-15T04:16:08.864+0000] {manager.py:451} INFO - Exiting gracefully upon receiving signal 15
[2025-11-15T04:16:35.006+0000] {manager.py:469} INFO - Processing files using up to 2 processes at a time 
[2025-11-15T04:16:35.008+0000] {manager.py:470} INFO - Process each file at most once every 30 seconds
[2025-11-15T04:16:35.009+0000] {manager.py:471} INFO - Checking for new files in /opt/airflow/dags every 300 seconds
[2025-11-15T04:16:35.010+0000] {manager.py:738} INFO - Searching for files in /opt/airflow/dags
[2025-11-15T04:16:35.066+0000] {manager.py:741} INFO - There are 1 files in /opt/airflow/dags
[2025-11-15T04:16:35.217+0000] {manager.py:879} INFO - 
================================================================================
DAG File Processing Stats

File Path                             PID  Runtime      # DAGs    # Errors  Last Runtime    Last Run
----------------------------------  -----  ---------  --------  ----------  --------------  ----------
/opt/airflow/dags/daily_summary.py    175  0.05s             0           0
================================================================================
[2025-11-15T04:17:05.563+0000] {manager.py:879} INFO - 
================================================================================
DAG File Processing Stats

File Path                             PID  Runtime      # DAGs    # Errors  Last Runtime    Last Run
----------------------------------  -----  ---------  --------  ----------  --------------  -------------------
/opt/airflow/dags/daily_summary.py    180  0.01s             1           0  0.32s           2025-11-15T04:16:35
================================================================================
[2025-11-15T04:17:36.148+0000] {manager.py:879} INFO - 
================================================================================
DAG File Processing Stats

File Path                             PID  Runtime      # DAGs    # Errors  Last Runtime    Last Run
----------------------------------  -----  ---------  --------  ----------  --------------  -------------------
/opt/airflow/dags/daily_summary.py    185  0.01s             1           0  0.53s           2025-11-15T04:17:06
================================================================================
[2025-11-15T04:17:46.637+0000] {manager.py:451} INFO - Exiting gracefully upon receiving signal 15
[2025-11-15T04:18:13.681+0000] {manager.py:469} INFO - Processing files using up to 2 processes at a time 
[2025-11-15T04:18:13.682+0000] {manager.py:470} INFO - Process each file at most once every 30 seconds
[2025-11-15T04:18:13.683+0000] {manager.py:471} INFO - Checking for new files in /opt/airflow/dags every 300 seconds
[2025-11-15T04:18:13.683+0000] {manager.py:738} INFO - Searching for files in /opt/airflow/dags
[2025-11-15T04:18:13.731+0000] {manager.py:741} INFO - There are 1 files in /opt/airflow/dags
[2025-11-15T04:18:13.850+0000] {manager.py:879} INFO - 
================================================================================
DAG File Processing Stats

File Path                             PID  Runtime      # DAGs    # Errors  Last Runtime    Last Run
----------------------------------  -----  ---------  --------  ----------  --------------  ----------
/opt/airflow/dags/daily_summary.py    174  0.05s             0           0
================================================================================
[2025-11-15T04:18:38.931+0000] {manager.py:451} INFO - Exiting gracefully upon receiving signal 15
