[2025-11-14T16:53:47.512+0000] {processor.py:161} INFO - Started process (PID=175) to work on /opt/airflow/dags/daily_summary.py
[2025-11-14T16:53:47.513+0000] {processor.py:830} INFO - Processing file /opt/airflow/dags/daily_summary.py for tasks to queue
[2025-11-14T16:53:47.514+0000] {logging_mixin.py:188} INFO - [2025-11-14T16:53:47.514+0000] {dagbag.py:538} INFO - Filling up the DagBag from /opt/airflow/dags/daily_summary.py
[2025-11-14T16:53:47.635+0000] {processor.py:840} INFO - DAG(s) 'daily_summary' retrieved from /opt/airflow/dags/daily_summary.py
[2025-11-14T16:53:47.666+0000] {logging_mixin.py:188} INFO - [2025-11-14T16:53:47.666+0000] {dag.py:3036} INFO - Sync 1 DAGs
[2025-11-14T16:53:47.714+0000] {logging_mixin.py:188} INFO - [2025-11-14T16:53:47.713+0000] {dag.py:3823} INFO - Setting next_dagrun for daily_summary to 2025-11-14 00:00:00+00:00, run_after=2025-11-15 00:00:00+00:00
[2025-11-14T16:53:47.751+0000] {processor.py:183} INFO - Processing /opt/airflow/dags/daily_summary.py took 0.243 seconds
[2025-11-14T16:54:18.081+0000] {processor.py:161} INFO - Started process (PID=184) to work on /opt/airflow/dags/daily_summary.py
[2025-11-14T16:54:18.083+0000] {processor.py:830} INFO - Processing file /opt/airflow/dags/daily_summary.py for tasks to queue
[2025-11-14T16:54:18.085+0000] {logging_mixin.py:188} INFO - [2025-11-14T16:54:18.085+0000] {dagbag.py:538} INFO - Filling up the DagBag from /opt/airflow/dags/daily_summary.py
[2025-11-14T16:54:18.266+0000] {processor.py:840} INFO - DAG(s) 'daily_summary' retrieved from /opt/airflow/dags/daily_summary.py
[2025-11-14T16:54:18.562+0000] {logging_mixin.py:188} INFO - [2025-11-14T16:54:18.561+0000] {dag.py:3036} INFO - Sync 1 DAGs
[2025-11-14T16:54:18.624+0000] {logging_mixin.py:188} INFO - [2025-11-14T16:54:18.624+0000] {dag.py:3823} INFO - Setting next_dagrun for daily_summary to 2025-11-14 00:00:00+00:00, run_after=2025-11-15 00:00:00+00:00
[2025-11-14T16:54:18.671+0000] {processor.py:183} INFO - Processing /opt/airflow/dags/daily_summary.py took 0.599 seconds
[2025-11-14T16:56:55.122+0000] {processor.py:161} INFO - Started process (PID=175) to work on /opt/airflow/dags/daily_summary.py
[2025-11-14T16:56:55.123+0000] {processor.py:830} INFO - Processing file /opt/airflow/dags/daily_summary.py for tasks to queue
[2025-11-14T16:56:55.126+0000] {logging_mixin.py:188} INFO - [2025-11-14T16:56:55.125+0000] {dagbag.py:538} INFO - Filling up the DagBag from /opt/airflow/dags/daily_summary.py
[2025-11-14T16:56:55.249+0000] {processor.py:840} INFO - DAG(s) 'daily_summary' retrieved from /opt/airflow/dags/daily_summary.py
[2025-11-14T16:56:55.277+0000] {logging_mixin.py:188} INFO - [2025-11-14T16:56:55.276+0000] {dag.py:3036} INFO - Sync 1 DAGs
[2025-11-14T16:56:55.314+0000] {logging_mixin.py:188} INFO - [2025-11-14T16:56:55.313+0000] {dag.py:3823} INFO - Setting next_dagrun for daily_summary to 2025-11-14 00:00:00+00:00, run_after=2025-11-15 00:00:00+00:00
[2025-11-14T16:56:55.350+0000] {processor.py:183} INFO - Processing /opt/airflow/dags/daily_summary.py took 0.233 seconds
[2025-11-14T16:57:25.457+0000] {processor.py:161} INFO - Started process (PID=180) to work on /opt/airflow/dags/daily_summary.py
[2025-11-14T16:57:25.459+0000] {processor.py:830} INFO - Processing file /opt/airflow/dags/daily_summary.py for tasks to queue
[2025-11-14T16:57:25.461+0000] {logging_mixin.py:188} INFO - [2025-11-14T16:57:25.460+0000] {dagbag.py:538} INFO - Filling up the DagBag from /opt/airflow/dags/daily_summary.py
[2025-11-14T16:57:25.590+0000] {processor.py:840} INFO - DAG(s) 'daily_summary' retrieved from /opt/airflow/dags/daily_summary.py
[2025-11-14T16:57:25.870+0000] {logging_mixin.py:188} INFO - [2025-11-14T16:57:25.869+0000] {dag.py:3036} INFO - Sync 1 DAGs
[2025-11-14T16:57:25.896+0000] {logging_mixin.py:188} INFO - [2025-11-14T16:57:25.896+0000] {dag.py:3823} INFO - Setting next_dagrun for daily_summary to 2025-11-14 00:00:00+00:00, run_after=2025-11-15 00:00:00+00:00
[2025-11-14T16:57:25.929+0000] {processor.py:183} INFO - Processing /opt/airflow/dags/daily_summary.py took 0.479 seconds
[2025-11-14T16:57:56.327+0000] {processor.py:161} INFO - Started process (PID=185) to work on /opt/airflow/dags/daily_summary.py
[2025-11-14T16:57:56.329+0000] {processor.py:830} INFO - Processing file /opt/airflow/dags/daily_summary.py for tasks to queue
[2025-11-14T16:57:56.332+0000] {logging_mixin.py:188} INFO - [2025-11-14T16:57:56.331+0000] {dagbag.py:538} INFO - Filling up the DagBag from /opt/airflow/dags/daily_summary.py
[2025-11-14T16:57:56.475+0000] {processor.py:840} INFO - DAG(s) 'daily_summary' retrieved from /opt/airflow/dags/daily_summary.py
[2025-11-14T16:57:56.522+0000] {logging_mixin.py:188} INFO - [2025-11-14T16:57:56.522+0000] {dag.py:3036} INFO - Sync 1 DAGs
[2025-11-14T16:57:56.569+0000] {logging_mixin.py:188} INFO - [2025-11-14T16:57:56.569+0000] {dag.py:3823} INFO - Setting next_dagrun for daily_summary to 2025-11-14 00:00:00+00:00, run_after=2025-11-15 00:00:00+00:00
[2025-11-14T16:57:56.609+0000] {processor.py:183} INFO - Processing /opt/airflow/dags/daily_summary.py took 0.293 seconds
[2025-11-14T16:58:27.044+0000] {processor.py:161} INFO - Started process (PID=190) to work on /opt/airflow/dags/daily_summary.py
[2025-11-14T16:58:27.046+0000] {processor.py:830} INFO - Processing file /opt/airflow/dags/daily_summary.py for tasks to queue
[2025-11-14T16:58:27.048+0000] {logging_mixin.py:188} INFO - [2025-11-14T16:58:27.048+0000] {dagbag.py:538} INFO - Filling up the DagBag from /opt/airflow/dags/daily_summary.py
[2025-11-14T16:58:27.174+0000] {processor.py:840} INFO - DAG(s) 'daily_summary' retrieved from /opt/airflow/dags/daily_summary.py
[2025-11-14T16:58:27.233+0000] {logging_mixin.py:188} INFO - [2025-11-14T16:58:27.233+0000] {dag.py:3036} INFO - Sync 1 DAGs
[2025-11-14T16:58:27.284+0000] {logging_mixin.py:188} INFO - [2025-11-14T16:58:27.283+0000] {dag.py:3823} INFO - Setting next_dagrun for daily_summary to 2025-11-14 00:00:00+00:00, run_after=2025-11-15 00:00:00+00:00
[2025-11-14T16:58:27.320+0000] {processor.py:183} INFO - Processing /opt/airflow/dags/daily_summary.py took 0.283 seconds
[2025-11-14T16:58:57.758+0000] {processor.py:161} INFO - Started process (PID=195) to work on /opt/airflow/dags/daily_summary.py
[2025-11-14T16:58:57.761+0000] {processor.py:830} INFO - Processing file /opt/airflow/dags/daily_summary.py for tasks to queue
[2025-11-14T16:58:57.762+0000] {logging_mixin.py:188} INFO - [2025-11-14T16:58:57.762+0000] {dagbag.py:538} INFO - Filling up the DagBag from /opt/airflow/dags/daily_summary.py
[2025-11-14T16:58:57.924+0000] {processor.py:840} INFO - DAG(s) 'daily_summary' retrieved from /opt/airflow/dags/daily_summary.py
[2025-11-14T16:58:57.953+0000] {logging_mixin.py:188} INFO - [2025-11-14T16:58:57.953+0000] {dag.py:3036} INFO - Sync 1 DAGs
[2025-11-14T16:58:57.976+0000] {logging_mixin.py:188} INFO - [2025-11-14T16:58:57.976+0000] {dag.py:3823} INFO - Setting next_dagrun for daily_summary to 2025-11-14 00:00:00+00:00, run_after=2025-11-15 00:00:00+00:00
[2025-11-14T16:58:58.003+0000] {processor.py:183} INFO - Processing /opt/airflow/dags/daily_summary.py took 0.253 seconds
[2025-11-14T16:59:28.441+0000] {processor.py:161} INFO - Started process (PID=200) to work on /opt/airflow/dags/daily_summary.py
[2025-11-14T16:59:28.444+0000] {processor.py:830} INFO - Processing file /opt/airflow/dags/daily_summary.py for tasks to queue
[2025-11-14T16:59:28.446+0000] {logging_mixin.py:188} INFO - [2025-11-14T16:59:28.446+0000] {dagbag.py:538} INFO - Filling up the DagBag from /opt/airflow/dags/daily_summary.py
[2025-11-14T16:59:28.588+0000] {processor.py:840} INFO - DAG(s) 'daily_summary' retrieved from /opt/airflow/dags/daily_summary.py
[2025-11-14T16:59:28.641+0000] {logging_mixin.py:188} INFO - [2025-11-14T16:59:28.641+0000] {dag.py:3036} INFO - Sync 1 DAGs
[2025-11-14T16:59:28.689+0000] {logging_mixin.py:188} INFO - [2025-11-14T16:59:28.689+0000] {dag.py:3823} INFO - Setting next_dagrun for daily_summary to 2025-11-14 00:00:00+00:00, run_after=2025-11-15 00:00:00+00:00
[2025-11-14T16:59:28.737+0000] {processor.py:183} INFO - Processing /opt/airflow/dags/daily_summary.py took 0.304 seconds
[2025-11-14T16:59:59.154+0000] {processor.py:161} INFO - Started process (PID=205) to work on /opt/airflow/dags/daily_summary.py
[2025-11-14T16:59:59.157+0000] {processor.py:830} INFO - Processing file /opt/airflow/dags/daily_summary.py for tasks to queue
[2025-11-14T16:59:59.160+0000] {logging_mixin.py:188} INFO - [2025-11-14T16:59:59.160+0000] {dagbag.py:538} INFO - Filling up the DagBag from /opt/airflow/dags/daily_summary.py
[2025-11-14T16:59:59.306+0000] {processor.py:840} INFO - DAG(s) 'daily_summary' retrieved from /opt/airflow/dags/daily_summary.py
[2025-11-14T16:59:59.358+0000] {logging_mixin.py:188} INFO - [2025-11-14T16:59:59.357+0000] {dag.py:3036} INFO - Sync 1 DAGs
[2025-11-14T16:59:59.389+0000] {logging_mixin.py:188} INFO - [2025-11-14T16:59:59.389+0000] {dag.py:3823} INFO - Setting next_dagrun for daily_summary to 2025-11-14 00:00:00+00:00, run_after=2025-11-15 00:00:00+00:00
[2025-11-14T16:59:59.418+0000] {processor.py:183} INFO - Processing /opt/airflow/dags/daily_summary.py took 0.272 seconds
[2025-11-14T17:00:29.526+0000] {processor.py:161} INFO - Started process (PID=210) to work on /opt/airflow/dags/daily_summary.py
[2025-11-14T17:00:29.529+0000] {processor.py:830} INFO - Processing file /opt/airflow/dags/daily_summary.py for tasks to queue
[2025-11-14T17:00:29.531+0000] {logging_mixin.py:188} INFO - [2025-11-14T17:00:29.530+0000] {dagbag.py:538} INFO - Filling up the DagBag from /opt/airflow/dags/daily_summary.py
[2025-11-14T17:00:29.667+0000] {processor.py:840} INFO - DAG(s) 'daily_summary' retrieved from /opt/airflow/dags/daily_summary.py
[2025-11-14T17:00:29.709+0000] {logging_mixin.py:188} INFO - [2025-11-14T17:00:29.708+0000] {dag.py:3036} INFO - Sync 1 DAGs
[2025-11-14T17:00:29.747+0000] {logging_mixin.py:188} INFO - [2025-11-14T17:00:29.746+0000] {dag.py:3823} INFO - Setting next_dagrun for daily_summary to 2025-11-14 00:00:00+00:00, run_after=2025-11-15 00:00:00+00:00
[2025-11-14T17:00:29.823+0000] {processor.py:183} INFO - Processing /opt/airflow/dags/daily_summary.py took 0.306 seconds
[2025-11-14T17:01:00.139+0000] {processor.py:161} INFO - Started process (PID=215) to work on /opt/airflow/dags/daily_summary.py
[2025-11-14T17:01:00.142+0000] {processor.py:830} INFO - Processing file /opt/airflow/dags/daily_summary.py for tasks to queue
[2025-11-14T17:01:00.144+0000] {logging_mixin.py:188} INFO - [2025-11-14T17:01:00.144+0000] {dagbag.py:538} INFO - Filling up the DagBag from /opt/airflow/dags/daily_summary.py
[2025-11-14T17:01:00.275+0000] {processor.py:840} INFO - DAG(s) 'daily_summary' retrieved from /opt/airflow/dags/daily_summary.py
[2025-11-14T17:01:00.301+0000] {logging_mixin.py:188} INFO - [2025-11-14T17:01:00.301+0000] {dag.py:3036} INFO - Sync 1 DAGs
[2025-11-14T17:01:00.326+0000] {logging_mixin.py:188} INFO - [2025-11-14T17:01:00.326+0000] {dag.py:3823} INFO - Setting next_dagrun for daily_summary to 2025-11-14 00:00:00+00:00, run_after=2025-11-15 00:00:00+00:00
[2025-11-14T17:01:00.365+0000] {processor.py:183} INFO - Processing /opt/airflow/dags/daily_summary.py took 0.231 seconds
[2025-11-14T17:01:30.484+0000] {processor.py:161} INFO - Started process (PID=220) to work on /opt/airflow/dags/daily_summary.py
[2025-11-14T17:01:30.486+0000] {processor.py:830} INFO - Processing file /opt/airflow/dags/daily_summary.py for tasks to queue
[2025-11-14T17:01:30.487+0000] {logging_mixin.py:188} INFO - [2025-11-14T17:01:30.487+0000] {dagbag.py:538} INFO - Filling up the DagBag from /opt/airflow/dags/daily_summary.py
[2025-11-14T17:01:30.607+0000] {processor.py:840} INFO - DAG(s) 'daily_summary' retrieved from /opt/airflow/dags/daily_summary.py
[2025-11-14T17:01:30.639+0000] {logging_mixin.py:188} INFO - [2025-11-14T17:01:30.639+0000] {dag.py:3036} INFO - Sync 1 DAGs
[2025-11-14T17:01:30.665+0000] {logging_mixin.py:188} INFO - [2025-11-14T17:01:30.665+0000] {dag.py:3823} INFO - Setting next_dagrun for daily_summary to 2025-11-14 00:00:00+00:00, run_after=2025-11-15 00:00:00+00:00
[2025-11-14T17:01:30.689+0000] {processor.py:183} INFO - Processing /opt/airflow/dags/daily_summary.py took 0.210 seconds
[2025-11-14T17:02:01.168+0000] {processor.py:161} INFO - Started process (PID=225) to work on /opt/airflow/dags/daily_summary.py
[2025-11-14T17:02:01.171+0000] {processor.py:830} INFO - Processing file /opt/airflow/dags/daily_summary.py for tasks to queue
[2025-11-14T17:02:01.173+0000] {logging_mixin.py:188} INFO - [2025-11-14T17:02:01.173+0000] {dagbag.py:538} INFO - Filling up the DagBag from /opt/airflow/dags/daily_summary.py
[2025-11-14T17:02:01.302+0000] {processor.py:840} INFO - DAG(s) 'daily_summary' retrieved from /opt/airflow/dags/daily_summary.py
[2025-11-14T17:02:01.332+0000] {logging_mixin.py:188} INFO - [2025-11-14T17:02:01.332+0000] {dag.py:3036} INFO - Sync 1 DAGs
[2025-11-14T17:02:01.355+0000] {logging_mixin.py:188} INFO - [2025-11-14T17:02:01.355+0000] {dag.py:3823} INFO - Setting next_dagrun for daily_summary to 2025-11-14 00:00:00+00:00, run_after=2025-11-15 00:00:00+00:00
[2025-11-14T17:02:01.389+0000] {processor.py:183} INFO - Processing /opt/airflow/dags/daily_summary.py took 0.227 seconds
[2025-11-14T17:02:31.596+0000] {processor.py:161} INFO - Started process (PID=230) to work on /opt/airflow/dags/daily_summary.py
[2025-11-14T17:02:31.599+0000] {processor.py:830} INFO - Processing file /opt/airflow/dags/daily_summary.py for tasks to queue
[2025-11-14T17:02:31.602+0000] {logging_mixin.py:188} INFO - [2025-11-14T17:02:31.601+0000] {dagbag.py:538} INFO - Filling up the DagBag from /opt/airflow/dags/daily_summary.py
[2025-11-14T17:02:31.730+0000] {processor.py:840} INFO - DAG(s) 'daily_summary' retrieved from /opt/airflow/dags/daily_summary.py
[2025-11-14T17:02:31.757+0000] {logging_mixin.py:188} INFO - [2025-11-14T17:02:31.757+0000] {dag.py:3036} INFO - Sync 1 DAGs
[2025-11-14T17:02:31.786+0000] {logging_mixin.py:188} INFO - [2025-11-14T17:02:31.786+0000] {dag.py:3823} INFO - Setting next_dagrun for daily_summary to 2025-11-14 00:00:00+00:00, run_after=2025-11-15 00:00:00+00:00
[2025-11-14T17:02:31.823+0000] {processor.py:183} INFO - Processing /opt/airflow/dags/daily_summary.py took 0.234 seconds
[2025-11-14T17:03:02.138+0000] {processor.py:161} INFO - Started process (PID=235) to work on /opt/airflow/dags/daily_summary.py
[2025-11-14T17:03:02.139+0000] {processor.py:830} INFO - Processing file /opt/airflow/dags/daily_summary.py for tasks to queue
[2025-11-14T17:03:02.141+0000] {logging_mixin.py:188} INFO - [2025-11-14T17:03:02.140+0000] {dagbag.py:538} INFO - Filling up the DagBag from /opt/airflow/dags/daily_summary.py
[2025-11-14T17:03:02.273+0000] {processor.py:840} INFO - DAG(s) 'daily_summary' retrieved from /opt/airflow/dags/daily_summary.py
[2025-11-14T17:03:02.317+0000] {logging_mixin.py:188} INFO - [2025-11-14T17:03:02.317+0000] {dag.py:3036} INFO - Sync 1 DAGs
[2025-11-14T17:03:02.362+0000] {logging_mixin.py:188} INFO - [2025-11-14T17:03:02.361+0000] {dag.py:3823} INFO - Setting next_dagrun for daily_summary to 2025-11-14 00:00:00+00:00, run_after=2025-11-15 00:00:00+00:00
[2025-11-14T17:03:02.399+0000] {processor.py:183} INFO - Processing /opt/airflow/dags/daily_summary.py took 0.266 seconds
[2025-11-14T17:03:32.560+0000] {processor.py:161} INFO - Started process (PID=240) to work on /opt/airflow/dags/daily_summary.py
[2025-11-14T17:03:32.562+0000] {processor.py:830} INFO - Processing file /opt/airflow/dags/daily_summary.py for tasks to queue
[2025-11-14T17:03:32.564+0000] {logging_mixin.py:188} INFO - [2025-11-14T17:03:32.563+0000] {dagbag.py:538} INFO - Filling up the DagBag from /opt/airflow/dags/daily_summary.py
[2025-11-14T17:03:32.656+0000] {processor.py:840} INFO - DAG(s) 'daily_summary' retrieved from /opt/airflow/dags/daily_summary.py
[2025-11-14T17:03:32.686+0000] {logging_mixin.py:188} INFO - [2025-11-14T17:03:32.686+0000] {dag.py:3036} INFO - Sync 1 DAGs
[2025-11-14T17:03:32.711+0000] {logging_mixin.py:188} INFO - [2025-11-14T17:03:32.711+0000] {dag.py:3823} INFO - Setting next_dagrun for daily_summary to 2025-11-14 00:00:00+00:00, run_after=2025-11-15 00:00:00+00:00
[2025-11-14T17:03:32.741+0000] {processor.py:183} INFO - Processing /opt/airflow/dags/daily_summary.py took 0.186 seconds
[2025-11-14T17:04:02.963+0000] {processor.py:161} INFO - Started process (PID=245) to work on /opt/airflow/dags/daily_summary.py
[2025-11-14T17:04:02.965+0000] {processor.py:830} INFO - Processing file /opt/airflow/dags/daily_summary.py for tasks to queue
[2025-11-14T17:04:02.967+0000] {logging_mixin.py:188} INFO - [2025-11-14T17:04:02.967+0000] {dagbag.py:538} INFO - Filling up the DagBag from /opt/airflow/dags/daily_summary.py
[2025-11-14T17:04:03.066+0000] {processor.py:840} INFO - DAG(s) 'daily_summary' retrieved from /opt/airflow/dags/daily_summary.py
[2025-11-14T17:04:03.097+0000] {logging_mixin.py:188} INFO - [2025-11-14T17:04:03.096+0000] {dag.py:3036} INFO - Sync 1 DAGs
[2025-11-14T17:04:03.121+0000] {logging_mixin.py:188} INFO - [2025-11-14T17:04:03.121+0000] {dag.py:3823} INFO - Setting next_dagrun for daily_summary to 2025-11-14 00:00:00+00:00, run_after=2025-11-15 00:00:00+00:00
[2025-11-14T17:04:03.154+0000] {processor.py:183} INFO - Processing /opt/airflow/dags/daily_summary.py took 0.198 seconds
[2025-11-14T17:04:33.458+0000] {processor.py:161} INFO - Started process (PID=250) to work on /opt/airflow/dags/daily_summary.py
[2025-11-14T17:04:33.459+0000] {processor.py:830} INFO - Processing file /opt/airflow/dags/daily_summary.py for tasks to queue
[2025-11-14T17:04:33.461+0000] {logging_mixin.py:188} INFO - [2025-11-14T17:04:33.461+0000] {dagbag.py:538} INFO - Filling up the DagBag from /opt/airflow/dags/daily_summary.py
[2025-11-14T17:04:33.553+0000] {processor.py:840} INFO - DAG(s) 'daily_summary' retrieved from /opt/airflow/dags/daily_summary.py
[2025-11-14T17:04:33.584+0000] {logging_mixin.py:188} INFO - [2025-11-14T17:04:33.583+0000] {dag.py:3036} INFO - Sync 1 DAGs
[2025-11-14T17:04:33.611+0000] {logging_mixin.py:188} INFO - [2025-11-14T17:04:33.610+0000] {dag.py:3823} INFO - Setting next_dagrun for daily_summary to 2025-11-14 00:00:00+00:00, run_after=2025-11-15 00:00:00+00:00
[2025-11-14T17:04:33.644+0000] {processor.py:183} INFO - Processing /opt/airflow/dags/daily_summary.py took 0.190 seconds
[2025-11-14T17:05:03.913+0000] {processor.py:161} INFO - Started process (PID=255) to work on /opt/airflow/dags/daily_summary.py
[2025-11-14T17:05:03.915+0000] {processor.py:830} INFO - Processing file /opt/airflow/dags/daily_summary.py for tasks to queue
[2025-11-14T17:05:03.916+0000] {logging_mixin.py:188} INFO - [2025-11-14T17:05:03.916+0000] {dagbag.py:538} INFO - Filling up the DagBag from /opt/airflow/dags/daily_summary.py
[2025-11-14T17:05:04.009+0000] {processor.py:840} INFO - DAG(s) 'daily_summary' retrieved from /opt/airflow/dags/daily_summary.py
[2025-11-14T17:05:04.039+0000] {logging_mixin.py:188} INFO - [2025-11-14T17:05:04.038+0000] {dag.py:3036} INFO - Sync 1 DAGs
[2025-11-14T17:05:04.064+0000] {logging_mixin.py:188} INFO - [2025-11-14T17:05:04.064+0000] {dag.py:3823} INFO - Setting next_dagrun for daily_summary to 2025-11-14 00:00:00+00:00, run_after=2025-11-15 00:00:00+00:00
[2025-11-14T17:05:04.112+0000] {processor.py:183} INFO - Processing /opt/airflow/dags/daily_summary.py took 0.206 seconds
[2025-11-14T17:05:34.387+0000] {processor.py:161} INFO - Started process (PID=260) to work on /opt/airflow/dags/daily_summary.py
[2025-11-14T17:05:34.390+0000] {processor.py:830} INFO - Processing file /opt/airflow/dags/daily_summary.py for tasks to queue
[2025-11-14T17:05:34.393+0000] {logging_mixin.py:188} INFO - [2025-11-14T17:05:34.392+0000] {dagbag.py:538} INFO - Filling up the DagBag from /opt/airflow/dags/daily_summary.py
[2025-11-14T17:05:34.544+0000] {processor.py:840} INFO - DAG(s) 'daily_summary' retrieved from /opt/airflow/dags/daily_summary.py
[2025-11-14T17:05:34.602+0000] {logging_mixin.py:188} INFO - [2025-11-14T17:05:34.601+0000] {dag.py:3036} INFO - Sync 1 DAGs
[2025-11-14T17:05:34.638+0000] {logging_mixin.py:188} INFO - [2025-11-14T17:05:34.637+0000] {dag.py:3823} INFO - Setting next_dagrun for daily_summary to 2025-11-14 00:00:00+00:00, run_after=2025-11-15 00:00:00+00:00
[2025-11-14T17:05:34.682+0000] {processor.py:183} INFO - Processing /opt/airflow/dags/daily_summary.py took 0.302 seconds
[2025-11-14T17:06:04.887+0000] {processor.py:161} INFO - Started process (PID=265) to work on /opt/airflow/dags/daily_summary.py
[2025-11-14T17:06:04.889+0000] {processor.py:830} INFO - Processing file /opt/airflow/dags/daily_summary.py for tasks to queue
[2025-11-14T17:06:04.891+0000] {logging_mixin.py:188} INFO - [2025-11-14T17:06:04.891+0000] {dagbag.py:538} INFO - Filling up the DagBag from /opt/airflow/dags/daily_summary.py
[2025-11-14T17:06:05.003+0000] {processor.py:840} INFO - DAG(s) 'daily_summary' retrieved from /opt/airflow/dags/daily_summary.py
[2025-11-14T17:06:05.039+0000] {logging_mixin.py:188} INFO - [2025-11-14T17:06:05.038+0000] {dag.py:3036} INFO - Sync 1 DAGs
[2025-11-14T17:06:05.066+0000] {logging_mixin.py:188} INFO - [2025-11-14T17:06:05.066+0000] {dag.py:3823} INFO - Setting next_dagrun for daily_summary to 2025-11-14 00:00:00+00:00, run_after=2025-11-15 00:00:00+00:00
[2025-11-14T17:06:05.096+0000] {processor.py:183} INFO - Processing /opt/airflow/dags/daily_summary.py took 0.215 seconds
[2025-11-14T17:06:35.495+0000] {processor.py:161} INFO - Started process (PID=270) to work on /opt/airflow/dags/daily_summary.py
[2025-11-14T17:06:35.498+0000] {processor.py:830} INFO - Processing file /opt/airflow/dags/daily_summary.py for tasks to queue
[2025-11-14T17:06:35.500+0000] {logging_mixin.py:188} INFO - [2025-11-14T17:06:35.499+0000] {dagbag.py:538} INFO - Filling up the DagBag from /opt/airflow/dags/daily_summary.py
[2025-11-14T17:06:35.629+0000] {processor.py:840} INFO - DAG(s) 'daily_summary' retrieved from /opt/airflow/dags/daily_summary.py
[2025-11-14T17:06:35.666+0000] {logging_mixin.py:188} INFO - [2025-11-14T17:06:35.666+0000] {dag.py:3036} INFO - Sync 1 DAGs
[2025-11-14T17:06:35.704+0000] {logging_mixin.py:188} INFO - [2025-11-14T17:06:35.703+0000] {dag.py:3823} INFO - Setting next_dagrun for daily_summary to 2025-11-14 00:00:00+00:00, run_after=2025-11-15 00:00:00+00:00
[2025-11-14T17:06:35.763+0000] {processor.py:183} INFO - Processing /opt/airflow/dags/daily_summary.py took 0.273 seconds
[2025-11-14T17:07:05.874+0000] {processor.py:161} INFO - Started process (PID=275) to work on /opt/airflow/dags/daily_summary.py
[2025-11-14T17:07:05.876+0000] {processor.py:830} INFO - Processing file /opt/airflow/dags/daily_summary.py for tasks to queue
[2025-11-14T17:07:05.878+0000] {logging_mixin.py:188} INFO - [2025-11-14T17:07:05.877+0000] {dagbag.py:538} INFO - Filling up the DagBag from /opt/airflow/dags/daily_summary.py
[2025-11-14T17:07:06.018+0000] {processor.py:840} INFO - DAG(s) 'daily_summary' retrieved from /opt/airflow/dags/daily_summary.py
[2025-11-14T17:07:06.058+0000] {logging_mixin.py:188} INFO - [2025-11-14T17:07:06.058+0000] {dag.py:3036} INFO - Sync 1 DAGs
[2025-11-14T17:07:06.090+0000] {logging_mixin.py:188} INFO - [2025-11-14T17:07:06.089+0000] {dag.py:3823} INFO - Setting next_dagrun for daily_summary to 2025-11-14 00:00:00+00:00, run_after=2025-11-15 00:00:00+00:00
[2025-11-14T17:07:06.137+0000] {processor.py:183} INFO - Processing /opt/airflow/dags/daily_summary.py took 0.267 seconds
[2025-11-14T17:07:36.263+0000] {processor.py:161} INFO - Started process (PID=280) to work on /opt/airflow/dags/daily_summary.py
[2025-11-14T17:07:36.265+0000] {processor.py:830} INFO - Processing file /opt/airflow/dags/daily_summary.py for tasks to queue
[2025-11-14T17:07:36.267+0000] {logging_mixin.py:188} INFO - [2025-11-14T17:07:36.267+0000] {dagbag.py:538} INFO - Filling up the DagBag from /opt/airflow/dags/daily_summary.py
[2025-11-14T17:07:36.385+0000] {processor.py:840} INFO - DAG(s) 'daily_summary' retrieved from /opt/airflow/dags/daily_summary.py
[2025-11-14T17:07:36.421+0000] {logging_mixin.py:188} INFO - [2025-11-14T17:07:36.421+0000] {dag.py:3036} INFO - Sync 1 DAGs
[2025-11-14T17:07:36.472+0000] {logging_mixin.py:188} INFO - [2025-11-14T17:07:36.471+0000] {dag.py:3823} INFO - Setting next_dagrun for daily_summary to 2025-11-14 00:00:00+00:00, run_after=2025-11-15 00:00:00+00:00
[2025-11-14T17:07:36.527+0000] {processor.py:183} INFO - Processing /opt/airflow/dags/daily_summary.py took 0.270 seconds
[2025-11-14T17:08:06.956+0000] {processor.py:161} INFO - Started process (PID=285) to work on /opt/airflow/dags/daily_summary.py
[2025-11-14T17:08:06.958+0000] {processor.py:830} INFO - Processing file /opt/airflow/dags/daily_summary.py for tasks to queue
[2025-11-14T17:08:06.960+0000] {logging_mixin.py:188} INFO - [2025-11-14T17:08:06.959+0000] {dagbag.py:538} INFO - Filling up the DagBag from /opt/airflow/dags/daily_summary.py
[2025-11-14T17:08:07.113+0000] {processor.py:840} INFO - DAG(s) 'daily_summary' retrieved from /opt/airflow/dags/daily_summary.py
[2025-11-14T17:08:07.151+0000] {logging_mixin.py:188} INFO - [2025-11-14T17:08:07.150+0000] {dag.py:3036} INFO - Sync 1 DAGs
[2025-11-14T17:08:07.173+0000] {logging_mixin.py:188} INFO - [2025-11-14T17:08:07.173+0000] {dag.py:3823} INFO - Setting next_dagrun for daily_summary to 2025-11-14 00:00:00+00:00, run_after=2025-11-15 00:00:00+00:00
[2025-11-14T17:08:07.207+0000] {processor.py:183} INFO - Processing /opt/airflow/dags/daily_summary.py took 0.256 seconds
[2025-11-14T17:08:37.337+0000] {processor.py:161} INFO - Started process (PID=290) to work on /opt/airflow/dags/daily_summary.py
[2025-11-14T17:08:37.341+0000] {processor.py:830} INFO - Processing file /opt/airflow/dags/daily_summary.py for tasks to queue
[2025-11-14T17:08:37.343+0000] {logging_mixin.py:188} INFO - [2025-11-14T17:08:37.343+0000] {dagbag.py:538} INFO - Filling up the DagBag from /opt/airflow/dags/daily_summary.py
[2025-11-14T17:08:37.494+0000] {processor.py:840} INFO - DAG(s) 'daily_summary' retrieved from /opt/airflow/dags/daily_summary.py
[2025-11-14T17:08:37.532+0000] {logging_mixin.py:188} INFO - [2025-11-14T17:08:37.531+0000] {dag.py:3036} INFO - Sync 1 DAGs
[2025-11-14T17:08:37.560+0000] {logging_mixin.py:188} INFO - [2025-11-14T17:08:37.560+0000] {dag.py:3823} INFO - Setting next_dagrun for daily_summary to 2025-11-14 00:00:00+00:00, run_after=2025-11-15 00:00:00+00:00
[2025-11-14T17:08:37.592+0000] {processor.py:183} INFO - Processing /opt/airflow/dags/daily_summary.py took 0.264 seconds
[2025-11-14T17:09:08.010+0000] {processor.py:161} INFO - Started process (PID=295) to work on /opt/airflow/dags/daily_summary.py
[2025-11-14T17:09:08.012+0000] {processor.py:830} INFO - Processing file /opt/airflow/dags/daily_summary.py for tasks to queue
[2025-11-14T17:09:08.015+0000] {logging_mixin.py:188} INFO - [2025-11-14T17:09:08.014+0000] {dagbag.py:538} INFO - Filling up the DagBag from /opt/airflow/dags/daily_summary.py
[2025-11-14T17:09:08.146+0000] {processor.py:840} INFO - DAG(s) 'daily_summary' retrieved from /opt/airflow/dags/daily_summary.py
[2025-11-14T17:09:08.183+0000] {logging_mixin.py:188} INFO - [2025-11-14T17:09:08.183+0000] {dag.py:3036} INFO - Sync 1 DAGs
[2025-11-14T17:09:08.216+0000] {logging_mixin.py:188} INFO - [2025-11-14T17:09:08.216+0000] {dag.py:3823} INFO - Setting next_dagrun for daily_summary to 2025-11-14 00:00:00+00:00, run_after=2025-11-15 00:00:00+00:00
[2025-11-14T17:09:08.267+0000] {processor.py:183} INFO - Processing /opt/airflow/dags/daily_summary.py took 0.262 seconds
[2025-11-14T17:09:38.345+0000] {processor.py:161} INFO - Started process (PID=300) to work on /opt/airflow/dags/daily_summary.py
[2025-11-14T17:09:38.347+0000] {processor.py:830} INFO - Processing file /opt/airflow/dags/daily_summary.py for tasks to queue
[2025-11-14T17:09:38.349+0000] {logging_mixin.py:188} INFO - [2025-11-14T17:09:38.348+0000] {dagbag.py:538} INFO - Filling up the DagBag from /opt/airflow/dags/daily_summary.py
[2025-11-14T17:09:38.455+0000] {processor.py:840} INFO - DAG(s) 'daily_summary' retrieved from /opt/airflow/dags/daily_summary.py
[2025-11-14T17:09:38.491+0000] {logging_mixin.py:188} INFO - [2025-11-14T17:09:38.491+0000] {dag.py:3036} INFO - Sync 1 DAGs
[2025-11-14T17:09:38.528+0000] {logging_mixin.py:188} INFO - [2025-11-14T17:09:38.528+0000] {dag.py:3823} INFO - Setting next_dagrun for daily_summary to 2025-11-14 00:00:00+00:00, run_after=2025-11-15 00:00:00+00:00
[2025-11-14T17:09:38.568+0000] {processor.py:183} INFO - Processing /opt/airflow/dags/daily_summary.py took 0.228 seconds
[2025-11-14T17:10:08.714+0000] {processor.py:161} INFO - Started process (PID=305) to work on /opt/airflow/dags/daily_summary.py
[2025-11-14T17:10:08.715+0000] {processor.py:830} INFO - Processing file /opt/airflow/dags/daily_summary.py for tasks to queue
[2025-11-14T17:10:08.717+0000] {logging_mixin.py:188} INFO - [2025-11-14T17:10:08.716+0000] {dagbag.py:538} INFO - Filling up the DagBag from /opt/airflow/dags/daily_summary.py
[2025-11-14T17:10:08.833+0000] {processor.py:840} INFO - DAG(s) 'daily_summary' retrieved from /opt/airflow/dags/daily_summary.py
[2025-11-14T17:10:08.867+0000] {logging_mixin.py:188} INFO - [2025-11-14T17:10:08.867+0000] {dag.py:3036} INFO - Sync 1 DAGs
[2025-11-14T17:10:08.896+0000] {logging_mixin.py:188} INFO - [2025-11-14T17:10:08.895+0000] {dag.py:3823} INFO - Setting next_dagrun for daily_summary to 2025-11-14 00:00:00+00:00, run_after=2025-11-15 00:00:00+00:00
[2025-11-14T17:10:08.923+0000] {processor.py:183} INFO - Processing /opt/airflow/dags/daily_summary.py took 0.215 seconds
[2025-11-14T17:10:39.308+0000] {processor.py:161} INFO - Started process (PID=310) to work on /opt/airflow/dags/daily_summary.py
[2025-11-14T17:10:39.310+0000] {processor.py:830} INFO - Processing file /opt/airflow/dags/daily_summary.py for tasks to queue
[2025-11-14T17:10:39.313+0000] {logging_mixin.py:188} INFO - [2025-11-14T17:10:39.312+0000] {dagbag.py:538} INFO - Filling up the DagBag from /opt/airflow/dags/daily_summary.py
[2025-11-14T17:10:39.444+0000] {processor.py:840} INFO - DAG(s) 'daily_summary' retrieved from /opt/airflow/dags/daily_summary.py
[2025-11-14T17:10:39.483+0000] {logging_mixin.py:188} INFO - [2025-11-14T17:10:39.483+0000] {dag.py:3036} INFO - Sync 1 DAGs
[2025-11-14T17:10:39.510+0000] {logging_mixin.py:188} INFO - [2025-11-14T17:10:39.509+0000] {dag.py:3823} INFO - Setting next_dagrun for daily_summary to 2025-11-14 00:00:00+00:00, run_after=2025-11-15 00:00:00+00:00
[2025-11-14T17:10:39.553+0000] {processor.py:183} INFO - Processing /opt/airflow/dags/daily_summary.py took 0.253 seconds
[2025-11-14T17:11:09.875+0000] {processor.py:161} INFO - Started process (PID=315) to work on /opt/airflow/dags/daily_summary.py
[2025-11-14T17:11:09.877+0000] {processor.py:830} INFO - Processing file /opt/airflow/dags/daily_summary.py for tasks to queue
[2025-11-14T17:11:09.878+0000] {logging_mixin.py:188} INFO - [2025-11-14T17:11:09.878+0000] {dagbag.py:538} INFO - Filling up the DagBag from /opt/airflow/dags/daily_summary.py
[2025-11-14T17:11:09.971+0000] {processor.py:840} INFO - DAG(s) 'daily_summary' retrieved from /opt/airflow/dags/daily_summary.py
[2025-11-14T17:11:10.002+0000] {logging_mixin.py:188} INFO - [2025-11-14T17:11:10.002+0000] {dag.py:3036} INFO - Sync 1 DAGs
[2025-11-14T17:11:10.045+0000] {logging_mixin.py:188} INFO - [2025-11-14T17:11:10.045+0000] {dag.py:3823} INFO - Setting next_dagrun for daily_summary to 2025-11-14 00:00:00+00:00, run_after=2025-11-15 00:00:00+00:00
[2025-11-14T17:11:10.100+0000] {processor.py:183} INFO - Processing /opt/airflow/dags/daily_summary.py took 0.229 seconds
[2025-11-14T17:11:40.298+0000] {processor.py:161} INFO - Started process (PID=320) to work on /opt/airflow/dags/daily_summary.py
[2025-11-14T17:11:40.301+0000] {processor.py:830} INFO - Processing file /opt/airflow/dags/daily_summary.py for tasks to queue
[2025-11-14T17:11:40.303+0000] {logging_mixin.py:188} INFO - [2025-11-14T17:11:40.302+0000] {dagbag.py:538} INFO - Filling up the DagBag from /opt/airflow/dags/daily_summary.py
[2025-11-14T17:11:40.416+0000] {processor.py:840} INFO - DAG(s) 'daily_summary' retrieved from /opt/airflow/dags/daily_summary.py
[2025-11-14T17:11:40.446+0000] {logging_mixin.py:188} INFO - [2025-11-14T17:11:40.446+0000] {dag.py:3036} INFO - Sync 1 DAGs
[2025-11-14T17:11:40.471+0000] {logging_mixin.py:188} INFO - [2025-11-14T17:11:40.471+0000] {dag.py:3823} INFO - Setting next_dagrun for daily_summary to 2025-11-14 00:00:00+00:00, run_after=2025-11-15 00:00:00+00:00
[2025-11-14T17:11:40.512+0000] {processor.py:183} INFO - Processing /opt/airflow/dags/daily_summary.py took 0.222 seconds
[2025-11-14T17:12:10.987+0000] {processor.py:161} INFO - Started process (PID=325) to work on /opt/airflow/dags/daily_summary.py
[2025-11-14T17:12:10.990+0000] {processor.py:830} INFO - Processing file /opt/airflow/dags/daily_summary.py for tasks to queue
[2025-11-14T17:12:10.991+0000] {logging_mixin.py:188} INFO - [2025-11-14T17:12:10.991+0000] {dagbag.py:538} INFO - Filling up the DagBag from /opt/airflow/dags/daily_summary.py
[2025-11-14T17:12:11.123+0000] {processor.py:840} INFO - DAG(s) 'daily_summary' retrieved from /opt/airflow/dags/daily_summary.py
[2025-11-14T17:12:11.162+0000] {logging_mixin.py:188} INFO - [2025-11-14T17:12:11.162+0000] {dag.py:3036} INFO - Sync 1 DAGs
[2025-11-14T17:12:11.209+0000] {logging_mixin.py:188} INFO - [2025-11-14T17:12:11.209+0000] {dag.py:3823} INFO - Setting next_dagrun for daily_summary to 2025-11-14 00:00:00+00:00, run_after=2025-11-15 00:00:00+00:00
[2025-11-14T17:12:11.269+0000] {processor.py:183} INFO - Processing /opt/airflow/dags/daily_summary.py took 0.287 seconds
[2025-11-14T17:12:41.697+0000] {processor.py:161} INFO - Started process (PID=330) to work on /opt/airflow/dags/daily_summary.py
[2025-11-14T17:12:41.700+0000] {processor.py:830} INFO - Processing file /opt/airflow/dags/daily_summary.py for tasks to queue
[2025-11-14T17:12:41.702+0000] {logging_mixin.py:188} INFO - [2025-11-14T17:12:41.701+0000] {dagbag.py:538} INFO - Filling up the DagBag from /opt/airflow/dags/daily_summary.py
[2025-11-14T17:12:41.845+0000] {processor.py:840} INFO - DAG(s) 'daily_summary' retrieved from /opt/airflow/dags/daily_summary.py
[2025-11-14T17:12:41.883+0000] {logging_mixin.py:188} INFO - [2025-11-14T17:12:41.882+0000] {dag.py:3036} INFO - Sync 1 DAGs
[2025-11-14T17:12:41.923+0000] {logging_mixin.py:188} INFO - [2025-11-14T17:12:41.922+0000] {dag.py:3823} INFO - Setting next_dagrun for daily_summary to 2025-11-14 00:00:00+00:00, run_after=2025-11-15 00:00:00+00:00
[2025-11-14T17:12:41.973+0000] {processor.py:183} INFO - Processing /opt/airflow/dags/daily_summary.py took 0.284 seconds
[2025-11-14T17:13:12.349+0000] {processor.py:161} INFO - Started process (PID=335) to work on /opt/airflow/dags/daily_summary.py
[2025-11-14T17:13:12.351+0000] {processor.py:830} INFO - Processing file /opt/airflow/dags/daily_summary.py for tasks to queue
[2025-11-14T17:13:12.352+0000] {logging_mixin.py:188} INFO - [2025-11-14T17:13:12.352+0000] {dagbag.py:538} INFO - Filling up the DagBag from /opt/airflow/dags/daily_summary.py
[2025-11-14T17:13:12.492+0000] {processor.py:840} INFO - DAG(s) 'daily_summary' retrieved from /opt/airflow/dags/daily_summary.py
[2025-11-14T17:13:12.529+0000] {logging_mixin.py:188} INFO - [2025-11-14T17:13:12.529+0000] {dag.py:3036} INFO - Sync 1 DAGs
[2025-11-14T17:13:12.559+0000] {logging_mixin.py:188} INFO - [2025-11-14T17:13:12.559+0000] {dag.py:3823} INFO - Setting next_dagrun for daily_summary to 2025-11-14 00:00:00+00:00, run_after=2025-11-15 00:00:00+00:00
[2025-11-14T17:13:12.602+0000] {processor.py:183} INFO - Processing /opt/airflow/dags/daily_summary.py took 0.257 seconds
[2025-11-14T17:14:01.930+0000] {processor.py:161} INFO - Started process (PID=175) to work on /opt/airflow/dags/daily_summary.py
[2025-11-14T17:14:01.949+0000] {processor.py:830} INFO - Processing file /opt/airflow/dags/daily_summary.py for tasks to queue
[2025-11-14T17:14:01.951+0000] {logging_mixin.py:188} INFO - [2025-11-14T17:14:01.951+0000] {dagbag.py:538} INFO - Filling up the DagBag from /opt/airflow/dags/daily_summary.py
[2025-11-14T17:14:02.136+0000] {processor.py:840} INFO - DAG(s) 'daily_summary' retrieved from /opt/airflow/dags/daily_summary.py
[2025-11-14T17:14:02.164+0000] {logging_mixin.py:188} INFO - [2025-11-14T17:14:02.163+0000] {dag.py:3036} INFO - Sync 1 DAGs
[2025-11-14T17:14:02.191+0000] {logging_mixin.py:188} INFO - [2025-11-14T17:14:02.190+0000] {dag.py:3823} INFO - Setting next_dagrun for daily_summary to 2025-11-14 00:00:00+00:00, run_after=2025-11-15 00:00:00+00:00
[2025-11-14T17:14:02.215+0000] {processor.py:183} INFO - Processing /opt/airflow/dags/daily_summary.py took 0.291 seconds
[2025-11-14T17:14:32.320+0000] {processor.py:161} INFO - Started process (PID=180) to work on /opt/airflow/dags/daily_summary.py
[2025-11-14T17:14:32.322+0000] {processor.py:830} INFO - Processing file /opt/airflow/dags/daily_summary.py for tasks to queue
[2025-11-14T17:14:32.326+0000] {logging_mixin.py:188} INFO - [2025-11-14T17:14:32.325+0000] {dagbag.py:538} INFO - Filling up the DagBag from /opt/airflow/dags/daily_summary.py
[2025-11-14T17:14:32.522+0000] {processor.py:840} INFO - DAG(s) 'daily_summary' retrieved from /opt/airflow/dags/daily_summary.py
[2025-11-14T17:14:32.880+0000] {logging_mixin.py:188} INFO - [2025-11-14T17:14:32.880+0000] {dag.py:3036} INFO - Sync 1 DAGs
[2025-11-14T17:14:32.922+0000] {logging_mixin.py:188} INFO - [2025-11-14T17:14:32.922+0000] {dag.py:3823} INFO - Setting next_dagrun for daily_summary to 2025-11-14 00:00:00+00:00, run_after=2025-11-15 00:00:00+00:00
[2025-11-14T17:14:32.967+0000] {processor.py:183} INFO - Processing /opt/airflow/dags/daily_summary.py took 0.650 seconds
[2025-11-14T17:15:03.375+0000] {processor.py:161} INFO - Started process (PID=185) to work on /opt/airflow/dags/daily_summary.py
[2025-11-14T17:15:03.377+0000] {processor.py:830} INFO - Processing file /opt/airflow/dags/daily_summary.py for tasks to queue
[2025-11-14T17:15:03.378+0000] {logging_mixin.py:188} INFO - [2025-11-14T17:15:03.378+0000] {dagbag.py:538} INFO - Filling up the DagBag from /opt/airflow/dags/daily_summary.py
[2025-11-14T17:15:03.519+0000] {processor.py:840} INFO - DAG(s) 'daily_summary' retrieved from /opt/airflow/dags/daily_summary.py
[2025-11-14T17:15:03.567+0000] {logging_mixin.py:188} INFO - [2025-11-14T17:15:03.566+0000] {dag.py:3036} INFO - Sync 1 DAGs
[2025-11-14T17:15:03.608+0000] {logging_mixin.py:188} INFO - [2025-11-14T17:15:03.607+0000] {dag.py:3823} INFO - Setting next_dagrun for daily_summary to 2025-11-14 00:00:00+00:00, run_after=2025-11-15 00:00:00+00:00
[2025-11-14T17:15:03.657+0000] {processor.py:183} INFO - Processing /opt/airflow/dags/daily_summary.py took 0.286 seconds
[2025-11-14T17:15:34.011+0000] {processor.py:161} INFO - Started process (PID=190) to work on /opt/airflow/dags/daily_summary.py
[2025-11-14T17:15:34.014+0000] {processor.py:830} INFO - Processing file /opt/airflow/dags/daily_summary.py for tasks to queue
[2025-11-14T17:15:34.015+0000] {logging_mixin.py:188} INFO - [2025-11-14T17:15:34.015+0000] {dagbag.py:538} INFO - Filling up the DagBag from /opt/airflow/dags/daily_summary.py
[2025-11-14T17:15:34.133+0000] {processor.py:840} INFO - DAG(s) 'daily_summary' retrieved from /opt/airflow/dags/daily_summary.py
[2025-11-14T17:15:34.169+0000] {logging_mixin.py:188} INFO - [2025-11-14T17:15:34.169+0000] {dag.py:3036} INFO - Sync 1 DAGs
[2025-11-14T17:15:34.201+0000] {logging_mixin.py:188} INFO - [2025-11-14T17:15:34.200+0000] {dag.py:3823} INFO - Setting next_dagrun for daily_summary to 2025-11-14 00:00:00+00:00, run_after=2025-11-15 00:00:00+00:00
[2025-11-14T17:15:34.240+0000] {processor.py:183} INFO - Processing /opt/airflow/dags/daily_summary.py took 0.235 seconds
[2025-11-14T17:16:04.622+0000] {processor.py:161} INFO - Started process (PID=195) to work on /opt/airflow/dags/daily_summary.py
[2025-11-14T17:16:04.625+0000] {processor.py:830} INFO - Processing file /opt/airflow/dags/daily_summary.py for tasks to queue
[2025-11-14T17:16:04.628+0000] {logging_mixin.py:188} INFO - [2025-11-14T17:16:04.628+0000] {dagbag.py:538} INFO - Filling up the DagBag from /opt/airflow/dags/daily_summary.py
[2025-11-14T17:16:04.749+0000] {processor.py:840} INFO - DAG(s) 'daily_summary' retrieved from /opt/airflow/dags/daily_summary.py
[2025-11-14T17:16:04.783+0000] {logging_mixin.py:188} INFO - [2025-11-14T17:16:04.783+0000] {dag.py:3036} INFO - Sync 1 DAGs
[2025-11-14T17:16:04.809+0000] {logging_mixin.py:188} INFO - [2025-11-14T17:16:04.809+0000] {dag.py:3823} INFO - Setting next_dagrun for daily_summary to 2025-11-14 00:00:00+00:00, run_after=2025-11-15 00:00:00+00:00
[2025-11-14T17:16:04.850+0000] {processor.py:183} INFO - Processing /opt/airflow/dags/daily_summary.py took 0.236 seconds
[2025-11-14T17:16:35.013+0000] {processor.py:161} INFO - Started process (PID=200) to work on /opt/airflow/dags/daily_summary.py
[2025-11-14T17:16:35.015+0000] {processor.py:830} INFO - Processing file /opt/airflow/dags/daily_summary.py for tasks to queue
[2025-11-14T17:16:35.018+0000] {logging_mixin.py:188} INFO - [2025-11-14T17:16:35.017+0000] {dagbag.py:538} INFO - Filling up the DagBag from /opt/airflow/dags/daily_summary.py
[2025-11-14T17:16:35.143+0000] {processor.py:840} INFO - DAG(s) 'daily_summary' retrieved from /opt/airflow/dags/daily_summary.py
[2025-11-14T17:16:35.184+0000] {logging_mixin.py:188} INFO - [2025-11-14T17:16:35.184+0000] {dag.py:3036} INFO - Sync 1 DAGs
[2025-11-14T17:16:35.216+0000] {logging_mixin.py:188} INFO - [2025-11-14T17:16:35.216+0000] {dag.py:3823} INFO - Setting next_dagrun for daily_summary to 2025-11-14 00:00:00+00:00, run_after=2025-11-15 00:00:00+00:00
[2025-11-14T17:16:35.260+0000] {processor.py:183} INFO - Processing /opt/airflow/dags/daily_summary.py took 0.257 seconds
[2025-11-14T17:17:05.640+0000] {processor.py:161} INFO - Started process (PID=205) to work on /opt/airflow/dags/daily_summary.py
[2025-11-14T17:17:05.642+0000] {processor.py:830} INFO - Processing file /opt/airflow/dags/daily_summary.py for tasks to queue
[2025-11-14T17:17:05.645+0000] {logging_mixin.py:188} INFO - [2025-11-14T17:17:05.644+0000] {dagbag.py:538} INFO - Filling up the DagBag from /opt/airflow/dags/daily_summary.py
[2025-11-14T17:17:05.789+0000] {processor.py:840} INFO - DAG(s) 'daily_summary' retrieved from /opt/airflow/dags/daily_summary.py
[2025-11-14T17:17:05.844+0000] {logging_mixin.py:188} INFO - [2025-11-14T17:17:05.844+0000] {dag.py:3036} INFO - Sync 1 DAGs
[2025-11-14T17:17:05.893+0000] {logging_mixin.py:188} INFO - [2025-11-14T17:17:05.893+0000] {dag.py:3823} INFO - Setting next_dagrun for daily_summary to 2025-11-14 00:00:00+00:00, run_after=2025-11-15 00:00:00+00:00
[2025-11-14T17:17:05.943+0000] {processor.py:183} INFO - Processing /opt/airflow/dags/daily_summary.py took 0.310 seconds
[2025-11-14T17:17:36.400+0000] {processor.py:161} INFO - Started process (PID=210) to work on /opt/airflow/dags/daily_summary.py
[2025-11-14T17:17:36.402+0000] {processor.py:830} INFO - Processing file /opt/airflow/dags/daily_summary.py for tasks to queue
[2025-11-14T17:17:36.405+0000] {logging_mixin.py:188} INFO - [2025-11-14T17:17:36.404+0000] {dagbag.py:538} INFO - Filling up the DagBag from /opt/airflow/dags/daily_summary.py
[2025-11-14T17:17:36.527+0000] {processor.py:840} INFO - DAG(s) 'daily_summary' retrieved from /opt/airflow/dags/daily_summary.py
[2025-11-14T17:17:36.556+0000] {logging_mixin.py:188} INFO - [2025-11-14T17:17:36.556+0000] {dag.py:3036} INFO - Sync 1 DAGs
[2025-11-14T17:17:36.589+0000] {logging_mixin.py:188} INFO - [2025-11-14T17:17:36.589+0000] {dag.py:3823} INFO - Setting next_dagrun for daily_summary to 2025-11-14 00:00:00+00:00, run_after=2025-11-15 00:00:00+00:00
[2025-11-14T17:17:36.617+0000] {processor.py:183} INFO - Processing /opt/airflow/dags/daily_summary.py took 0.224 seconds
[2025-11-14T17:18:06.789+0000] {processor.py:161} INFO - Started process (PID=215) to work on /opt/airflow/dags/daily_summary.py
[2025-11-14T17:18:06.792+0000] {processor.py:830} INFO - Processing file /opt/airflow/dags/daily_summary.py for tasks to queue
[2025-11-14T17:18:06.795+0000] {logging_mixin.py:188} INFO - [2025-11-14T17:18:06.795+0000] {dagbag.py:538} INFO - Filling up the DagBag from /opt/airflow/dags/daily_summary.py
[2025-11-14T17:18:06.956+0000] {processor.py:840} INFO - DAG(s) 'daily_summary' retrieved from /opt/airflow/dags/daily_summary.py
[2025-11-14T17:18:06.998+0000] {logging_mixin.py:188} INFO - [2025-11-14T17:18:06.997+0000] {dag.py:3036} INFO - Sync 1 DAGs
[2025-11-14T17:18:07.048+0000] {logging_mixin.py:188} INFO - [2025-11-14T17:18:07.048+0000] {dag.py:3823} INFO - Setting next_dagrun for daily_summary to 2025-11-14 00:00:00+00:00, run_after=2025-11-15 00:00:00+00:00
[2025-11-14T17:18:07.093+0000] {processor.py:183} INFO - Processing /opt/airflow/dags/daily_summary.py took 0.312 seconds
[2025-11-14T17:18:37.391+0000] {processor.py:161} INFO - Started process (PID=220) to work on /opt/airflow/dags/daily_summary.py
[2025-11-14T17:18:37.393+0000] {processor.py:830} INFO - Processing file /opt/airflow/dags/daily_summary.py for tasks to queue
[2025-11-14T17:18:37.395+0000] {logging_mixin.py:188} INFO - [2025-11-14T17:18:37.394+0000] {dagbag.py:538} INFO - Filling up the DagBag from /opt/airflow/dags/daily_summary.py
[2025-11-14T17:18:37.524+0000] {processor.py:840} INFO - DAG(s) 'daily_summary' retrieved from /opt/airflow/dags/daily_summary.py
[2025-11-14T17:18:37.553+0000] {logging_mixin.py:188} INFO - [2025-11-14T17:18:37.553+0000] {dag.py:3036} INFO - Sync 1 DAGs
[2025-11-14T17:18:37.576+0000] {logging_mixin.py:188} INFO - [2025-11-14T17:18:37.576+0000] {dag.py:3823} INFO - Setting next_dagrun for daily_summary to 2025-11-14 00:00:00+00:00, run_after=2025-11-15 00:00:00+00:00
[2025-11-14T17:18:37.599+0000] {processor.py:183} INFO - Processing /opt/airflow/dags/daily_summary.py took 0.217 seconds
[2025-11-14T17:19:07.892+0000] {processor.py:161} INFO - Started process (PID=225) to work on /opt/airflow/dags/daily_summary.py
[2025-11-14T17:19:07.894+0000] {processor.py:830} INFO - Processing file /opt/airflow/dags/daily_summary.py for tasks to queue
[2025-11-14T17:19:07.896+0000] {logging_mixin.py:188} INFO - [2025-11-14T17:19:07.896+0000] {dagbag.py:538} INFO - Filling up the DagBag from /opt/airflow/dags/daily_summary.py
[2025-11-14T17:19:08.041+0000] {processor.py:840} INFO - DAG(s) 'daily_summary' retrieved from /opt/airflow/dags/daily_summary.py
[2025-11-14T17:19:08.079+0000] {logging_mixin.py:188} INFO - [2025-11-14T17:19:08.079+0000] {dag.py:3036} INFO - Sync 1 DAGs
[2025-11-14T17:19:08.113+0000] {logging_mixin.py:188} INFO - [2025-11-14T17:19:08.112+0000] {dag.py:3823} INFO - Setting next_dagrun for daily_summary to 2025-11-14 00:00:00+00:00, run_after=2025-11-15 00:00:00+00:00
[2025-11-14T17:19:08.152+0000] {processor.py:183} INFO - Processing /opt/airflow/dags/daily_summary.py took 0.269 seconds
[2025-11-14T17:19:38.463+0000] {processor.py:161} INFO - Started process (PID=230) to work on /opt/airflow/dags/daily_summary.py
[2025-11-14T17:19:38.465+0000] {processor.py:830} INFO - Processing file /opt/airflow/dags/daily_summary.py for tasks to queue
[2025-11-14T17:19:38.468+0000] {logging_mixin.py:188} INFO - [2025-11-14T17:19:38.467+0000] {dagbag.py:538} INFO - Filling up the DagBag from /opt/airflow/dags/daily_summary.py
[2025-11-14T17:19:38.613+0000] {processor.py:840} INFO - DAG(s) 'daily_summary' retrieved from /opt/airflow/dags/daily_summary.py
[2025-11-14T17:19:38.670+0000] {logging_mixin.py:188} INFO - [2025-11-14T17:19:38.669+0000] {dag.py:3036} INFO - Sync 1 DAGs
[2025-11-14T17:19:38.697+0000] {logging_mixin.py:188} INFO - [2025-11-14T17:19:38.696+0000] {dag.py:3823} INFO - Setting next_dagrun for daily_summary to 2025-11-14 00:00:00+00:00, run_after=2025-11-15 00:00:00+00:00
[2025-11-14T17:19:38.739+0000] {processor.py:183} INFO - Processing /opt/airflow/dags/daily_summary.py took 0.285 seconds
[2025-11-14T17:20:08.933+0000] {processor.py:161} INFO - Started process (PID=235) to work on /opt/airflow/dags/daily_summary.py
[2025-11-14T17:20:08.935+0000] {processor.py:830} INFO - Processing file /opt/airflow/dags/daily_summary.py for tasks to queue
[2025-11-14T17:20:08.936+0000] {logging_mixin.py:188} INFO - [2025-11-14T17:20:08.936+0000] {dagbag.py:538} INFO - Filling up the DagBag from /opt/airflow/dags/daily_summary.py
[2025-11-14T17:20:09.051+0000] {processor.py:840} INFO - DAG(s) 'daily_summary' retrieved from /opt/airflow/dags/daily_summary.py
[2025-11-14T17:20:09.085+0000] {logging_mixin.py:188} INFO - [2025-11-14T17:20:09.084+0000] {dag.py:3036} INFO - Sync 1 DAGs
[2025-11-14T17:20:09.113+0000] {logging_mixin.py:188} INFO - [2025-11-14T17:20:09.113+0000] {dag.py:3823} INFO - Setting next_dagrun for daily_summary to 2025-11-14 00:00:00+00:00, run_after=2025-11-15 00:00:00+00:00
[2025-11-14T17:20:09.147+0000] {processor.py:183} INFO - Processing /opt/airflow/dags/daily_summary.py took 0.220 seconds
[2025-11-14T17:20:39.553+0000] {processor.py:161} INFO - Started process (PID=240) to work on /opt/airflow/dags/daily_summary.py
[2025-11-14T17:20:39.555+0000] {processor.py:830} INFO - Processing file /opt/airflow/dags/daily_summary.py for tasks to queue
[2025-11-14T17:20:39.558+0000] {logging_mixin.py:188} INFO - [2025-11-14T17:20:39.557+0000] {dagbag.py:538} INFO - Filling up the DagBag from /opt/airflow/dags/daily_summary.py
[2025-11-14T17:20:39.724+0000] {processor.py:840} INFO - DAG(s) 'daily_summary' retrieved from /opt/airflow/dags/daily_summary.py
[2025-11-14T17:20:39.753+0000] {logging_mixin.py:188} INFO - [2025-11-14T17:20:39.753+0000] {dag.py:3036} INFO - Sync 1 DAGs
[2025-11-14T17:20:39.788+0000] {logging_mixin.py:188} INFO - [2025-11-14T17:20:39.788+0000] {dag.py:3823} INFO - Setting next_dagrun for daily_summary to 2025-11-14 00:00:00+00:00, run_after=2025-11-15 00:00:00+00:00
[2025-11-14T17:20:39.832+0000] {processor.py:183} INFO - Processing /opt/airflow/dags/daily_summary.py took 0.285 seconds
[2025-11-14T17:21:10.308+0000] {processor.py:161} INFO - Started process (PID=245) to work on /opt/airflow/dags/daily_summary.py
[2025-11-14T17:21:10.311+0000] {processor.py:830} INFO - Processing file /opt/airflow/dags/daily_summary.py for tasks to queue
[2025-11-14T17:21:10.313+0000] {logging_mixin.py:188} INFO - [2025-11-14T17:21:10.313+0000] {dagbag.py:538} INFO - Filling up the DagBag from /opt/airflow/dags/daily_summary.py
[2025-11-14T17:21:10.438+0000] {processor.py:840} INFO - DAG(s) 'daily_summary' retrieved from /opt/airflow/dags/daily_summary.py
[2025-11-14T17:21:10.474+0000] {logging_mixin.py:188} INFO - [2025-11-14T17:21:10.474+0000] {dag.py:3036} INFO - Sync 1 DAGs
[2025-11-14T17:21:10.515+0000] {logging_mixin.py:188} INFO - [2025-11-14T17:21:10.514+0000] {dag.py:3823} INFO - Setting next_dagrun for daily_summary to 2025-11-14 00:00:00+00:00, run_after=2025-11-15 00:00:00+00:00
[2025-11-14T17:21:10.557+0000] {processor.py:183} INFO - Processing /opt/airflow/dags/daily_summary.py took 0.253 seconds
[2025-11-14T17:21:40.658+0000] {processor.py:161} INFO - Started process (PID=250) to work on /opt/airflow/dags/daily_summary.py
[2025-11-14T17:21:40.660+0000] {processor.py:830} INFO - Processing file /opt/airflow/dags/daily_summary.py for tasks to queue
[2025-11-14T17:21:40.661+0000] {logging_mixin.py:188} INFO - [2025-11-14T17:21:40.661+0000] {dagbag.py:538} INFO - Filling up the DagBag from /opt/airflow/dags/daily_summary.py
[2025-11-14T17:21:40.779+0000] {processor.py:840} INFO - DAG(s) 'daily_summary' retrieved from /opt/airflow/dags/daily_summary.py
[2025-11-14T17:21:40.821+0000] {logging_mixin.py:188} INFO - [2025-11-14T17:21:40.821+0000] {dag.py:3036} INFO - Sync 1 DAGs
[2025-11-14T17:21:40.847+0000] {logging_mixin.py:188} INFO - [2025-11-14T17:21:40.846+0000] {dag.py:3823} INFO - Setting next_dagrun for daily_summary to 2025-11-14 00:00:00+00:00, run_after=2025-11-15 00:00:00+00:00
[2025-11-14T17:21:40.890+0000] {processor.py:183} INFO - Processing /opt/airflow/dags/daily_summary.py took 0.236 seconds
[2025-11-14T17:22:11.073+0000] {processor.py:161} INFO - Started process (PID=255) to work on /opt/airflow/dags/daily_summary.py
[2025-11-14T17:22:11.076+0000] {processor.py:830} INFO - Processing file /opt/airflow/dags/daily_summary.py for tasks to queue
[2025-11-14T17:22:11.079+0000] {logging_mixin.py:188} INFO - [2025-11-14T17:22:11.078+0000] {dagbag.py:538} INFO - Filling up the DagBag from /opt/airflow/dags/daily_summary.py
[2025-11-14T17:22:11.208+0000] {processor.py:840} INFO - DAG(s) 'daily_summary' retrieved from /opt/airflow/dags/daily_summary.py
[2025-11-14T17:22:11.242+0000] {logging_mixin.py:188} INFO - [2025-11-14T17:22:11.242+0000] {dag.py:3036} INFO - Sync 1 DAGs
[2025-11-14T17:22:11.285+0000] {logging_mixin.py:188} INFO - [2025-11-14T17:22:11.285+0000] {dag.py:3823} INFO - Setting next_dagrun for daily_summary to 2025-11-14 00:00:00+00:00, run_after=2025-11-15 00:00:00+00:00
[2025-11-14T17:22:11.325+0000] {processor.py:183} INFO - Processing /opt/airflow/dags/daily_summary.py took 0.261 seconds
[2025-11-14T17:22:41.704+0000] {processor.py:161} INFO - Started process (PID=260) to work on /opt/airflow/dags/daily_summary.py
[2025-11-14T17:22:41.707+0000] {processor.py:830} INFO - Processing file /opt/airflow/dags/daily_summary.py for tasks to queue
[2025-11-14T17:22:41.709+0000] {logging_mixin.py:188} INFO - [2025-11-14T17:22:41.709+0000] {dagbag.py:538} INFO - Filling up the DagBag from /opt/airflow/dags/daily_summary.py
[2025-11-14T17:22:41.882+0000] {processor.py:840} INFO - DAG(s) 'daily_summary' retrieved from /opt/airflow/dags/daily_summary.py
[2025-11-14T17:22:41.919+0000] {logging_mixin.py:188} INFO - [2025-11-14T17:22:41.918+0000] {dag.py:3036} INFO - Sync 1 DAGs
[2025-11-14T17:22:41.967+0000] {logging_mixin.py:188} INFO - [2025-11-14T17:22:41.966+0000] {dag.py:3823} INFO - Setting next_dagrun for daily_summary to 2025-11-14 00:00:00+00:00, run_after=2025-11-15 00:00:00+00:00
[2025-11-14T17:22:42.024+0000] {processor.py:183} INFO - Processing /opt/airflow/dags/daily_summary.py took 0.327 seconds
[2025-11-14T17:23:12.495+0000] {processor.py:161} INFO - Started process (PID=265) to work on /opt/airflow/dags/daily_summary.py
[2025-11-14T17:23:12.498+0000] {processor.py:830} INFO - Processing file /opt/airflow/dags/daily_summary.py for tasks to queue
[2025-11-14T17:23:12.500+0000] {logging_mixin.py:188} INFO - [2025-11-14T17:23:12.499+0000] {dagbag.py:538} INFO - Filling up the DagBag from /opt/airflow/dags/daily_summary.py
[2025-11-14T17:23:12.641+0000] {processor.py:840} INFO - DAG(s) 'daily_summary' retrieved from /opt/airflow/dags/daily_summary.py
[2025-11-14T17:23:12.700+0000] {logging_mixin.py:188} INFO - [2025-11-14T17:23:12.700+0000] {dag.py:3036} INFO - Sync 1 DAGs
[2025-11-14T17:23:12.731+0000] {logging_mixin.py:188} INFO - [2025-11-14T17:23:12.730+0000] {dag.py:3823} INFO - Setting next_dagrun for daily_summary to 2025-11-14 00:00:00+00:00, run_after=2025-11-15 00:00:00+00:00
[2025-11-14T17:23:12.764+0000] {processor.py:183} INFO - Processing /opt/airflow/dags/daily_summary.py took 0.274 seconds
[2025-11-14T17:23:43.203+0000] {processor.py:161} INFO - Started process (PID=270) to work on /opt/airflow/dags/daily_summary.py
[2025-11-14T17:23:43.205+0000] {processor.py:830} INFO - Processing file /opt/airflow/dags/daily_summary.py for tasks to queue
[2025-11-14T17:23:43.207+0000] {logging_mixin.py:188} INFO - [2025-11-14T17:23:43.206+0000] {dagbag.py:538} INFO - Filling up the DagBag from /opt/airflow/dags/daily_summary.py
[2025-11-14T17:23:43.341+0000] {processor.py:840} INFO - DAG(s) 'daily_summary' retrieved from /opt/airflow/dags/daily_summary.py
[2025-11-14T17:23:43.390+0000] {logging_mixin.py:188} INFO - [2025-11-14T17:23:43.389+0000] {dag.py:3036} INFO - Sync 1 DAGs
[2025-11-14T17:23:43.435+0000] {logging_mixin.py:188} INFO - [2025-11-14T17:23:43.435+0000] {dag.py:3823} INFO - Setting next_dagrun for daily_summary to 2025-11-14 00:00:00+00:00, run_after=2025-11-15 00:00:00+00:00
[2025-11-14T17:23:43.488+0000] {processor.py:183} INFO - Processing /opt/airflow/dags/daily_summary.py took 0.291 seconds
[2025-11-14T17:24:13.695+0000] {processor.py:161} INFO - Started process (PID=275) to work on /opt/airflow/dags/daily_summary.py
[2025-11-14T17:24:13.698+0000] {processor.py:830} INFO - Processing file /opt/airflow/dags/daily_summary.py for tasks to queue
[2025-11-14T17:24:13.701+0000] {logging_mixin.py:188} INFO - [2025-11-14T17:24:13.700+0000] {dagbag.py:538} INFO - Filling up the DagBag from /opt/airflow/dags/daily_summary.py
[2025-11-14T17:24:13.854+0000] {processor.py:840} INFO - DAG(s) 'daily_summary' retrieved from /opt/airflow/dags/daily_summary.py
[2025-11-14T17:24:13.898+0000] {logging_mixin.py:188} INFO - [2025-11-14T17:24:13.898+0000] {dag.py:3036} INFO - Sync 1 DAGs
[2025-11-14T17:24:13.936+0000] {logging_mixin.py:188} INFO - [2025-11-14T17:24:13.936+0000] {dag.py:3823} INFO - Setting next_dagrun for daily_summary to 2025-11-14 00:00:00+00:00, run_after=2025-11-15 00:00:00+00:00
[2025-11-14T17:24:13.974+0000] {processor.py:183} INFO - Processing /opt/airflow/dags/daily_summary.py took 0.286 seconds
[2025-11-14T17:24:44.242+0000] {processor.py:161} INFO - Started process (PID=280) to work on /opt/airflow/dags/daily_summary.py
[2025-11-14T17:24:44.244+0000] {processor.py:830} INFO - Processing file /opt/airflow/dags/daily_summary.py for tasks to queue
[2025-11-14T17:24:44.246+0000] {logging_mixin.py:188} INFO - [2025-11-14T17:24:44.246+0000] {dagbag.py:538} INFO - Filling up the DagBag from /opt/airflow/dags/daily_summary.py
[2025-11-14T17:24:44.358+0000] {processor.py:840} INFO - DAG(s) 'daily_summary' retrieved from /opt/airflow/dags/daily_summary.py
[2025-11-14T17:24:44.393+0000] {logging_mixin.py:188} INFO - [2025-11-14T17:24:44.393+0000] {dag.py:3036} INFO - Sync 1 DAGs
[2025-11-14T17:24:44.421+0000] {logging_mixin.py:188} INFO - [2025-11-14T17:24:44.420+0000] {dag.py:3823} INFO - Setting next_dagrun for daily_summary to 2025-11-14 00:00:00+00:00, run_after=2025-11-15 00:00:00+00:00
[2025-11-14T17:24:44.459+0000] {processor.py:183} INFO - Processing /opt/airflow/dags/daily_summary.py took 0.221 seconds
[2025-11-14T17:25:14.667+0000] {processor.py:161} INFO - Started process (PID=285) to work on /opt/airflow/dags/daily_summary.py
[2025-11-14T17:25:14.669+0000] {processor.py:830} INFO - Processing file /opt/airflow/dags/daily_summary.py for tasks to queue
[2025-11-14T17:25:14.671+0000] {logging_mixin.py:188} INFO - [2025-11-14T17:25:14.670+0000] {dagbag.py:538} INFO - Filling up the DagBag from /opt/airflow/dags/daily_summary.py
[2025-11-14T17:25:14.776+0000] {processor.py:840} INFO - DAG(s) 'daily_summary' retrieved from /opt/airflow/dags/daily_summary.py
[2025-11-14T17:25:14.806+0000] {logging_mixin.py:188} INFO - [2025-11-14T17:25:14.806+0000] {dag.py:3036} INFO - Sync 1 DAGs
[2025-11-14T17:25:14.836+0000] {logging_mixin.py:188} INFO - [2025-11-14T17:25:14.835+0000] {dag.py:3823} INFO - Setting next_dagrun for daily_summary to 2025-11-14 00:00:00+00:00, run_after=2025-11-15 00:00:00+00:00
[2025-11-14T17:25:14.873+0000] {processor.py:183} INFO - Processing /opt/airflow/dags/daily_summary.py took 0.211 seconds
[2025-11-14T17:25:45.127+0000] {processor.py:161} INFO - Started process (PID=290) to work on /opt/airflow/dags/daily_summary.py
[2025-11-14T17:25:45.129+0000] {processor.py:830} INFO - Processing file /opt/airflow/dags/daily_summary.py for tasks to queue
[2025-11-14T17:25:45.132+0000] {logging_mixin.py:188} INFO - [2025-11-14T17:25:45.131+0000] {dagbag.py:538} INFO - Filling up the DagBag from /opt/airflow/dags/daily_summary.py
[2025-11-14T17:25:45.249+0000] {processor.py:840} INFO - DAG(s) 'daily_summary' retrieved from /opt/airflow/dags/daily_summary.py
[2025-11-14T17:25:45.301+0000] {logging_mixin.py:188} INFO - [2025-11-14T17:25:45.301+0000] {dag.py:3036} INFO - Sync 1 DAGs
[2025-11-14T17:25:45.345+0000] {logging_mixin.py:188} INFO - [2025-11-14T17:25:45.344+0000] {dag.py:3823} INFO - Setting next_dagrun for daily_summary to 2025-11-14 00:00:00+00:00, run_after=2025-11-15 00:00:00+00:00
[2025-11-14T17:25:45.399+0000] {processor.py:183} INFO - Processing /opt/airflow/dags/daily_summary.py took 0.279 seconds
[2025-11-14T17:26:15.639+0000] {processor.py:161} INFO - Started process (PID=295) to work on /opt/airflow/dags/daily_summary.py
[2025-11-14T17:26:15.641+0000] {processor.py:830} INFO - Processing file /opt/airflow/dags/daily_summary.py for tasks to queue
[2025-11-14T17:26:15.644+0000] {logging_mixin.py:188} INFO - [2025-11-14T17:26:15.644+0000] {dagbag.py:538} INFO - Filling up the DagBag from /opt/airflow/dags/daily_summary.py
[2025-11-14T17:26:15.795+0000] {processor.py:840} INFO - DAG(s) 'daily_summary' retrieved from /opt/airflow/dags/daily_summary.py
[2025-11-14T17:26:15.836+0000] {logging_mixin.py:188} INFO - [2025-11-14T17:26:15.835+0000] {dag.py:3036} INFO - Sync 1 DAGs
[2025-11-14T17:26:15.864+0000] {logging_mixin.py:188} INFO - [2025-11-14T17:26:15.863+0000] {dag.py:3823} INFO - Setting next_dagrun for daily_summary to 2025-11-14 00:00:00+00:00, run_after=2025-11-15 00:00:00+00:00
[2025-11-14T17:26:15.906+0000] {processor.py:183} INFO - Processing /opt/airflow/dags/daily_summary.py took 0.275 seconds
[2025-11-14T17:26:46.225+0000] {processor.py:161} INFO - Started process (PID=300) to work on /opt/airflow/dags/daily_summary.py
[2025-11-14T17:26:46.228+0000] {processor.py:830} INFO - Processing file /opt/airflow/dags/daily_summary.py for tasks to queue
[2025-11-14T17:26:46.231+0000] {logging_mixin.py:188} INFO - [2025-11-14T17:26:46.230+0000] {dagbag.py:538} INFO - Filling up the DagBag from /opt/airflow/dags/daily_summary.py
[2025-11-14T17:26:46.377+0000] {processor.py:840} INFO - DAG(s) 'daily_summary' retrieved from /opt/airflow/dags/daily_summary.py
[2025-11-14T17:26:46.411+0000] {logging_mixin.py:188} INFO - [2025-11-14T17:26:46.411+0000] {dag.py:3036} INFO - Sync 1 DAGs
[2025-11-14T17:26:46.443+0000] {logging_mixin.py:188} INFO - [2025-11-14T17:26:46.443+0000] {dag.py:3823} INFO - Setting next_dagrun for daily_summary to 2025-11-14 00:00:00+00:00, run_after=2025-11-15 00:00:00+00:00
[2025-11-14T17:26:46.477+0000] {processor.py:183} INFO - Processing /opt/airflow/dags/daily_summary.py took 0.260 seconds
[2025-11-14T17:27:16.728+0000] {processor.py:161} INFO - Started process (PID=305) to work on /opt/airflow/dags/daily_summary.py
[2025-11-14T17:27:16.731+0000] {processor.py:830} INFO - Processing file /opt/airflow/dags/daily_summary.py for tasks to queue
[2025-11-14T17:27:16.733+0000] {logging_mixin.py:188} INFO - [2025-11-14T17:27:16.732+0000] {dagbag.py:538} INFO - Filling up the DagBag from /opt/airflow/dags/daily_summary.py
[2025-11-14T17:27:16.849+0000] {processor.py:840} INFO - DAG(s) 'daily_summary' retrieved from /opt/airflow/dags/daily_summary.py
[2025-11-14T17:27:16.882+0000] {logging_mixin.py:188} INFO - [2025-11-14T17:27:16.882+0000] {dag.py:3036} INFO - Sync 1 DAGs
[2025-11-14T17:27:16.914+0000] {logging_mixin.py:188} INFO - [2025-11-14T17:27:16.914+0000] {dag.py:3823} INFO - Setting next_dagrun for daily_summary to 2025-11-14 00:00:00+00:00, run_after=2025-11-15 00:00:00+00:00
[2025-11-14T17:27:16.963+0000] {processor.py:183} INFO - Processing /opt/airflow/dags/daily_summary.py took 0.245 seconds
[2025-11-14T17:28:23.713+0000] {processor.py:161} INFO - Started process (PID=175) to work on /opt/airflow/dags/daily_summary.py
[2025-11-14T17:28:23.714+0000] {processor.py:830} INFO - Processing file /opt/airflow/dags/daily_summary.py for tasks to queue
[2025-11-14T17:28:23.716+0000] {logging_mixin.py:188} INFO - [2025-11-14T17:28:23.715+0000] {dagbag.py:538} INFO - Filling up the DagBag from /opt/airflow/dags/daily_summary.py
[2025-11-14T17:28:23.865+0000] {processor.py:840} INFO - DAG(s) 'daily_summary' retrieved from /opt/airflow/dags/daily_summary.py
[2025-11-14T17:28:23.913+0000] {logging_mixin.py:188} INFO - [2025-11-14T17:28:23.913+0000] {dag.py:3036} INFO - Sync 1 DAGs
[2025-11-14T17:28:23.948+0000] {logging_mixin.py:188} INFO - [2025-11-14T17:28:23.948+0000] {dag.py:3823} INFO - Setting next_dagrun for daily_summary to 2025-11-14 00:00:00+00:00, run_after=2025-11-15 00:00:00+00:00
[2025-11-14T17:28:23.981+0000] {processor.py:183} INFO - Processing /opt/airflow/dags/daily_summary.py took 0.272 seconds
[2025-11-14T17:28:54.125+0000] {processor.py:161} INFO - Started process (PID=180) to work on /opt/airflow/dags/daily_summary.py
[2025-11-14T17:28:54.127+0000] {processor.py:830} INFO - Processing file /opt/airflow/dags/daily_summary.py for tasks to queue
[2025-11-14T17:28:54.130+0000] {logging_mixin.py:188} INFO - [2025-11-14T17:28:54.130+0000] {dagbag.py:538} INFO - Filling up the DagBag from /opt/airflow/dags/daily_summary.py
[2025-11-14T17:28:54.303+0000] {processor.py:840} INFO - DAG(s) 'daily_summary' retrieved from /opt/airflow/dags/daily_summary.py
[2025-11-14T17:28:54.550+0000] {logging_mixin.py:188} INFO - [2025-11-14T17:28:54.550+0000] {dag.py:3036} INFO - Sync 1 DAGs
[2025-11-14T17:28:54.587+0000] {logging_mixin.py:188} INFO - [2025-11-14T17:28:54.586+0000] {dag.py:3823} INFO - Setting next_dagrun for daily_summary to 2025-11-14 00:00:00+00:00, run_after=2025-11-15 00:00:00+00:00
[2025-11-14T17:28:54.625+0000] {processor.py:183} INFO - Processing /opt/airflow/dags/daily_summary.py took 0.510 seconds
[2025-11-14T17:29:25.047+0000] {processor.py:161} INFO - Started process (PID=185) to work on /opt/airflow/dags/daily_summary.py
[2025-11-14T17:29:25.050+0000] {processor.py:830} INFO - Processing file /opt/airflow/dags/daily_summary.py for tasks to queue
[2025-11-14T17:29:25.054+0000] {logging_mixin.py:188} INFO - [2025-11-14T17:29:25.053+0000] {dagbag.py:538} INFO - Filling up the DagBag from /opt/airflow/dags/daily_summary.py
[2025-11-14T17:29:25.222+0000] {processor.py:840} INFO - DAG(s) 'daily_summary' retrieved from /opt/airflow/dags/daily_summary.py
[2025-11-14T17:29:25.268+0000] {logging_mixin.py:188} INFO - [2025-11-14T17:29:25.268+0000] {dag.py:3036} INFO - Sync 1 DAGs
[2025-11-14T17:29:25.301+0000] {logging_mixin.py:188} INFO - [2025-11-14T17:29:25.300+0000] {dag.py:3823} INFO - Setting next_dagrun for daily_summary to 2025-11-14 00:00:00+00:00, run_after=2025-11-15 00:00:00+00:00
[2025-11-14T17:29:25.329+0000] {processor.py:183} INFO - Processing /opt/airflow/dags/daily_summary.py took 0.292 seconds
[2025-11-14T17:29:55.789+0000] {processor.py:161} INFO - Started process (PID=190) to work on /opt/airflow/dags/daily_summary.py
[2025-11-14T17:29:55.791+0000] {processor.py:830} INFO - Processing file /opt/airflow/dags/daily_summary.py for tasks to queue
[2025-11-14T17:29:55.794+0000] {logging_mixin.py:188} INFO - [2025-11-14T17:29:55.793+0000] {dagbag.py:538} INFO - Filling up the DagBag from /opt/airflow/dags/daily_summary.py
[2025-11-14T17:29:55.973+0000] {processor.py:840} INFO - DAG(s) 'daily_summary' retrieved from /opt/airflow/dags/daily_summary.py
[2025-11-14T17:29:56.020+0000] {logging_mixin.py:188} INFO - [2025-11-14T17:29:56.020+0000] {dag.py:3036} INFO - Sync 1 DAGs
[2025-11-14T17:29:56.046+0000] {logging_mixin.py:188} INFO - [2025-11-14T17:29:56.046+0000] {dag.py:3823} INFO - Setting next_dagrun for daily_summary to 2025-11-14 00:00:00+00:00, run_after=2025-11-15 00:00:00+00:00
[2025-11-14T17:29:56.073+0000] {processor.py:183} INFO - Processing /opt/airflow/dags/daily_summary.py took 0.290 seconds
[2025-11-14T17:30:26.504+0000] {processor.py:161} INFO - Started process (PID=195) to work on /opt/airflow/dags/daily_summary.py
[2025-11-14T17:30:26.506+0000] {processor.py:830} INFO - Processing file /opt/airflow/dags/daily_summary.py for tasks to queue
[2025-11-14T17:30:26.508+0000] {logging_mixin.py:188} INFO - [2025-11-14T17:30:26.507+0000] {dagbag.py:538} INFO - Filling up the DagBag from /opt/airflow/dags/daily_summary.py
[2025-11-14T17:30:26.625+0000] {processor.py:840} INFO - DAG(s) 'daily_summary' retrieved from /opt/airflow/dags/daily_summary.py
[2025-11-14T17:30:26.657+0000] {logging_mixin.py:188} INFO - [2025-11-14T17:30:26.656+0000] {dag.py:3036} INFO - Sync 1 DAGs
[2025-11-14T17:30:26.688+0000] {logging_mixin.py:188} INFO - [2025-11-14T17:30:26.687+0000] {dag.py:3823} INFO - Setting next_dagrun for daily_summary to 2025-11-14 00:00:00+00:00, run_after=2025-11-15 00:00:00+00:00
[2025-11-14T17:30:26.727+0000] {processor.py:183} INFO - Processing /opt/airflow/dags/daily_summary.py took 0.227 seconds
[2025-11-14T17:30:56.851+0000] {processor.py:161} INFO - Started process (PID=200) to work on /opt/airflow/dags/daily_summary.py
[2025-11-14T17:30:56.854+0000] {processor.py:830} INFO - Processing file /opt/airflow/dags/daily_summary.py for tasks to queue
[2025-11-14T17:30:56.856+0000] {logging_mixin.py:188} INFO - [2025-11-14T17:30:56.855+0000] {dagbag.py:538} INFO - Filling up the DagBag from /opt/airflow/dags/daily_summary.py
[2025-11-14T17:30:57.007+0000] {processor.py:840} INFO - DAG(s) 'daily_summary' retrieved from /opt/airflow/dags/daily_summary.py
[2025-11-14T17:30:57.057+0000] {logging_mixin.py:188} INFO - [2025-11-14T17:30:57.057+0000] {dag.py:3036} INFO - Sync 1 DAGs
[2025-11-14T17:30:57.090+0000] {logging_mixin.py:188} INFO - [2025-11-14T17:30:57.090+0000] {dag.py:3823} INFO - Setting next_dagrun for daily_summary to 2025-11-14 00:00:00+00:00, run_after=2025-11-15 00:00:00+00:00
[2025-11-14T17:30:57.118+0000] {processor.py:183} INFO - Processing /opt/airflow/dags/daily_summary.py took 0.274 seconds
[2025-11-14T17:31:27.457+0000] {processor.py:161} INFO - Started process (PID=205) to work on /opt/airflow/dags/daily_summary.py
[2025-11-14T17:31:27.460+0000] {processor.py:830} INFO - Processing file /opt/airflow/dags/daily_summary.py for tasks to queue
[2025-11-14T17:31:27.463+0000] {logging_mixin.py:188} INFO - [2025-11-14T17:31:27.463+0000] {dagbag.py:538} INFO - Filling up the DagBag from /opt/airflow/dags/daily_summary.py
[2025-11-14T17:31:27.637+0000] {processor.py:840} INFO - DAG(s) 'daily_summary' retrieved from /opt/airflow/dags/daily_summary.py
[2025-11-14T17:31:27.682+0000] {logging_mixin.py:188} INFO - [2025-11-14T17:31:27.682+0000] {dag.py:3036} INFO - Sync 1 DAGs
[2025-11-14T17:31:27.713+0000] {logging_mixin.py:188} INFO - [2025-11-14T17:31:27.713+0000] {dag.py:3823} INFO - Setting next_dagrun for daily_summary to 2025-11-14 00:00:00+00:00, run_after=2025-11-15 00:00:00+00:00
[2025-11-14T17:31:27.743+0000] {processor.py:183} INFO - Processing /opt/airflow/dags/daily_summary.py took 0.294 seconds
[2025-11-14T17:31:58.172+0000] {processor.py:161} INFO - Started process (PID=210) to work on /opt/airflow/dags/daily_summary.py
[2025-11-14T17:31:58.175+0000] {processor.py:830} INFO - Processing file /opt/airflow/dags/daily_summary.py for tasks to queue
[2025-11-14T17:31:58.178+0000] {logging_mixin.py:188} INFO - [2025-11-14T17:31:58.177+0000] {dagbag.py:538} INFO - Filling up the DagBag from /opt/airflow/dags/daily_summary.py
[2025-11-14T17:31:58.316+0000] {processor.py:840} INFO - DAG(s) 'daily_summary' retrieved from /opt/airflow/dags/daily_summary.py
[2025-11-14T17:31:58.371+0000] {logging_mixin.py:188} INFO - [2025-11-14T17:31:58.371+0000] {dag.py:3036} INFO - Sync 1 DAGs
[2025-11-14T17:31:58.409+0000] {logging_mixin.py:188} INFO - [2025-11-14T17:31:58.409+0000] {dag.py:3823} INFO - Setting next_dagrun for daily_summary to 2025-11-14 00:00:00+00:00, run_after=2025-11-15 00:00:00+00:00
[2025-11-14T17:31:58.459+0000] {processor.py:183} INFO - Processing /opt/airflow/dags/daily_summary.py took 0.295 seconds
[2025-11-14T17:32:28.929+0000] {processor.py:161} INFO - Started process (PID=215) to work on /opt/airflow/dags/daily_summary.py
[2025-11-14T17:32:28.932+0000] {processor.py:830} INFO - Processing file /opt/airflow/dags/daily_summary.py for tasks to queue
[2025-11-14T17:32:28.934+0000] {logging_mixin.py:188} INFO - [2025-11-14T17:32:28.934+0000] {dagbag.py:538} INFO - Filling up the DagBag from /opt/airflow/dags/daily_summary.py
[2025-11-14T17:32:29.085+0000] {processor.py:840} INFO - DAG(s) 'daily_summary' retrieved from /opt/airflow/dags/daily_summary.py
[2025-11-14T17:32:29.114+0000] {logging_mixin.py:188} INFO - [2025-11-14T17:32:29.114+0000] {dag.py:3036} INFO - Sync 1 DAGs
[2025-11-14T17:32:29.138+0000] {logging_mixin.py:188} INFO - [2025-11-14T17:32:29.138+0000] {dag.py:3823} INFO - Setting next_dagrun for daily_summary to 2025-11-14 00:00:00+00:00, run_after=2025-11-15 00:00:00+00:00
[2025-11-14T17:32:29.167+0000] {processor.py:183} INFO - Processing /opt/airflow/dags/daily_summary.py took 0.245 seconds
[2025-11-14T17:32:59.629+0000] {processor.py:161} INFO - Started process (PID=220) to work on /opt/airflow/dags/daily_summary.py
[2025-11-14T17:32:59.633+0000] {processor.py:830} INFO - Processing file /opt/airflow/dags/daily_summary.py for tasks to queue
[2025-11-14T17:32:59.636+0000] {logging_mixin.py:188} INFO - [2025-11-14T17:32:59.635+0000] {dagbag.py:538} INFO - Filling up the DagBag from /opt/airflow/dags/daily_summary.py
[2025-11-14T17:32:59.811+0000] {processor.py:840} INFO - DAG(s) 'daily_summary' retrieved from /opt/airflow/dags/daily_summary.py
[2025-11-14T17:32:59.862+0000] {logging_mixin.py:188} INFO - [2025-11-14T17:32:59.861+0000] {dag.py:3036} INFO - Sync 1 DAGs
[2025-11-14T17:32:59.888+0000] {logging_mixin.py:188} INFO - [2025-11-14T17:32:59.888+0000] {dag.py:3823} INFO - Setting next_dagrun for daily_summary to 2025-11-14 00:00:00+00:00, run_after=2025-11-15 00:00:00+00:00
[2025-11-14T17:32:59.930+0000] {processor.py:183} INFO - Processing /opt/airflow/dags/daily_summary.py took 0.310 seconds
[2025-11-14T17:33:30.074+0000] {processor.py:161} INFO - Started process (PID=225) to work on /opt/airflow/dags/daily_summary.py
[2025-11-14T17:33:30.077+0000] {processor.py:830} INFO - Processing file /opt/airflow/dags/daily_summary.py for tasks to queue
[2025-11-14T17:33:30.079+0000] {logging_mixin.py:188} INFO - [2025-11-14T17:33:30.079+0000] {dagbag.py:538} INFO - Filling up the DagBag from /opt/airflow/dags/daily_summary.py
[2025-11-14T17:33:30.238+0000] {processor.py:840} INFO - DAG(s) 'daily_summary' retrieved from /opt/airflow/dags/daily_summary.py
[2025-11-14T17:33:30.297+0000] {logging_mixin.py:188} INFO - [2025-11-14T17:33:30.296+0000] {dag.py:3036} INFO - Sync 1 DAGs
[2025-11-14T17:33:30.347+0000] {logging_mixin.py:188} INFO - [2025-11-14T17:33:30.346+0000] {dag.py:3823} INFO - Setting next_dagrun for daily_summary to 2025-11-14 00:00:00+00:00, run_after=2025-11-15 00:00:00+00:00
[2025-11-14T17:33:30.393+0000] {processor.py:183} INFO - Processing /opt/airflow/dags/daily_summary.py took 0.327 seconds
[2025-11-14T17:34:00.716+0000] {processor.py:161} INFO - Started process (PID=230) to work on /opt/airflow/dags/daily_summary.py
[2025-11-14T17:34:00.719+0000] {processor.py:830} INFO - Processing file /opt/airflow/dags/daily_summary.py for tasks to queue
[2025-11-14T17:34:00.721+0000] {logging_mixin.py:188} INFO - [2025-11-14T17:34:00.720+0000] {dagbag.py:538} INFO - Filling up the DagBag from /opt/airflow/dags/daily_summary.py
[2025-11-14T17:34:00.864+0000] {processor.py:840} INFO - DAG(s) 'daily_summary' retrieved from /opt/airflow/dags/daily_summary.py
[2025-11-14T17:34:00.909+0000] {logging_mixin.py:188} INFO - [2025-11-14T17:34:00.908+0000] {dag.py:3036} INFO - Sync 1 DAGs
[2025-11-14T17:34:00.945+0000] {logging_mixin.py:188} INFO - [2025-11-14T17:34:00.945+0000] {dag.py:3823} INFO - Setting next_dagrun for daily_summary to 2025-11-14 00:00:00+00:00, run_after=2025-11-15 00:00:00+00:00
[2025-11-14T17:34:00.974+0000] {processor.py:183} INFO - Processing /opt/airflow/dags/daily_summary.py took 0.265 seconds
[2025-11-14T17:34:31.159+0000] {processor.py:161} INFO - Started process (PID=235) to work on /opt/airflow/dags/daily_summary.py
[2025-11-14T17:34:31.162+0000] {processor.py:830} INFO - Processing file /opt/airflow/dags/daily_summary.py for tasks to queue
[2025-11-14T17:34:31.164+0000] {logging_mixin.py:188} INFO - [2025-11-14T17:34:31.164+0000] {dagbag.py:538} INFO - Filling up the DagBag from /opt/airflow/dags/daily_summary.py
[2025-11-14T17:34:31.294+0000] {processor.py:840} INFO - DAG(s) 'daily_summary' retrieved from /opt/airflow/dags/daily_summary.py
[2025-11-14T17:34:31.344+0000] {logging_mixin.py:188} INFO - [2025-11-14T17:34:31.343+0000] {dag.py:3036} INFO - Sync 1 DAGs
[2025-11-14T17:34:31.390+0000] {logging_mixin.py:188} INFO - [2025-11-14T17:34:31.390+0000] {dag.py:3823} INFO - Setting next_dagrun for daily_summary to 2025-11-14 00:00:00+00:00, run_after=2025-11-15 00:00:00+00:00
[2025-11-14T17:34:31.433+0000] {processor.py:183} INFO - Processing /opt/airflow/dags/daily_summary.py took 0.282 seconds
[2025-11-14T17:35:01.765+0000] {processor.py:161} INFO - Started process (PID=240) to work on /opt/airflow/dags/daily_summary.py
[2025-11-14T17:35:01.768+0000] {processor.py:830} INFO - Processing file /opt/airflow/dags/daily_summary.py for tasks to queue
[2025-11-14T17:35:01.771+0000] {logging_mixin.py:188} INFO - [2025-11-14T17:35:01.770+0000] {dagbag.py:538} INFO - Filling up the DagBag from /opt/airflow/dags/daily_summary.py
[2025-11-14T17:35:01.895+0000] {processor.py:840} INFO - DAG(s) 'daily_summary' retrieved from /opt/airflow/dags/daily_summary.py
[2025-11-14T17:35:01.924+0000] {logging_mixin.py:188} INFO - [2025-11-14T17:35:01.924+0000] {dag.py:3036} INFO - Sync 1 DAGs
[2025-11-14T17:35:01.948+0000] {logging_mixin.py:188} INFO - [2025-11-14T17:35:01.948+0000] {dag.py:3823} INFO - Setting next_dagrun for daily_summary to 2025-11-14 00:00:00+00:00, run_after=2025-11-15 00:00:00+00:00
[2025-11-14T17:35:01.971+0000] {processor.py:183} INFO - Processing /opt/airflow/dags/daily_summary.py took 0.217 seconds
[2025-11-14T17:35:32.201+0000] {processor.py:161} INFO - Started process (PID=245) to work on /opt/airflow/dags/daily_summary.py
[2025-11-14T17:35:32.202+0000] {processor.py:830} INFO - Processing file /opt/airflow/dags/daily_summary.py for tasks to queue
[2025-11-14T17:35:32.204+0000] {logging_mixin.py:188} INFO - [2025-11-14T17:35:32.204+0000] {dagbag.py:538} INFO - Filling up the DagBag from /opt/airflow/dags/daily_summary.py
[2025-11-14T17:35:32.305+0000] {processor.py:840} INFO - DAG(s) 'daily_summary' retrieved from /opt/airflow/dags/daily_summary.py
[2025-11-14T17:35:32.333+0000] {logging_mixin.py:188} INFO - [2025-11-14T17:35:32.332+0000] {dag.py:3036} INFO - Sync 1 DAGs
[2025-11-14T17:35:32.366+0000] {logging_mixin.py:188} INFO - [2025-11-14T17:35:32.365+0000] {dag.py:3823} INFO - Setting next_dagrun for daily_summary to 2025-11-14 00:00:00+00:00, run_after=2025-11-15 00:00:00+00:00
[2025-11-14T17:35:32.414+0000] {processor.py:183} INFO - Processing /opt/airflow/dags/daily_summary.py took 0.217 seconds
[2025-11-14T17:36:02.722+0000] {processor.py:161} INFO - Started process (PID=250) to work on /opt/airflow/dags/daily_summary.py
[2025-11-14T17:36:02.724+0000] {processor.py:830} INFO - Processing file /opt/airflow/dags/daily_summary.py for tasks to queue
[2025-11-14T17:36:02.725+0000] {logging_mixin.py:188} INFO - [2025-11-14T17:36:02.725+0000] {dagbag.py:538} INFO - Filling up the DagBag from /opt/airflow/dags/daily_summary.py
[2025-11-14T17:36:02.834+0000] {processor.py:840} INFO - DAG(s) 'daily_summary' retrieved from /opt/airflow/dags/daily_summary.py
[2025-11-14T17:36:02.869+0000] {logging_mixin.py:188} INFO - [2025-11-14T17:36:02.868+0000] {dag.py:3036} INFO - Sync 1 DAGs
[2025-11-14T17:36:02.891+0000] {logging_mixin.py:188} INFO - [2025-11-14T17:36:02.891+0000] {dag.py:3823} INFO - Setting next_dagrun for daily_summary to 2025-11-14 00:00:00+00:00, run_after=2025-11-15 00:00:00+00:00
[2025-11-14T17:36:02.927+0000] {processor.py:183} INFO - Processing /opt/airflow/dags/daily_summary.py took 0.209 seconds
[2025-11-14T17:36:33.191+0000] {processor.py:161} INFO - Started process (PID=255) to work on /opt/airflow/dags/daily_summary.py
[2025-11-14T17:36:33.193+0000] {processor.py:830} INFO - Processing file /opt/airflow/dags/daily_summary.py for tasks to queue
[2025-11-14T17:36:33.196+0000] {logging_mixin.py:188} INFO - [2025-11-14T17:36:33.195+0000] {dagbag.py:538} INFO - Filling up the DagBag from /opt/airflow/dags/daily_summary.py
[2025-11-14T17:36:33.364+0000] {processor.py:840} INFO - DAG(s) 'daily_summary' retrieved from /opt/airflow/dags/daily_summary.py
[2025-11-14T17:36:33.416+0000] {logging_mixin.py:188} INFO - [2025-11-14T17:36:33.415+0000] {dag.py:3036} INFO - Sync 1 DAGs
[2025-11-14T17:36:33.464+0000] {logging_mixin.py:188} INFO - [2025-11-14T17:36:33.464+0000] {dag.py:3823} INFO - Setting next_dagrun for daily_summary to 2025-11-14 00:00:00+00:00, run_after=2025-11-15 00:00:00+00:00
[2025-11-14T17:36:33.525+0000] {processor.py:183} INFO - Processing /opt/airflow/dags/daily_summary.py took 0.339 seconds
[2025-11-14T17:37:03.757+0000] {processor.py:161} INFO - Started process (PID=260) to work on /opt/airflow/dags/daily_summary.py
[2025-11-14T17:37:03.760+0000] {processor.py:830} INFO - Processing file /opt/airflow/dags/daily_summary.py for tasks to queue
[2025-11-14T17:37:03.762+0000] {logging_mixin.py:188} INFO - [2025-11-14T17:37:03.762+0000] {dagbag.py:538} INFO - Filling up the DagBag from /opt/airflow/dags/daily_summary.py
[2025-11-14T17:37:03.911+0000] {processor.py:840} INFO - DAG(s) 'daily_summary' retrieved from /opt/airflow/dags/daily_summary.py
[2025-11-14T17:37:03.946+0000] {logging_mixin.py:188} INFO - [2025-11-14T17:37:03.946+0000] {dag.py:3036} INFO - Sync 1 DAGs
[2025-11-14T17:37:03.981+0000] {logging_mixin.py:188} INFO - [2025-11-14T17:37:03.980+0000] {dag.py:3823} INFO - Setting next_dagrun for daily_summary to 2025-11-14 00:00:00+00:00, run_after=2025-11-15 00:00:00+00:00
[2025-11-14T17:37:04.034+0000] {processor.py:183} INFO - Processing /opt/airflow/dags/daily_summary.py took 0.285 seconds
[2025-11-14T17:39:56.284+0000] {processor.py:161} INFO - Started process (PID=175) to work on /opt/airflow/dags/daily_summary.py
[2025-11-14T17:39:56.286+0000] {processor.py:830} INFO - Processing file /opt/airflow/dags/daily_summary.py for tasks to queue
[2025-11-14T17:39:56.288+0000] {logging_mixin.py:188} INFO - [2025-11-14T17:39:56.288+0000] {dagbag.py:538} INFO - Filling up the DagBag from /opt/airflow/dags/daily_summary.py
[2025-11-14T17:39:56.426+0000] {processor.py:840} INFO - DAG(s) 'daily_summary' retrieved from /opt/airflow/dags/daily_summary.py
[2025-11-14T17:39:56.459+0000] {logging_mixin.py:188} INFO - [2025-11-14T17:39:56.459+0000] {dag.py:3036} INFO - Sync 1 DAGs
[2025-11-14T17:39:56.506+0000] {logging_mixin.py:188} INFO - [2025-11-14T17:39:56.506+0000] {dag.py:3823} INFO - Setting next_dagrun for daily_summary to 2025-11-14 00:00:00+00:00, run_after=2025-11-15 00:00:00+00:00
[2025-11-14T17:39:56.566+0000] {processor.py:183} INFO - Processing /opt/airflow/dags/daily_summary.py took 0.287 seconds
[2025-11-14T17:40:26.927+0000] {processor.py:161} INFO - Started process (PID=180) to work on /opt/airflow/dags/daily_summary.py
[2025-11-14T17:40:26.929+0000] {processor.py:830} INFO - Processing file /opt/airflow/dags/daily_summary.py for tasks to queue
[2025-11-14T17:40:26.930+0000] {logging_mixin.py:188} INFO - [2025-11-14T17:40:26.930+0000] {dagbag.py:538} INFO - Filling up the DagBag from /opt/airflow/dags/daily_summary.py
[2025-11-14T17:40:27.043+0000] {processor.py:840} INFO - DAG(s) 'daily_summary' retrieved from /opt/airflow/dags/daily_summary.py
[2025-11-14T17:40:27.392+0000] {logging_mixin.py:188} INFO - [2025-11-14T17:40:27.392+0000] {dag.py:3036} INFO - Sync 1 DAGs
[2025-11-14T17:40:27.440+0000] {logging_mixin.py:188} INFO - [2025-11-14T17:40:27.440+0000] {dag.py:3823} INFO - Setting next_dagrun for daily_summary to 2025-11-14 00:00:00+00:00, run_after=2025-11-15 00:00:00+00:00
[2025-11-14T17:40:27.487+0000] {processor.py:183} INFO - Processing /opt/airflow/dags/daily_summary.py took 0.564 seconds
[2025-11-14T17:40:57.928+0000] {processor.py:161} INFO - Started process (PID=185) to work on /opt/airflow/dags/daily_summary.py
[2025-11-14T17:40:57.931+0000] {processor.py:830} INFO - Processing file /opt/airflow/dags/daily_summary.py for tasks to queue
[2025-11-14T17:40:57.932+0000] {logging_mixin.py:188} INFO - [2025-11-14T17:40:57.932+0000] {dagbag.py:538} INFO - Filling up the DagBag from /opt/airflow/dags/daily_summary.py
[2025-11-14T17:40:58.077+0000] {processor.py:840} INFO - DAG(s) 'daily_summary' retrieved from /opt/airflow/dags/daily_summary.py
[2025-11-14T17:40:58.114+0000] {logging_mixin.py:188} INFO - [2025-11-14T17:40:58.114+0000] {dag.py:3036} INFO - Sync 1 DAGs
[2025-11-14T17:40:58.144+0000] {logging_mixin.py:188} INFO - [2025-11-14T17:40:58.143+0000] {dag.py:3823} INFO - Setting next_dagrun for daily_summary to 2025-11-14 00:00:00+00:00, run_after=2025-11-15 00:00:00+00:00
[2025-11-14T17:40:58.196+0000] {processor.py:183} INFO - Processing /opt/airflow/dags/daily_summary.py took 0.275 seconds
[2025-11-14T17:41:28.327+0000] {processor.py:161} INFO - Started process (PID=190) to work on /opt/airflow/dags/daily_summary.py
[2025-11-14T17:41:28.331+0000] {processor.py:830} INFO - Processing file /opt/airflow/dags/daily_summary.py for tasks to queue
[2025-11-14T17:41:28.334+0000] {logging_mixin.py:188} INFO - [2025-11-14T17:41:28.333+0000] {dagbag.py:538} INFO - Filling up the DagBag from /opt/airflow/dags/daily_summary.py
[2025-11-14T17:41:28.518+0000] {processor.py:840} INFO - DAG(s) 'daily_summary' retrieved from /opt/airflow/dags/daily_summary.py
[2025-11-14T17:41:28.583+0000] {logging_mixin.py:188} INFO - [2025-11-14T17:41:28.583+0000] {dag.py:3036} INFO - Sync 1 DAGs
[2025-11-14T17:41:28.633+0000] {logging_mixin.py:188} INFO - [2025-11-14T17:41:28.632+0000] {dag.py:3823} INFO - Setting next_dagrun for daily_summary to 2025-11-14 00:00:00+00:00, run_after=2025-11-15 00:00:00+00:00
[2025-11-14T17:41:28.692+0000] {processor.py:183} INFO - Processing /opt/airflow/dags/daily_summary.py took 0.374 seconds
[2025-11-14T17:41:59.002+0000] {processor.py:161} INFO - Started process (PID=195) to work on /opt/airflow/dags/daily_summary.py
[2025-11-14T17:41:59.005+0000] {processor.py:830} INFO - Processing file /opt/airflow/dags/daily_summary.py for tasks to queue
[2025-11-14T17:41:59.007+0000] {logging_mixin.py:188} INFO - [2025-11-14T17:41:59.007+0000] {dagbag.py:538} INFO - Filling up the DagBag from /opt/airflow/dags/daily_summary.py
[2025-11-14T17:41:59.141+0000] {processor.py:840} INFO - DAG(s) 'daily_summary' retrieved from /opt/airflow/dags/daily_summary.py
[2025-11-14T17:41:59.184+0000] {logging_mixin.py:188} INFO - [2025-11-14T17:41:59.183+0000] {dag.py:3036} INFO - Sync 1 DAGs
[2025-11-14T17:41:59.232+0000] {logging_mixin.py:188} INFO - [2025-11-14T17:41:59.232+0000] {dag.py:3823} INFO - Setting next_dagrun for daily_summary to 2025-11-14 00:00:00+00:00, run_after=2025-11-15 00:00:00+00:00
[2025-11-14T17:41:59.284+0000] {processor.py:183} INFO - Processing /opt/airflow/dags/daily_summary.py took 0.291 seconds
[2025-11-14T17:42:29.450+0000] {processor.py:161} INFO - Started process (PID=200) to work on /opt/airflow/dags/daily_summary.py
[2025-11-14T17:42:29.452+0000] {processor.py:830} INFO - Processing file /opt/airflow/dags/daily_summary.py for tasks to queue
[2025-11-14T17:42:29.454+0000] {logging_mixin.py:188} INFO - [2025-11-14T17:42:29.454+0000] {dagbag.py:538} INFO - Filling up the DagBag from /opt/airflow/dags/daily_summary.py
[2025-11-14T17:42:29.595+0000] {processor.py:840} INFO - DAG(s) 'daily_summary' retrieved from /opt/airflow/dags/daily_summary.py
[2025-11-14T17:42:29.629+0000] {logging_mixin.py:188} INFO - [2025-11-14T17:42:29.629+0000] {dag.py:3036} INFO - Sync 1 DAGs
[2025-11-14T17:42:29.659+0000] {logging_mixin.py:188} INFO - [2025-11-14T17:42:29.658+0000] {dag.py:3823} INFO - Setting next_dagrun for daily_summary to 2025-11-14 00:00:00+00:00, run_after=2025-11-15 00:00:00+00:00
[2025-11-14T17:42:29.688+0000] {processor.py:183} INFO - Processing /opt/airflow/dags/daily_summary.py took 0.245 seconds
[2025-11-14T17:43:00.034+0000] {processor.py:161} INFO - Started process (PID=205) to work on /opt/airflow/dags/daily_summary.py
[2025-11-14T17:43:00.036+0000] {processor.py:830} INFO - Processing file /opt/airflow/dags/daily_summary.py for tasks to queue
[2025-11-14T17:43:00.038+0000] {logging_mixin.py:188} INFO - [2025-11-14T17:43:00.037+0000] {dagbag.py:538} INFO - Filling up the DagBag from /opt/airflow/dags/daily_summary.py
[2025-11-14T17:43:00.157+0000] {processor.py:840} INFO - DAG(s) 'daily_summary' retrieved from /opt/airflow/dags/daily_summary.py
[2025-11-14T17:43:00.192+0000] {logging_mixin.py:188} INFO - [2025-11-14T17:43:00.192+0000] {dag.py:3036} INFO - Sync 1 DAGs
[2025-11-14T17:43:00.220+0000] {logging_mixin.py:188} INFO - [2025-11-14T17:43:00.219+0000] {dag.py:3823} INFO - Setting next_dagrun for daily_summary to 2025-11-14 00:00:00+00:00, run_after=2025-11-15 00:00:00+00:00
[2025-11-14T17:43:00.259+0000] {processor.py:183} INFO - Processing /opt/airflow/dags/daily_summary.py took 0.229 seconds
[2025-11-14T17:43:30.394+0000] {processor.py:161} INFO - Started process (PID=210) to work on /opt/airflow/dags/daily_summary.py
[2025-11-14T17:43:30.397+0000] {processor.py:830} INFO - Processing file /opt/airflow/dags/daily_summary.py for tasks to queue
[2025-11-14T17:43:30.400+0000] {logging_mixin.py:188} INFO - [2025-11-14T17:43:30.399+0000] {dagbag.py:538} INFO - Filling up the DagBag from /opt/airflow/dags/daily_summary.py
[2025-11-14T17:43:30.601+0000] {processor.py:840} INFO - DAG(s) 'daily_summary' retrieved from /opt/airflow/dags/daily_summary.py
[2025-11-14T17:43:30.662+0000] {logging_mixin.py:188} INFO - [2025-11-14T17:43:30.661+0000] {dag.py:3036} INFO - Sync 1 DAGs
[2025-11-14T17:43:30.708+0000] {logging_mixin.py:188} INFO - [2025-11-14T17:43:30.707+0000] {dag.py:3823} INFO - Setting next_dagrun for daily_summary to 2025-11-14 00:00:00+00:00, run_after=2025-11-15 00:00:00+00:00
[2025-11-14T17:43:30.744+0000] {processor.py:183} INFO - Processing /opt/airflow/dags/daily_summary.py took 0.360 seconds
[2025-11-14T17:44:00.950+0000] {processor.py:161} INFO - Started process (PID=215) to work on /opt/airflow/dags/daily_summary.py
[2025-11-14T17:44:00.954+0000] {processor.py:830} INFO - Processing file /opt/airflow/dags/daily_summary.py for tasks to queue
[2025-11-14T17:44:00.957+0000] {logging_mixin.py:188} INFO - [2025-11-14T17:44:00.957+0000] {dagbag.py:538} INFO - Filling up the DagBag from /opt/airflow/dags/daily_summary.py
[2025-11-14T17:44:01.076+0000] {processor.py:840} INFO - DAG(s) 'daily_summary' retrieved from /opt/airflow/dags/daily_summary.py
[2025-11-14T17:44:01.111+0000] {logging_mixin.py:188} INFO - [2025-11-14T17:44:01.111+0000] {dag.py:3036} INFO - Sync 1 DAGs
[2025-11-14T17:44:01.140+0000] {logging_mixin.py:188} INFO - [2025-11-14T17:44:01.139+0000] {dag.py:3823} INFO - Setting next_dagrun for daily_summary to 2025-11-14 00:00:00+00:00, run_after=2025-11-15 00:00:00+00:00
[2025-11-14T17:44:01.177+0000] {processor.py:183} INFO - Processing /opt/airflow/dags/daily_summary.py took 0.234 seconds
[2025-11-14T17:44:31.421+0000] {processor.py:161} INFO - Started process (PID=220) to work on /opt/airflow/dags/daily_summary.py
[2025-11-14T17:44:31.423+0000] {processor.py:830} INFO - Processing file /opt/airflow/dags/daily_summary.py for tasks to queue
[2025-11-14T17:44:31.424+0000] {logging_mixin.py:188} INFO - [2025-11-14T17:44:31.424+0000] {dagbag.py:538} INFO - Filling up the DagBag from /opt/airflow/dags/daily_summary.py
[2025-11-14T17:44:31.560+0000] {processor.py:840} INFO - DAG(s) 'daily_summary' retrieved from /opt/airflow/dags/daily_summary.py
[2025-11-14T17:44:31.594+0000] {logging_mixin.py:188} INFO - [2025-11-14T17:44:31.594+0000] {dag.py:3036} INFO - Sync 1 DAGs
[2025-11-14T17:44:31.620+0000] {logging_mixin.py:188} INFO - [2025-11-14T17:44:31.620+0000] {dag.py:3823} INFO - Setting next_dagrun for daily_summary to 2025-11-14 00:00:00+00:00, run_after=2025-11-15 00:00:00+00:00
[2025-11-14T17:44:31.655+0000] {processor.py:183} INFO - Processing /opt/airflow/dags/daily_summary.py took 0.238 seconds
[2025-11-14T17:45:02.001+0000] {processor.py:161} INFO - Started process (PID=225) to work on /opt/airflow/dags/daily_summary.py
[2025-11-14T17:45:02.003+0000] {processor.py:830} INFO - Processing file /opt/airflow/dags/daily_summary.py for tasks to queue
[2025-11-14T17:45:02.005+0000] {logging_mixin.py:188} INFO - [2025-11-14T17:45:02.005+0000] {dagbag.py:538} INFO - Filling up the DagBag from /opt/airflow/dags/daily_summary.py
[2025-11-14T17:45:02.134+0000] {processor.py:840} INFO - DAG(s) 'daily_summary' retrieved from /opt/airflow/dags/daily_summary.py
[2025-11-14T17:45:02.166+0000] {logging_mixin.py:188} INFO - [2025-11-14T17:45:02.166+0000] {dag.py:3036} INFO - Sync 1 DAGs
[2025-11-14T17:45:02.196+0000] {logging_mixin.py:188} INFO - [2025-11-14T17:45:02.195+0000] {dag.py:3823} INFO - Setting next_dagrun for daily_summary to 2025-11-14 00:00:00+00:00, run_after=2025-11-15 00:00:00+00:00
[2025-11-14T17:45:02.242+0000] {processor.py:183} INFO - Processing /opt/airflow/dags/daily_summary.py took 0.246 seconds
[2025-11-14T17:45:32.390+0000] {processor.py:161} INFO - Started process (PID=230) to work on /opt/airflow/dags/daily_summary.py
[2025-11-14T17:45:32.392+0000] {processor.py:830} INFO - Processing file /opt/airflow/dags/daily_summary.py for tasks to queue
[2025-11-14T17:45:32.394+0000] {logging_mixin.py:188} INFO - [2025-11-14T17:45:32.393+0000] {dagbag.py:538} INFO - Filling up the DagBag from /opt/airflow/dags/daily_summary.py
[2025-11-14T17:45:32.511+0000] {processor.py:840} INFO - DAG(s) 'daily_summary' retrieved from /opt/airflow/dags/daily_summary.py
[2025-11-14T17:45:32.543+0000] {logging_mixin.py:188} INFO - [2025-11-14T17:45:32.543+0000] {dag.py:3036} INFO - Sync 1 DAGs
[2025-11-14T17:45:32.571+0000] {logging_mixin.py:188} INFO - [2025-11-14T17:45:32.571+0000] {dag.py:3823} INFO - Setting next_dagrun for daily_summary to 2025-11-14 00:00:00+00:00, run_after=2025-11-15 00:00:00+00:00
[2025-11-14T17:45:32.627+0000] {processor.py:183} INFO - Processing /opt/airflow/dags/daily_summary.py took 0.243 seconds
[2025-11-14T17:46:02.984+0000] {processor.py:161} INFO - Started process (PID=235) to work on /opt/airflow/dags/daily_summary.py
[2025-11-14T17:46:02.986+0000] {processor.py:830} INFO - Processing file /opt/airflow/dags/daily_summary.py for tasks to queue
[2025-11-14T17:46:02.987+0000] {logging_mixin.py:188} INFO - [2025-11-14T17:46:02.987+0000] {dagbag.py:538} INFO - Filling up the DagBag from /opt/airflow/dags/daily_summary.py
[2025-11-14T17:46:03.093+0000] {processor.py:840} INFO - DAG(s) 'daily_summary' retrieved from /opt/airflow/dags/daily_summary.py
[2025-11-14T17:46:03.123+0000] {logging_mixin.py:188} INFO - [2025-11-14T17:46:03.122+0000] {dag.py:3036} INFO - Sync 1 DAGs
[2025-11-14T17:46:03.152+0000] {logging_mixin.py:188} INFO - [2025-11-14T17:46:03.152+0000] {dag.py:3823} INFO - Setting next_dagrun for daily_summary to 2025-11-14 00:00:00+00:00, run_after=2025-11-15 00:00:00+00:00
[2025-11-14T17:46:03.211+0000] {processor.py:183} INFO - Processing /opt/airflow/dags/daily_summary.py took 0.230 seconds
[2025-11-14T17:46:33.385+0000] {processor.py:161} INFO - Started process (PID=240) to work on /opt/airflow/dags/daily_summary.py
[2025-11-14T17:46:33.387+0000] {processor.py:830} INFO - Processing file /opt/airflow/dags/daily_summary.py for tasks to queue
[2025-11-14T17:46:33.389+0000] {logging_mixin.py:188} INFO - [2025-11-14T17:46:33.389+0000] {dagbag.py:538} INFO - Filling up the DagBag from /opt/airflow/dags/daily_summary.py
[2025-11-14T17:46:33.522+0000] {processor.py:840} INFO - DAG(s) 'daily_summary' retrieved from /opt/airflow/dags/daily_summary.py
[2025-11-14T17:46:33.577+0000] {logging_mixin.py:188} INFO - [2025-11-14T17:46:33.577+0000] {dag.py:3036} INFO - Sync 1 DAGs
[2025-11-14T17:46:33.604+0000] {logging_mixin.py:188} INFO - [2025-11-14T17:46:33.604+0000] {dag.py:3823} INFO - Setting next_dagrun for daily_summary to 2025-11-14 00:00:00+00:00, run_after=2025-11-15 00:00:00+00:00
[2025-11-14T17:46:33.649+0000] {processor.py:183} INFO - Processing /opt/airflow/dags/daily_summary.py took 0.273 seconds
[2025-11-14T17:47:03.965+0000] {processor.py:161} INFO - Started process (PID=245) to work on /opt/airflow/dags/daily_summary.py
[2025-11-14T17:47:03.967+0000] {processor.py:830} INFO - Processing file /opt/airflow/dags/daily_summary.py for tasks to queue
[2025-11-14T17:47:03.969+0000] {logging_mixin.py:188} INFO - [2025-11-14T17:47:03.968+0000] {dagbag.py:538} INFO - Filling up the DagBag from /opt/airflow/dags/daily_summary.py
[2025-11-14T17:47:04.090+0000] {processor.py:840} INFO - DAG(s) 'daily_summary' retrieved from /opt/airflow/dags/daily_summary.py
[2025-11-14T17:47:04.124+0000] {logging_mixin.py:188} INFO - [2025-11-14T17:47:04.123+0000] {dag.py:3036} INFO - Sync 1 DAGs
[2025-11-14T17:47:04.156+0000] {logging_mixin.py:188} INFO - [2025-11-14T17:47:04.155+0000] {dag.py:3823} INFO - Setting next_dagrun for daily_summary to 2025-11-14 00:00:00+00:00, run_after=2025-11-15 00:00:00+00:00
[2025-11-14T17:47:04.192+0000] {processor.py:183} INFO - Processing /opt/airflow/dags/daily_summary.py took 0.233 seconds
[2025-11-14T17:47:34.421+0000] {processor.py:161} INFO - Started process (PID=250) to work on /opt/airflow/dags/daily_summary.py
[2025-11-14T17:47:34.423+0000] {processor.py:830} INFO - Processing file /opt/airflow/dags/daily_summary.py for tasks to queue
[2025-11-14T17:47:34.425+0000] {logging_mixin.py:188} INFO - [2025-11-14T17:47:34.425+0000] {dagbag.py:538} INFO - Filling up the DagBag from /opt/airflow/dags/daily_summary.py
[2025-11-14T17:47:34.568+0000] {processor.py:840} INFO - DAG(s) 'daily_summary' retrieved from /opt/airflow/dags/daily_summary.py
[2025-11-14T17:47:34.607+0000] {logging_mixin.py:188} INFO - [2025-11-14T17:47:34.607+0000] {dag.py:3036} INFO - Sync 1 DAGs
[2025-11-14T17:47:34.635+0000] {logging_mixin.py:188} INFO - [2025-11-14T17:47:34.635+0000] {dag.py:3823} INFO - Setting next_dagrun for daily_summary to 2025-11-14 00:00:00+00:00, run_after=2025-11-15 00:00:00+00:00
[2025-11-14T17:47:34.671+0000] {processor.py:183} INFO - Processing /opt/airflow/dags/daily_summary.py took 0.254 seconds
[2025-11-14T17:48:04.924+0000] {processor.py:161} INFO - Started process (PID=255) to work on /opt/airflow/dags/daily_summary.py
[2025-11-14T17:48:04.926+0000] {processor.py:830} INFO - Processing file /opt/airflow/dags/daily_summary.py for tasks to queue
[2025-11-14T17:48:04.928+0000] {logging_mixin.py:188} INFO - [2025-11-14T17:48:04.927+0000] {dagbag.py:538} INFO - Filling up the DagBag from /opt/airflow/dags/daily_summary.py
[2025-11-14T17:48:05.039+0000] {processor.py:840} INFO - DAG(s) 'daily_summary' retrieved from /opt/airflow/dags/daily_summary.py
[2025-11-14T17:48:05.076+0000] {logging_mixin.py:188} INFO - [2025-11-14T17:48:05.076+0000] {dag.py:3036} INFO - Sync 1 DAGs
[2025-11-14T17:48:05.107+0000] {logging_mixin.py:188} INFO - [2025-11-14T17:48:05.106+0000] {dag.py:3823} INFO - Setting next_dagrun for daily_summary to 2025-11-14 00:00:00+00:00, run_after=2025-11-15 00:00:00+00:00
[2025-11-14T17:48:05.147+0000] {processor.py:183} INFO - Processing /opt/airflow/dags/daily_summary.py took 0.229 seconds
[2025-11-14T17:48:35.379+0000] {processor.py:161} INFO - Started process (PID=260) to work on /opt/airflow/dags/daily_summary.py
[2025-11-14T17:48:35.381+0000] {processor.py:830} INFO - Processing file /opt/airflow/dags/daily_summary.py for tasks to queue
[2025-11-14T17:48:35.384+0000] {logging_mixin.py:188} INFO - [2025-11-14T17:48:35.383+0000] {dagbag.py:538} INFO - Filling up the DagBag from /opt/airflow/dags/daily_summary.py
[2025-11-14T17:48:35.502+0000] {processor.py:840} INFO - DAG(s) 'daily_summary' retrieved from /opt/airflow/dags/daily_summary.py
[2025-11-14T17:48:35.536+0000] {logging_mixin.py:188} INFO - [2025-11-14T17:48:35.536+0000] {dag.py:3036} INFO - Sync 1 DAGs
[2025-11-14T17:48:35.564+0000] {logging_mixin.py:188} INFO - [2025-11-14T17:48:35.564+0000] {dag.py:3823} INFO - Setting next_dagrun for daily_summary to 2025-11-14 00:00:00+00:00, run_after=2025-11-15 00:00:00+00:00
[2025-11-14T17:48:35.598+0000] {processor.py:183} INFO - Processing /opt/airflow/dags/daily_summary.py took 0.232 seconds
[2025-11-14T17:49:05.866+0000] {processor.py:161} INFO - Started process (PID=265) to work on /opt/airflow/dags/daily_summary.py
[2025-11-14T17:49:05.868+0000] {processor.py:830} INFO - Processing file /opt/airflow/dags/daily_summary.py for tasks to queue
[2025-11-14T17:49:05.871+0000] {logging_mixin.py:188} INFO - [2025-11-14T17:49:05.870+0000] {dagbag.py:538} INFO - Filling up the DagBag from /opt/airflow/dags/daily_summary.py
[2025-11-14T17:49:06.017+0000] {processor.py:840} INFO - DAG(s) 'daily_summary' retrieved from /opt/airflow/dags/daily_summary.py
[2025-11-14T17:49:06.051+0000] {logging_mixin.py:188} INFO - [2025-11-14T17:49:06.051+0000] {dag.py:3036} INFO - Sync 1 DAGs
[2025-11-14T17:49:06.082+0000] {logging_mixin.py:188} INFO - [2025-11-14T17:49:06.082+0000] {dag.py:3823} INFO - Setting next_dagrun for daily_summary to 2025-11-14 00:00:00+00:00, run_after=2025-11-15 00:00:00+00:00
[2025-11-14T17:49:06.112+0000] {processor.py:183} INFO - Processing /opt/airflow/dags/daily_summary.py took 0.252 seconds
[2025-11-14T17:49:36.280+0000] {processor.py:161} INFO - Started process (PID=270) to work on /opt/airflow/dags/daily_summary.py
[2025-11-14T17:49:36.283+0000] {processor.py:830} INFO - Processing file /opt/airflow/dags/daily_summary.py for tasks to queue
[2025-11-14T17:49:36.286+0000] {logging_mixin.py:188} INFO - [2025-11-14T17:49:36.285+0000] {dagbag.py:538} INFO - Filling up the DagBag from /opt/airflow/dags/daily_summary.py
[2025-11-14T17:49:36.450+0000] {processor.py:840} INFO - DAG(s) 'daily_summary' retrieved from /opt/airflow/dags/daily_summary.py
[2025-11-14T17:49:36.480+0000] {logging_mixin.py:188} INFO - [2025-11-14T17:49:36.479+0000] {dag.py:3036} INFO - Sync 1 DAGs
[2025-11-14T17:49:36.508+0000] {logging_mixin.py:188} INFO - [2025-11-14T17:49:36.508+0000] {dag.py:3823} INFO - Setting next_dagrun for daily_summary to 2025-11-14 00:00:00+00:00, run_after=2025-11-15 00:00:00+00:00
[2025-11-14T17:49:36.540+0000] {processor.py:183} INFO - Processing /opt/airflow/dags/daily_summary.py took 0.268 seconds
[2025-11-14T17:50:06.900+0000] {processor.py:161} INFO - Started process (PID=275) to work on /opt/airflow/dags/daily_summary.py
[2025-11-14T17:50:06.901+0000] {processor.py:830} INFO - Processing file /opt/airflow/dags/daily_summary.py for tasks to queue
[2025-11-14T17:50:06.904+0000] {logging_mixin.py:188} INFO - [2025-11-14T17:50:06.903+0000] {dagbag.py:538} INFO - Filling up the DagBag from /opt/airflow/dags/daily_summary.py
[2025-11-14T17:50:07.037+0000] {processor.py:840} INFO - DAG(s) 'daily_summary' retrieved from /opt/airflow/dags/daily_summary.py
[2025-11-14T17:50:07.075+0000] {logging_mixin.py:188} INFO - [2025-11-14T17:50:07.075+0000] {dag.py:3036} INFO - Sync 1 DAGs
[2025-11-14T17:50:07.121+0000] {logging_mixin.py:188} INFO - [2025-11-14T17:50:07.120+0000] {dag.py:3823} INFO - Setting next_dagrun for daily_summary to 2025-11-14 00:00:00+00:00, run_after=2025-11-15 00:00:00+00:00
[2025-11-14T17:50:07.167+0000] {processor.py:183} INFO - Processing /opt/airflow/dags/daily_summary.py took 0.274 seconds
[2025-11-14T17:50:37.579+0000] {processor.py:161} INFO - Started process (PID=280) to work on /opt/airflow/dags/daily_summary.py
[2025-11-14T17:50:37.581+0000] {processor.py:830} INFO - Processing file /opt/airflow/dags/daily_summary.py for tasks to queue
[2025-11-14T17:50:37.583+0000] {logging_mixin.py:188} INFO - [2025-11-14T17:50:37.582+0000] {dagbag.py:538} INFO - Filling up the DagBag from /opt/airflow/dags/daily_summary.py
[2025-11-14T17:50:37.695+0000] {processor.py:840} INFO - DAG(s) 'daily_summary' retrieved from /opt/airflow/dags/daily_summary.py
[2025-11-14T17:50:37.730+0000] {logging_mixin.py:188} INFO - [2025-11-14T17:50:37.729+0000] {dag.py:3036} INFO - Sync 1 DAGs
[2025-11-14T17:50:37.771+0000] {logging_mixin.py:188} INFO - [2025-11-14T17:50:37.770+0000] {dag.py:3823} INFO - Setting next_dagrun for daily_summary to 2025-11-14 00:00:00+00:00, run_after=2025-11-15 00:00:00+00:00
[2025-11-14T17:50:37.816+0000] {processor.py:183} INFO - Processing /opt/airflow/dags/daily_summary.py took 0.244 seconds
[2025-11-14T17:51:50.577+0000] {processor.py:161} INFO - Started process (PID=175) to work on /opt/airflow/dags/daily_summary.py
[2025-11-14T17:51:50.579+0000] {processor.py:830} INFO - Processing file /opt/airflow/dags/daily_summary.py for tasks to queue
[2025-11-14T17:51:50.581+0000] {logging_mixin.py:188} INFO - [2025-11-14T17:51:50.580+0000] {dagbag.py:538} INFO - Filling up the DagBag from /opt/airflow/dags/daily_summary.py
[2025-11-14T17:51:50.728+0000] {processor.py:840} INFO - DAG(s) 'daily_summary' retrieved from /opt/airflow/dags/daily_summary.py
[2025-11-14T17:51:50.790+0000] {logging_mixin.py:188} INFO - [2025-11-14T17:51:50.789+0000] {dag.py:3036} INFO - Sync 1 DAGs
[2025-11-14T17:51:50.841+0000] {logging_mixin.py:188} INFO - [2025-11-14T17:51:50.841+0000] {dag.py:3823} INFO - Setting next_dagrun for daily_summary to 2025-11-14 00:00:00+00:00, run_after=2025-11-15 00:00:00+00:00
[2025-11-14T17:51:50.877+0000] {processor.py:183} INFO - Processing /opt/airflow/dags/daily_summary.py took 0.306 seconds
[2025-11-14T17:52:21.231+0000] {processor.py:161} INFO - Started process (PID=180) to work on /opt/airflow/dags/daily_summary.py
[2025-11-14T17:52:21.233+0000] {processor.py:830} INFO - Processing file /opt/airflow/dags/daily_summary.py for tasks to queue
[2025-11-14T17:52:21.235+0000] {logging_mixin.py:188} INFO - [2025-11-14T17:52:21.234+0000] {dagbag.py:538} INFO - Filling up the DagBag from /opt/airflow/dags/daily_summary.py
[2025-11-14T17:52:21.355+0000] {processor.py:840} INFO - DAG(s) 'daily_summary' retrieved from /opt/airflow/dags/daily_summary.py
[2025-11-14T17:52:21.588+0000] {logging_mixin.py:188} INFO - [2025-11-14T17:52:21.587+0000] {dag.py:3036} INFO - Sync 1 DAGs
[2025-11-14T17:52:21.615+0000] {logging_mixin.py:188} INFO - [2025-11-14T17:52:21.615+0000] {dag.py:3823} INFO - Setting next_dagrun for daily_summary to 2025-11-14 00:00:00+00:00, run_after=2025-11-15 00:00:00+00:00
[2025-11-14T17:52:21.674+0000] {processor.py:183} INFO - Processing /opt/airflow/dags/daily_summary.py took 0.450 seconds
[2025-11-14T17:52:51.992+0000] {processor.py:161} INFO - Started process (PID=185) to work on /opt/airflow/dags/daily_summary.py
[2025-11-14T17:52:51.993+0000] {processor.py:830} INFO - Processing file /opt/airflow/dags/daily_summary.py for tasks to queue
[2025-11-14T17:52:51.994+0000] {logging_mixin.py:188} INFO - [2025-11-14T17:52:51.993+0000] {dagbag.py:538} INFO - Filling up the DagBag from /opt/airflow/dags/daily_summary.py
[2025-11-14T17:52:52.056+0000] {processor.py:840} INFO - DAG(s) 'daily_summary' retrieved from /opt/airflow/dags/daily_summary.py
[2025-11-14T17:52:52.083+0000] {logging_mixin.py:188} INFO - [2025-11-14T17:52:52.082+0000] {dag.py:3036} INFO - Sync 1 DAGs
[2025-11-14T17:52:52.107+0000] {logging_mixin.py:188} INFO - [2025-11-14T17:52:52.107+0000] {dag.py:3823} INFO - Setting next_dagrun for daily_summary to 2025-11-14 00:00:00+00:00, run_after=2025-11-15 00:00:00+00:00
[2025-11-14T17:52:52.127+0000] {processor.py:183} INFO - Processing /opt/airflow/dags/daily_summary.py took 0.139 seconds
[2025-11-14T17:53:22.176+0000] {processor.py:161} INFO - Started process (PID=190) to work on /opt/airflow/dags/daily_summary.py
[2025-11-14T17:53:22.177+0000] {processor.py:830} INFO - Processing file /opt/airflow/dags/daily_summary.py for tasks to queue
[2025-11-14T17:53:22.178+0000] {logging_mixin.py:188} INFO - [2025-11-14T17:53:22.177+0000] {dagbag.py:538} INFO - Filling up the DagBag from /opt/airflow/dags/daily_summary.py
[2025-11-14T17:53:22.243+0000] {processor.py:840} INFO - DAG(s) 'daily_summary' retrieved from /opt/airflow/dags/daily_summary.py
[2025-11-14T17:53:22.267+0000] {logging_mixin.py:188} INFO - [2025-11-14T17:53:22.267+0000] {dag.py:3036} INFO - Sync 1 DAGs
[2025-11-14T17:53:22.287+0000] {logging_mixin.py:188} INFO - [2025-11-14T17:53:22.286+0000] {dag.py:3823} INFO - Setting next_dagrun for daily_summary to 2025-11-14 00:00:00+00:00, run_after=2025-11-15 00:00:00+00:00
[2025-11-14T17:53:22.308+0000] {processor.py:183} INFO - Processing /opt/airflow/dags/daily_summary.py took 0.135 seconds
[2025-11-14T17:53:52.517+0000] {processor.py:161} INFO - Started process (PID=195) to work on /opt/airflow/dags/daily_summary.py
[2025-11-14T17:53:52.518+0000] {processor.py:830} INFO - Processing file /opt/airflow/dags/daily_summary.py for tasks to queue
[2025-11-14T17:53:52.519+0000] {logging_mixin.py:188} INFO - [2025-11-14T17:53:52.519+0000] {dagbag.py:538} INFO - Filling up the DagBag from /opt/airflow/dags/daily_summary.py
[2025-11-14T17:53:52.587+0000] {processor.py:840} INFO - DAG(s) 'daily_summary' retrieved from /opt/airflow/dags/daily_summary.py
[2025-11-14T17:53:52.617+0000] {logging_mixin.py:188} INFO - [2025-11-14T17:53:52.616+0000] {dag.py:3036} INFO - Sync 1 DAGs
[2025-11-14T17:53:52.652+0000] {logging_mixin.py:188} INFO - [2025-11-14T17:53:52.652+0000] {dag.py:3823} INFO - Setting next_dagrun for daily_summary to 2025-11-14 00:00:00+00:00, run_after=2025-11-15 00:00:00+00:00
[2025-11-14T17:53:52.683+0000] {processor.py:183} INFO - Processing /opt/airflow/dags/daily_summary.py took 0.168 seconds
[2025-11-14T17:54:22.735+0000] {processor.py:161} INFO - Started process (PID=200) to work on /opt/airflow/dags/daily_summary.py
[2025-11-14T17:54:22.736+0000] {processor.py:830} INFO - Processing file /opt/airflow/dags/daily_summary.py for tasks to queue
[2025-11-14T17:54:22.737+0000] {logging_mixin.py:188} INFO - [2025-11-14T17:54:22.737+0000] {dagbag.py:538} INFO - Filling up the DagBag from /opt/airflow/dags/daily_summary.py
[2025-11-14T17:54:22.790+0000] {processor.py:840} INFO - DAG(s) 'daily_summary' retrieved from /opt/airflow/dags/daily_summary.py
[2025-11-14T17:54:22.812+0000] {logging_mixin.py:188} INFO - [2025-11-14T17:54:22.812+0000] {dag.py:3036} INFO - Sync 1 DAGs
[2025-11-14T17:54:22.829+0000] {logging_mixin.py:188} INFO - [2025-11-14T17:54:22.829+0000] {dag.py:3823} INFO - Setting next_dagrun for daily_summary to 2025-11-14 00:00:00+00:00, run_after=2025-11-15 00:00:00+00:00
[2025-11-14T17:54:22.849+0000] {processor.py:183} INFO - Processing /opt/airflow/dags/daily_summary.py took 0.117 seconds
[2025-11-14T17:54:52.934+0000] {processor.py:161} INFO - Started process (PID=205) to work on /opt/airflow/dags/daily_summary.py
[2025-11-14T17:54:52.935+0000] {processor.py:830} INFO - Processing file /opt/airflow/dags/daily_summary.py for tasks to queue
[2025-11-14T17:54:52.936+0000] {logging_mixin.py:188} INFO - [2025-11-14T17:54:52.936+0000] {dagbag.py:538} INFO - Filling up the DagBag from /opt/airflow/dags/daily_summary.py
[2025-11-14T17:54:52.992+0000] {processor.py:840} INFO - DAG(s) 'daily_summary' retrieved from /opt/airflow/dags/daily_summary.py
[2025-11-14T17:54:53.014+0000] {logging_mixin.py:188} INFO - [2025-11-14T17:54:53.014+0000] {dag.py:3036} INFO - Sync 1 DAGs
[2025-11-14T17:54:53.032+0000] {logging_mixin.py:188} INFO - [2025-11-14T17:54:53.032+0000] {dag.py:3823} INFO - Setting next_dagrun for daily_summary to 2025-11-14 00:00:00+00:00, run_after=2025-11-15 00:00:00+00:00
[2025-11-14T17:54:53.051+0000] {processor.py:183} INFO - Processing /opt/airflow/dags/daily_summary.py took 0.120 seconds
[2025-11-14T17:55:23.248+0000] {processor.py:161} INFO - Started process (PID=210) to work on /opt/airflow/dags/daily_summary.py
[2025-11-14T17:55:23.249+0000] {processor.py:830} INFO - Processing file /opt/airflow/dags/daily_summary.py for tasks to queue
[2025-11-14T17:55:23.250+0000] {logging_mixin.py:188} INFO - [2025-11-14T17:55:23.250+0000] {dagbag.py:538} INFO - Filling up the DagBag from /opt/airflow/dags/daily_summary.py
[2025-11-14T17:55:23.302+0000] {processor.py:840} INFO - DAG(s) 'daily_summary' retrieved from /opt/airflow/dags/daily_summary.py
[2025-11-14T17:55:23.323+0000] {logging_mixin.py:188} INFO - [2025-11-14T17:55:23.323+0000] {dag.py:3036} INFO - Sync 1 DAGs
[2025-11-14T17:55:23.344+0000] {logging_mixin.py:188} INFO - [2025-11-14T17:55:23.344+0000] {dag.py:3823} INFO - Setting next_dagrun for daily_summary to 2025-11-14 00:00:00+00:00, run_after=2025-11-15 00:00:00+00:00
[2025-11-14T17:55:23.372+0000] {processor.py:183} INFO - Processing /opt/airflow/dags/daily_summary.py took 0.127 seconds
[2025-11-14T17:55:53.469+0000] {processor.py:161} INFO - Started process (PID=215) to work on /opt/airflow/dags/daily_summary.py
[2025-11-14T17:55:53.470+0000] {processor.py:830} INFO - Processing file /opt/airflow/dags/daily_summary.py for tasks to queue
[2025-11-14T17:55:53.471+0000] {logging_mixin.py:188} INFO - [2025-11-14T17:55:53.471+0000] {dagbag.py:538} INFO - Filling up the DagBag from /opt/airflow/dags/daily_summary.py
[2025-11-14T17:55:53.529+0000] {processor.py:840} INFO - DAG(s) 'daily_summary' retrieved from /opt/airflow/dags/daily_summary.py
[2025-11-14T17:55:53.552+0000] {logging_mixin.py:188} INFO - [2025-11-14T17:55:53.552+0000] {dag.py:3036} INFO - Sync 1 DAGs
[2025-11-14T17:55:53.571+0000] {logging_mixin.py:188} INFO - [2025-11-14T17:55:53.570+0000] {dag.py:3823} INFO - Setting next_dagrun for daily_summary to 2025-11-14 00:00:00+00:00, run_after=2025-11-15 00:00:00+00:00
[2025-11-14T17:55:53.589+0000] {processor.py:183} INFO - Processing /opt/airflow/dags/daily_summary.py took 0.123 seconds
[2025-11-14T17:56:23.774+0000] {processor.py:161} INFO - Started process (PID=220) to work on /opt/airflow/dags/daily_summary.py
[2025-11-14T17:56:23.775+0000] {processor.py:830} INFO - Processing file /opt/airflow/dags/daily_summary.py for tasks to queue
[2025-11-14T17:56:23.775+0000] {logging_mixin.py:188} INFO - [2025-11-14T17:56:23.775+0000] {dagbag.py:538} INFO - Filling up the DagBag from /opt/airflow/dags/daily_summary.py
[2025-11-14T17:56:23.832+0000] {processor.py:840} INFO - DAG(s) 'daily_summary' retrieved from /opt/airflow/dags/daily_summary.py
[2025-11-14T17:56:23.855+0000] {logging_mixin.py:188} INFO - [2025-11-14T17:56:23.855+0000] {dag.py:3036} INFO - Sync 1 DAGs
[2025-11-14T17:56:23.873+0000] {logging_mixin.py:188} INFO - [2025-11-14T17:56:23.872+0000] {dag.py:3823} INFO - Setting next_dagrun for daily_summary to 2025-11-14 00:00:00+00:00, run_after=2025-11-15 00:00:00+00:00
[2025-11-14T17:56:23.891+0000] {processor.py:183} INFO - Processing /opt/airflow/dags/daily_summary.py took 0.120 seconds
[2025-11-14T17:56:54.011+0000] {processor.py:161} INFO - Started process (PID=225) to work on /opt/airflow/dags/daily_summary.py
[2025-11-14T17:56:54.012+0000] {processor.py:830} INFO - Processing file /opt/airflow/dags/daily_summary.py for tasks to queue
[2025-11-14T17:56:54.013+0000] {logging_mixin.py:188} INFO - [2025-11-14T17:56:54.012+0000] {dagbag.py:538} INFO - Filling up the DagBag from /opt/airflow/dags/daily_summary.py
[2025-11-14T17:56:54.068+0000] {processor.py:840} INFO - DAG(s) 'daily_summary' retrieved from /opt/airflow/dags/daily_summary.py
[2025-11-14T17:56:54.089+0000] {logging_mixin.py:188} INFO - [2025-11-14T17:56:54.089+0000] {dag.py:3036} INFO - Sync 1 DAGs
[2025-11-14T17:56:54.107+0000] {logging_mixin.py:188} INFO - [2025-11-14T17:56:54.107+0000] {dag.py:3823} INFO - Setting next_dagrun for daily_summary to 2025-11-14 00:00:00+00:00, run_after=2025-11-15 00:00:00+00:00
[2025-11-14T17:56:54.126+0000] {processor.py:183} INFO - Processing /opt/airflow/dags/daily_summary.py took 0.119 seconds
[2025-11-14T17:57:24.285+0000] {processor.py:161} INFO - Started process (PID=230) to work on /opt/airflow/dags/daily_summary.py
[2025-11-14T17:57:24.286+0000] {processor.py:830} INFO - Processing file /opt/airflow/dags/daily_summary.py for tasks to queue
[2025-11-14T17:57:24.287+0000] {logging_mixin.py:188} INFO - [2025-11-14T17:57:24.287+0000] {dagbag.py:538} INFO - Filling up the DagBag from /opt/airflow/dags/daily_summary.py
[2025-11-14T17:57:24.344+0000] {processor.py:840} INFO - DAG(s) 'daily_summary' retrieved from /opt/airflow/dags/daily_summary.py
[2025-11-14T17:57:24.365+0000] {logging_mixin.py:188} INFO - [2025-11-14T17:57:24.365+0000] {dag.py:3036} INFO - Sync 1 DAGs
[2025-11-14T17:57:24.382+0000] {logging_mixin.py:188} INFO - [2025-11-14T17:57:24.382+0000] {dag.py:3823} INFO - Setting next_dagrun for daily_summary to 2025-11-14 00:00:00+00:00, run_after=2025-11-15 00:00:00+00:00
[2025-11-14T17:57:24.407+0000] {processor.py:183} INFO - Processing /opt/airflow/dags/daily_summary.py took 0.125 seconds
[2025-11-14T17:57:54.507+0000] {processor.py:161} INFO - Started process (PID=235) to work on /opt/airflow/dags/daily_summary.py
[2025-11-14T17:57:54.508+0000] {processor.py:830} INFO - Processing file /opt/airflow/dags/daily_summary.py for tasks to queue
[2025-11-14T17:57:54.509+0000] {logging_mixin.py:188} INFO - [2025-11-14T17:57:54.509+0000] {dagbag.py:538} INFO - Filling up the DagBag from /opt/airflow/dags/daily_summary.py
[2025-11-14T17:57:54.566+0000] {processor.py:840} INFO - DAG(s) 'daily_summary' retrieved from /opt/airflow/dags/daily_summary.py
[2025-11-14T17:57:54.592+0000] {logging_mixin.py:188} INFO - [2025-11-14T17:57:54.591+0000] {dag.py:3036} INFO - Sync 1 DAGs
[2025-11-14T17:57:54.611+0000] {logging_mixin.py:188} INFO - [2025-11-14T17:57:54.611+0000] {dag.py:3823} INFO - Setting next_dagrun for daily_summary to 2025-11-14 00:00:00+00:00, run_after=2025-11-15 00:00:00+00:00
[2025-11-14T17:57:54.630+0000] {processor.py:183} INFO - Processing /opt/airflow/dags/daily_summary.py took 0.125 seconds
[2025-11-14T17:58:24.814+0000] {processor.py:161} INFO - Started process (PID=240) to work on /opt/airflow/dags/daily_summary.py
[2025-11-14T17:58:24.815+0000] {processor.py:830} INFO - Processing file /opt/airflow/dags/daily_summary.py for tasks to queue
[2025-11-14T17:58:24.815+0000] {logging_mixin.py:188} INFO - [2025-11-14T17:58:24.815+0000] {dagbag.py:538} INFO - Filling up the DagBag from /opt/airflow/dags/daily_summary.py
[2025-11-14T17:58:24.869+0000] {processor.py:840} INFO - DAG(s) 'daily_summary' retrieved from /opt/airflow/dags/daily_summary.py
[2025-11-14T17:58:24.891+0000] {logging_mixin.py:188} INFO - [2025-11-14T17:58:24.890+0000] {dag.py:3036} INFO - Sync 1 DAGs
[2025-11-14T17:58:24.910+0000] {logging_mixin.py:188} INFO - [2025-11-14T17:58:24.910+0000] {dag.py:3823} INFO - Setting next_dagrun for daily_summary to 2025-11-14 00:00:00+00:00, run_after=2025-11-15 00:00:00+00:00
[2025-11-14T17:58:24.928+0000] {processor.py:183} INFO - Processing /opt/airflow/dags/daily_summary.py took 0.117 seconds
[2025-11-14T17:58:55.042+0000] {processor.py:161} INFO - Started process (PID=245) to work on /opt/airflow/dags/daily_summary.py
[2025-11-14T17:58:55.043+0000] {processor.py:830} INFO - Processing file /opt/airflow/dags/daily_summary.py for tasks to queue
[2025-11-14T17:58:55.044+0000] {logging_mixin.py:188} INFO - [2025-11-14T17:58:55.043+0000] {dagbag.py:538} INFO - Filling up the DagBag from /opt/airflow/dags/daily_summary.py
[2025-11-14T17:58:55.099+0000] {processor.py:840} INFO - DAG(s) 'daily_summary' retrieved from /opt/airflow/dags/daily_summary.py
[2025-11-14T17:58:55.120+0000] {logging_mixin.py:188} INFO - [2025-11-14T17:58:55.120+0000] {dag.py:3036} INFO - Sync 1 DAGs
[2025-11-14T17:58:55.138+0000] {logging_mixin.py:188} INFO - [2025-11-14T17:58:55.138+0000] {dag.py:3823} INFO - Setting next_dagrun for daily_summary to 2025-11-14 00:00:00+00:00, run_after=2025-11-15 00:00:00+00:00
[2025-11-14T17:58:55.157+0000] {processor.py:183} INFO - Processing /opt/airflow/dags/daily_summary.py took 0.119 seconds
[2025-11-14T17:59:25.347+0000] {processor.py:161} INFO - Started process (PID=250) to work on /opt/airflow/dags/daily_summary.py
[2025-11-14T17:59:25.348+0000] {processor.py:830} INFO - Processing file /opt/airflow/dags/daily_summary.py for tasks to queue
[2025-11-14T17:59:25.349+0000] {logging_mixin.py:188} INFO - [2025-11-14T17:59:25.349+0000] {dagbag.py:538} INFO - Filling up the DagBag from /opt/airflow/dags/daily_summary.py
[2025-11-14T17:59:25.402+0000] {processor.py:840} INFO - DAG(s) 'daily_summary' retrieved from /opt/airflow/dags/daily_summary.py
[2025-11-14T17:59:25.422+0000] {logging_mixin.py:188} INFO - [2025-11-14T17:59:25.422+0000] {dag.py:3036} INFO - Sync 1 DAGs
[2025-11-14T17:59:25.441+0000] {logging_mixin.py:188} INFO - [2025-11-14T17:59:25.440+0000] {dag.py:3823} INFO - Setting next_dagrun for daily_summary to 2025-11-14 00:00:00+00:00, run_after=2025-11-15 00:00:00+00:00
[2025-11-14T17:59:25.461+0000] {processor.py:183} INFO - Processing /opt/airflow/dags/daily_summary.py took 0.116 seconds
[2025-11-14T17:59:55.591+0000] {processor.py:161} INFO - Started process (PID=255) to work on /opt/airflow/dags/daily_summary.py
[2025-11-14T17:59:55.592+0000] {processor.py:830} INFO - Processing file /opt/airflow/dags/daily_summary.py for tasks to queue
[2025-11-14T17:59:55.593+0000] {logging_mixin.py:188} INFO - [2025-11-14T17:59:55.592+0000] {dagbag.py:538} INFO - Filling up the DagBag from /opt/airflow/dags/daily_summary.py
[2025-11-14T17:59:55.652+0000] {processor.py:840} INFO - DAG(s) 'daily_summary' retrieved from /opt/airflow/dags/daily_summary.py
[2025-11-14T17:59:55.674+0000] {logging_mixin.py:188} INFO - [2025-11-14T17:59:55.674+0000] {dag.py:3036} INFO - Sync 1 DAGs
[2025-11-14T17:59:55.692+0000] {logging_mixin.py:188} INFO - [2025-11-14T17:59:55.692+0000] {dag.py:3823} INFO - Setting next_dagrun for daily_summary to 2025-11-14 00:00:00+00:00, run_after=2025-11-15 00:00:00+00:00
[2025-11-14T17:59:55.723+0000] {processor.py:183} INFO - Processing /opt/airflow/dags/daily_summary.py took 0.136 seconds
[2025-11-14T18:00:25.915+0000] {processor.py:161} INFO - Started process (PID=260) to work on /opt/airflow/dags/daily_summary.py
[2025-11-14T18:00:25.916+0000] {processor.py:830} INFO - Processing file /opt/airflow/dags/daily_summary.py for tasks to queue
[2025-11-14T18:00:25.917+0000] {logging_mixin.py:188} INFO - [2025-11-14T18:00:25.917+0000] {dagbag.py:538} INFO - Filling up the DagBag from /opt/airflow/dags/daily_summary.py
[2025-11-14T18:00:25.993+0000] {processor.py:840} INFO - DAG(s) 'daily_summary' retrieved from /opt/airflow/dags/daily_summary.py
[2025-11-14T18:00:26.016+0000] {logging_mixin.py:188} INFO - [2025-11-14T18:00:26.016+0000] {dag.py:3036} INFO - Sync 1 DAGs
[2025-11-14T18:00:26.044+0000] {logging_mixin.py:188} INFO - [2025-11-14T18:00:26.044+0000] {dag.py:3823} INFO - Setting next_dagrun for daily_summary to 2025-11-14 00:00:00+00:00, run_after=2025-11-15 00:00:00+00:00
[2025-11-14T18:00:26.063+0000] {processor.py:183} INFO - Processing /opt/airflow/dags/daily_summary.py took 0.152 seconds
[2025-11-14T18:00:56.165+0000] {processor.py:161} INFO - Started process (PID=265) to work on /opt/airflow/dags/daily_summary.py
[2025-11-14T18:00:56.166+0000] {processor.py:830} INFO - Processing file /opt/airflow/dags/daily_summary.py for tasks to queue
[2025-11-14T18:00:56.167+0000] {logging_mixin.py:188} INFO - [2025-11-14T18:00:56.167+0000] {dagbag.py:538} INFO - Filling up the DagBag from /opt/airflow/dags/daily_summary.py
[2025-11-14T18:00:56.219+0000] {processor.py:840} INFO - DAG(s) 'daily_summary' retrieved from /opt/airflow/dags/daily_summary.py
[2025-11-14T18:00:56.240+0000] {logging_mixin.py:188} INFO - [2025-11-14T18:00:56.240+0000] {dag.py:3036} INFO - Sync 1 DAGs
[2025-11-14T18:00:56.259+0000] {logging_mixin.py:188} INFO - [2025-11-14T18:00:56.259+0000] {dag.py:3823} INFO - Setting next_dagrun for daily_summary to 2025-11-14 00:00:00+00:00, run_after=2025-11-15 00:00:00+00:00
[2025-11-14T18:00:56.290+0000] {processor.py:183} INFO - Processing /opt/airflow/dags/daily_summary.py took 0.128 seconds
[2025-11-14T18:01:26.500+0000] {processor.py:161} INFO - Started process (PID=270) to work on /opt/airflow/dags/daily_summary.py
[2025-11-14T18:01:26.501+0000] {processor.py:830} INFO - Processing file /opt/airflow/dags/daily_summary.py for tasks to queue
[2025-11-14T18:01:26.502+0000] {logging_mixin.py:188} INFO - [2025-11-14T18:01:26.502+0000] {dagbag.py:538} INFO - Filling up the DagBag from /opt/airflow/dags/daily_summary.py
[2025-11-14T18:01:26.558+0000] {processor.py:840} INFO - DAG(s) 'daily_summary' retrieved from /opt/airflow/dags/daily_summary.py
[2025-11-14T18:01:26.579+0000] {logging_mixin.py:188} INFO - [2025-11-14T18:01:26.579+0000] {dag.py:3036} INFO - Sync 1 DAGs
[2025-11-14T18:01:26.597+0000] {logging_mixin.py:188} INFO - [2025-11-14T18:01:26.597+0000] {dag.py:3823} INFO - Setting next_dagrun for daily_summary to 2025-11-14 00:00:00+00:00, run_after=2025-11-15 00:00:00+00:00
[2025-11-14T18:01:26.626+0000] {processor.py:183} INFO - Processing /opt/airflow/dags/daily_summary.py took 0.128 seconds
[2025-11-14T18:01:56.759+0000] {processor.py:161} INFO - Started process (PID=275) to work on /opt/airflow/dags/daily_summary.py
[2025-11-14T18:01:56.760+0000] {processor.py:830} INFO - Processing file /opt/airflow/dags/daily_summary.py for tasks to queue
[2025-11-14T18:01:56.761+0000] {logging_mixin.py:188} INFO - [2025-11-14T18:01:56.761+0000] {dagbag.py:538} INFO - Filling up the DagBag from /opt/airflow/dags/daily_summary.py
[2025-11-14T18:01:56.815+0000] {processor.py:840} INFO - DAG(s) 'daily_summary' retrieved from /opt/airflow/dags/daily_summary.py
[2025-11-14T18:01:56.839+0000] {logging_mixin.py:188} INFO - [2025-11-14T18:01:56.839+0000] {dag.py:3036} INFO - Sync 1 DAGs
[2025-11-14T18:01:56.857+0000] {logging_mixin.py:188} INFO - [2025-11-14T18:01:56.857+0000] {dag.py:3823} INFO - Setting next_dagrun for daily_summary to 2025-11-14 00:00:00+00:00, run_after=2025-11-15 00:00:00+00:00
[2025-11-14T18:01:56.874+0000] {processor.py:183} INFO - Processing /opt/airflow/dags/daily_summary.py took 0.118 seconds
[2025-11-14T18:02:27.088+0000] {processor.py:161} INFO - Started process (PID=280) to work on /opt/airflow/dags/daily_summary.py
[2025-11-14T18:02:27.089+0000] {processor.py:830} INFO - Processing file /opt/airflow/dags/daily_summary.py for tasks to queue
[2025-11-14T18:02:27.090+0000] {logging_mixin.py:188} INFO - [2025-11-14T18:02:27.090+0000] {dagbag.py:538} INFO - Filling up the DagBag from /opt/airflow/dags/daily_summary.py
[2025-11-14T18:02:27.145+0000] {processor.py:840} INFO - DAG(s) 'daily_summary' retrieved from /opt/airflow/dags/daily_summary.py
[2025-11-14T18:02:27.167+0000] {logging_mixin.py:188} INFO - [2025-11-14T18:02:27.167+0000] {dag.py:3036} INFO - Sync 1 DAGs
[2025-11-14T18:02:27.185+0000] {logging_mixin.py:188} INFO - [2025-11-14T18:02:27.185+0000] {dag.py:3823} INFO - Setting next_dagrun for daily_summary to 2025-11-14 00:00:00+00:00, run_after=2025-11-15 00:00:00+00:00
[2025-11-14T18:02:27.215+0000] {processor.py:183} INFO - Processing /opt/airflow/dags/daily_summary.py took 0.130 seconds
[2025-11-14T18:02:57.308+0000] {processor.py:161} INFO - Started process (PID=285) to work on /opt/airflow/dags/daily_summary.py
[2025-11-14T18:02:57.309+0000] {processor.py:830} INFO - Processing file /opt/airflow/dags/daily_summary.py for tasks to queue
[2025-11-14T18:02:57.310+0000] {logging_mixin.py:188} INFO - [2025-11-14T18:02:57.309+0000] {dagbag.py:538} INFO - Filling up the DagBag from /opt/airflow/dags/daily_summary.py
[2025-11-14T18:02:57.365+0000] {processor.py:840} INFO - DAG(s) 'daily_summary' retrieved from /opt/airflow/dags/daily_summary.py
[2025-11-14T18:02:57.386+0000] {logging_mixin.py:188} INFO - [2025-11-14T18:02:57.386+0000] {dag.py:3036} INFO - Sync 1 DAGs
[2025-11-14T18:02:57.406+0000] {logging_mixin.py:188} INFO - [2025-11-14T18:02:57.406+0000] {dag.py:3823} INFO - Setting next_dagrun for daily_summary to 2025-11-14 00:00:00+00:00, run_after=2025-11-15 00:00:00+00:00
[2025-11-14T18:02:57.435+0000] {processor.py:183} INFO - Processing /opt/airflow/dags/daily_summary.py took 0.132 seconds
[2025-11-14T18:03:27.668+0000] {processor.py:161} INFO - Started process (PID=290) to work on /opt/airflow/dags/daily_summary.py
[2025-11-14T18:03:27.670+0000] {processor.py:830} INFO - Processing file /opt/airflow/dags/daily_summary.py for tasks to queue
[2025-11-14T18:03:27.670+0000] {logging_mixin.py:188} INFO - [2025-11-14T18:03:27.670+0000] {dagbag.py:538} INFO - Filling up the DagBag from /opt/airflow/dags/daily_summary.py
[2025-11-14T18:03:27.725+0000] {processor.py:840} INFO - DAG(s) 'daily_summary' retrieved from /opt/airflow/dags/daily_summary.py
[2025-11-14T18:03:27.750+0000] {logging_mixin.py:188} INFO - [2025-11-14T18:03:27.750+0000] {dag.py:3036} INFO - Sync 1 DAGs
[2025-11-14T18:03:27.770+0000] {logging_mixin.py:188} INFO - [2025-11-14T18:03:27.770+0000] {dag.py:3823} INFO - Setting next_dagrun for daily_summary to 2025-11-14 00:00:00+00:00, run_after=2025-11-15 00:00:00+00:00
[2025-11-14T18:03:27.792+0000] {processor.py:183} INFO - Processing /opt/airflow/dags/daily_summary.py took 0.126 seconds
[2025-11-14T18:03:57.896+0000] {processor.py:161} INFO - Started process (PID=295) to work on /opt/airflow/dags/daily_summary.py
[2025-11-14T18:03:57.897+0000] {processor.py:830} INFO - Processing file /opt/airflow/dags/daily_summary.py for tasks to queue
[2025-11-14T18:03:57.898+0000] {logging_mixin.py:188} INFO - [2025-11-14T18:03:57.898+0000] {dagbag.py:538} INFO - Filling up the DagBag from /opt/airflow/dags/daily_summary.py
[2025-11-14T18:03:57.954+0000] {processor.py:840} INFO - DAG(s) 'daily_summary' retrieved from /opt/airflow/dags/daily_summary.py
[2025-11-14T18:03:57.978+0000] {logging_mixin.py:188} INFO - [2025-11-14T18:03:57.978+0000] {dag.py:3036} INFO - Sync 1 DAGs
[2025-11-14T18:03:57.998+0000] {logging_mixin.py:188} INFO - [2025-11-14T18:03:57.998+0000] {dag.py:3823} INFO - Setting next_dagrun for daily_summary to 2025-11-14 00:00:00+00:00, run_after=2025-11-15 00:00:00+00:00
[2025-11-14T18:03:58.017+0000] {processor.py:183} INFO - Processing /opt/airflow/dags/daily_summary.py took 0.125 seconds
[2025-11-14T18:04:28.219+0000] {processor.py:161} INFO - Started process (PID=300) to work on /opt/airflow/dags/daily_summary.py
[2025-11-14T18:04:28.220+0000] {processor.py:830} INFO - Processing file /opt/airflow/dags/daily_summary.py for tasks to queue
[2025-11-14T18:04:28.221+0000] {logging_mixin.py:188} INFO - [2025-11-14T18:04:28.221+0000] {dagbag.py:538} INFO - Filling up the DagBag from /opt/airflow/dags/daily_summary.py
[2025-11-14T18:04:28.272+0000] {processor.py:840} INFO - DAG(s) 'daily_summary' retrieved from /opt/airflow/dags/daily_summary.py
[2025-11-14T18:04:28.295+0000] {logging_mixin.py:188} INFO - [2025-11-14T18:04:28.295+0000] {dag.py:3036} INFO - Sync 1 DAGs
[2025-11-14T18:04:28.315+0000] {logging_mixin.py:188} INFO - [2025-11-14T18:04:28.315+0000] {dag.py:3823} INFO - Setting next_dagrun for daily_summary to 2025-11-14 00:00:00+00:00, run_after=2025-11-15 00:00:00+00:00
[2025-11-14T18:04:28.334+0000] {processor.py:183} INFO - Processing /opt/airflow/dags/daily_summary.py took 0.117 seconds
[2025-11-14T18:04:58.444+0000] {processor.py:161} INFO - Started process (PID=305) to work on /opt/airflow/dags/daily_summary.py
[2025-11-14T18:04:58.445+0000] {processor.py:830} INFO - Processing file /opt/airflow/dags/daily_summary.py for tasks to queue
[2025-11-14T18:04:58.446+0000] {logging_mixin.py:188} INFO - [2025-11-14T18:04:58.446+0000] {dagbag.py:538} INFO - Filling up the DagBag from /opt/airflow/dags/daily_summary.py
[2025-11-14T18:04:58.505+0000] {processor.py:840} INFO - DAG(s) 'daily_summary' retrieved from /opt/airflow/dags/daily_summary.py
[2025-11-14T18:04:58.530+0000] {logging_mixin.py:188} INFO - [2025-11-14T18:04:58.530+0000] {dag.py:3036} INFO - Sync 1 DAGs
[2025-11-14T18:04:58.551+0000] {logging_mixin.py:188} INFO - [2025-11-14T18:04:58.550+0000] {dag.py:3823} INFO - Setting next_dagrun for daily_summary to 2025-11-14 00:00:00+00:00, run_after=2025-11-15 00:00:00+00:00
[2025-11-14T18:04:58.580+0000] {processor.py:183} INFO - Processing /opt/airflow/dags/daily_summary.py took 0.139 seconds
[2025-11-14T18:05:28.770+0000] {processor.py:161} INFO - Started process (PID=310) to work on /opt/airflow/dags/daily_summary.py
[2025-11-14T18:05:28.771+0000] {processor.py:830} INFO - Processing file /opt/airflow/dags/daily_summary.py for tasks to queue
[2025-11-14T18:05:28.772+0000] {logging_mixin.py:188} INFO - [2025-11-14T18:05:28.772+0000] {dagbag.py:538} INFO - Filling up the DagBag from /opt/airflow/dags/daily_summary.py
[2025-11-14T18:05:28.830+0000] {processor.py:840} INFO - DAG(s) 'daily_summary' retrieved from /opt/airflow/dags/daily_summary.py
[2025-11-14T18:05:28.856+0000] {logging_mixin.py:188} INFO - [2025-11-14T18:05:28.856+0000] {dag.py:3036} INFO - Sync 1 DAGs
[2025-11-14T18:05:28.876+0000] {logging_mixin.py:188} INFO - [2025-11-14T18:05:28.875+0000] {dag.py:3823} INFO - Setting next_dagrun for daily_summary to 2025-11-14 00:00:00+00:00, run_after=2025-11-15 00:00:00+00:00
[2025-11-14T18:05:28.896+0000] {processor.py:183} INFO - Processing /opt/airflow/dags/daily_summary.py took 0.129 seconds
[2025-11-14T18:05:59.008+0000] {processor.py:161} INFO - Started process (PID=315) to work on /opt/airflow/dags/daily_summary.py
[2025-11-14T18:05:59.009+0000] {processor.py:830} INFO - Processing file /opt/airflow/dags/daily_summary.py for tasks to queue
[2025-11-14T18:05:59.010+0000] {logging_mixin.py:188} INFO - [2025-11-14T18:05:59.010+0000] {dagbag.py:538} INFO - Filling up the DagBag from /opt/airflow/dags/daily_summary.py
[2025-11-14T18:05:59.075+0000] {processor.py:840} INFO - DAG(s) 'daily_summary' retrieved from /opt/airflow/dags/daily_summary.py
[2025-11-14T18:05:59.101+0000] {logging_mixin.py:188} INFO - [2025-11-14T18:05:59.101+0000] {dag.py:3036} INFO - Sync 1 DAGs
[2025-11-14T18:05:59.119+0000] {logging_mixin.py:188} INFO - [2025-11-14T18:05:59.118+0000] {dag.py:3823} INFO - Setting next_dagrun for daily_summary to 2025-11-14 00:00:00+00:00, run_after=2025-11-15 00:00:00+00:00
[2025-11-14T18:05:59.138+0000] {processor.py:183} INFO - Processing /opt/airflow/dags/daily_summary.py took 0.133 seconds
[2025-11-14T18:06:29.312+0000] {processor.py:161} INFO - Started process (PID=320) to work on /opt/airflow/dags/daily_summary.py
[2025-11-14T18:06:29.313+0000] {processor.py:830} INFO - Processing file /opt/airflow/dags/daily_summary.py for tasks to queue
[2025-11-14T18:06:29.314+0000] {logging_mixin.py:188} INFO - [2025-11-14T18:06:29.313+0000] {dagbag.py:538} INFO - Filling up the DagBag from /opt/airflow/dags/daily_summary.py
[2025-11-14T18:06:29.369+0000] {processor.py:840} INFO - DAG(s) 'daily_summary' retrieved from /opt/airflow/dags/daily_summary.py
[2025-11-14T18:06:29.392+0000] {logging_mixin.py:188} INFO - [2025-11-14T18:06:29.392+0000] {dag.py:3036} INFO - Sync 1 DAGs
[2025-11-14T18:06:29.409+0000] {logging_mixin.py:188} INFO - [2025-11-14T18:06:29.408+0000] {dag.py:3823} INFO - Setting next_dagrun for daily_summary to 2025-11-14 00:00:00+00:00, run_after=2025-11-15 00:00:00+00:00
[2025-11-14T18:06:29.428+0000] {processor.py:183} INFO - Processing /opt/airflow/dags/daily_summary.py took 0.119 seconds
[2025-11-14T18:06:59.570+0000] {processor.py:161} INFO - Started process (PID=325) to work on /opt/airflow/dags/daily_summary.py
[2025-11-14T18:06:59.571+0000] {processor.py:830} INFO - Processing file /opt/airflow/dags/daily_summary.py for tasks to queue
[2025-11-14T18:06:59.572+0000] {logging_mixin.py:188} INFO - [2025-11-14T18:06:59.572+0000] {dagbag.py:538} INFO - Filling up the DagBag from /opt/airflow/dags/daily_summary.py
[2025-11-14T18:06:59.630+0000] {processor.py:840} INFO - DAG(s) 'daily_summary' retrieved from /opt/airflow/dags/daily_summary.py
[2025-11-14T18:06:59.652+0000] {logging_mixin.py:188} INFO - [2025-11-14T18:06:59.652+0000] {dag.py:3036} INFO - Sync 1 DAGs
[2025-11-14T18:06:59.670+0000] {logging_mixin.py:188} INFO - [2025-11-14T18:06:59.669+0000] {dag.py:3823} INFO - Setting next_dagrun for daily_summary to 2025-11-14 00:00:00+00:00, run_after=2025-11-15 00:00:00+00:00
[2025-11-14T18:06:59.689+0000] {processor.py:183} INFO - Processing /opt/airflow/dags/daily_summary.py took 0.122 seconds
[2025-11-14T18:07:29.897+0000] {processor.py:161} INFO - Started process (PID=330) to work on /opt/airflow/dags/daily_summary.py
[2025-11-14T18:07:29.898+0000] {processor.py:830} INFO - Processing file /opt/airflow/dags/daily_summary.py for tasks to queue
[2025-11-14T18:07:29.899+0000] {logging_mixin.py:188} INFO - [2025-11-14T18:07:29.898+0000] {dagbag.py:538} INFO - Filling up the DagBag from /opt/airflow/dags/daily_summary.py
[2025-11-14T18:07:29.954+0000] {processor.py:840} INFO - DAG(s) 'daily_summary' retrieved from /opt/airflow/dags/daily_summary.py
[2025-11-14T18:07:29.978+0000] {logging_mixin.py:188} INFO - [2025-11-14T18:07:29.978+0000] {dag.py:3036} INFO - Sync 1 DAGs
[2025-11-14T18:07:29.999+0000] {logging_mixin.py:188} INFO - [2025-11-14T18:07:29.999+0000] {dag.py:3823} INFO - Setting next_dagrun for daily_summary to 2025-11-14 00:00:00+00:00, run_after=2025-11-15 00:00:00+00:00
[2025-11-14T18:07:30.030+0000] {processor.py:183} INFO - Processing /opt/airflow/dags/daily_summary.py took 0.136 seconds
[2025-11-14T18:08:00.130+0000] {processor.py:161} INFO - Started process (PID=335) to work on /opt/airflow/dags/daily_summary.py
[2025-11-14T18:08:00.131+0000] {processor.py:830} INFO - Processing file /opt/airflow/dags/daily_summary.py for tasks to queue
[2025-11-14T18:08:00.132+0000] {logging_mixin.py:188} INFO - [2025-11-14T18:08:00.132+0000] {dagbag.py:538} INFO - Filling up the DagBag from /opt/airflow/dags/daily_summary.py
[2025-11-14T18:08:00.191+0000] {processor.py:840} INFO - DAG(s) 'daily_summary' retrieved from /opt/airflow/dags/daily_summary.py
[2025-11-14T18:08:00.214+0000] {logging_mixin.py:188} INFO - [2025-11-14T18:08:00.214+0000] {dag.py:3036} INFO - Sync 1 DAGs
[2025-11-14T18:08:00.235+0000] {logging_mixin.py:188} INFO - [2025-11-14T18:08:00.235+0000] {dag.py:3823} INFO - Setting next_dagrun for daily_summary to 2025-11-14 00:00:00+00:00, run_after=2025-11-15 00:00:00+00:00
[2025-11-14T18:08:00.252+0000] {processor.py:183} INFO - Processing /opt/airflow/dags/daily_summary.py took 0.125 seconds
[2025-11-14T18:08:30.467+0000] {processor.py:161} INFO - Started process (PID=340) to work on /opt/airflow/dags/daily_summary.py
[2025-11-14T18:08:30.468+0000] {processor.py:830} INFO - Processing file /opt/airflow/dags/daily_summary.py for tasks to queue
[2025-11-14T18:08:30.469+0000] {logging_mixin.py:188} INFO - [2025-11-14T18:08:30.468+0000] {dagbag.py:538} INFO - Filling up the DagBag from /opt/airflow/dags/daily_summary.py
[2025-11-14T18:08:30.522+0000] {processor.py:840} INFO - DAG(s) 'daily_summary' retrieved from /opt/airflow/dags/daily_summary.py
[2025-11-14T18:08:30.542+0000] {logging_mixin.py:188} INFO - [2025-11-14T18:08:30.542+0000] {dag.py:3036} INFO - Sync 1 DAGs
[2025-11-14T18:08:30.558+0000] {logging_mixin.py:188} INFO - [2025-11-14T18:08:30.558+0000] {dag.py:3823} INFO - Setting next_dagrun for daily_summary to 2025-11-14 00:00:00+00:00, run_after=2025-11-15 00:00:00+00:00
[2025-11-14T18:08:30.587+0000] {processor.py:183} INFO - Processing /opt/airflow/dags/daily_summary.py took 0.123 seconds
[2025-11-14T18:09:00.712+0000] {processor.py:161} INFO - Started process (PID=345) to work on /opt/airflow/dags/daily_summary.py
[2025-11-14T18:09:00.713+0000] {processor.py:830} INFO - Processing file /opt/airflow/dags/daily_summary.py for tasks to queue
[2025-11-14T18:09:00.714+0000] {logging_mixin.py:188} INFO - [2025-11-14T18:09:00.713+0000] {dagbag.py:538} INFO - Filling up the DagBag from /opt/airflow/dags/daily_summary.py
[2025-11-14T18:09:00.769+0000] {processor.py:840} INFO - DAG(s) 'daily_summary' retrieved from /opt/airflow/dags/daily_summary.py
[2025-11-14T18:09:00.791+0000] {logging_mixin.py:188} INFO - [2025-11-14T18:09:00.791+0000] {dag.py:3036} INFO - Sync 1 DAGs
[2025-11-14T18:09:00.812+0000] {logging_mixin.py:188} INFO - [2025-11-14T18:09:00.811+0000] {dag.py:3823} INFO - Setting next_dagrun for daily_summary to 2025-11-14 00:00:00+00:00, run_after=2025-11-15 00:00:00+00:00
[2025-11-14T18:09:00.834+0000] {processor.py:183} INFO - Processing /opt/airflow/dags/daily_summary.py took 0.125 seconds
[2025-11-14T18:09:31.024+0000] {processor.py:161} INFO - Started process (PID=350) to work on /opt/airflow/dags/daily_summary.py
[2025-11-14T18:09:31.025+0000] {processor.py:830} INFO - Processing file /opt/airflow/dags/daily_summary.py for tasks to queue
[2025-11-14T18:09:31.025+0000] {logging_mixin.py:188} INFO - [2025-11-14T18:09:31.025+0000] {dagbag.py:538} INFO - Filling up the DagBag from /opt/airflow/dags/daily_summary.py
[2025-11-14T18:09:31.082+0000] {processor.py:840} INFO - DAG(s) 'daily_summary' retrieved from /opt/airflow/dags/daily_summary.py
[2025-11-14T18:09:31.101+0000] {logging_mixin.py:188} INFO - [2025-11-14T18:09:31.101+0000] {dag.py:3036} INFO - Sync 1 DAGs
[2025-11-14T18:09:31.120+0000] {logging_mixin.py:188} INFO - [2025-11-14T18:09:31.120+0000] {dag.py:3823} INFO - Setting next_dagrun for daily_summary to 2025-11-14 00:00:00+00:00, run_after=2025-11-15 00:00:00+00:00
[2025-11-14T18:09:31.151+0000] {processor.py:183} INFO - Processing /opt/airflow/dags/daily_summary.py took 0.129 seconds
[2025-11-14T18:10:01.271+0000] {processor.py:161} INFO - Started process (PID=355) to work on /opt/airflow/dags/daily_summary.py
[2025-11-14T18:10:01.272+0000] {processor.py:830} INFO - Processing file /opt/airflow/dags/daily_summary.py for tasks to queue
[2025-11-14T18:10:01.273+0000] {logging_mixin.py:188} INFO - [2025-11-14T18:10:01.273+0000] {dagbag.py:538} INFO - Filling up the DagBag from /opt/airflow/dags/daily_summary.py
[2025-11-14T18:10:01.329+0000] {processor.py:840} INFO - DAG(s) 'daily_summary' retrieved from /opt/airflow/dags/daily_summary.py
[2025-11-14T18:10:01.350+0000] {logging_mixin.py:188} INFO - [2025-11-14T18:10:01.350+0000] {dag.py:3036} INFO - Sync 1 DAGs
[2025-11-14T18:10:01.369+0000] {logging_mixin.py:188} INFO - [2025-11-14T18:10:01.369+0000] {dag.py:3823} INFO - Setting next_dagrun for daily_summary to 2025-11-14 00:00:00+00:00, run_after=2025-11-15 00:00:00+00:00
[2025-11-14T18:10:01.397+0000] {processor.py:183} INFO - Processing /opt/airflow/dags/daily_summary.py took 0.129 seconds
[2025-11-14T18:10:31.601+0000] {processor.py:161} INFO - Started process (PID=360) to work on /opt/airflow/dags/daily_summary.py
[2025-11-14T18:10:31.602+0000] {processor.py:830} INFO - Processing file /opt/airflow/dags/daily_summary.py for tasks to queue
[2025-11-14T18:10:31.603+0000] {logging_mixin.py:188} INFO - [2025-11-14T18:10:31.603+0000] {dagbag.py:538} INFO - Filling up the DagBag from /opt/airflow/dags/daily_summary.py
[2025-11-14T18:10:31.658+0000] {processor.py:840} INFO - DAG(s) 'daily_summary' retrieved from /opt/airflow/dags/daily_summary.py
[2025-11-14T18:10:31.681+0000] {logging_mixin.py:188} INFO - [2025-11-14T18:10:31.681+0000] {dag.py:3036} INFO - Sync 1 DAGs
[2025-11-14T18:10:31.700+0000] {logging_mixin.py:188} INFO - [2025-11-14T18:10:31.700+0000] {dag.py:3823} INFO - Setting next_dagrun for daily_summary to 2025-11-14 00:00:00+00:00, run_after=2025-11-15 00:00:00+00:00
[2025-11-14T18:10:31.720+0000] {processor.py:183} INFO - Processing /opt/airflow/dags/daily_summary.py took 0.121 seconds
[2025-11-14T18:11:01.870+0000] {processor.py:161} INFO - Started process (PID=365) to work on /opt/airflow/dags/daily_summary.py
[2025-11-14T18:11:01.871+0000] {processor.py:830} INFO - Processing file /opt/airflow/dags/daily_summary.py for tasks to queue
[2025-11-14T18:11:01.872+0000] {logging_mixin.py:188} INFO - [2025-11-14T18:11:01.872+0000] {dagbag.py:538} INFO - Filling up the DagBag from /opt/airflow/dags/daily_summary.py
[2025-11-14T18:11:01.924+0000] {processor.py:840} INFO - DAG(s) 'daily_summary' retrieved from /opt/airflow/dags/daily_summary.py
[2025-11-14T18:11:01.946+0000] {logging_mixin.py:188} INFO - [2025-11-14T18:11:01.946+0000] {dag.py:3036} INFO - Sync 1 DAGs
[2025-11-14T18:11:01.965+0000] {logging_mixin.py:188} INFO - [2025-11-14T18:11:01.965+0000] {dag.py:3823} INFO - Setting next_dagrun for daily_summary to 2025-11-14 00:00:00+00:00, run_after=2025-11-15 00:00:00+00:00
[2025-11-14T18:11:01.984+0000] {processor.py:183} INFO - Processing /opt/airflow/dags/daily_summary.py took 0.117 seconds
[2025-11-14T18:11:32.177+0000] {processor.py:161} INFO - Started process (PID=370) to work on /opt/airflow/dags/daily_summary.py
[2025-11-14T18:11:32.178+0000] {processor.py:830} INFO - Processing file /opt/airflow/dags/daily_summary.py for tasks to queue
[2025-11-14T18:11:32.180+0000] {logging_mixin.py:188} INFO - [2025-11-14T18:11:32.179+0000] {dagbag.py:538} INFO - Filling up the DagBag from /opt/airflow/dags/daily_summary.py
[2025-11-14T18:11:32.247+0000] {processor.py:840} INFO - DAG(s) 'daily_summary' retrieved from /opt/airflow/dags/daily_summary.py
[2025-11-14T18:11:32.276+0000] {logging_mixin.py:188} INFO - [2025-11-14T18:11:32.276+0000] {dag.py:3036} INFO - Sync 1 DAGs
[2025-11-14T18:11:32.298+0000] {logging_mixin.py:188} INFO - [2025-11-14T18:11:32.298+0000] {dag.py:3823} INFO - Setting next_dagrun for daily_summary to 2025-11-14 00:00:00+00:00, run_after=2025-11-15 00:00:00+00:00
[2025-11-14T18:11:32.316+0000] {processor.py:183} INFO - Processing /opt/airflow/dags/daily_summary.py took 0.143 seconds
[2025-11-14T18:12:02.430+0000] {processor.py:161} INFO - Started process (PID=375) to work on /opt/airflow/dags/daily_summary.py
[2025-11-14T18:12:02.432+0000] {processor.py:830} INFO - Processing file /opt/airflow/dags/daily_summary.py for tasks to queue
[2025-11-14T18:12:02.433+0000] {logging_mixin.py:188} INFO - [2025-11-14T18:12:02.432+0000] {dagbag.py:538} INFO - Filling up the DagBag from /opt/airflow/dags/daily_summary.py
[2025-11-14T18:12:02.488+0000] {processor.py:840} INFO - DAG(s) 'daily_summary' retrieved from /opt/airflow/dags/daily_summary.py
[2025-11-14T18:12:02.509+0000] {logging_mixin.py:188} INFO - [2025-11-14T18:12:02.508+0000] {dag.py:3036} INFO - Sync 1 DAGs
[2025-11-14T18:12:02.525+0000] {logging_mixin.py:188} INFO - [2025-11-14T18:12:02.525+0000] {dag.py:3823} INFO - Setting next_dagrun for daily_summary to 2025-11-14 00:00:00+00:00, run_after=2025-11-15 00:00:00+00:00
[2025-11-14T18:12:02.545+0000] {processor.py:183} INFO - Processing /opt/airflow/dags/daily_summary.py took 0.118 seconds
[2025-11-14T18:12:32.708+0000] {processor.py:161} INFO - Started process (PID=380) to work on /opt/airflow/dags/daily_summary.py
[2025-11-14T18:12:32.709+0000] {processor.py:830} INFO - Processing file /opt/airflow/dags/daily_summary.py for tasks to queue
[2025-11-14T18:12:32.710+0000] {logging_mixin.py:188} INFO - [2025-11-14T18:12:32.710+0000] {dagbag.py:538} INFO - Filling up the DagBag from /opt/airflow/dags/daily_summary.py
[2025-11-14T18:12:32.774+0000] {processor.py:840} INFO - DAG(s) 'daily_summary' retrieved from /opt/airflow/dags/daily_summary.py
[2025-11-14T18:12:32.799+0000] {logging_mixin.py:188} INFO - [2025-11-14T18:12:32.798+0000] {dag.py:3036} INFO - Sync 1 DAGs
[2025-11-14T18:12:32.819+0000] {logging_mixin.py:188} INFO - [2025-11-14T18:12:32.819+0000] {dag.py:3823} INFO - Setting next_dagrun for daily_summary to 2025-11-14 00:00:00+00:00, run_after=2025-11-15 00:00:00+00:00
[2025-11-14T18:12:32.835+0000] {processor.py:183} INFO - Processing /opt/airflow/dags/daily_summary.py took 0.131 seconds
[2025-11-14T18:13:02.928+0000] {processor.py:161} INFO - Started process (PID=385) to work on /opt/airflow/dags/daily_summary.py
[2025-11-14T18:13:02.929+0000] {processor.py:830} INFO - Processing file /opt/airflow/dags/daily_summary.py for tasks to queue
[2025-11-14T18:13:02.930+0000] {logging_mixin.py:188} INFO - [2025-11-14T18:13:02.930+0000] {dagbag.py:538} INFO - Filling up the DagBag from /opt/airflow/dags/daily_summary.py
[2025-11-14T18:13:02.985+0000] {processor.py:840} INFO - DAG(s) 'daily_summary' retrieved from /opt/airflow/dags/daily_summary.py
[2025-11-14T18:13:03.006+0000] {logging_mixin.py:188} INFO - [2025-11-14T18:13:03.006+0000] {dag.py:3036} INFO - Sync 1 DAGs
[2025-11-14T18:13:03.026+0000] {logging_mixin.py:188} INFO - [2025-11-14T18:13:03.026+0000] {dag.py:3823} INFO - Setting next_dagrun for daily_summary to 2025-11-14 00:00:00+00:00, run_after=2025-11-15 00:00:00+00:00
[2025-11-14T18:13:03.046+0000] {processor.py:183} INFO - Processing /opt/airflow/dags/daily_summary.py took 0.120 seconds
[2025-11-14T18:13:33.243+0000] {processor.py:161} INFO - Started process (PID=390) to work on /opt/airflow/dags/daily_summary.py
[2025-11-14T18:13:33.244+0000] {processor.py:830} INFO - Processing file /opt/airflow/dags/daily_summary.py for tasks to queue
[2025-11-14T18:13:33.244+0000] {logging_mixin.py:188} INFO - [2025-11-14T18:13:33.244+0000] {dagbag.py:538} INFO - Filling up the DagBag from /opt/airflow/dags/daily_summary.py
[2025-11-14T18:13:33.298+0000] {processor.py:840} INFO - DAG(s) 'daily_summary' retrieved from /opt/airflow/dags/daily_summary.py
[2025-11-14T18:13:33.319+0000] {logging_mixin.py:188} INFO - [2025-11-14T18:13:33.318+0000] {dag.py:3036} INFO - Sync 1 DAGs
[2025-11-14T18:13:33.337+0000] {logging_mixin.py:188} INFO - [2025-11-14T18:13:33.337+0000] {dag.py:3823} INFO - Setting next_dagrun for daily_summary to 2025-11-14 00:00:00+00:00, run_after=2025-11-15 00:00:00+00:00
[2025-11-14T18:13:33.358+0000] {processor.py:183} INFO - Processing /opt/airflow/dags/daily_summary.py took 0.118 seconds
[2025-11-14T18:14:03.451+0000] {processor.py:161} INFO - Started process (PID=395) to work on /opt/airflow/dags/daily_summary.py
[2025-11-14T18:14:03.452+0000] {processor.py:830} INFO - Processing file /opt/airflow/dags/daily_summary.py for tasks to queue
[2025-11-14T18:14:03.453+0000] {logging_mixin.py:188} INFO - [2025-11-14T18:14:03.453+0000] {dagbag.py:538} INFO - Filling up the DagBag from /opt/airflow/dags/daily_summary.py
[2025-11-14T18:14:03.506+0000] {processor.py:840} INFO - DAG(s) 'daily_summary' retrieved from /opt/airflow/dags/daily_summary.py
[2025-11-14T18:14:03.528+0000] {logging_mixin.py:188} INFO - [2025-11-14T18:14:03.528+0000] {dag.py:3036} INFO - Sync 1 DAGs
[2025-11-14T18:14:03.545+0000] {logging_mixin.py:188} INFO - [2025-11-14T18:14:03.545+0000] {dag.py:3823} INFO - Setting next_dagrun for daily_summary to 2025-11-14 00:00:00+00:00, run_after=2025-11-15 00:00:00+00:00
[2025-11-14T18:14:03.566+0000] {processor.py:183} INFO - Processing /opt/airflow/dags/daily_summary.py took 0.118 seconds
[2025-11-14T18:14:33.760+0000] {processor.py:161} INFO - Started process (PID=400) to work on /opt/airflow/dags/daily_summary.py
[2025-11-14T18:14:33.761+0000] {processor.py:830} INFO - Processing file /opt/airflow/dags/daily_summary.py for tasks to queue
[2025-11-14T18:14:33.762+0000] {logging_mixin.py:188} INFO - [2025-11-14T18:14:33.762+0000] {dagbag.py:538} INFO - Filling up the DagBag from /opt/airflow/dags/daily_summary.py
[2025-11-14T18:14:33.818+0000] {processor.py:840} INFO - DAG(s) 'daily_summary' retrieved from /opt/airflow/dags/daily_summary.py
[2025-11-14T18:14:33.840+0000] {logging_mixin.py:188} INFO - [2025-11-14T18:14:33.840+0000] {dag.py:3036} INFO - Sync 1 DAGs
[2025-11-14T18:14:33.857+0000] {logging_mixin.py:188} INFO - [2025-11-14T18:14:33.857+0000] {dag.py:3823} INFO - Setting next_dagrun for daily_summary to 2025-11-14 00:00:00+00:00, run_after=2025-11-15 00:00:00+00:00
[2025-11-14T18:14:33.876+0000] {processor.py:183} INFO - Processing /opt/airflow/dags/daily_summary.py took 0.119 seconds
[2025-11-14T18:15:03.987+0000] {processor.py:161} INFO - Started process (PID=405) to work on /opt/airflow/dags/daily_summary.py
[2025-11-14T18:15:03.988+0000] {processor.py:830} INFO - Processing file /opt/airflow/dags/daily_summary.py for tasks to queue
[2025-11-14T18:15:03.989+0000] {logging_mixin.py:188} INFO - [2025-11-14T18:15:03.989+0000] {dagbag.py:538} INFO - Filling up the DagBag from /opt/airflow/dags/daily_summary.py
[2025-11-14T18:15:04.048+0000] {processor.py:840} INFO - DAG(s) 'daily_summary' retrieved from /opt/airflow/dags/daily_summary.py
[2025-11-14T18:15:04.069+0000] {logging_mixin.py:188} INFO - [2025-11-14T18:15:04.069+0000] {dag.py:3036} INFO - Sync 1 DAGs
[2025-11-14T18:15:04.086+0000] {logging_mixin.py:188} INFO - [2025-11-14T18:15:04.086+0000] {dag.py:3823} INFO - Setting next_dagrun for daily_summary to 2025-11-14 00:00:00+00:00, run_after=2025-11-15 00:00:00+00:00
[2025-11-14T18:15:04.109+0000] {processor.py:183} INFO - Processing /opt/airflow/dags/daily_summary.py took 0.126 seconds
[2025-11-14T18:15:34.307+0000] {processor.py:161} INFO - Started process (PID=410) to work on /opt/airflow/dags/daily_summary.py
[2025-11-14T18:15:34.309+0000] {processor.py:830} INFO - Processing file /opt/airflow/dags/daily_summary.py for tasks to queue
[2025-11-14T18:15:34.310+0000] {logging_mixin.py:188} INFO - [2025-11-14T18:15:34.309+0000] {dagbag.py:538} INFO - Filling up the DagBag from /opt/airflow/dags/daily_summary.py
[2025-11-14T18:15:34.365+0000] {processor.py:840} INFO - DAG(s) 'daily_summary' retrieved from /opt/airflow/dags/daily_summary.py
[2025-11-14T18:15:34.386+0000] {logging_mixin.py:188} INFO - [2025-11-14T18:15:34.386+0000] {dag.py:3036} INFO - Sync 1 DAGs
[2025-11-14T18:15:34.406+0000] {logging_mixin.py:188} INFO - [2025-11-14T18:15:34.405+0000] {dag.py:3823} INFO - Setting next_dagrun for daily_summary to 2025-11-14 00:00:00+00:00, run_after=2025-11-15 00:00:00+00:00
[2025-11-14T18:15:34.424+0000] {processor.py:183} INFO - Processing /opt/airflow/dags/daily_summary.py took 0.120 seconds
[2025-11-14T18:16:04.515+0000] {processor.py:161} INFO - Started process (PID=415) to work on /opt/airflow/dags/daily_summary.py
[2025-11-14T18:16:04.516+0000] {processor.py:830} INFO - Processing file /opt/airflow/dags/daily_summary.py for tasks to queue
[2025-11-14T18:16:04.517+0000] {logging_mixin.py:188} INFO - [2025-11-14T18:16:04.517+0000] {dagbag.py:538} INFO - Filling up the DagBag from /opt/airflow/dags/daily_summary.py
[2025-11-14T18:16:04.574+0000] {processor.py:840} INFO - DAG(s) 'daily_summary' retrieved from /opt/airflow/dags/daily_summary.py
[2025-11-14T18:16:04.597+0000] {logging_mixin.py:188} INFO - [2025-11-14T18:16:04.597+0000] {dag.py:3036} INFO - Sync 1 DAGs
[2025-11-14T18:16:04.615+0000] {logging_mixin.py:188} INFO - [2025-11-14T18:16:04.615+0000] {dag.py:3823} INFO - Setting next_dagrun for daily_summary to 2025-11-14 00:00:00+00:00, run_after=2025-11-15 00:00:00+00:00
[2025-11-14T18:16:04.631+0000] {processor.py:183} INFO - Processing /opt/airflow/dags/daily_summary.py took 0.119 seconds
[2025-11-14T18:16:34.796+0000] {processor.py:161} INFO - Started process (PID=420) to work on /opt/airflow/dags/daily_summary.py
[2025-11-14T18:16:34.797+0000] {processor.py:830} INFO - Processing file /opt/airflow/dags/daily_summary.py for tasks to queue
[2025-11-14T18:16:34.798+0000] {logging_mixin.py:188} INFO - [2025-11-14T18:16:34.797+0000] {dagbag.py:538} INFO - Filling up the DagBag from /opt/airflow/dags/daily_summary.py
[2025-11-14T18:16:34.851+0000] {processor.py:840} INFO - DAG(s) 'daily_summary' retrieved from /opt/airflow/dags/daily_summary.py
[2025-11-14T18:16:34.874+0000] {logging_mixin.py:188} INFO - [2025-11-14T18:16:34.874+0000] {dag.py:3036} INFO - Sync 1 DAGs
[2025-11-14T18:16:34.891+0000] {logging_mixin.py:188} INFO - [2025-11-14T18:16:34.891+0000] {dag.py:3823} INFO - Setting next_dagrun for daily_summary to 2025-11-14 00:00:00+00:00, run_after=2025-11-15 00:00:00+00:00
[2025-11-14T18:16:34.909+0000] {processor.py:183} INFO - Processing /opt/airflow/dags/daily_summary.py took 0.116 seconds
[2025-11-14T18:17:05.029+0000] {processor.py:161} INFO - Started process (PID=425) to work on /opt/airflow/dags/daily_summary.py
[2025-11-14T18:17:05.030+0000] {processor.py:830} INFO - Processing file /opt/airflow/dags/daily_summary.py for tasks to queue
[2025-11-14T18:17:05.031+0000] {logging_mixin.py:188} INFO - [2025-11-14T18:17:05.030+0000] {dagbag.py:538} INFO - Filling up the DagBag from /opt/airflow/dags/daily_summary.py
[2025-11-14T18:17:05.084+0000] {processor.py:840} INFO - DAG(s) 'daily_summary' retrieved from /opt/airflow/dags/daily_summary.py
[2025-11-14T18:17:05.105+0000] {logging_mixin.py:188} INFO - [2025-11-14T18:17:05.104+0000] {dag.py:3036} INFO - Sync 1 DAGs
[2025-11-14T18:17:05.121+0000] {logging_mixin.py:188} INFO - [2025-11-14T18:17:05.121+0000] {dag.py:3823} INFO - Setting next_dagrun for daily_summary to 2025-11-14 00:00:00+00:00, run_after=2025-11-15 00:00:00+00:00
[2025-11-14T18:17:05.147+0000] {processor.py:183} INFO - Processing /opt/airflow/dags/daily_summary.py took 0.121 seconds
[2025-11-14T18:17:35.284+0000] {processor.py:161} INFO - Started process (PID=430) to work on /opt/airflow/dags/daily_summary.py
[2025-11-14T18:17:35.286+0000] {processor.py:830} INFO - Processing file /opt/airflow/dags/daily_summary.py for tasks to queue
[2025-11-14T18:17:35.287+0000] {logging_mixin.py:188} INFO - [2025-11-14T18:17:35.287+0000] {dagbag.py:538} INFO - Filling up the DagBag from /opt/airflow/dags/daily_summary.py
[2025-11-14T18:17:35.347+0000] {processor.py:840} INFO - DAG(s) 'daily_summary' retrieved from /opt/airflow/dags/daily_summary.py
[2025-11-14T18:17:35.369+0000] {logging_mixin.py:188} INFO - [2025-11-14T18:17:35.369+0000] {dag.py:3036} INFO - Sync 1 DAGs
[2025-11-14T18:17:35.387+0000] {logging_mixin.py:188} INFO - [2025-11-14T18:17:35.387+0000] {dag.py:3823} INFO - Setting next_dagrun for daily_summary to 2025-11-14 00:00:00+00:00, run_after=2025-11-15 00:00:00+00:00
[2025-11-14T18:17:35.407+0000] {processor.py:183} INFO - Processing /opt/airflow/dags/daily_summary.py took 0.127 seconds
[2025-11-14T18:18:05.525+0000] {processor.py:161} INFO - Started process (PID=435) to work on /opt/airflow/dags/daily_summary.py
[2025-11-14T18:18:05.526+0000] {processor.py:830} INFO - Processing file /opt/airflow/dags/daily_summary.py for tasks to queue
[2025-11-14T18:18:05.527+0000] {logging_mixin.py:188} INFO - [2025-11-14T18:18:05.527+0000] {dagbag.py:538} INFO - Filling up the DagBag from /opt/airflow/dags/daily_summary.py
[2025-11-14T18:18:05.580+0000] {processor.py:840} INFO - DAG(s) 'daily_summary' retrieved from /opt/airflow/dags/daily_summary.py
[2025-11-14T18:18:05.601+0000] {logging_mixin.py:188} INFO - [2025-11-14T18:18:05.601+0000] {dag.py:3036} INFO - Sync 1 DAGs
[2025-11-14T18:18:05.621+0000] {logging_mixin.py:188} INFO - [2025-11-14T18:18:05.621+0000] {dag.py:3823} INFO - Setting next_dagrun for daily_summary to 2025-11-14 00:00:00+00:00, run_after=2025-11-15 00:00:00+00:00
[2025-11-14T18:18:05.649+0000] {processor.py:183} INFO - Processing /opt/airflow/dags/daily_summary.py took 0.127 seconds
[2025-11-14T18:18:35.795+0000] {processor.py:161} INFO - Started process (PID=440) to work on /opt/airflow/dags/daily_summary.py
[2025-11-14T18:18:35.796+0000] {processor.py:830} INFO - Processing file /opt/airflow/dags/daily_summary.py for tasks to queue
[2025-11-14T18:18:35.796+0000] {logging_mixin.py:188} INFO - [2025-11-14T18:18:35.796+0000] {dagbag.py:538} INFO - Filling up the DagBag from /opt/airflow/dags/daily_summary.py
[2025-11-14T18:18:35.848+0000] {processor.py:840} INFO - DAG(s) 'daily_summary' retrieved from /opt/airflow/dags/daily_summary.py
[2025-11-14T18:18:35.870+0000] {logging_mixin.py:188} INFO - [2025-11-14T18:18:35.870+0000] {dag.py:3036} INFO - Sync 1 DAGs
[2025-11-14T18:18:35.887+0000] {logging_mixin.py:188} INFO - [2025-11-14T18:18:35.887+0000] {dag.py:3823} INFO - Setting next_dagrun for daily_summary to 2025-11-14 00:00:00+00:00, run_after=2025-11-15 00:00:00+00:00
[2025-11-14T18:18:35.905+0000] {processor.py:183} INFO - Processing /opt/airflow/dags/daily_summary.py took 0.114 seconds
[2025-11-14T18:19:06.016+0000] {processor.py:161} INFO - Started process (PID=445) to work on /opt/airflow/dags/daily_summary.py
[2025-11-14T18:19:06.017+0000] {processor.py:830} INFO - Processing file /opt/airflow/dags/daily_summary.py for tasks to queue
[2025-11-14T18:19:06.018+0000] {logging_mixin.py:188} INFO - [2025-11-14T18:19:06.018+0000] {dagbag.py:538} INFO - Filling up the DagBag from /opt/airflow/dags/daily_summary.py
[2025-11-14T18:19:06.069+0000] {processor.py:840} INFO - DAG(s) 'daily_summary' retrieved from /opt/airflow/dags/daily_summary.py
[2025-11-14T18:19:06.091+0000] {logging_mixin.py:188} INFO - [2025-11-14T18:19:06.091+0000] {dag.py:3036} INFO - Sync 1 DAGs
[2025-11-14T18:19:06.108+0000] {logging_mixin.py:188} INFO - [2025-11-14T18:19:06.108+0000] {dag.py:3823} INFO - Setting next_dagrun for daily_summary to 2025-11-14 00:00:00+00:00, run_after=2025-11-15 00:00:00+00:00
[2025-11-14T18:19:06.126+0000] {processor.py:183} INFO - Processing /opt/airflow/dags/daily_summary.py took 0.113 seconds
[2025-11-14T18:19:36.253+0000] {processor.py:161} INFO - Started process (PID=450) to work on /opt/airflow/dags/daily_summary.py
[2025-11-14T18:19:36.254+0000] {processor.py:830} INFO - Processing file /opt/airflow/dags/daily_summary.py for tasks to queue
[2025-11-14T18:19:36.255+0000] {logging_mixin.py:188} INFO - [2025-11-14T18:19:36.255+0000] {dagbag.py:538} INFO - Filling up the DagBag from /opt/airflow/dags/daily_summary.py
[2025-11-14T18:19:36.310+0000] {processor.py:840} INFO - DAG(s) 'daily_summary' retrieved from /opt/airflow/dags/daily_summary.py
[2025-11-14T18:19:36.330+0000] {logging_mixin.py:188} INFO - [2025-11-14T18:19:36.330+0000] {dag.py:3036} INFO - Sync 1 DAGs
[2025-11-14T18:19:36.346+0000] {logging_mixin.py:188} INFO - [2025-11-14T18:19:36.346+0000] {dag.py:3823} INFO - Setting next_dagrun for daily_summary to 2025-11-14 00:00:00+00:00, run_after=2025-11-15 00:00:00+00:00
[2025-11-14T18:19:36.363+0000] {processor.py:183} INFO - Processing /opt/airflow/dags/daily_summary.py took 0.113 seconds
[2025-11-14T18:20:06.476+0000] {processor.py:161} INFO - Started process (PID=455) to work on /opt/airflow/dags/daily_summary.py
[2025-11-14T18:20:06.477+0000] {processor.py:830} INFO - Processing file /opt/airflow/dags/daily_summary.py for tasks to queue
[2025-11-14T18:20:06.478+0000] {logging_mixin.py:188} INFO - [2025-11-14T18:20:06.478+0000] {dagbag.py:538} INFO - Filling up the DagBag from /opt/airflow/dags/daily_summary.py
[2025-11-14T18:20:06.532+0000] {processor.py:840} INFO - DAG(s) 'daily_summary' retrieved from /opt/airflow/dags/daily_summary.py
[2025-11-14T18:20:06.551+0000] {logging_mixin.py:188} INFO - [2025-11-14T18:20:06.551+0000] {dag.py:3036} INFO - Sync 1 DAGs
[2025-11-14T18:20:06.567+0000] {logging_mixin.py:188} INFO - [2025-11-14T18:20:06.567+0000] {dag.py:3823} INFO - Setting next_dagrun for daily_summary to 2025-11-14 00:00:00+00:00, run_after=2025-11-15 00:00:00+00:00
[2025-11-14T18:20:06.594+0000] {processor.py:183} INFO - Processing /opt/airflow/dags/daily_summary.py took 0.121 seconds
[2025-11-14T18:20:36.715+0000] {processor.py:161} INFO - Started process (PID=460) to work on /opt/airflow/dags/daily_summary.py
[2025-11-14T18:20:36.716+0000] {processor.py:830} INFO - Processing file /opt/airflow/dags/daily_summary.py for tasks to queue
[2025-11-14T18:20:36.717+0000] {logging_mixin.py:188} INFO - [2025-11-14T18:20:36.717+0000] {dagbag.py:538} INFO - Filling up the DagBag from /opt/airflow/dags/daily_summary.py
[2025-11-14T18:20:36.772+0000] {processor.py:840} INFO - DAG(s) 'daily_summary' retrieved from /opt/airflow/dags/daily_summary.py
[2025-11-14T18:20:36.794+0000] {logging_mixin.py:188} INFO - [2025-11-14T18:20:36.794+0000] {dag.py:3036} INFO - Sync 1 DAGs
[2025-11-14T18:20:36.813+0000] {logging_mixin.py:188} INFO - [2025-11-14T18:20:36.813+0000] {dag.py:3823} INFO - Setting next_dagrun for daily_summary to 2025-11-14 00:00:00+00:00, run_after=2025-11-15 00:00:00+00:00
[2025-11-14T18:20:36.835+0000] {processor.py:183} INFO - Processing /opt/airflow/dags/daily_summary.py took 0.122 seconds
[2025-11-14T18:21:06.950+0000] {processor.py:161} INFO - Started process (PID=465) to work on /opt/airflow/dags/daily_summary.py
[2025-11-14T18:21:06.951+0000] {processor.py:830} INFO - Processing file /opt/airflow/dags/daily_summary.py for tasks to queue
[2025-11-14T18:21:06.952+0000] {logging_mixin.py:188} INFO - [2025-11-14T18:21:06.951+0000] {dagbag.py:538} INFO - Filling up the DagBag from /opt/airflow/dags/daily_summary.py
[2025-11-14T18:21:07.015+0000] {processor.py:840} INFO - DAG(s) 'daily_summary' retrieved from /opt/airflow/dags/daily_summary.py
[2025-11-14T18:21:07.035+0000] {logging_mixin.py:188} INFO - [2025-11-14T18:21:07.034+0000] {dag.py:3036} INFO - Sync 1 DAGs
[2025-11-14T18:21:07.054+0000] {logging_mixin.py:188} INFO - [2025-11-14T18:21:07.053+0000] {dag.py:3823} INFO - Setting next_dagrun for daily_summary to 2025-11-14 00:00:00+00:00, run_after=2025-11-15 00:00:00+00:00
[2025-11-14T18:21:07.079+0000] {processor.py:183} INFO - Processing /opt/airflow/dags/daily_summary.py took 0.133 seconds
[2025-11-14T18:21:37.197+0000] {processor.py:161} INFO - Started process (PID=470) to work on /opt/airflow/dags/daily_summary.py
[2025-11-14T18:21:37.198+0000] {processor.py:830} INFO - Processing file /opt/airflow/dags/daily_summary.py for tasks to queue
[2025-11-14T18:21:37.199+0000] {logging_mixin.py:188} INFO - [2025-11-14T18:21:37.198+0000] {dagbag.py:538} INFO - Filling up the DagBag from /opt/airflow/dags/daily_summary.py
[2025-11-14T18:21:37.255+0000] {processor.py:840} INFO - DAG(s) 'daily_summary' retrieved from /opt/airflow/dags/daily_summary.py
[2025-11-14T18:21:37.277+0000] {logging_mixin.py:188} INFO - [2025-11-14T18:21:37.276+0000] {dag.py:3036} INFO - Sync 1 DAGs
[2025-11-14T18:21:37.295+0000] {logging_mixin.py:188} INFO - [2025-11-14T18:21:37.295+0000] {dag.py:3823} INFO - Setting next_dagrun for daily_summary to 2025-11-14 00:00:00+00:00, run_after=2025-11-15 00:00:00+00:00
[2025-11-14T18:21:37.315+0000] {processor.py:183} INFO - Processing /opt/airflow/dags/daily_summary.py took 0.121 seconds
[2025-11-14T18:22:07.488+0000] {processor.py:161} INFO - Started process (PID=475) to work on /opt/airflow/dags/daily_summary.py
[2025-11-14T18:22:07.488+0000] {processor.py:830} INFO - Processing file /opt/airflow/dags/daily_summary.py for tasks to queue
[2025-11-14T18:22:07.489+0000] {logging_mixin.py:188} INFO - [2025-11-14T18:22:07.489+0000] {dagbag.py:538} INFO - Filling up the DagBag from /opt/airflow/dags/daily_summary.py
[2025-11-14T18:22:07.540+0000] {processor.py:840} INFO - DAG(s) 'daily_summary' retrieved from /opt/airflow/dags/daily_summary.py
[2025-11-14T18:22:07.560+0000] {logging_mixin.py:188} INFO - [2025-11-14T18:22:07.559+0000] {dag.py:3036} INFO - Sync 1 DAGs
[2025-11-14T18:22:07.575+0000] {logging_mixin.py:188} INFO - [2025-11-14T18:22:07.575+0000] {dag.py:3823} INFO - Setting next_dagrun for daily_summary to 2025-11-14 00:00:00+00:00, run_after=2025-11-15 00:00:00+00:00
[2025-11-14T18:22:07.601+0000] {processor.py:183} INFO - Processing /opt/airflow/dags/daily_summary.py took 0.116 seconds
[2025-11-14T18:22:37.683+0000] {processor.py:161} INFO - Started process (PID=480) to work on /opt/airflow/dags/daily_summary.py
[2025-11-14T18:22:37.684+0000] {processor.py:830} INFO - Processing file /opt/airflow/dags/daily_summary.py for tasks to queue
[2025-11-14T18:22:37.685+0000] {logging_mixin.py:188} INFO - [2025-11-14T18:22:37.685+0000] {dagbag.py:538} INFO - Filling up the DagBag from /opt/airflow/dags/daily_summary.py
[2025-11-14T18:22:37.752+0000] {processor.py:840} INFO - DAG(s) 'daily_summary' retrieved from /opt/airflow/dags/daily_summary.py
[2025-11-14T18:22:37.777+0000] {logging_mixin.py:188} INFO - [2025-11-14T18:22:37.777+0000] {dag.py:3036} INFO - Sync 1 DAGs
[2025-11-14T18:22:37.798+0000] {logging_mixin.py:188} INFO - [2025-11-14T18:22:37.798+0000] {dag.py:3823} INFO - Setting next_dagrun for daily_summary to 2025-11-14 00:00:00+00:00, run_after=2025-11-15 00:00:00+00:00
[2025-11-14T18:22:37.818+0000] {processor.py:183} INFO - Processing /opt/airflow/dags/daily_summary.py took 0.139 seconds
[2025-11-14T18:23:07.968+0000] {processor.py:161} INFO - Started process (PID=485) to work on /opt/airflow/dags/daily_summary.py
[2025-11-14T18:23:07.969+0000] {processor.py:830} INFO - Processing file /opt/airflow/dags/daily_summary.py for tasks to queue
[2025-11-14T18:23:07.970+0000] {logging_mixin.py:188} INFO - [2025-11-14T18:23:07.970+0000] {dagbag.py:538} INFO - Filling up the DagBag from /opt/airflow/dags/daily_summary.py
[2025-11-14T18:23:08.029+0000] {processor.py:840} INFO - DAG(s) 'daily_summary' retrieved from /opt/airflow/dags/daily_summary.py
[2025-11-14T18:23:08.050+0000] {logging_mixin.py:188} INFO - [2025-11-14T18:23:08.050+0000] {dag.py:3036} INFO - Sync 1 DAGs
[2025-11-14T18:23:08.071+0000] {logging_mixin.py:188} INFO - [2025-11-14T18:23:08.070+0000] {dag.py:3823} INFO - Setting next_dagrun for daily_summary to 2025-11-14 00:00:00+00:00, run_after=2025-11-15 00:00:00+00:00
[2025-11-14T18:23:08.088+0000] {processor.py:183} INFO - Processing /opt/airflow/dags/daily_summary.py took 0.123 seconds
[2025-11-14T18:23:38.179+0000] {processor.py:161} INFO - Started process (PID=490) to work on /opt/airflow/dags/daily_summary.py
[2025-11-14T18:23:38.180+0000] {processor.py:830} INFO - Processing file /opt/airflow/dags/daily_summary.py for tasks to queue
[2025-11-14T18:23:38.181+0000] {logging_mixin.py:188} INFO - [2025-11-14T18:23:38.181+0000] {dagbag.py:538} INFO - Filling up the DagBag from /opt/airflow/dags/daily_summary.py
[2025-11-14T18:23:38.234+0000] {processor.py:840} INFO - DAG(s) 'daily_summary' retrieved from /opt/airflow/dags/daily_summary.py
[2025-11-14T18:23:38.256+0000] {logging_mixin.py:188} INFO - [2025-11-14T18:23:38.255+0000] {dag.py:3036} INFO - Sync 1 DAGs
[2025-11-14T18:23:38.273+0000] {logging_mixin.py:188} INFO - [2025-11-14T18:23:38.273+0000] {dag.py:3823} INFO - Setting next_dagrun for daily_summary to 2025-11-14 00:00:00+00:00, run_after=2025-11-15 00:00:00+00:00
[2025-11-14T18:23:38.291+0000] {processor.py:183} INFO - Processing /opt/airflow/dags/daily_summary.py took 0.115 seconds
[2025-11-14T18:24:08.460+0000] {processor.py:161} INFO - Started process (PID=495) to work on /opt/airflow/dags/daily_summary.py
[2025-11-14T18:24:08.461+0000] {processor.py:830} INFO - Processing file /opt/airflow/dags/daily_summary.py for tasks to queue
[2025-11-14T18:24:08.462+0000] {logging_mixin.py:188} INFO - [2025-11-14T18:24:08.461+0000] {dagbag.py:538} INFO - Filling up the DagBag from /opt/airflow/dags/daily_summary.py
[2025-11-14T18:24:08.514+0000] {processor.py:840} INFO - DAG(s) 'daily_summary' retrieved from /opt/airflow/dags/daily_summary.py
[2025-11-14T18:24:08.534+0000] {logging_mixin.py:188} INFO - [2025-11-14T18:24:08.534+0000] {dag.py:3036} INFO - Sync 1 DAGs
[2025-11-14T18:24:08.553+0000] {logging_mixin.py:188} INFO - [2025-11-14T18:24:08.553+0000] {dag.py:3823} INFO - Setting next_dagrun for daily_summary to 2025-11-14 00:00:00+00:00, run_after=2025-11-15 00:00:00+00:00
[2025-11-14T18:24:08.569+0000] {processor.py:183} INFO - Processing /opt/airflow/dags/daily_summary.py took 0.112 seconds
[2025-11-14T18:24:38.665+0000] {processor.py:161} INFO - Started process (PID=500) to work on /opt/airflow/dags/daily_summary.py
[2025-11-14T18:24:38.666+0000] {processor.py:830} INFO - Processing file /opt/airflow/dags/daily_summary.py for tasks to queue
[2025-11-14T18:24:38.667+0000] {logging_mixin.py:188} INFO - [2025-11-14T18:24:38.666+0000] {dagbag.py:538} INFO - Filling up the DagBag from /opt/airflow/dags/daily_summary.py
[2025-11-14T18:24:38.719+0000] {processor.py:840} INFO - DAG(s) 'daily_summary' retrieved from /opt/airflow/dags/daily_summary.py
[2025-11-14T18:24:38.741+0000] {logging_mixin.py:188} INFO - [2025-11-14T18:24:38.740+0000] {dag.py:3036} INFO - Sync 1 DAGs
[2025-11-14T18:24:38.757+0000] {logging_mixin.py:188} INFO - [2025-11-14T18:24:38.757+0000] {dag.py:3823} INFO - Setting next_dagrun for daily_summary to 2025-11-14 00:00:00+00:00, run_after=2025-11-15 00:00:00+00:00
[2025-11-14T18:24:38.781+0000] {processor.py:183} INFO - Processing /opt/airflow/dags/daily_summary.py took 0.119 seconds
[2025-11-14T18:25:08.938+0000] {processor.py:161} INFO - Started process (PID=505) to work on /opt/airflow/dags/daily_summary.py
[2025-11-14T18:25:08.938+0000] {processor.py:830} INFO - Processing file /opt/airflow/dags/daily_summary.py for tasks to queue
[2025-11-14T18:25:08.939+0000] {logging_mixin.py:188} INFO - [2025-11-14T18:25:08.939+0000] {dagbag.py:538} INFO - Filling up the DagBag from /opt/airflow/dags/daily_summary.py
[2025-11-14T18:25:08.993+0000] {processor.py:840} INFO - DAG(s) 'daily_summary' retrieved from /opt/airflow/dags/daily_summary.py
[2025-11-14T18:25:09.014+0000] {logging_mixin.py:188} INFO - [2025-11-14T18:25:09.014+0000] {dag.py:3036} INFO - Sync 1 DAGs
[2025-11-14T18:25:09.033+0000] {logging_mixin.py:188} INFO - [2025-11-14T18:25:09.033+0000] {dag.py:3823} INFO - Setting next_dagrun for daily_summary to 2025-11-14 00:00:00+00:00, run_after=2025-11-15 00:00:00+00:00
[2025-11-14T18:25:09.059+0000] {processor.py:183} INFO - Processing /opt/airflow/dags/daily_summary.py took 0.124 seconds
[2025-11-14T18:25:39.138+0000] {processor.py:161} INFO - Started process (PID=510) to work on /opt/airflow/dags/daily_summary.py
[2025-11-14T18:25:39.139+0000] {processor.py:830} INFO - Processing file /opt/airflow/dags/daily_summary.py for tasks to queue
[2025-11-14T18:25:39.139+0000] {logging_mixin.py:188} INFO - [2025-11-14T18:25:39.139+0000] {dagbag.py:538} INFO - Filling up the DagBag from /opt/airflow/dags/daily_summary.py
[2025-11-14T18:25:39.204+0000] {processor.py:840} INFO - DAG(s) 'daily_summary' retrieved from /opt/airflow/dags/daily_summary.py
[2025-11-14T18:25:39.226+0000] {logging_mixin.py:188} INFO - [2025-11-14T18:25:39.225+0000] {dag.py:3036} INFO - Sync 1 DAGs
[2025-11-14T18:25:39.243+0000] {logging_mixin.py:188} INFO - [2025-11-14T18:25:39.243+0000] {dag.py:3823} INFO - Setting next_dagrun for daily_summary to 2025-11-14 00:00:00+00:00, run_after=2025-11-15 00:00:00+00:00
[2025-11-14T18:25:39.261+0000] {processor.py:183} INFO - Processing /opt/airflow/dags/daily_summary.py took 0.126 seconds
[2025-11-14T18:26:09.422+0000] {processor.py:161} INFO - Started process (PID=515) to work on /opt/airflow/dags/daily_summary.py
[2025-11-14T18:26:09.423+0000] {processor.py:830} INFO - Processing file /opt/airflow/dags/daily_summary.py for tasks to queue
[2025-11-14T18:26:09.424+0000] {logging_mixin.py:188} INFO - [2025-11-14T18:26:09.423+0000] {dagbag.py:538} INFO - Filling up the DagBag from /opt/airflow/dags/daily_summary.py
[2025-11-14T18:26:09.476+0000] {processor.py:840} INFO - DAG(s) 'daily_summary' retrieved from /opt/airflow/dags/daily_summary.py
[2025-11-14T18:26:09.496+0000] {logging_mixin.py:188} INFO - [2025-11-14T18:26:09.496+0000] {dag.py:3036} INFO - Sync 1 DAGs
[2025-11-14T18:26:09.512+0000] {logging_mixin.py:188} INFO - [2025-11-14T18:26:09.512+0000] {dag.py:3823} INFO - Setting next_dagrun for daily_summary to 2025-11-14 00:00:00+00:00, run_after=2025-11-15 00:00:00+00:00
[2025-11-14T18:26:09.531+0000] {processor.py:183} INFO - Processing /opt/airflow/dags/daily_summary.py took 0.112 seconds
[2025-11-14T18:26:39.614+0000] {processor.py:161} INFO - Started process (PID=520) to work on /opt/airflow/dags/daily_summary.py
[2025-11-14T18:26:39.615+0000] {processor.py:830} INFO - Processing file /opt/airflow/dags/daily_summary.py for tasks to queue
[2025-11-14T18:26:39.616+0000] {logging_mixin.py:188} INFO - [2025-11-14T18:26:39.616+0000] {dagbag.py:538} INFO - Filling up the DagBag from /opt/airflow/dags/daily_summary.py
[2025-11-14T18:26:39.672+0000] {processor.py:840} INFO - DAG(s) 'daily_summary' retrieved from /opt/airflow/dags/daily_summary.py
[2025-11-14T18:26:39.695+0000] {logging_mixin.py:188} INFO - [2025-11-14T18:26:39.695+0000] {dag.py:3036} INFO - Sync 1 DAGs
[2025-11-14T18:26:39.716+0000] {logging_mixin.py:188} INFO - [2025-11-14T18:26:39.716+0000] {dag.py:3823} INFO - Setting next_dagrun for daily_summary to 2025-11-14 00:00:00+00:00, run_after=2025-11-15 00:00:00+00:00
[2025-11-14T18:26:39.737+0000] {processor.py:183} INFO - Processing /opt/airflow/dags/daily_summary.py took 0.125 seconds
[2025-11-14T18:27:09.949+0000] {processor.py:161} INFO - Started process (PID=525) to work on /opt/airflow/dags/daily_summary.py
[2025-11-14T18:27:09.950+0000] {processor.py:830} INFO - Processing file /opt/airflow/dags/daily_summary.py for tasks to queue
[2025-11-14T18:27:09.951+0000] {logging_mixin.py:188} INFO - [2025-11-14T18:27:09.951+0000] {dagbag.py:538} INFO - Filling up the DagBag from /opt/airflow/dags/daily_summary.py
[2025-11-14T18:27:10.007+0000] {processor.py:840} INFO - DAG(s) 'daily_summary' retrieved from /opt/airflow/dags/daily_summary.py
[2025-11-14T18:27:10.029+0000] {logging_mixin.py:188} INFO - [2025-11-14T18:27:10.028+0000] {dag.py:3036} INFO - Sync 1 DAGs
[2025-11-14T18:27:10.047+0000] {logging_mixin.py:188} INFO - [2025-11-14T18:27:10.046+0000] {dag.py:3823} INFO - Setting next_dagrun for daily_summary to 2025-11-14 00:00:00+00:00, run_after=2025-11-15 00:00:00+00:00
[2025-11-14T18:27:10.064+0000] {processor.py:183} INFO - Processing /opt/airflow/dags/daily_summary.py took 0.118 seconds
[2025-11-14T18:27:40.141+0000] {processor.py:161} INFO - Started process (PID=530) to work on /opt/airflow/dags/daily_summary.py
[2025-11-14T18:27:40.142+0000] {processor.py:830} INFO - Processing file /opt/airflow/dags/daily_summary.py for tasks to queue
[2025-11-14T18:27:40.143+0000] {logging_mixin.py:188} INFO - [2025-11-14T18:27:40.143+0000] {dagbag.py:538} INFO - Filling up the DagBag from /opt/airflow/dags/daily_summary.py
[2025-11-14T18:27:40.204+0000] {processor.py:840} INFO - DAG(s) 'daily_summary' retrieved from /opt/airflow/dags/daily_summary.py
[2025-11-14T18:27:40.228+0000] {logging_mixin.py:188} INFO - [2025-11-14T18:27:40.228+0000] {dag.py:3036} INFO - Sync 1 DAGs
[2025-11-14T18:27:40.247+0000] {logging_mixin.py:188} INFO - [2025-11-14T18:27:40.247+0000] {dag.py:3823} INFO - Setting next_dagrun for daily_summary to 2025-11-14 00:00:00+00:00, run_after=2025-11-15 00:00:00+00:00
[2025-11-14T18:27:40.267+0000] {processor.py:183} INFO - Processing /opt/airflow/dags/daily_summary.py took 0.129 seconds
[2025-11-14T18:28:10.463+0000] {processor.py:161} INFO - Started process (PID=535) to work on /opt/airflow/dags/daily_summary.py
[2025-11-14T18:28:10.464+0000] {processor.py:830} INFO - Processing file /opt/airflow/dags/daily_summary.py for tasks to queue
[2025-11-14T18:28:10.465+0000] {logging_mixin.py:188} INFO - [2025-11-14T18:28:10.465+0000] {dagbag.py:538} INFO - Filling up the DagBag from /opt/airflow/dags/daily_summary.py
[2025-11-14T18:28:10.517+0000] {processor.py:840} INFO - DAG(s) 'daily_summary' retrieved from /opt/airflow/dags/daily_summary.py
[2025-11-14T18:28:10.538+0000] {logging_mixin.py:188} INFO - [2025-11-14T18:28:10.538+0000] {dag.py:3036} INFO - Sync 1 DAGs
[2025-11-14T18:28:10.554+0000] {logging_mixin.py:188} INFO - [2025-11-14T18:28:10.554+0000] {dag.py:3823} INFO - Setting next_dagrun for daily_summary to 2025-11-14 00:00:00+00:00, run_after=2025-11-15 00:00:00+00:00
[2025-11-14T18:28:10.580+0000] {processor.py:183} INFO - Processing /opt/airflow/dags/daily_summary.py took 0.119 seconds
[2025-11-14T18:28:40.676+0000] {processor.py:161} INFO - Started process (PID=540) to work on /opt/airflow/dags/daily_summary.py
[2025-11-14T18:28:40.677+0000] {processor.py:830} INFO - Processing file /opt/airflow/dags/daily_summary.py for tasks to queue
[2025-11-14T18:28:40.678+0000] {logging_mixin.py:188} INFO - [2025-11-14T18:28:40.678+0000] {dagbag.py:538} INFO - Filling up the DagBag from /opt/airflow/dags/daily_summary.py
[2025-11-14T18:28:40.732+0000] {processor.py:840} INFO - DAG(s) 'daily_summary' retrieved from /opt/airflow/dags/daily_summary.py
[2025-11-14T18:28:40.755+0000] {logging_mixin.py:188} INFO - [2025-11-14T18:28:40.755+0000] {dag.py:3036} INFO - Sync 1 DAGs
[2025-11-14T18:28:40.773+0000] {logging_mixin.py:188} INFO - [2025-11-14T18:28:40.773+0000] {dag.py:3823} INFO - Setting next_dagrun for daily_summary to 2025-11-14 00:00:00+00:00, run_after=2025-11-15 00:00:00+00:00
[2025-11-14T18:28:40.793+0000] {processor.py:183} INFO - Processing /opt/airflow/dags/daily_summary.py took 0.119 seconds
[2025-11-14T18:29:11.049+0000] {processor.py:161} INFO - Started process (PID=545) to work on /opt/airflow/dags/daily_summary.py
[2025-11-14T18:29:11.050+0000] {processor.py:830} INFO - Processing file /opt/airflow/dags/daily_summary.py for tasks to queue
[2025-11-14T18:29:11.051+0000] {logging_mixin.py:188} INFO - [2025-11-14T18:29:11.051+0000] {dagbag.py:538} INFO - Filling up the DagBag from /opt/airflow/dags/daily_summary.py
[2025-11-14T18:29:11.105+0000] {processor.py:840} INFO - DAG(s) 'daily_summary' retrieved from /opt/airflow/dags/daily_summary.py
[2025-11-14T18:29:11.126+0000] {logging_mixin.py:188} INFO - [2025-11-14T18:29:11.126+0000] {dag.py:3036} INFO - Sync 1 DAGs
[2025-11-14T18:29:11.142+0000] {logging_mixin.py:188} INFO - [2025-11-14T18:29:11.142+0000] {dag.py:3823} INFO - Setting next_dagrun for daily_summary to 2025-11-14 00:00:00+00:00, run_after=2025-11-15 00:00:00+00:00
[2025-11-14T18:29:11.160+0000] {processor.py:183} INFO - Processing /opt/airflow/dags/daily_summary.py took 0.114 seconds
[2025-11-14T18:29:41.241+0000] {processor.py:161} INFO - Started process (PID=550) to work on /opt/airflow/dags/daily_summary.py
[2025-11-14T18:29:41.242+0000] {processor.py:830} INFO - Processing file /opt/airflow/dags/daily_summary.py for tasks to queue
[2025-11-14T18:29:41.243+0000] {logging_mixin.py:188} INFO - [2025-11-14T18:29:41.243+0000] {dagbag.py:538} INFO - Filling up the DagBag from /opt/airflow/dags/daily_summary.py
[2025-11-14T18:29:41.299+0000] {processor.py:840} INFO - DAG(s) 'daily_summary' retrieved from /opt/airflow/dags/daily_summary.py
[2025-11-14T18:29:41.321+0000] {logging_mixin.py:188} INFO - [2025-11-14T18:29:41.320+0000] {dag.py:3036} INFO - Sync 1 DAGs
[2025-11-14T18:29:41.341+0000] {logging_mixin.py:188} INFO - [2025-11-14T18:29:41.341+0000] {dag.py:3823} INFO - Setting next_dagrun for daily_summary to 2025-11-14 00:00:00+00:00, run_after=2025-11-15 00:00:00+00:00
[2025-11-14T18:29:41.357+0000] {processor.py:183} INFO - Processing /opt/airflow/dags/daily_summary.py took 0.119 seconds
[2025-11-14T18:30:11.451+0000] {processor.py:161} INFO - Started process (PID=555) to work on /opt/airflow/dags/daily_summary.py
[2025-11-14T18:30:11.452+0000] {processor.py:830} INFO - Processing file /opt/airflow/dags/daily_summary.py for tasks to queue
[2025-11-14T18:30:11.452+0000] {logging_mixin.py:188} INFO - [2025-11-14T18:30:11.452+0000] {dagbag.py:538} INFO - Filling up the DagBag from /opt/airflow/dags/daily_summary.py
[2025-11-14T18:30:11.512+0000] {processor.py:840} INFO - DAG(s) 'daily_summary' retrieved from /opt/airflow/dags/daily_summary.py
[2025-11-14T18:30:11.538+0000] {logging_mixin.py:188} INFO - [2025-11-14T18:30:11.538+0000] {dag.py:3036} INFO - Sync 1 DAGs
[2025-11-14T18:30:11.558+0000] {logging_mixin.py:188} INFO - [2025-11-14T18:30:11.557+0000] {dag.py:3823} INFO - Setting next_dagrun for daily_summary to 2025-11-14 00:00:00+00:00, run_after=2025-11-15 00:00:00+00:00
[2025-11-14T18:30:11.576+0000] {processor.py:183} INFO - Processing /opt/airflow/dags/daily_summary.py took 0.129 seconds
[2025-11-14T18:30:41.797+0000] {processor.py:161} INFO - Started process (PID=560) to work on /opt/airflow/dags/daily_summary.py
[2025-11-14T18:30:41.798+0000] {processor.py:830} INFO - Processing file /opt/airflow/dags/daily_summary.py for tasks to queue
[2025-11-14T18:30:41.799+0000] {logging_mixin.py:188} INFO - [2025-11-14T18:30:41.799+0000] {dagbag.py:538} INFO - Filling up the DagBag from /opt/airflow/dags/daily_summary.py
[2025-11-14T18:30:41.852+0000] {processor.py:840} INFO - DAG(s) 'daily_summary' retrieved from /opt/airflow/dags/daily_summary.py
[2025-11-14T18:30:41.876+0000] {logging_mixin.py:188} INFO - [2025-11-14T18:30:41.875+0000] {dag.py:3036} INFO - Sync 1 DAGs
[2025-11-14T18:30:41.894+0000] {logging_mixin.py:188} INFO - [2025-11-14T18:30:41.894+0000] {dag.py:3823} INFO - Setting next_dagrun for daily_summary to 2025-11-14 00:00:00+00:00, run_after=2025-11-15 00:00:00+00:00
[2025-11-14T18:30:41.914+0000] {processor.py:183} INFO - Processing /opt/airflow/dags/daily_summary.py took 0.120 seconds
[2025-11-14T18:31:12.008+0000] {processor.py:161} INFO - Started process (PID=565) to work on /opt/airflow/dags/daily_summary.py
[2025-11-14T18:31:12.009+0000] {processor.py:830} INFO - Processing file /opt/airflow/dags/daily_summary.py for tasks to queue
[2025-11-14T18:31:12.010+0000] {logging_mixin.py:188} INFO - [2025-11-14T18:31:12.009+0000] {dagbag.py:538} INFO - Filling up the DagBag from /opt/airflow/dags/daily_summary.py
[2025-11-14T18:31:12.063+0000] {processor.py:840} INFO - DAG(s) 'daily_summary' retrieved from /opt/airflow/dags/daily_summary.py
[2025-11-14T18:31:12.086+0000] {logging_mixin.py:188} INFO - [2025-11-14T18:31:12.085+0000] {dag.py:3036} INFO - Sync 1 DAGs
[2025-11-14T18:31:12.104+0000] {logging_mixin.py:188} INFO - [2025-11-14T18:31:12.103+0000] {dag.py:3823} INFO - Setting next_dagrun for daily_summary to 2025-11-14 00:00:00+00:00, run_after=2025-11-15 00:00:00+00:00
[2025-11-14T18:31:12.121+0000] {processor.py:183} INFO - Processing /opt/airflow/dags/daily_summary.py took 0.116 seconds
[2025-11-14T18:31:42.335+0000] {processor.py:161} INFO - Started process (PID=570) to work on /opt/airflow/dags/daily_summary.py
[2025-11-14T18:31:42.336+0000] {processor.py:830} INFO - Processing file /opt/airflow/dags/daily_summary.py for tasks to queue
[2025-11-14T18:31:42.337+0000] {logging_mixin.py:188} INFO - [2025-11-14T18:31:42.336+0000] {dagbag.py:538} INFO - Filling up the DagBag from /opt/airflow/dags/daily_summary.py
[2025-11-14T18:31:42.388+0000] {processor.py:840} INFO - DAG(s) 'daily_summary' retrieved from /opt/airflow/dags/daily_summary.py
[2025-11-14T18:31:42.414+0000] {logging_mixin.py:188} INFO - [2025-11-14T18:31:42.414+0000] {dag.py:3036} INFO - Sync 1 DAGs
[2025-11-14T18:31:42.432+0000] {logging_mixin.py:188} INFO - [2025-11-14T18:31:42.431+0000] {dag.py:3823} INFO - Setting next_dagrun for daily_summary to 2025-11-14 00:00:00+00:00, run_after=2025-11-15 00:00:00+00:00
[2025-11-14T18:31:42.460+0000] {processor.py:183} INFO - Processing /opt/airflow/dags/daily_summary.py took 0.128 seconds
[2025-11-14T18:32:12.617+0000] {processor.py:161} INFO - Started process (PID=575) to work on /opt/airflow/dags/daily_summary.py
[2025-11-14T18:32:12.618+0000] {processor.py:830} INFO - Processing file /opt/airflow/dags/daily_summary.py for tasks to queue
[2025-11-14T18:32:12.619+0000] {logging_mixin.py:188} INFO - [2025-11-14T18:32:12.619+0000] {dagbag.py:538} INFO - Filling up the DagBag from /opt/airflow/dags/daily_summary.py
[2025-11-14T18:32:12.672+0000] {processor.py:840} INFO - DAG(s) 'daily_summary' retrieved from /opt/airflow/dags/daily_summary.py
[2025-11-14T18:32:12.693+0000] {logging_mixin.py:188} INFO - [2025-11-14T18:32:12.692+0000] {dag.py:3036} INFO - Sync 1 DAGs
[2025-11-14T18:32:12.709+0000] {logging_mixin.py:188} INFO - [2025-11-14T18:32:12.709+0000] {dag.py:3823} INFO - Setting next_dagrun for daily_summary to 2025-11-14 00:00:00+00:00, run_after=2025-11-15 00:00:00+00:00
[2025-11-14T18:32:12.729+0000] {processor.py:183} INFO - Processing /opt/airflow/dags/daily_summary.py took 0.116 seconds
[2025-11-14T18:32:42.957+0000] {processor.py:161} INFO - Started process (PID=580) to work on /opt/airflow/dags/daily_summary.py
[2025-11-14T18:32:42.958+0000] {processor.py:830} INFO - Processing file /opt/airflow/dags/daily_summary.py for tasks to queue
[2025-11-14T18:32:42.959+0000] {logging_mixin.py:188} INFO - [2025-11-14T18:32:42.959+0000] {dagbag.py:538} INFO - Filling up the DagBag from /opt/airflow/dags/daily_summary.py
[2025-11-14T18:32:43.018+0000] {processor.py:840} INFO - DAG(s) 'daily_summary' retrieved from /opt/airflow/dags/daily_summary.py
[2025-11-14T18:32:43.038+0000] {logging_mixin.py:188} INFO - [2025-11-14T18:32:43.037+0000] {dag.py:3036} INFO - Sync 1 DAGs
[2025-11-14T18:32:43.055+0000] {logging_mixin.py:188} INFO - [2025-11-14T18:32:43.054+0000] {dag.py:3823} INFO - Setting next_dagrun for daily_summary to 2025-11-14 00:00:00+00:00, run_after=2025-11-15 00:00:00+00:00
[2025-11-14T18:32:43.083+0000] {processor.py:183} INFO - Processing /opt/airflow/dags/daily_summary.py took 0.129 seconds
[2025-11-14T18:33:13.212+0000] {processor.py:161} INFO - Started process (PID=585) to work on /opt/airflow/dags/daily_summary.py
[2025-11-14T18:33:13.213+0000] {processor.py:830} INFO - Processing file /opt/airflow/dags/daily_summary.py for tasks to queue
[2025-11-14T18:33:13.214+0000] {logging_mixin.py:188} INFO - [2025-11-14T18:33:13.214+0000] {dagbag.py:538} INFO - Filling up the DagBag from /opt/airflow/dags/daily_summary.py
[2025-11-14T18:33:13.266+0000] {processor.py:840} INFO - DAG(s) 'daily_summary' retrieved from /opt/airflow/dags/daily_summary.py
[2025-11-14T18:33:13.290+0000] {logging_mixin.py:188} INFO - [2025-11-14T18:33:13.290+0000] {dag.py:3036} INFO - Sync 1 DAGs
[2025-11-14T18:33:13.308+0000] {logging_mixin.py:188} INFO - [2025-11-14T18:33:13.308+0000] {dag.py:3823} INFO - Setting next_dagrun for daily_summary to 2025-11-14 00:00:00+00:00, run_after=2025-11-15 00:00:00+00:00
[2025-11-14T18:33:13.327+0000] {processor.py:183} INFO - Processing /opt/airflow/dags/daily_summary.py took 0.118 seconds
[2025-11-14T18:33:43.547+0000] {processor.py:161} INFO - Started process (PID=590) to work on /opt/airflow/dags/daily_summary.py
[2025-11-14T18:33:43.547+0000] {processor.py:830} INFO - Processing file /opt/airflow/dags/daily_summary.py for tasks to queue
[2025-11-14T18:33:43.548+0000] {logging_mixin.py:188} INFO - [2025-11-14T18:33:43.548+0000] {dagbag.py:538} INFO - Filling up the DagBag from /opt/airflow/dags/daily_summary.py
[2025-11-14T18:33:43.600+0000] {processor.py:840} INFO - DAG(s) 'daily_summary' retrieved from /opt/airflow/dags/daily_summary.py
[2025-11-14T18:33:43.621+0000] {logging_mixin.py:188} INFO - [2025-11-14T18:33:43.621+0000] {dag.py:3036} INFO - Sync 1 DAGs
[2025-11-14T18:33:43.639+0000] {logging_mixin.py:188} INFO - [2025-11-14T18:33:43.639+0000] {dag.py:3823} INFO - Setting next_dagrun for daily_summary to 2025-11-14 00:00:00+00:00, run_after=2025-11-15 00:00:00+00:00
[2025-11-14T18:33:43.668+0000] {processor.py:183} INFO - Processing /opt/airflow/dags/daily_summary.py took 0.124 seconds
[2025-11-14T18:34:13.796+0000] {processor.py:161} INFO - Started process (PID=595) to work on /opt/airflow/dags/daily_summary.py
[2025-11-14T18:34:13.796+0000] {processor.py:830} INFO - Processing file /opt/airflow/dags/daily_summary.py for tasks to queue
[2025-11-14T18:34:13.797+0000] {logging_mixin.py:188} INFO - [2025-11-14T18:34:13.797+0000] {dagbag.py:538} INFO - Filling up the DagBag from /opt/airflow/dags/daily_summary.py
[2025-11-14T18:34:13.848+0000] {processor.py:840} INFO - DAG(s) 'daily_summary' retrieved from /opt/airflow/dags/daily_summary.py
[2025-11-14T18:34:13.872+0000] {logging_mixin.py:188} INFO - [2025-11-14T18:34:13.872+0000] {dag.py:3036} INFO - Sync 1 DAGs
[2025-11-14T18:34:13.890+0000] {logging_mixin.py:188} INFO - [2025-11-14T18:34:13.890+0000] {dag.py:3823} INFO - Setting next_dagrun for daily_summary to 2025-11-14 00:00:00+00:00, run_after=2025-11-15 00:00:00+00:00
[2025-11-14T18:34:13.910+0000] {processor.py:183} INFO - Processing /opt/airflow/dags/daily_summary.py took 0.117 seconds
[2025-11-14T18:34:44.166+0000] {processor.py:161} INFO - Started process (PID=600) to work on /opt/airflow/dags/daily_summary.py
[2025-11-14T18:34:44.167+0000] {processor.py:830} INFO - Processing file /opt/airflow/dags/daily_summary.py for tasks to queue
[2025-11-14T18:34:44.168+0000] {logging_mixin.py:188} INFO - [2025-11-14T18:34:44.168+0000] {dagbag.py:538} INFO - Filling up the DagBag from /opt/airflow/dags/daily_summary.py
[2025-11-14T18:34:44.223+0000] {processor.py:840} INFO - DAG(s) 'daily_summary' retrieved from /opt/airflow/dags/daily_summary.py
[2025-11-14T18:34:44.245+0000] {logging_mixin.py:188} INFO - [2025-11-14T18:34:44.245+0000] {dag.py:3036} INFO - Sync 1 DAGs
[2025-11-14T18:34:44.263+0000] {logging_mixin.py:188} INFO - [2025-11-14T18:34:44.262+0000] {dag.py:3823} INFO - Setting next_dagrun for daily_summary to 2025-11-14 00:00:00+00:00, run_after=2025-11-15 00:00:00+00:00
[2025-11-14T18:34:44.279+0000] {processor.py:183} INFO - Processing /opt/airflow/dags/daily_summary.py took 0.115 seconds
[2025-11-14T18:35:14.403+0000] {processor.py:161} INFO - Started process (PID=605) to work on /opt/airflow/dags/daily_summary.py
[2025-11-14T18:35:14.405+0000] {processor.py:830} INFO - Processing file /opt/airflow/dags/daily_summary.py for tasks to queue
[2025-11-14T18:35:14.405+0000] {logging_mixin.py:188} INFO - [2025-11-14T18:35:14.405+0000] {dagbag.py:538} INFO - Filling up the DagBag from /opt/airflow/dags/daily_summary.py
[2025-11-14T18:35:14.457+0000] {processor.py:840} INFO - DAG(s) 'daily_summary' retrieved from /opt/airflow/dags/daily_summary.py
[2025-11-14T18:35:14.478+0000] {logging_mixin.py:188} INFO - [2025-11-14T18:35:14.477+0000] {dag.py:3036} INFO - Sync 1 DAGs
[2025-11-14T18:35:14.497+0000] {logging_mixin.py:188} INFO - [2025-11-14T18:35:14.497+0000] {dag.py:3823} INFO - Setting next_dagrun for daily_summary to 2025-11-14 00:00:00+00:00, run_after=2025-11-15 00:00:00+00:00
[2025-11-14T18:35:14.516+0000] {processor.py:183} INFO - Processing /opt/airflow/dags/daily_summary.py took 0.116 seconds
[2025-11-14T18:35:44.737+0000] {processor.py:161} INFO - Started process (PID=610) to work on /opt/airflow/dags/daily_summary.py
[2025-11-14T18:35:44.738+0000] {processor.py:830} INFO - Processing file /opt/airflow/dags/daily_summary.py for tasks to queue
[2025-11-14T18:35:44.738+0000] {logging_mixin.py:188} INFO - [2025-11-14T18:35:44.738+0000] {dagbag.py:538} INFO - Filling up the DagBag from /opt/airflow/dags/daily_summary.py
[2025-11-14T18:35:44.790+0000] {processor.py:840} INFO - DAG(s) 'daily_summary' retrieved from /opt/airflow/dags/daily_summary.py
[2025-11-14T18:35:44.811+0000] {logging_mixin.py:188} INFO - [2025-11-14T18:35:44.811+0000] {dag.py:3036} INFO - Sync 1 DAGs
[2025-11-14T18:35:44.827+0000] {logging_mixin.py:188} INFO - [2025-11-14T18:35:44.827+0000] {dag.py:3823} INFO - Setting next_dagrun for daily_summary to 2025-11-14 00:00:00+00:00, run_after=2025-11-15 00:00:00+00:00
[2025-11-14T18:35:44.853+0000] {processor.py:183} INFO - Processing /opt/airflow/dags/daily_summary.py took 0.119 seconds
[2025-11-14T18:36:14.972+0000] {processor.py:161} INFO - Started process (PID=615) to work on /opt/airflow/dags/daily_summary.py
[2025-11-14T18:36:14.973+0000] {processor.py:830} INFO - Processing file /opt/airflow/dags/daily_summary.py for tasks to queue
[2025-11-14T18:36:14.974+0000] {logging_mixin.py:188} INFO - [2025-11-14T18:36:14.974+0000] {dagbag.py:538} INFO - Filling up the DagBag from /opt/airflow/dags/daily_summary.py
[2025-11-14T18:36:15.032+0000] {processor.py:840} INFO - DAG(s) 'daily_summary' retrieved from /opt/airflow/dags/daily_summary.py
[2025-11-14T18:36:15.053+0000] {logging_mixin.py:188} INFO - [2025-11-14T18:36:15.053+0000] {dag.py:3036} INFO - Sync 1 DAGs
[2025-11-14T18:36:15.069+0000] {logging_mixin.py:188} INFO - [2025-11-14T18:36:15.069+0000] {dag.py:3823} INFO - Setting next_dagrun for daily_summary to 2025-11-14 00:00:00+00:00, run_after=2025-11-15 00:00:00+00:00
[2025-11-14T18:36:15.095+0000] {processor.py:183} INFO - Processing /opt/airflow/dags/daily_summary.py took 0.126 seconds
[2025-11-14T18:36:45.329+0000] {processor.py:161} INFO - Started process (PID=620) to work on /opt/airflow/dags/daily_summary.py
[2025-11-14T18:36:45.330+0000] {processor.py:830} INFO - Processing file /opt/airflow/dags/daily_summary.py for tasks to queue
[2025-11-14T18:36:45.331+0000] {logging_mixin.py:188} INFO - [2025-11-14T18:36:45.331+0000] {dagbag.py:538} INFO - Filling up the DagBag from /opt/airflow/dags/daily_summary.py
[2025-11-14T18:36:45.383+0000] {processor.py:840} INFO - DAG(s) 'daily_summary' retrieved from /opt/airflow/dags/daily_summary.py
[2025-11-14T18:36:45.403+0000] {logging_mixin.py:188} INFO - [2025-11-14T18:36:45.402+0000] {dag.py:3036} INFO - Sync 1 DAGs
[2025-11-14T18:36:45.418+0000] {logging_mixin.py:188} INFO - [2025-11-14T18:36:45.418+0000] {dag.py:3823} INFO - Setting next_dagrun for daily_summary to 2025-11-14 00:00:00+00:00, run_after=2025-11-15 00:00:00+00:00
[2025-11-14T18:36:45.446+0000] {processor.py:183} INFO - Processing /opt/airflow/dags/daily_summary.py took 0.119 seconds
[2025-11-14T18:37:15.580+0000] {processor.py:161} INFO - Started process (PID=625) to work on /opt/airflow/dags/daily_summary.py
[2025-11-14T18:37:15.581+0000] {processor.py:830} INFO - Processing file /opt/airflow/dags/daily_summary.py for tasks to queue
[2025-11-14T18:37:15.581+0000] {logging_mixin.py:188} INFO - [2025-11-14T18:37:15.581+0000] {dagbag.py:538} INFO - Filling up the DagBag from /opt/airflow/dags/daily_summary.py
[2025-11-14T18:37:15.632+0000] {processor.py:840} INFO - DAG(s) 'daily_summary' retrieved from /opt/airflow/dags/daily_summary.py
[2025-11-14T18:37:15.653+0000] {logging_mixin.py:188} INFO - [2025-11-14T18:37:15.653+0000] {dag.py:3036} INFO - Sync 1 DAGs
[2025-11-14T18:37:15.670+0000] {logging_mixin.py:188} INFO - [2025-11-14T18:37:15.670+0000] {dag.py:3823} INFO - Setting next_dagrun for daily_summary to 2025-11-14 00:00:00+00:00, run_after=2025-11-15 00:00:00+00:00
[2025-11-14T18:37:15.688+0000] {processor.py:183} INFO - Processing /opt/airflow/dags/daily_summary.py took 0.111 seconds
[2025-11-14T18:37:45.922+0000] {processor.py:161} INFO - Started process (PID=630) to work on /opt/airflow/dags/daily_summary.py
[2025-11-14T18:37:45.923+0000] {processor.py:830} INFO - Processing file /opt/airflow/dags/daily_summary.py for tasks to queue
[2025-11-14T18:37:45.923+0000] {logging_mixin.py:188} INFO - [2025-11-14T18:37:45.923+0000] {dagbag.py:538} INFO - Filling up the DagBag from /opt/airflow/dags/daily_summary.py
[2025-11-14T18:37:45.975+0000] {processor.py:840} INFO - DAG(s) 'daily_summary' retrieved from /opt/airflow/dags/daily_summary.py
[2025-11-14T18:37:45.996+0000] {logging_mixin.py:188} INFO - [2025-11-14T18:37:45.995+0000] {dag.py:3036} INFO - Sync 1 DAGs
[2025-11-14T18:37:46.013+0000] {logging_mixin.py:188} INFO - [2025-11-14T18:37:46.013+0000] {dag.py:3823} INFO - Setting next_dagrun for daily_summary to 2025-11-14 00:00:00+00:00, run_after=2025-11-15 00:00:00+00:00
[2025-11-14T18:37:46.032+0000] {processor.py:183} INFO - Processing /opt/airflow/dags/daily_summary.py took 0.113 seconds
[2025-11-14T18:38:16.158+0000] {processor.py:161} INFO - Started process (PID=635) to work on /opt/airflow/dags/daily_summary.py
[2025-11-14T18:38:16.159+0000] {processor.py:830} INFO - Processing file /opt/airflow/dags/daily_summary.py for tasks to queue
[2025-11-14T18:38:16.160+0000] {logging_mixin.py:188} INFO - [2025-11-14T18:38:16.160+0000] {dagbag.py:538} INFO - Filling up the DagBag from /opt/airflow/dags/daily_summary.py
[2025-11-14T18:38:16.215+0000] {processor.py:840} INFO - DAG(s) 'daily_summary' retrieved from /opt/airflow/dags/daily_summary.py
[2025-11-14T18:38:16.238+0000] {logging_mixin.py:188} INFO - [2025-11-14T18:38:16.238+0000] {dag.py:3036} INFO - Sync 1 DAGs
[2025-11-14T18:38:16.258+0000] {logging_mixin.py:188} INFO - [2025-11-14T18:38:16.257+0000] {dag.py:3823} INFO - Setting next_dagrun for daily_summary to 2025-11-14 00:00:00+00:00, run_after=2025-11-15 00:00:00+00:00
[2025-11-14T18:38:16.285+0000] {processor.py:183} INFO - Processing /opt/airflow/dags/daily_summary.py took 0.129 seconds
[2025-11-14T18:38:47.131+0000] {processor.py:161} INFO - Started process (PID=640) to work on /opt/airflow/dags/daily_summary.py
[2025-11-14T18:38:47.134+0000] {processor.py:830} INFO - Processing file /opt/airflow/dags/daily_summary.py for tasks to queue
[2025-11-14T18:38:47.137+0000] {logging_mixin.py:188} INFO - [2025-11-14T18:38:47.137+0000] {dagbag.py:538} INFO - Filling up the DagBag from /opt/airflow/dags/daily_summary.py
[2025-11-14T18:38:47.398+0000] {processor.py:840} INFO - DAG(s) 'daily_summary' retrieved from /opt/airflow/dags/daily_summary.py
[2025-11-14T18:38:47.522+0000] {logging_mixin.py:188} INFO - [2025-11-14T18:38:47.521+0000] {dag.py:3036} INFO - Sync 1 DAGs
[2025-11-14T18:38:47.652+0000] {logging_mixin.py:188} INFO - [2025-11-14T18:38:47.651+0000] {dag.py:3823} INFO - Setting next_dagrun for daily_summary to 2025-11-14 00:00:00+00:00, run_after=2025-11-15 00:00:00+00:00
[2025-11-14T18:38:47.828+0000] {processor.py:183} INFO - Processing /opt/airflow/dags/daily_summary.py took 0.702 seconds
[2025-11-14T23:07:29.922+0000] {processor.py:161} INFO - Started process (PID=645) to work on /opt/airflow/dags/daily_summary.py
[2025-11-14T23:07:29.924+0000] {processor.py:830} INFO - Processing file /opt/airflow/dags/daily_summary.py for tasks to queue
[2025-11-14T23:07:29.926+0000] {logging_mixin.py:188} INFO - [2025-11-14T23:07:29.925+0000] {dagbag.py:538} INFO - Filling up the DagBag from /opt/airflow/dags/daily_summary.py
[2025-11-14T23:07:30.064+0000] {processor.py:840} INFO - DAG(s) 'daily_summary' retrieved from /opt/airflow/dags/daily_summary.py
[2025-11-14T23:07:30.107+0000] {logging_mixin.py:188} INFO - [2025-11-14T23:07:30.107+0000] {dag.py:3036} INFO - Sync 1 DAGs
[2025-11-14T23:07:30.141+0000] {logging_mixin.py:188} INFO - [2025-11-14T23:07:30.141+0000] {dag.py:3823} INFO - Setting next_dagrun for daily_summary to 2025-11-14 00:00:00+00:00, run_after=2025-11-15 00:00:00+00:00
[2025-11-14T23:07:30.167+0000] {processor.py:183} INFO - Processing /opt/airflow/dags/daily_summary.py took 0.249 seconds
