[2025-10-25T02:35:52.246+0000] {processor.py:161} INFO - Started process (PID=3223) to work on /opt/airflow/dags/daily_summary.py
[2025-10-25T02:35:52.247+0000] {processor.py:830} INFO - Processing file /opt/airflow/dags/daily_summary.py for tasks to queue
[2025-10-25T02:35:52.248+0000] {logging_mixin.py:188} INFO - [2025-10-25T02:35:52.248+0000] {dagbag.py:538} INFO - Filling up the DagBag from /opt/airflow/dags/daily_summary.py
[2025-10-25T02:35:52.330+0000] {processor.py:840} INFO - DAG(s) 'daily_summary' retrieved from /opt/airflow/dags/daily_summary.py
[2025-10-25T02:35:52.363+0000] {logging_mixin.py:188} INFO - [2025-10-25T02:35:52.363+0000] {dag.py:3036} INFO - Sync 1 DAGs
[2025-10-25T02:35:52.576+0000] {logging_mixin.py:188} INFO - [2025-10-25T02:35:52.576+0000] {dag.py:3823} INFO - Setting next_dagrun for daily_summary to 2025-10-24 00:00:00+00:00, run_after=2025-10-25 00:00:00+00:00
[2025-10-25T02:35:52.602+0000] {processor.py:183} INFO - Processing /opt/airflow/dags/daily_summary.py took 0.360 seconds
[2025-10-25T02:59:45.591+0000] {processor.py:161} INFO - Started process (PID=3230) to work on /opt/airflow/dags/daily_summary.py
[2025-10-25T02:59:45.598+0000] {processor.py:830} INFO - Processing file /opt/airflow/dags/daily_summary.py for tasks to queue
[2025-10-25T02:59:45.600+0000] {logging_mixin.py:188} INFO - [2025-10-25T02:59:45.600+0000] {dagbag.py:538} INFO - Filling up the DagBag from /opt/airflow/dags/daily_summary.py
[2025-10-25T02:59:45.938+0000] {processor.py:840} INFO - DAG(s) 'daily_summary' retrieved from /opt/airflow/dags/daily_summary.py
[2025-10-25T02:59:46.020+0000] {logging_mixin.py:188} INFO - [2025-10-25T02:59:46.019+0000] {dag.py:3036} INFO - Sync 1 DAGs
[2025-10-25T02:59:46.087+0000] {logging_mixin.py:188} INFO - [2025-10-25T02:59:46.086+0000] {dag.py:3823} INFO - Setting next_dagrun for daily_summary to 2025-10-24 00:00:00+00:00, run_after=2025-10-25 00:00:00+00:00
[2025-10-25T02:59:46.184+0000] {processor.py:183} INFO - Processing /opt/airflow/dags/daily_summary.py took 0.603 seconds
[2025-10-25T03:00:16.440+0000] {processor.py:161} INFO - Started process (PID=3235) to work on /opt/airflow/dags/daily_summary.py
[2025-10-25T03:00:16.441+0000] {processor.py:830} INFO - Processing file /opt/airflow/dags/daily_summary.py for tasks to queue
[2025-10-25T03:00:16.442+0000] {logging_mixin.py:188} INFO - [2025-10-25T03:00:16.442+0000] {dagbag.py:538} INFO - Filling up the DagBag from /opt/airflow/dags/daily_summary.py
[2025-10-25T03:00:16.501+0000] {processor.py:840} INFO - DAG(s) 'daily_summary' retrieved from /opt/airflow/dags/daily_summary.py
[2025-10-25T03:00:16.527+0000] {logging_mixin.py:188} INFO - [2025-10-25T03:00:16.527+0000] {dag.py:3036} INFO - Sync 1 DAGs
[2025-10-25T03:00:16.546+0000] {logging_mixin.py:188} INFO - [2025-10-25T03:00:16.546+0000] {dag.py:3823} INFO - Setting next_dagrun for daily_summary to 2025-10-24 00:00:00+00:00, run_after=2025-10-25 00:00:00+00:00
[2025-10-25T03:00:16.571+0000] {processor.py:183} INFO - Processing /opt/airflow/dags/daily_summary.py took 0.134 seconds
[2025-10-25T03:00:46.690+0000] {processor.py:161} INFO - Started process (PID=3240) to work on /opt/airflow/dags/daily_summary.py
[2025-10-25T03:00:46.691+0000] {processor.py:830} INFO - Processing file /opt/airflow/dags/daily_summary.py for tasks to queue
[2025-10-25T03:00:46.692+0000] {logging_mixin.py:188} INFO - [2025-10-25T03:00:46.692+0000] {dagbag.py:538} INFO - Filling up the DagBag from /opt/airflow/dags/daily_summary.py
[2025-10-25T03:00:46.746+0000] {processor.py:840} INFO - DAG(s) 'daily_summary' retrieved from /opt/airflow/dags/daily_summary.py
[2025-10-25T03:00:46.768+0000] {logging_mixin.py:188} INFO - [2025-10-25T03:00:46.768+0000] {dag.py:3036} INFO - Sync 1 DAGs
[2025-10-25T03:00:46.786+0000] {logging_mixin.py:188} INFO - [2025-10-25T03:00:46.786+0000] {dag.py:3823} INFO - Setting next_dagrun for daily_summary to 2025-10-24 00:00:00+00:00, run_after=2025-10-25 00:00:00+00:00
[2025-10-25T03:00:46.813+0000] {processor.py:183} INFO - Processing /opt/airflow/dags/daily_summary.py took 0.126 seconds
[2025-10-25T03:01:16.954+0000] {processor.py:161} INFO - Started process (PID=3245) to work on /opt/airflow/dags/daily_summary.py
[2025-10-25T03:01:16.955+0000] {processor.py:830} INFO - Processing file /opt/airflow/dags/daily_summary.py for tasks to queue
[2025-10-25T03:01:16.956+0000] {logging_mixin.py:188} INFO - [2025-10-25T03:01:16.956+0000] {dagbag.py:538} INFO - Filling up the DagBag from /opt/airflow/dags/daily_summary.py
[2025-10-25T03:01:17.007+0000] {processor.py:840} INFO - DAG(s) 'daily_summary' retrieved from /opt/airflow/dags/daily_summary.py
[2025-10-25T03:01:17.028+0000] {logging_mixin.py:188} INFO - [2025-10-25T03:01:17.027+0000] {dag.py:3036} INFO - Sync 1 DAGs
[2025-10-25T03:01:17.044+0000] {logging_mixin.py:188} INFO - [2025-10-25T03:01:17.044+0000] {dag.py:3823} INFO - Setting next_dagrun for daily_summary to 2025-10-24 00:00:00+00:00, run_after=2025-10-25 00:00:00+00:00
[2025-10-25T03:01:17.062+0000] {processor.py:183} INFO - Processing /opt/airflow/dags/daily_summary.py took 0.111 seconds
[2025-10-25T03:01:47.224+0000] {processor.py:161} INFO - Started process (PID=3250) to work on /opt/airflow/dags/daily_summary.py
[2025-10-25T03:01:47.225+0000] {processor.py:830} INFO - Processing file /opt/airflow/dags/daily_summary.py for tasks to queue
[2025-10-25T03:01:47.226+0000] {logging_mixin.py:188} INFO - [2025-10-25T03:01:47.226+0000] {dagbag.py:538} INFO - Filling up the DagBag from /opt/airflow/dags/daily_summary.py
[2025-10-25T03:01:47.278+0000] {processor.py:840} INFO - DAG(s) 'daily_summary' retrieved from /opt/airflow/dags/daily_summary.py
[2025-10-25T03:01:47.300+0000] {logging_mixin.py:188} INFO - [2025-10-25T03:01:47.300+0000] {dag.py:3036} INFO - Sync 1 DAGs
[2025-10-25T03:01:47.316+0000] {logging_mixin.py:188} INFO - [2025-10-25T03:01:47.315+0000] {dag.py:3823} INFO - Setting next_dagrun for daily_summary to 2025-10-24 00:00:00+00:00, run_after=2025-10-25 00:00:00+00:00
[2025-10-25T03:01:47.345+0000] {processor.py:183} INFO - Processing /opt/airflow/dags/daily_summary.py took 0.123 seconds
[2025-10-25T03:02:24.024+0000] {processor.py:161} INFO - Started process (PID=175) to work on /opt/airflow/dags/daily_summary.py
[2025-10-25T03:02:24.025+0000] {processor.py:830} INFO - Processing file /opt/airflow/dags/daily_summary.py for tasks to queue
[2025-10-25T03:02:24.026+0000] {logging_mixin.py:188} INFO - [2025-10-25T03:02:24.026+0000] {dagbag.py:538} INFO - Filling up the DagBag from /opt/airflow/dags/daily_summary.py
[2025-10-25T03:02:24.134+0000] {processor.py:840} INFO - DAG(s) 'daily_summary' retrieved from /opt/airflow/dags/daily_summary.py
[2025-10-25T03:02:24.171+0000] {logging_mixin.py:188} INFO - [2025-10-25T03:02:24.170+0000] {dag.py:3036} INFO - Sync 1 DAGs
[2025-10-25T03:02:24.196+0000] {logging_mixin.py:188} INFO - [2025-10-25T03:02:24.196+0000] {dag.py:3823} INFO - Setting next_dagrun for daily_summary to 2025-10-24 00:00:00+00:00, run_after=2025-10-25 00:00:00+00:00
[2025-10-25T03:02:24.228+0000] {processor.py:183} INFO - Processing /opt/airflow/dags/daily_summary.py took 0.208 seconds
[2025-10-25T03:02:54.317+0000] {processor.py:161} INFO - Started process (PID=180) to work on /opt/airflow/dags/daily_summary.py
[2025-10-25T03:02:54.317+0000] {processor.py:830} INFO - Processing file /opt/airflow/dags/daily_summary.py for tasks to queue
[2025-10-25T03:02:54.318+0000] {logging_mixin.py:188} INFO - [2025-10-25T03:02:54.318+0000] {dagbag.py:538} INFO - Filling up the DagBag from /opt/airflow/dags/daily_summary.py
[2025-10-25T03:02:54.371+0000] {processor.py:840} INFO - DAG(s) 'daily_summary' retrieved from /opt/airflow/dags/daily_summary.py
[2025-10-25T03:02:54.502+0000] {logging_mixin.py:188} INFO - [2025-10-25T03:02:54.501+0000] {dag.py:3036} INFO - Sync 1 DAGs
[2025-10-25T03:02:54.516+0000] {logging_mixin.py:188} INFO - [2025-10-25T03:02:54.516+0000] {dag.py:3823} INFO - Setting next_dagrun for daily_summary to 2025-10-24 00:00:00+00:00, run_after=2025-10-25 00:00:00+00:00
[2025-10-25T03:02:54.545+0000] {processor.py:183} INFO - Processing /opt/airflow/dags/daily_summary.py took 0.231 seconds
[2025-10-25T03:03:24.730+0000] {processor.py:161} INFO - Started process (PID=185) to work on /opt/airflow/dags/daily_summary.py
[2025-10-25T03:03:24.731+0000] {processor.py:830} INFO - Processing file /opt/airflow/dags/daily_summary.py for tasks to queue
[2025-10-25T03:03:24.732+0000] {logging_mixin.py:188} INFO - [2025-10-25T03:03:24.732+0000] {dagbag.py:538} INFO - Filling up the DagBag from /opt/airflow/dags/daily_summary.py
[2025-10-25T03:03:24.792+0000] {processor.py:840} INFO - DAG(s) 'daily_summary' retrieved from /opt/airflow/dags/daily_summary.py
[2025-10-25T03:03:24.815+0000] {logging_mixin.py:188} INFO - [2025-10-25T03:03:24.815+0000] {dag.py:3036} INFO - Sync 1 DAGs
[2025-10-25T03:03:24.835+0000] {logging_mixin.py:188} INFO - [2025-10-25T03:03:24.834+0000] {dag.py:3823} INFO - Setting next_dagrun for daily_summary to 2025-10-24 00:00:00+00:00, run_after=2025-10-25 00:00:00+00:00
[2025-10-25T03:03:24.853+0000] {processor.py:183} INFO - Processing /opt/airflow/dags/daily_summary.py took 0.126 seconds
[2025-10-25T03:03:54.980+0000] {processor.py:161} INFO - Started process (PID=195) to work on /opt/airflow/dags/daily_summary.py
[2025-10-25T03:03:54.980+0000] {processor.py:830} INFO - Processing file /opt/airflow/dags/daily_summary.py for tasks to queue
[2025-10-25T03:03:54.981+0000] {logging_mixin.py:188} INFO - [2025-10-25T03:03:54.981+0000] {dagbag.py:538} INFO - Filling up the DagBag from /opt/airflow/dags/daily_summary.py
[2025-10-25T03:03:55.040+0000] {processor.py:840} INFO - DAG(s) 'daily_summary' retrieved from /opt/airflow/dags/daily_summary.py
[2025-10-25T03:03:55.065+0000] {logging_mixin.py:188} INFO - [2025-10-25T03:03:55.065+0000] {dag.py:3036} INFO - Sync 1 DAGs
[2025-10-25T03:03:55.085+0000] {logging_mixin.py:188} INFO - [2025-10-25T03:03:55.085+0000] {dag.py:3823} INFO - Setting next_dagrun for daily_summary to 2025-10-25 00:00:00+00:00, run_after=2025-10-26 00:00:00+00:00
[2025-10-25T03:03:55.104+0000] {processor.py:183} INFO - Processing /opt/airflow/dags/daily_summary.py took 0.128 seconds
[2025-10-25T03:04:25.373+0000] {processor.py:161} INFO - Started process (PID=200) to work on /opt/airflow/dags/daily_summary.py
[2025-10-25T03:04:25.373+0000] {processor.py:830} INFO - Processing file /opt/airflow/dags/daily_summary.py for tasks to queue
[2025-10-25T03:04:25.374+0000] {logging_mixin.py:188} INFO - [2025-10-25T03:04:25.374+0000] {dagbag.py:538} INFO - Filling up the DagBag from /opt/airflow/dags/daily_summary.py
[2025-10-25T03:04:25.428+0000] {processor.py:840} INFO - DAG(s) 'daily_summary' retrieved from /opt/airflow/dags/daily_summary.py
[2025-10-25T03:04:25.450+0000] {logging_mixin.py:188} INFO - [2025-10-25T03:04:25.450+0000] {dag.py:3036} INFO - Sync 1 DAGs
[2025-10-25T03:04:25.469+0000] {logging_mixin.py:188} INFO - [2025-10-25T03:04:25.468+0000] {dag.py:3823} INFO - Setting next_dagrun for daily_summary to 2025-10-25 00:00:00+00:00, run_after=2025-10-26 00:00:00+00:00
[2025-10-25T03:04:25.489+0000] {processor.py:183} INFO - Processing /opt/airflow/dags/daily_summary.py took 0.119 seconds
[2025-10-25T03:04:55.643+0000] {processor.py:161} INFO - Started process (PID=205) to work on /opt/airflow/dags/daily_summary.py
[2025-10-25T03:04:55.644+0000] {processor.py:830} INFO - Processing file /opt/airflow/dags/daily_summary.py for tasks to queue
[2025-10-25T03:04:55.645+0000] {logging_mixin.py:188} INFO - [2025-10-25T03:04:55.645+0000] {dagbag.py:538} INFO - Filling up the DagBag from /opt/airflow/dags/daily_summary.py
[2025-10-25T03:04:55.701+0000] {processor.py:840} INFO - DAG(s) 'daily_summary' retrieved from /opt/airflow/dags/daily_summary.py
[2025-10-25T03:04:55.723+0000] {logging_mixin.py:188} INFO - [2025-10-25T03:04:55.723+0000] {dag.py:3036} INFO - Sync 1 DAGs
[2025-10-25T03:04:55.743+0000] {logging_mixin.py:188} INFO - [2025-10-25T03:04:55.743+0000] {dag.py:3823} INFO - Setting next_dagrun for daily_summary to 2025-10-25 00:00:00+00:00, run_after=2025-10-26 00:00:00+00:00
[2025-10-25T03:04:55.774+0000] {processor.py:183} INFO - Processing /opt/airflow/dags/daily_summary.py took 0.134 seconds
[2025-10-25T03:05:26.058+0000] {processor.py:161} INFO - Started process (PID=210) to work on /opt/airflow/dags/daily_summary.py
[2025-10-25T03:05:26.059+0000] {processor.py:830} INFO - Processing file /opt/airflow/dags/daily_summary.py for tasks to queue
[2025-10-25T03:05:26.060+0000] {logging_mixin.py:188} INFO - [2025-10-25T03:05:26.059+0000] {dagbag.py:538} INFO - Filling up the DagBag from /opt/airflow/dags/daily_summary.py
[2025-10-25T03:05:26.118+0000] {processor.py:840} INFO - DAG(s) 'daily_summary' retrieved from /opt/airflow/dags/daily_summary.py
[2025-10-25T03:05:26.142+0000] {logging_mixin.py:188} INFO - [2025-10-25T03:05:26.141+0000] {dag.py:3036} INFO - Sync 1 DAGs
[2025-10-25T03:05:26.163+0000] {logging_mixin.py:188} INFO - [2025-10-25T03:05:26.162+0000] {dag.py:3823} INFO - Setting next_dagrun for daily_summary to 2025-10-25 00:00:00+00:00, run_after=2025-10-26 00:00:00+00:00
[2025-10-25T03:05:26.181+0000] {processor.py:183} INFO - Processing /opt/airflow/dags/daily_summary.py took 0.126 seconds
[2025-10-25T03:05:56.263+0000] {processor.py:161} INFO - Started process (PID=215) to work on /opt/airflow/dags/daily_summary.py
[2025-10-25T03:05:56.263+0000] {processor.py:830} INFO - Processing file /opt/airflow/dags/daily_summary.py for tasks to queue
[2025-10-25T03:05:56.264+0000] {logging_mixin.py:188} INFO - [2025-10-25T03:05:56.264+0000] {dagbag.py:538} INFO - Filling up the DagBag from /opt/airflow/dags/daily_summary.py
[2025-10-25T03:05:56.318+0000] {processor.py:840} INFO - DAG(s) 'daily_summary' retrieved from /opt/airflow/dags/daily_summary.py
[2025-10-25T03:05:56.342+0000] {logging_mixin.py:188} INFO - [2025-10-25T03:05:56.342+0000] {dag.py:3036} INFO - Sync 1 DAGs
[2025-10-25T03:05:56.361+0000] {logging_mixin.py:188} INFO - [2025-10-25T03:05:56.361+0000] {dag.py:3823} INFO - Setting next_dagrun for daily_summary to 2025-10-25 00:00:00+00:00, run_after=2025-10-26 00:00:00+00:00
[2025-10-25T03:05:56.382+0000] {processor.py:183} INFO - Processing /opt/airflow/dags/daily_summary.py took 0.122 seconds
[2025-10-25T03:06:26.637+0000] {processor.py:161} INFO - Started process (PID=220) to work on /opt/airflow/dags/daily_summary.py
[2025-10-25T03:06:26.638+0000] {processor.py:830} INFO - Processing file /opt/airflow/dags/daily_summary.py for tasks to queue
[2025-10-25T03:06:26.639+0000] {logging_mixin.py:188} INFO - [2025-10-25T03:06:26.639+0000] {dagbag.py:538} INFO - Filling up the DagBag from /opt/airflow/dags/daily_summary.py
[2025-10-25T03:06:26.703+0000] {processor.py:840} INFO - DAG(s) 'daily_summary' retrieved from /opt/airflow/dags/daily_summary.py
[2025-10-25T03:06:26.725+0000] {logging_mixin.py:188} INFO - [2025-10-25T03:06:26.724+0000] {dag.py:3036} INFO - Sync 1 DAGs
[2025-10-25T03:06:26.746+0000] {logging_mixin.py:188} INFO - [2025-10-25T03:06:26.746+0000] {dag.py:3823} INFO - Setting next_dagrun for daily_summary to 2025-10-25 00:00:00+00:00, run_after=2025-10-26 00:00:00+00:00
[2025-10-25T03:06:26.775+0000] {processor.py:183} INFO - Processing /opt/airflow/dags/daily_summary.py took 0.141 seconds
[2025-10-25T03:06:56.872+0000] {processor.py:161} INFO - Started process (PID=225) to work on /opt/airflow/dags/daily_summary.py
[2025-10-25T03:06:56.874+0000] {processor.py:830} INFO - Processing file /opt/airflow/dags/daily_summary.py for tasks to queue
[2025-10-25T03:06:56.875+0000] {logging_mixin.py:188} INFO - [2025-10-25T03:06:56.874+0000] {dagbag.py:538} INFO - Filling up the DagBag from /opt/airflow/dags/daily_summary.py
[2025-10-25T03:06:56.938+0000] {processor.py:840} INFO - DAG(s) 'daily_summary' retrieved from /opt/airflow/dags/daily_summary.py
[2025-10-25T03:06:56.964+0000] {logging_mixin.py:188} INFO - [2025-10-25T03:06:56.964+0000] {dag.py:3036} INFO - Sync 1 DAGs
[2025-10-25T03:06:56.984+0000] {logging_mixin.py:188} INFO - [2025-10-25T03:06:56.984+0000] {dag.py:3823} INFO - Setting next_dagrun for daily_summary to 2025-10-25 00:00:00+00:00, run_after=2025-10-26 00:00:00+00:00
[2025-10-25T03:06:57.004+0000] {processor.py:183} INFO - Processing /opt/airflow/dags/daily_summary.py took 0.135 seconds
[2025-10-25T03:07:27.269+0000] {processor.py:161} INFO - Started process (PID=230) to work on /opt/airflow/dags/daily_summary.py
[2025-10-25T03:07:27.270+0000] {processor.py:830} INFO - Processing file /opt/airflow/dags/daily_summary.py for tasks to queue
[2025-10-25T03:07:27.270+0000] {logging_mixin.py:188} INFO - [2025-10-25T03:07:27.270+0000] {dagbag.py:538} INFO - Filling up the DagBag from /opt/airflow/dags/daily_summary.py
[2025-10-25T03:07:27.333+0000] {processor.py:840} INFO - DAG(s) 'daily_summary' retrieved from /opt/airflow/dags/daily_summary.py
[2025-10-25T03:07:27.358+0000] {logging_mixin.py:188} INFO - [2025-10-25T03:07:27.358+0000] {dag.py:3036} INFO - Sync 1 DAGs
[2025-10-25T03:07:27.379+0000] {logging_mixin.py:188} INFO - [2025-10-25T03:07:27.378+0000] {dag.py:3823} INFO - Setting next_dagrun for daily_summary to 2025-10-25 00:00:00+00:00, run_after=2025-10-26 00:00:00+00:00
[2025-10-25T03:07:27.403+0000] {processor.py:183} INFO - Processing /opt/airflow/dags/daily_summary.py took 0.136 seconds
[2025-10-25T03:07:57.509+0000] {processor.py:161} INFO - Started process (PID=235) to work on /opt/airflow/dags/daily_summary.py
[2025-10-25T03:07:57.510+0000] {processor.py:830} INFO - Processing file /opt/airflow/dags/daily_summary.py for tasks to queue
[2025-10-25T03:07:57.511+0000] {logging_mixin.py:188} INFO - [2025-10-25T03:07:57.511+0000] {dagbag.py:538} INFO - Filling up the DagBag from /opt/airflow/dags/daily_summary.py
[2025-10-25T03:07:57.575+0000] {processor.py:840} INFO - DAG(s) 'daily_summary' retrieved from /opt/airflow/dags/daily_summary.py
[2025-10-25T03:07:57.601+0000] {logging_mixin.py:188} INFO - [2025-10-25T03:07:57.601+0000] {dag.py:3036} INFO - Sync 1 DAGs
[2025-10-25T03:07:57.630+0000] {logging_mixin.py:188} INFO - [2025-10-25T03:07:57.629+0000] {dag.py:3823} INFO - Setting next_dagrun for daily_summary to 2025-10-25 00:00:00+00:00, run_after=2025-10-26 00:00:00+00:00
[2025-10-25T03:07:57.652+0000] {processor.py:183} INFO - Processing /opt/airflow/dags/daily_summary.py took 0.146 seconds
[2025-10-25T03:08:27.868+0000] {processor.py:161} INFO - Started process (PID=240) to work on /opt/airflow/dags/daily_summary.py
[2025-10-25T03:08:27.869+0000] {processor.py:830} INFO - Processing file /opt/airflow/dags/daily_summary.py for tasks to queue
[2025-10-25T03:08:27.869+0000] {logging_mixin.py:188} INFO - [2025-10-25T03:08:27.869+0000] {dagbag.py:538} INFO - Filling up the DagBag from /opt/airflow/dags/daily_summary.py
[2025-10-25T03:08:27.928+0000] {processor.py:840} INFO - DAG(s) 'daily_summary' retrieved from /opt/airflow/dags/daily_summary.py
[2025-10-25T03:08:27.950+0000] {logging_mixin.py:188} INFO - [2025-10-25T03:08:27.950+0000] {dag.py:3036} INFO - Sync 1 DAGs
[2025-10-25T03:08:27.969+0000] {logging_mixin.py:188} INFO - [2025-10-25T03:08:27.969+0000] {dag.py:3823} INFO - Setting next_dagrun for daily_summary to 2025-10-25 00:00:00+00:00, run_after=2025-10-26 00:00:00+00:00
[2025-10-25T03:08:27.986+0000] {processor.py:183} INFO - Processing /opt/airflow/dags/daily_summary.py took 0.121 seconds
[2025-10-25T03:08:58.122+0000] {processor.py:161} INFO - Started process (PID=245) to work on /opt/airflow/dags/daily_summary.py
[2025-10-25T03:08:58.123+0000] {processor.py:830} INFO - Processing file /opt/airflow/dags/daily_summary.py for tasks to queue
[2025-10-25T03:08:58.124+0000] {logging_mixin.py:188} INFO - [2025-10-25T03:08:58.124+0000] {dagbag.py:538} INFO - Filling up the DagBag from /opt/airflow/dags/daily_summary.py
[2025-10-25T03:08:58.179+0000] {processor.py:840} INFO - DAG(s) 'daily_summary' retrieved from /opt/airflow/dags/daily_summary.py
[2025-10-25T03:08:58.203+0000] {logging_mixin.py:188} INFO - [2025-10-25T03:08:58.203+0000] {dag.py:3036} INFO - Sync 1 DAGs
[2025-10-25T03:08:58.221+0000] {logging_mixin.py:188} INFO - [2025-10-25T03:08:58.221+0000] {dag.py:3823} INFO - Setting next_dagrun for daily_summary to 2025-10-25 00:00:00+00:00, run_after=2025-10-26 00:00:00+00:00
[2025-10-25T03:08:58.239+0000] {processor.py:183} INFO - Processing /opt/airflow/dags/daily_summary.py took 0.120 seconds
[2025-10-25T03:09:28.443+0000] {processor.py:161} INFO - Started process (PID=250) to work on /opt/airflow/dags/daily_summary.py
[2025-10-25T03:09:28.444+0000] {processor.py:830} INFO - Processing file /opt/airflow/dags/daily_summary.py for tasks to queue
[2025-10-25T03:09:28.445+0000] {logging_mixin.py:188} INFO - [2025-10-25T03:09:28.445+0000] {dagbag.py:538} INFO - Filling up the DagBag from /opt/airflow/dags/daily_summary.py
[2025-10-25T03:09:28.500+0000] {processor.py:840} INFO - DAG(s) 'daily_summary' retrieved from /opt/airflow/dags/daily_summary.py
[2025-10-25T03:09:28.524+0000] {logging_mixin.py:188} INFO - [2025-10-25T03:09:28.523+0000] {dag.py:3036} INFO - Sync 1 DAGs
[2025-10-25T03:09:28.545+0000] {logging_mixin.py:188} INFO - [2025-10-25T03:09:28.545+0000] {dag.py:3823} INFO - Setting next_dagrun for daily_summary to 2025-10-25 00:00:00+00:00, run_after=2025-10-26 00:00:00+00:00
[2025-10-25T03:09:28.565+0000] {processor.py:183} INFO - Processing /opt/airflow/dags/daily_summary.py took 0.125 seconds
[2025-10-25T03:09:58.715+0000] {processor.py:161} INFO - Started process (PID=255) to work on /opt/airflow/dags/daily_summary.py
[2025-10-25T03:09:58.716+0000] {processor.py:830} INFO - Processing file /opt/airflow/dags/daily_summary.py for tasks to queue
[2025-10-25T03:09:58.717+0000] {logging_mixin.py:188} INFO - [2025-10-25T03:09:58.717+0000] {dagbag.py:538} INFO - Filling up the DagBag from /opt/airflow/dags/daily_summary.py
[2025-10-25T03:09:58.774+0000] {processor.py:840} INFO - DAG(s) 'daily_summary' retrieved from /opt/airflow/dags/daily_summary.py
[2025-10-25T03:09:58.801+0000] {logging_mixin.py:188} INFO - [2025-10-25T03:09:58.801+0000] {dag.py:3036} INFO - Sync 1 DAGs
[2025-10-25T03:09:58.821+0000] {logging_mixin.py:188} INFO - [2025-10-25T03:09:58.821+0000] {dag.py:3823} INFO - Setting next_dagrun for daily_summary to 2025-10-25 00:00:00+00:00, run_after=2025-10-26 00:00:00+00:00
[2025-10-25T03:09:58.843+0000] {processor.py:183} INFO - Processing /opt/airflow/dags/daily_summary.py took 0.131 seconds
[2025-10-25T03:10:28.974+0000] {processor.py:161} INFO - Started process (PID=275) to work on /opt/airflow/dags/daily_summary.py
[2025-10-25T03:10:28.975+0000] {processor.py:830} INFO - Processing file /opt/airflow/dags/daily_summary.py for tasks to queue
[2025-10-25T03:10:28.976+0000] {logging_mixin.py:188} INFO - [2025-10-25T03:10:28.976+0000] {dagbag.py:538} INFO - Filling up the DagBag from /opt/airflow/dags/daily_summary.py
[2025-10-25T03:10:29.032+0000] {processor.py:840} INFO - DAG(s) 'daily_summary' retrieved from /opt/airflow/dags/daily_summary.py
[2025-10-25T03:10:29.052+0000] {logging_mixin.py:188} INFO - [2025-10-25T03:10:29.052+0000] {dag.py:3036} INFO - Sync 1 DAGs
[2025-10-25T03:10:29.070+0000] {logging_mixin.py:188} INFO - [2025-10-25T03:10:29.070+0000] {dag.py:3823} INFO - Setting next_dagrun for daily_summary to 2025-10-25 00:00:00+00:00, run_after=2025-10-26 00:00:00+00:00
[2025-10-25T03:10:29.088+0000] {processor.py:183} INFO - Processing /opt/airflow/dags/daily_summary.py took 0.117 seconds
[2025-10-25T03:10:59.231+0000] {processor.py:161} INFO - Started process (PID=285) to work on /opt/airflow/dags/daily_summary.py
[2025-10-25T03:10:59.232+0000] {processor.py:830} INFO - Processing file /opt/airflow/dags/daily_summary.py for tasks to queue
[2025-10-25T03:10:59.233+0000] {logging_mixin.py:188} INFO - [2025-10-25T03:10:59.233+0000] {dagbag.py:538} INFO - Filling up the DagBag from /opt/airflow/dags/daily_summary.py
[2025-10-25T03:10:59.289+0000] {processor.py:840} INFO - DAG(s) 'daily_summary' retrieved from /opt/airflow/dags/daily_summary.py
[2025-10-25T03:10:59.308+0000] {logging_mixin.py:188} INFO - [2025-10-25T03:10:59.308+0000] {dag.py:3036} INFO - Sync 1 DAGs
[2025-10-25T03:10:59.324+0000] {logging_mixin.py:188} INFO - [2025-10-25T03:10:59.324+0000] {dag.py:3823} INFO - Setting next_dagrun for daily_summary to 2025-10-25 00:00:00+00:00, run_after=2025-10-26 00:00:00+00:00
[2025-10-25T03:10:59.342+0000] {processor.py:183} INFO - Processing /opt/airflow/dags/daily_summary.py took 0.114 seconds
[2025-10-25T03:11:29.547+0000] {processor.py:161} INFO - Started process (PID=290) to work on /opt/airflow/dags/daily_summary.py
[2025-10-25T03:11:29.548+0000] {processor.py:830} INFO - Processing file /opt/airflow/dags/daily_summary.py for tasks to queue
[2025-10-25T03:11:29.549+0000] {logging_mixin.py:188} INFO - [2025-10-25T03:11:29.548+0000] {dagbag.py:538} INFO - Filling up the DagBag from /opt/airflow/dags/daily_summary.py
[2025-10-25T03:11:29.605+0000] {processor.py:840} INFO - DAG(s) 'daily_summary' retrieved from /opt/airflow/dags/daily_summary.py
[2025-10-25T03:11:29.626+0000] {logging_mixin.py:188} INFO - [2025-10-25T03:11:29.625+0000] {dag.py:3036} INFO - Sync 1 DAGs
[2025-10-25T03:11:29.644+0000] {logging_mixin.py:188} INFO - [2025-10-25T03:11:29.643+0000] {dag.py:3823} INFO - Setting next_dagrun for daily_summary to 2025-10-25 00:00:00+00:00, run_after=2025-10-26 00:00:00+00:00
[2025-10-25T03:11:29.662+0000] {processor.py:183} INFO - Processing /opt/airflow/dags/daily_summary.py took 0.117 seconds
[2025-10-25T03:11:59.817+0000] {processor.py:161} INFO - Started process (PID=295) to work on /opt/airflow/dags/daily_summary.py
[2025-10-25T03:11:59.818+0000] {processor.py:830} INFO - Processing file /opt/airflow/dags/daily_summary.py for tasks to queue
[2025-10-25T03:11:59.819+0000] {logging_mixin.py:188} INFO - [2025-10-25T03:11:59.819+0000] {dagbag.py:538} INFO - Filling up the DagBag from /opt/airflow/dags/daily_summary.py
[2025-10-25T03:11:59.872+0000] {processor.py:840} INFO - DAG(s) 'daily_summary' retrieved from /opt/airflow/dags/daily_summary.py
[2025-10-25T03:11:59.893+0000] {logging_mixin.py:188} INFO - [2025-10-25T03:11:59.893+0000] {dag.py:3036} INFO - Sync 1 DAGs
[2025-10-25T03:11:59.910+0000] {logging_mixin.py:188} INFO - [2025-10-25T03:11:59.910+0000] {dag.py:3823} INFO - Setting next_dagrun for daily_summary to 2025-10-25 00:00:00+00:00, run_after=2025-10-26 00:00:00+00:00
[2025-10-25T03:11:59.928+0000] {processor.py:183} INFO - Processing /opt/airflow/dags/daily_summary.py took 0.113 seconds
[2025-10-25T03:12:30.170+0000] {processor.py:161} INFO - Started process (PID=300) to work on /opt/airflow/dags/daily_summary.py
[2025-10-25T03:12:30.171+0000] {processor.py:830} INFO - Processing file /opt/airflow/dags/daily_summary.py for tasks to queue
[2025-10-25T03:12:30.172+0000] {logging_mixin.py:188} INFO - [2025-10-25T03:12:30.171+0000] {dagbag.py:538} INFO - Filling up the DagBag from /opt/airflow/dags/daily_summary.py
[2025-10-25T03:12:30.224+0000] {processor.py:840} INFO - DAG(s) 'daily_summary' retrieved from /opt/airflow/dags/daily_summary.py
[2025-10-25T03:12:30.247+0000] {logging_mixin.py:188} INFO - [2025-10-25T03:12:30.247+0000] {dag.py:3036} INFO - Sync 1 DAGs
[2025-10-25T03:12:30.265+0000] {logging_mixin.py:188} INFO - [2025-10-25T03:12:30.265+0000] {dag.py:3823} INFO - Setting next_dagrun for daily_summary to 2025-10-25 00:00:00+00:00, run_after=2025-10-26 00:00:00+00:00
[2025-10-25T03:12:30.284+0000] {processor.py:183} INFO - Processing /opt/airflow/dags/daily_summary.py took 0.117 seconds
[2025-10-25T03:13:00.426+0000] {processor.py:161} INFO - Started process (PID=305) to work on /opt/airflow/dags/daily_summary.py
[2025-10-25T03:13:00.427+0000] {processor.py:830} INFO - Processing file /opt/airflow/dags/daily_summary.py for tasks to queue
[2025-10-25T03:13:00.428+0000] {logging_mixin.py:188} INFO - [2025-10-25T03:13:00.428+0000] {dagbag.py:538} INFO - Filling up the DagBag from /opt/airflow/dags/daily_summary.py
[2025-10-25T03:13:00.485+0000] {processor.py:840} INFO - DAG(s) 'daily_summary' retrieved from /opt/airflow/dags/daily_summary.py
[2025-10-25T03:13:00.512+0000] {logging_mixin.py:188} INFO - [2025-10-25T03:13:00.512+0000] {dag.py:3036} INFO - Sync 1 DAGs
[2025-10-25T03:13:00.533+0000] {logging_mixin.py:188} INFO - [2025-10-25T03:13:00.533+0000] {dag.py:3823} INFO - Setting next_dagrun for daily_summary to 2025-10-25 00:00:00+00:00, run_after=2025-10-26 00:00:00+00:00
[2025-10-25T03:13:00.565+0000] {processor.py:183} INFO - Processing /opt/airflow/dags/daily_summary.py took 0.142 seconds
[2025-10-25T03:13:30.811+0000] {processor.py:161} INFO - Started process (PID=310) to work on /opt/airflow/dags/daily_summary.py
[2025-10-25T03:13:30.811+0000] {processor.py:830} INFO - Processing file /opt/airflow/dags/daily_summary.py for tasks to queue
[2025-10-25T03:13:30.812+0000] {logging_mixin.py:188} INFO - [2025-10-25T03:13:30.812+0000] {dagbag.py:538} INFO - Filling up the DagBag from /opt/airflow/dags/daily_summary.py
[2025-10-25T03:13:30.866+0000] {processor.py:840} INFO - DAG(s) 'daily_summary' retrieved from /opt/airflow/dags/daily_summary.py
[2025-10-25T03:13:30.889+0000] {logging_mixin.py:188} INFO - [2025-10-25T03:13:30.889+0000] {dag.py:3036} INFO - Sync 1 DAGs
[2025-10-25T03:13:30.908+0000] {logging_mixin.py:188} INFO - [2025-10-25T03:13:30.907+0000] {dag.py:3823} INFO - Setting next_dagrun for daily_summary to 2025-10-25 00:00:00+00:00, run_after=2025-10-26 00:00:00+00:00
[2025-10-25T03:13:30.936+0000] {processor.py:183} INFO - Processing /opt/airflow/dags/daily_summary.py took 0.128 seconds
[2025-10-25T03:14:01.092+0000] {processor.py:161} INFO - Started process (PID=315) to work on /opt/airflow/dags/daily_summary.py
[2025-10-25T03:14:01.093+0000] {processor.py:830} INFO - Processing file /opt/airflow/dags/daily_summary.py for tasks to queue
[2025-10-25T03:14:01.094+0000] {logging_mixin.py:188} INFO - [2025-10-25T03:14:01.094+0000] {dagbag.py:538} INFO - Filling up the DagBag from /opt/airflow/dags/daily_summary.py
[2025-10-25T03:14:01.157+0000] {processor.py:840} INFO - DAG(s) 'daily_summary' retrieved from /opt/airflow/dags/daily_summary.py
[2025-10-25T03:14:01.183+0000] {logging_mixin.py:188} INFO - [2025-10-25T03:14:01.183+0000] {dag.py:3036} INFO - Sync 1 DAGs
[2025-10-25T03:14:01.203+0000] {logging_mixin.py:188} INFO - [2025-10-25T03:14:01.203+0000] {dag.py:3823} INFO - Setting next_dagrun for daily_summary to 2025-10-25 00:00:00+00:00, run_after=2025-10-26 00:00:00+00:00
[2025-10-25T03:14:01.230+0000] {processor.py:183} INFO - Processing /opt/airflow/dags/daily_summary.py took 0.141 seconds
[2025-10-25T03:14:31.407+0000] {processor.py:161} INFO - Started process (PID=320) to work on /opt/airflow/dags/daily_summary.py
[2025-10-25T03:14:31.408+0000] {processor.py:830} INFO - Processing file /opt/airflow/dags/daily_summary.py for tasks to queue
[2025-10-25T03:14:31.408+0000] {logging_mixin.py:188} INFO - [2025-10-25T03:14:31.408+0000] {dagbag.py:538} INFO - Filling up the DagBag from /opt/airflow/dags/daily_summary.py
[2025-10-25T03:14:31.470+0000] {processor.py:840} INFO - DAG(s) 'daily_summary' retrieved from /opt/airflow/dags/daily_summary.py
[2025-10-25T03:14:31.494+0000] {logging_mixin.py:188} INFO - [2025-10-25T03:14:31.494+0000] {dag.py:3036} INFO - Sync 1 DAGs
[2025-10-25T03:14:31.514+0000] {logging_mixin.py:188} INFO - [2025-10-25T03:14:31.514+0000] {dag.py:3823} INFO - Setting next_dagrun for daily_summary to 2025-10-25 00:00:00+00:00, run_after=2025-10-26 00:00:00+00:00
[2025-10-25T03:14:31.541+0000] {processor.py:183} INFO - Processing /opt/airflow/dags/daily_summary.py took 0.138 seconds
[2025-10-25T03:15:01.718+0000] {processor.py:161} INFO - Started process (PID=325) to work on /opt/airflow/dags/daily_summary.py
[2025-10-25T03:15:01.718+0000] {processor.py:830} INFO - Processing file /opt/airflow/dags/daily_summary.py for tasks to queue
[2025-10-25T03:15:01.719+0000] {logging_mixin.py:188} INFO - [2025-10-25T03:15:01.719+0000] {dagbag.py:538} INFO - Filling up the DagBag from /opt/airflow/dags/daily_summary.py
[2025-10-25T03:15:01.781+0000] {processor.py:840} INFO - DAG(s) 'daily_summary' retrieved from /opt/airflow/dags/daily_summary.py
[2025-10-25T03:15:01.807+0000] {logging_mixin.py:188} INFO - [2025-10-25T03:15:01.807+0000] {dag.py:3036} INFO - Sync 1 DAGs
[2025-10-25T03:15:01.829+0000] {logging_mixin.py:188} INFO - [2025-10-25T03:15:01.829+0000] {dag.py:3823} INFO - Setting next_dagrun for daily_summary to 2025-10-25 00:00:00+00:00, run_after=2025-10-26 00:00:00+00:00
[2025-10-25T03:15:01.865+0000] {processor.py:183} INFO - Processing /opt/airflow/dags/daily_summary.py took 0.151 seconds
[2025-10-25T03:15:32.022+0000] {processor.py:161} INFO - Started process (PID=335) to work on /opt/airflow/dags/daily_summary.py
[2025-10-25T03:15:32.023+0000] {processor.py:830} INFO - Processing file /opt/airflow/dags/daily_summary.py for tasks to queue
[2025-10-25T03:15:32.024+0000] {logging_mixin.py:188} INFO - [2025-10-25T03:15:32.024+0000] {dagbag.py:538} INFO - Filling up the DagBag from /opt/airflow/dags/daily_summary.py
[2025-10-25T03:15:32.080+0000] {processor.py:840} INFO - DAG(s) 'daily_summary' retrieved from /opt/airflow/dags/daily_summary.py
[2025-10-25T03:15:32.105+0000] {logging_mixin.py:188} INFO - [2025-10-25T03:15:32.105+0000] {dag.py:3036} INFO - Sync 1 DAGs
[2025-10-25T03:15:32.123+0000] {logging_mixin.py:188} INFO - [2025-10-25T03:15:32.123+0000] {dag.py:3823} INFO - Setting next_dagrun for daily_summary to 2025-10-25 00:00:00+00:00, run_after=2025-10-26 00:00:00+00:00
[2025-10-25T03:15:32.152+0000] {processor.py:183} INFO - Processing /opt/airflow/dags/daily_summary.py took 0.132 seconds
[2025-10-25T03:16:02.314+0000] {processor.py:161} INFO - Started process (PID=340) to work on /opt/airflow/dags/daily_summary.py
[2025-10-25T03:16:02.314+0000] {processor.py:830} INFO - Processing file /opt/airflow/dags/daily_summary.py for tasks to queue
[2025-10-25T03:16:02.315+0000] {logging_mixin.py:188} INFO - [2025-10-25T03:16:02.315+0000] {dagbag.py:538} INFO - Filling up the DagBag from /opt/airflow/dags/daily_summary.py
[2025-10-25T03:16:02.369+0000] {processor.py:840} INFO - DAG(s) 'daily_summary' retrieved from /opt/airflow/dags/daily_summary.py
[2025-10-25T03:16:02.393+0000] {logging_mixin.py:188} INFO - [2025-10-25T03:16:02.392+0000] {dag.py:3036} INFO - Sync 1 DAGs
[2025-10-25T03:16:02.411+0000] {logging_mixin.py:188} INFO - [2025-10-25T03:16:02.410+0000] {dag.py:3823} INFO - Setting next_dagrun for daily_summary to 2025-10-25 00:00:00+00:00, run_after=2025-10-26 00:00:00+00:00
[2025-10-25T03:16:02.437+0000] {processor.py:183} INFO - Processing /opt/airflow/dags/daily_summary.py took 0.127 seconds
[2025-10-25T03:16:32.632+0000] {processor.py:161} INFO - Started process (PID=345) to work on /opt/airflow/dags/daily_summary.py
[2025-10-25T03:16:32.633+0000] {processor.py:830} INFO - Processing file /opt/airflow/dags/daily_summary.py for tasks to queue
[2025-10-25T03:16:32.635+0000] {logging_mixin.py:188} INFO - [2025-10-25T03:16:32.634+0000] {dagbag.py:538} INFO - Filling up the DagBag from /opt/airflow/dags/daily_summary.py
[2025-10-25T03:16:32.694+0000] {processor.py:840} INFO - DAG(s) 'daily_summary' retrieved from /opt/airflow/dags/daily_summary.py
[2025-10-25T03:16:32.716+0000] {logging_mixin.py:188} INFO - [2025-10-25T03:16:32.716+0000] {dag.py:3036} INFO - Sync 1 DAGs
[2025-10-25T03:16:32.735+0000] {logging_mixin.py:188} INFO - [2025-10-25T03:16:32.735+0000] {dag.py:3823} INFO - Setting next_dagrun for daily_summary to 2025-10-25 00:00:00+00:00, run_after=2025-10-26 00:00:00+00:00
[2025-10-25T03:16:32.756+0000] {processor.py:183} INFO - Processing /opt/airflow/dags/daily_summary.py took 0.127 seconds
[2025-10-25T03:17:02.914+0000] {processor.py:161} INFO - Started process (PID=350) to work on /opt/airflow/dags/daily_summary.py
[2025-10-25T03:17:02.915+0000] {processor.py:830} INFO - Processing file /opt/airflow/dags/daily_summary.py for tasks to queue
[2025-10-25T03:17:02.916+0000] {logging_mixin.py:188} INFO - [2025-10-25T03:17:02.916+0000] {dagbag.py:538} INFO - Filling up the DagBag from /opt/airflow/dags/daily_summary.py
[2025-10-25T03:17:02.973+0000] {processor.py:840} INFO - DAG(s) 'daily_summary' retrieved from /opt/airflow/dags/daily_summary.py
[2025-10-25T03:17:02.996+0000] {logging_mixin.py:188} INFO - [2025-10-25T03:17:02.995+0000] {dag.py:3036} INFO - Sync 1 DAGs
[2025-10-25T03:17:03.017+0000] {logging_mixin.py:188} INFO - [2025-10-25T03:17:03.017+0000] {dag.py:3823} INFO - Setting next_dagrun for daily_summary to 2025-10-25 00:00:00+00:00, run_after=2025-10-26 00:00:00+00:00
[2025-10-25T03:17:03.038+0000] {processor.py:183} INFO - Processing /opt/airflow/dags/daily_summary.py took 0.127 seconds
[2025-10-25T03:17:33.244+0000] {processor.py:161} INFO - Started process (PID=355) to work on /opt/airflow/dags/daily_summary.py
[2025-10-25T03:17:33.244+0000] {processor.py:830} INFO - Processing file /opt/airflow/dags/daily_summary.py for tasks to queue
[2025-10-25T03:17:33.245+0000] {logging_mixin.py:188} INFO - [2025-10-25T03:17:33.245+0000] {dagbag.py:538} INFO - Filling up the DagBag from /opt/airflow/dags/daily_summary.py
[2025-10-25T03:17:33.298+0000] {processor.py:840} INFO - DAG(s) 'daily_summary' retrieved from /opt/airflow/dags/daily_summary.py
[2025-10-25T03:17:33.319+0000] {logging_mixin.py:188} INFO - [2025-10-25T03:17:33.319+0000] {dag.py:3036} INFO - Sync 1 DAGs
[2025-10-25T03:17:33.336+0000] {logging_mixin.py:188} INFO - [2025-10-25T03:17:33.335+0000] {dag.py:3823} INFO - Setting next_dagrun for daily_summary to 2025-10-25 00:00:00+00:00, run_after=2025-10-26 00:00:00+00:00
[2025-10-25T03:17:33.363+0000] {processor.py:183} INFO - Processing /opt/airflow/dags/daily_summary.py took 0.122 seconds
[2025-10-25T03:18:03.529+0000] {processor.py:161} INFO - Started process (PID=360) to work on /opt/airflow/dags/daily_summary.py
[2025-10-25T03:18:03.530+0000] {processor.py:830} INFO - Processing file /opt/airflow/dags/daily_summary.py for tasks to queue
[2025-10-25T03:18:03.531+0000] {logging_mixin.py:188} INFO - [2025-10-25T03:18:03.530+0000] {dagbag.py:538} INFO - Filling up the DagBag from /opt/airflow/dags/daily_summary.py
[2025-10-25T03:18:03.588+0000] {processor.py:840} INFO - DAG(s) 'daily_summary' retrieved from /opt/airflow/dags/daily_summary.py
[2025-10-25T03:18:03.612+0000] {logging_mixin.py:188} INFO - [2025-10-25T03:18:03.612+0000] {dag.py:3036} INFO - Sync 1 DAGs
[2025-10-25T03:18:03.630+0000] {logging_mixin.py:188} INFO - [2025-10-25T03:18:03.630+0000] {dag.py:3823} INFO - Setting next_dagrun for daily_summary to 2025-10-25 00:00:00+00:00, run_after=2025-10-26 00:00:00+00:00
[2025-10-25T03:18:03.648+0000] {processor.py:183} INFO - Processing /opt/airflow/dags/daily_summary.py took 0.122 seconds
[2025-10-25T03:18:33.853+0000] {processor.py:161} INFO - Started process (PID=365) to work on /opt/airflow/dags/daily_summary.py
[2025-10-25T03:18:33.854+0000] {processor.py:830} INFO - Processing file /opt/airflow/dags/daily_summary.py for tasks to queue
[2025-10-25T03:18:33.855+0000] {logging_mixin.py:188} INFO - [2025-10-25T03:18:33.854+0000] {dagbag.py:538} INFO - Filling up the DagBag from /opt/airflow/dags/daily_summary.py
[2025-10-25T03:18:33.909+0000] {processor.py:840} INFO - DAG(s) 'daily_summary' retrieved from /opt/airflow/dags/daily_summary.py
[2025-10-25T03:18:33.931+0000] {logging_mixin.py:188} INFO - [2025-10-25T03:18:33.931+0000] {dag.py:3036} INFO - Sync 1 DAGs
[2025-10-25T03:18:33.948+0000] {logging_mixin.py:188} INFO - [2025-10-25T03:18:33.948+0000] {dag.py:3823} INFO - Setting next_dagrun for daily_summary to 2025-10-25 00:00:00+00:00, run_after=2025-10-26 00:00:00+00:00
[2025-10-25T03:18:33.967+0000] {processor.py:183} INFO - Processing /opt/airflow/dags/daily_summary.py took 0.117 seconds
[2025-10-25T03:19:04.103+0000] {processor.py:161} INFO - Started process (PID=370) to work on /opt/airflow/dags/daily_summary.py
[2025-10-25T03:19:04.104+0000] {processor.py:830} INFO - Processing file /opt/airflow/dags/daily_summary.py for tasks to queue
[2025-10-25T03:19:04.106+0000] {logging_mixin.py:188} INFO - [2025-10-25T03:19:04.105+0000] {dagbag.py:538} INFO - Filling up the DagBag from /opt/airflow/dags/daily_summary.py
[2025-10-25T03:19:04.168+0000] {processor.py:840} INFO - DAG(s) 'daily_summary' retrieved from /opt/airflow/dags/daily_summary.py
[2025-10-25T03:19:04.191+0000] {logging_mixin.py:188} INFO - [2025-10-25T03:19:04.190+0000] {dag.py:3036} INFO - Sync 1 DAGs
[2025-10-25T03:19:04.208+0000] {logging_mixin.py:188} INFO - [2025-10-25T03:19:04.208+0000] {dag.py:3823} INFO - Setting next_dagrun for daily_summary to 2025-10-25 00:00:00+00:00, run_after=2025-10-26 00:00:00+00:00
[2025-10-25T03:19:04.227+0000] {processor.py:183} INFO - Processing /opt/airflow/dags/daily_summary.py took 0.127 seconds
[2025-10-25T03:19:34.393+0000] {processor.py:161} INFO - Started process (PID=375) to work on /opt/airflow/dags/daily_summary.py
[2025-10-25T03:19:34.394+0000] {processor.py:830} INFO - Processing file /opt/airflow/dags/daily_summary.py for tasks to queue
[2025-10-25T03:19:34.395+0000] {logging_mixin.py:188} INFO - [2025-10-25T03:19:34.394+0000] {dagbag.py:538} INFO - Filling up the DagBag from /opt/airflow/dags/daily_summary.py
[2025-10-25T03:19:34.460+0000] {processor.py:840} INFO - DAG(s) 'daily_summary' retrieved from /opt/airflow/dags/daily_summary.py
[2025-10-25T03:19:34.483+0000] {logging_mixin.py:188} INFO - [2025-10-25T03:19:34.483+0000] {dag.py:3036} INFO - Sync 1 DAGs
[2025-10-25T03:19:34.502+0000] {logging_mixin.py:188} INFO - [2025-10-25T03:19:34.502+0000] {dag.py:3823} INFO - Setting next_dagrun for daily_summary to 2025-10-25 00:00:00+00:00, run_after=2025-10-26 00:00:00+00:00
[2025-10-25T03:19:34.519+0000] {processor.py:183} INFO - Processing /opt/airflow/dags/daily_summary.py took 0.131 seconds
[2025-10-25T03:20:04.723+0000] {processor.py:161} INFO - Started process (PID=380) to work on /opt/airflow/dags/daily_summary.py
[2025-10-25T03:20:04.724+0000] {processor.py:830} INFO - Processing file /opt/airflow/dags/daily_summary.py for tasks to queue
[2025-10-25T03:20:04.725+0000] {logging_mixin.py:188} INFO - [2025-10-25T03:20:04.725+0000] {dagbag.py:538} INFO - Filling up the DagBag from /opt/airflow/dags/daily_summary.py
[2025-10-25T03:20:04.779+0000] {processor.py:840} INFO - DAG(s) 'daily_summary' retrieved from /opt/airflow/dags/daily_summary.py
[2025-10-25T03:20:04.800+0000] {logging_mixin.py:188} INFO - [2025-10-25T03:20:04.799+0000] {dag.py:3036} INFO - Sync 1 DAGs
[2025-10-25T03:20:04.817+0000] {logging_mixin.py:188} INFO - [2025-10-25T03:20:04.816+0000] {dag.py:3823} INFO - Setting next_dagrun for daily_summary to 2025-10-25 00:00:00+00:00, run_after=2025-10-26 00:00:00+00:00
[2025-10-25T03:20:04.836+0000] {processor.py:183} INFO - Processing /opt/airflow/dags/daily_summary.py took 0.115 seconds
[2025-10-25T03:20:35.002+0000] {processor.py:161} INFO - Started process (PID=385) to work on /opt/airflow/dags/daily_summary.py
[2025-10-25T03:20:35.003+0000] {processor.py:830} INFO - Processing file /opt/airflow/dags/daily_summary.py for tasks to queue
[2025-10-25T03:20:35.004+0000] {logging_mixin.py:188} INFO - [2025-10-25T03:20:35.004+0000] {dagbag.py:538} INFO - Filling up the DagBag from /opt/airflow/dags/daily_summary.py
[2025-10-25T03:20:35.058+0000] {processor.py:840} INFO - DAG(s) 'daily_summary' retrieved from /opt/airflow/dags/daily_summary.py
[2025-10-25T03:20:35.097+0000] {logging_mixin.py:188} INFO - [2025-10-25T03:20:35.097+0000] {dag.py:3036} INFO - Sync 1 DAGs
[2025-10-25T03:20:35.115+0000] {logging_mixin.py:188} INFO - [2025-10-25T03:20:35.115+0000] {dag.py:3823} INFO - Setting next_dagrun for daily_summary to 2025-10-25 00:00:00+00:00, run_after=2025-10-26 00:00:00+00:00
[2025-10-25T03:20:35.141+0000] {processor.py:183} INFO - Processing /opt/airflow/dags/daily_summary.py took 0.142 seconds
[2025-10-25T03:21:05.311+0000] {processor.py:161} INFO - Started process (PID=390) to work on /opt/airflow/dags/daily_summary.py
[2025-10-25T03:21:05.312+0000] {processor.py:830} INFO - Processing file /opt/airflow/dags/daily_summary.py for tasks to queue
[2025-10-25T03:21:05.313+0000] {logging_mixin.py:188} INFO - [2025-10-25T03:21:05.313+0000] {dagbag.py:538} INFO - Filling up the DagBag from /opt/airflow/dags/daily_summary.py
[2025-10-25T03:21:05.376+0000] {processor.py:840} INFO - DAG(s) 'daily_summary' retrieved from /opt/airflow/dags/daily_summary.py
[2025-10-25T03:21:05.397+0000] {logging_mixin.py:188} INFO - [2025-10-25T03:21:05.397+0000] {dag.py:3036} INFO - Sync 1 DAGs
[2025-10-25T03:21:05.417+0000] {logging_mixin.py:188} INFO - [2025-10-25T03:21:05.416+0000] {dag.py:3823} INFO - Setting next_dagrun for daily_summary to 2025-10-25 00:00:00+00:00, run_after=2025-10-26 00:00:00+00:00
[2025-10-25T03:21:05.434+0000] {processor.py:183} INFO - Processing /opt/airflow/dags/daily_summary.py took 0.126 seconds
[2025-10-25T03:21:35.555+0000] {processor.py:161} INFO - Started process (PID=395) to work on /opt/airflow/dags/daily_summary.py
[2025-10-25T03:21:35.556+0000] {processor.py:830} INFO - Processing file /opt/airflow/dags/daily_summary.py for tasks to queue
[2025-10-25T03:21:35.557+0000] {logging_mixin.py:188} INFO - [2025-10-25T03:21:35.557+0000] {dagbag.py:538} INFO - Filling up the DagBag from /opt/airflow/dags/daily_summary.py
[2025-10-25T03:21:35.611+0000] {processor.py:840} INFO - DAG(s) 'daily_summary' retrieved from /opt/airflow/dags/daily_summary.py
[2025-10-25T03:21:35.633+0000] {logging_mixin.py:188} INFO - [2025-10-25T03:21:35.633+0000] {dag.py:3036} INFO - Sync 1 DAGs
[2025-10-25T03:21:35.650+0000] {logging_mixin.py:188} INFO - [2025-10-25T03:21:35.650+0000] {dag.py:3823} INFO - Setting next_dagrun for daily_summary to 2025-10-25 00:00:00+00:00, run_after=2025-10-26 00:00:00+00:00
[2025-10-25T03:21:35.667+0000] {processor.py:183} INFO - Processing /opt/airflow/dags/daily_summary.py took 0.115 seconds
[2025-10-25T03:22:05.895+0000] {processor.py:161} INFO - Started process (PID=400) to work on /opt/airflow/dags/daily_summary.py
[2025-10-25T03:22:05.896+0000] {processor.py:830} INFO - Processing file /opt/airflow/dags/daily_summary.py for tasks to queue
[2025-10-25T03:22:05.896+0000] {logging_mixin.py:188} INFO - [2025-10-25T03:22:05.896+0000] {dagbag.py:538} INFO - Filling up the DagBag from /opt/airflow/dags/daily_summary.py
[2025-10-25T03:22:05.949+0000] {processor.py:840} INFO - DAG(s) 'daily_summary' retrieved from /opt/airflow/dags/daily_summary.py
[2025-10-25T03:22:05.971+0000] {logging_mixin.py:188} INFO - [2025-10-25T03:22:05.970+0000] {dag.py:3036} INFO - Sync 1 DAGs
[2025-10-25T03:22:05.989+0000] {logging_mixin.py:188} INFO - [2025-10-25T03:22:05.989+0000] {dag.py:3823} INFO - Setting next_dagrun for daily_summary to 2025-10-25 00:00:00+00:00, run_after=2025-10-26 00:00:00+00:00
[2025-10-25T03:22:06.017+0000] {processor.py:183} INFO - Processing /opt/airflow/dags/daily_summary.py took 0.124 seconds
[2025-10-25T03:22:36.128+0000] {processor.py:161} INFO - Started process (PID=405) to work on /opt/airflow/dags/daily_summary.py
[2025-10-25T03:22:36.128+0000] {processor.py:830} INFO - Processing file /opt/airflow/dags/daily_summary.py for tasks to queue
[2025-10-25T03:22:36.129+0000] {logging_mixin.py:188} INFO - [2025-10-25T03:22:36.129+0000] {dagbag.py:538} INFO - Filling up the DagBag from /opt/airflow/dags/daily_summary.py
[2025-10-25T03:22:36.188+0000] {processor.py:840} INFO - DAG(s) 'daily_summary' retrieved from /opt/airflow/dags/daily_summary.py
[2025-10-25T03:22:36.211+0000] {logging_mixin.py:188} INFO - [2025-10-25T03:22:36.211+0000] {dag.py:3036} INFO - Sync 1 DAGs
[2025-10-25T03:22:36.229+0000] {logging_mixin.py:188} INFO - [2025-10-25T03:22:36.229+0000] {dag.py:3823} INFO - Setting next_dagrun for daily_summary to 2025-10-25 00:00:00+00:00, run_after=2025-10-26 00:00:00+00:00
[2025-10-25T03:22:36.258+0000] {processor.py:183} INFO - Processing /opt/airflow/dags/daily_summary.py took 0.133 seconds
[2025-10-25T03:23:06.561+0000] {processor.py:161} INFO - Started process (PID=410) to work on /opt/airflow/dags/daily_summary.py
[2025-10-25T03:23:06.562+0000] {processor.py:830} INFO - Processing file /opt/airflow/dags/daily_summary.py for tasks to queue
[2025-10-25T03:23:06.562+0000] {logging_mixin.py:188} INFO - [2025-10-25T03:23:06.562+0000] {dagbag.py:538} INFO - Filling up the DagBag from /opt/airflow/dags/daily_summary.py
[2025-10-25T03:23:06.613+0000] {processor.py:840} INFO - DAG(s) 'daily_summary' retrieved from /opt/airflow/dags/daily_summary.py
[2025-10-25T03:23:06.633+0000] {logging_mixin.py:188} INFO - [2025-10-25T03:23:06.633+0000] {dag.py:3036} INFO - Sync 1 DAGs
[2025-10-25T03:23:06.650+0000] {logging_mixin.py:188} INFO - [2025-10-25T03:23:06.650+0000] {dag.py:3823} INFO - Setting next_dagrun for daily_summary to 2025-10-25 00:00:00+00:00, run_after=2025-10-26 00:00:00+00:00
[2025-10-25T03:23:06.676+0000] {processor.py:183} INFO - Processing /opt/airflow/dags/daily_summary.py took 0.117 seconds
[2025-10-25T03:23:36.818+0000] {processor.py:161} INFO - Started process (PID=415) to work on /opt/airflow/dags/daily_summary.py
[2025-10-25T03:23:36.819+0000] {processor.py:830} INFO - Processing file /opt/airflow/dags/daily_summary.py for tasks to queue
[2025-10-25T03:23:36.820+0000] {logging_mixin.py:188} INFO - [2025-10-25T03:23:36.819+0000] {dagbag.py:538} INFO - Filling up the DagBag from /opt/airflow/dags/daily_summary.py
[2025-10-25T03:23:36.871+0000] {processor.py:840} INFO - DAG(s) 'daily_summary' retrieved from /opt/airflow/dags/daily_summary.py
[2025-10-25T03:23:36.892+0000] {logging_mixin.py:188} INFO - [2025-10-25T03:23:36.891+0000] {dag.py:3036} INFO - Sync 1 DAGs
[2025-10-25T03:23:36.909+0000] {logging_mixin.py:188} INFO - [2025-10-25T03:23:36.909+0000] {dag.py:3823} INFO - Setting next_dagrun for daily_summary to 2025-10-25 00:00:00+00:00, run_after=2025-10-26 00:00:00+00:00
[2025-10-25T03:23:36.928+0000] {processor.py:183} INFO - Processing /opt/airflow/dags/daily_summary.py took 0.113 seconds
[2025-10-25T03:24:07.185+0000] {processor.py:161} INFO - Started process (PID=420) to work on /opt/airflow/dags/daily_summary.py
[2025-10-25T03:24:07.186+0000] {processor.py:830} INFO - Processing file /opt/airflow/dags/daily_summary.py for tasks to queue
[2025-10-25T03:24:07.187+0000] {logging_mixin.py:188} INFO - [2025-10-25T03:24:07.187+0000] {dagbag.py:538} INFO - Filling up the DagBag from /opt/airflow/dags/daily_summary.py
[2025-10-25T03:24:07.238+0000] {processor.py:840} INFO - DAG(s) 'daily_summary' retrieved from /opt/airflow/dags/daily_summary.py
[2025-10-25T03:24:07.259+0000] {logging_mixin.py:188} INFO - [2025-10-25T03:24:07.259+0000] {dag.py:3036} INFO - Sync 1 DAGs
[2025-10-25T03:24:07.275+0000] {logging_mixin.py:188} INFO - [2025-10-25T03:24:07.275+0000] {dag.py:3823} INFO - Setting next_dagrun for daily_summary to 2025-10-25 00:00:00+00:00, run_after=2025-10-26 00:00:00+00:00
[2025-10-25T03:24:07.300+0000] {processor.py:183} INFO - Processing /opt/airflow/dags/daily_summary.py took 0.118 seconds
[2025-10-25T03:24:37.489+0000] {processor.py:161} INFO - Started process (PID=425) to work on /opt/airflow/dags/daily_summary.py
[2025-10-25T03:24:37.489+0000] {processor.py:830} INFO - Processing file /opt/airflow/dags/daily_summary.py for tasks to queue
[2025-10-25T03:24:37.491+0000] {logging_mixin.py:188} INFO - [2025-10-25T03:24:37.490+0000] {dagbag.py:538} INFO - Filling up the DagBag from /opt/airflow/dags/daily_summary.py
[2025-10-25T03:24:37.547+0000] {processor.py:840} INFO - DAG(s) 'daily_summary' retrieved from /opt/airflow/dags/daily_summary.py
[2025-10-25T03:24:37.568+0000] {logging_mixin.py:188} INFO - [2025-10-25T03:24:37.568+0000] {dag.py:3036} INFO - Sync 1 DAGs
[2025-10-25T03:24:37.586+0000] {logging_mixin.py:188} INFO - [2025-10-25T03:24:37.585+0000] {dag.py:3823} INFO - Setting next_dagrun for daily_summary to 2025-10-25 00:00:00+00:00, run_after=2025-10-26 00:00:00+00:00
[2025-10-25T03:24:37.603+0000] {processor.py:183} INFO - Processing /opt/airflow/dags/daily_summary.py took 0.118 seconds
[2025-10-25T03:25:07.799+0000] {processor.py:161} INFO - Started process (PID=430) to work on /opt/airflow/dags/daily_summary.py
[2025-10-25T03:25:07.799+0000] {processor.py:830} INFO - Processing file /opt/airflow/dags/daily_summary.py for tasks to queue
[2025-10-25T03:25:07.800+0000] {logging_mixin.py:188} INFO - [2025-10-25T03:25:07.800+0000] {dagbag.py:538} INFO - Filling up the DagBag from /opt/airflow/dags/daily_summary.py
[2025-10-25T03:25:07.852+0000] {processor.py:840} INFO - DAG(s) 'daily_summary' retrieved from /opt/airflow/dags/daily_summary.py
[2025-10-25T03:25:07.872+0000] {logging_mixin.py:188} INFO - [2025-10-25T03:25:07.871+0000] {dag.py:3036} INFO - Sync 1 DAGs
[2025-10-25T03:25:07.887+0000] {logging_mixin.py:188} INFO - [2025-10-25T03:25:07.887+0000] {dag.py:3823} INFO - Setting next_dagrun for daily_summary to 2025-10-25 00:00:00+00:00, run_after=2025-10-26 00:00:00+00:00
[2025-10-25T03:25:07.907+0000] {processor.py:183} INFO - Processing /opt/airflow/dags/daily_summary.py took 0.111 seconds
[2025-10-25T03:25:38.036+0000] {processor.py:161} INFO - Started process (PID=435) to work on /opt/airflow/dags/daily_summary.py
[2025-10-25T03:25:38.037+0000] {processor.py:830} INFO - Processing file /opt/airflow/dags/daily_summary.py for tasks to queue
[2025-10-25T03:25:38.038+0000] {logging_mixin.py:188} INFO - [2025-10-25T03:25:38.038+0000] {dagbag.py:538} INFO - Filling up the DagBag from /opt/airflow/dags/daily_summary.py
[2025-10-25T03:25:38.094+0000] {processor.py:840} INFO - DAG(s) 'daily_summary' retrieved from /opt/airflow/dags/daily_summary.py
[2025-10-25T03:25:38.114+0000] {logging_mixin.py:188} INFO - [2025-10-25T03:25:38.113+0000] {dag.py:3036} INFO - Sync 1 DAGs
[2025-10-25T03:25:38.130+0000] {logging_mixin.py:188} INFO - [2025-10-25T03:25:38.130+0000] {dag.py:3823} INFO - Setting next_dagrun for daily_summary to 2025-10-25 00:00:00+00:00, run_after=2025-10-26 00:00:00+00:00
[2025-10-25T03:25:38.146+0000] {processor.py:183} INFO - Processing /opt/airflow/dags/daily_summary.py took 0.113 seconds
[2025-10-25T03:26:08.333+0000] {processor.py:161} INFO - Started process (PID=440) to work on /opt/airflow/dags/daily_summary.py
[2025-10-25T03:26:08.334+0000] {processor.py:830} INFO - Processing file /opt/airflow/dags/daily_summary.py for tasks to queue
[2025-10-25T03:26:08.335+0000] {logging_mixin.py:188} INFO - [2025-10-25T03:26:08.335+0000] {dagbag.py:538} INFO - Filling up the DagBag from /opt/airflow/dags/daily_summary.py
[2025-10-25T03:26:08.390+0000] {processor.py:840} INFO - DAG(s) 'daily_summary' retrieved from /opt/airflow/dags/daily_summary.py
[2025-10-25T03:26:08.410+0000] {logging_mixin.py:188} INFO - [2025-10-25T03:26:08.410+0000] {dag.py:3036} INFO - Sync 1 DAGs
[2025-10-25T03:26:08.428+0000] {logging_mixin.py:188} INFO - [2025-10-25T03:26:08.428+0000] {dag.py:3823} INFO - Setting next_dagrun for daily_summary to 2025-10-25 00:00:00+00:00, run_after=2025-10-26 00:00:00+00:00
[2025-10-25T03:26:08.447+0000] {processor.py:183} INFO - Processing /opt/airflow/dags/daily_summary.py took 0.117 seconds
[2025-10-25T03:26:38.618+0000] {processor.py:161} INFO - Started process (PID=445) to work on /opt/airflow/dags/daily_summary.py
[2025-10-25T03:26:38.619+0000] {processor.py:830} INFO - Processing file /opt/airflow/dags/daily_summary.py for tasks to queue
[2025-10-25T03:26:38.620+0000] {logging_mixin.py:188} INFO - [2025-10-25T03:26:38.620+0000] {dagbag.py:538} INFO - Filling up the DagBag from /opt/airflow/dags/daily_summary.py
[2025-10-25T03:26:38.673+0000] {processor.py:840} INFO - DAG(s) 'daily_summary' retrieved from /opt/airflow/dags/daily_summary.py
[2025-10-25T03:26:38.695+0000] {logging_mixin.py:188} INFO - [2025-10-25T03:26:38.695+0000] {dag.py:3036} INFO - Sync 1 DAGs
[2025-10-25T03:26:38.714+0000] {logging_mixin.py:188} INFO - [2025-10-25T03:26:38.714+0000] {dag.py:3823} INFO - Setting next_dagrun for daily_summary to 2025-10-25 00:00:00+00:00, run_after=2025-10-26 00:00:00+00:00
[2025-10-25T03:26:38.740+0000] {processor.py:183} INFO - Processing /opt/airflow/dags/daily_summary.py took 0.124 seconds
[2025-10-25T03:27:08.916+0000] {processor.py:161} INFO - Started process (PID=450) to work on /opt/airflow/dags/daily_summary.py
[2025-10-25T03:27:08.917+0000] {processor.py:830} INFO - Processing file /opt/airflow/dags/daily_summary.py for tasks to queue
[2025-10-25T03:27:08.917+0000] {logging_mixin.py:188} INFO - [2025-10-25T03:27:08.917+0000] {dagbag.py:538} INFO - Filling up the DagBag from /opt/airflow/dags/daily_summary.py
[2025-10-25T03:27:08.969+0000] {processor.py:840} INFO - DAG(s) 'daily_summary' retrieved from /opt/airflow/dags/daily_summary.py
[2025-10-25T03:27:08.993+0000] {logging_mixin.py:188} INFO - [2025-10-25T03:27:08.993+0000] {dag.py:3036} INFO - Sync 1 DAGs
[2025-10-25T03:27:09.011+0000] {logging_mixin.py:188} INFO - [2025-10-25T03:27:09.010+0000] {dag.py:3823} INFO - Setting next_dagrun for daily_summary to 2025-10-25 00:00:00+00:00, run_after=2025-10-26 00:00:00+00:00
[2025-10-25T03:27:09.036+0000] {processor.py:183} INFO - Processing /opt/airflow/dags/daily_summary.py took 0.123 seconds
[2025-10-25T03:27:39.199+0000] {processor.py:161} INFO - Started process (PID=455) to work on /opt/airflow/dags/daily_summary.py
[2025-10-25T03:27:39.200+0000] {processor.py:830} INFO - Processing file /opt/airflow/dags/daily_summary.py for tasks to queue
[2025-10-25T03:27:39.201+0000] {logging_mixin.py:188} INFO - [2025-10-25T03:27:39.201+0000] {dagbag.py:538} INFO - Filling up the DagBag from /opt/airflow/dags/daily_summary.py
[2025-10-25T03:27:39.257+0000] {processor.py:840} INFO - DAG(s) 'daily_summary' retrieved from /opt/airflow/dags/daily_summary.py
[2025-10-25T03:27:39.279+0000] {logging_mixin.py:188} INFO - [2025-10-25T03:27:39.279+0000] {dag.py:3036} INFO - Sync 1 DAGs
[2025-10-25T03:27:39.296+0000] {logging_mixin.py:188} INFO - [2025-10-25T03:27:39.296+0000] {dag.py:3823} INFO - Setting next_dagrun for daily_summary to 2025-10-25 00:00:00+00:00, run_after=2025-10-26 00:00:00+00:00
[2025-10-25T03:27:39.313+0000] {processor.py:183} INFO - Processing /opt/airflow/dags/daily_summary.py took 0.117 seconds
[2025-10-25T03:28:09.521+0000] {processor.py:161} INFO - Started process (PID=460) to work on /opt/airflow/dags/daily_summary.py
[2025-10-25T03:28:09.522+0000] {processor.py:830} INFO - Processing file /opt/airflow/dags/daily_summary.py for tasks to queue
[2025-10-25T03:28:09.523+0000] {logging_mixin.py:188} INFO - [2025-10-25T03:28:09.522+0000] {dagbag.py:538} INFO - Filling up the DagBag from /opt/airflow/dags/daily_summary.py
[2025-10-25T03:28:09.575+0000] {processor.py:840} INFO - DAG(s) 'daily_summary' retrieved from /opt/airflow/dags/daily_summary.py
[2025-10-25T03:28:09.596+0000] {logging_mixin.py:188} INFO - [2025-10-25T03:28:09.596+0000] {dag.py:3036} INFO - Sync 1 DAGs
[2025-10-25T03:28:09.612+0000] {logging_mixin.py:188} INFO - [2025-10-25T03:28:09.611+0000] {dag.py:3823} INFO - Setting next_dagrun for daily_summary to 2025-10-25 00:00:00+00:00, run_after=2025-10-26 00:00:00+00:00
[2025-10-25T03:28:09.632+0000] {processor.py:183} INFO - Processing /opt/airflow/dags/daily_summary.py took 0.114 seconds
[2025-10-25T03:28:39.739+0000] {processor.py:161} INFO - Started process (PID=465) to work on /opt/airflow/dags/daily_summary.py
[2025-10-25T03:28:39.739+0000] {processor.py:830} INFO - Processing file /opt/airflow/dags/daily_summary.py for tasks to queue
[2025-10-25T03:28:39.740+0000] {logging_mixin.py:188} INFO - [2025-10-25T03:28:39.740+0000] {dagbag.py:538} INFO - Filling up the DagBag from /opt/airflow/dags/daily_summary.py
[2025-10-25T03:28:39.791+0000] {processor.py:840} INFO - DAG(s) 'daily_summary' retrieved from /opt/airflow/dags/daily_summary.py
[2025-10-25T03:28:39.816+0000] {logging_mixin.py:188} INFO - [2025-10-25T03:28:39.815+0000] {dag.py:3036} INFO - Sync 1 DAGs
[2025-10-25T03:28:39.833+0000] {logging_mixin.py:188} INFO - [2025-10-25T03:28:39.832+0000] {dag.py:3823} INFO - Setting next_dagrun for daily_summary to 2025-10-25 00:00:00+00:00, run_after=2025-10-26 00:00:00+00:00
[2025-10-25T03:28:39.851+0000] {processor.py:183} INFO - Processing /opt/airflow/dags/daily_summary.py took 0.115 seconds
[2025-10-25T03:29:10.092+0000] {processor.py:161} INFO - Started process (PID=470) to work on /opt/airflow/dags/daily_summary.py
[2025-10-25T03:29:10.093+0000] {processor.py:830} INFO - Processing file /opt/airflow/dags/daily_summary.py for tasks to queue
[2025-10-25T03:29:10.094+0000] {logging_mixin.py:188} INFO - [2025-10-25T03:29:10.093+0000] {dagbag.py:538} INFO - Filling up the DagBag from /opt/airflow/dags/daily_summary.py
[2025-10-25T03:29:10.148+0000] {processor.py:840} INFO - DAG(s) 'daily_summary' retrieved from /opt/airflow/dags/daily_summary.py
[2025-10-25T03:29:10.171+0000] {logging_mixin.py:188} INFO - [2025-10-25T03:29:10.171+0000] {dag.py:3036} INFO - Sync 1 DAGs
[2025-10-25T03:29:10.190+0000] {logging_mixin.py:188} INFO - [2025-10-25T03:29:10.190+0000] {dag.py:3823} INFO - Setting next_dagrun for daily_summary to 2025-10-25 00:00:00+00:00, run_after=2025-10-26 00:00:00+00:00
[2025-10-25T03:29:10.220+0000] {processor.py:183} INFO - Processing /opt/airflow/dags/daily_summary.py took 0.131 seconds
[2025-10-25T03:29:40.416+0000] {processor.py:161} INFO - Started process (PID=475) to work on /opt/airflow/dags/daily_summary.py
[2025-10-25T03:29:40.420+0000] {processor.py:830} INFO - Processing file /opt/airflow/dags/daily_summary.py for tasks to queue
[2025-10-25T03:29:40.427+0000] {logging_mixin.py:188} INFO - [2025-10-25T03:29:40.426+0000] {dagbag.py:538} INFO - Filling up the DagBag from /opt/airflow/dags/daily_summary.py
[2025-10-25T03:29:40.642+0000] {processor.py:840} INFO - DAG(s) 'daily_summary' retrieved from /opt/airflow/dags/daily_summary.py
[2025-10-25T03:29:40.695+0000] {logging_mixin.py:188} INFO - [2025-10-25T03:29:40.695+0000] {dag.py:3036} INFO - Sync 1 DAGs
[2025-10-25T03:29:40.749+0000] {logging_mixin.py:188} INFO - [2025-10-25T03:29:40.748+0000] {dag.py:3823} INFO - Setting next_dagrun for daily_summary to 2025-10-25 00:00:00+00:00, run_after=2025-10-26 00:00:00+00:00
[2025-10-25T03:29:40.815+0000] {processor.py:183} INFO - Processing /opt/airflow/dags/daily_summary.py took 0.405 seconds
[2025-10-25T03:30:11.117+0000] {processor.py:161} INFO - Started process (PID=480) to work on /opt/airflow/dags/daily_summary.py
[2025-10-25T03:30:11.118+0000] {processor.py:830} INFO - Processing file /opt/airflow/dags/daily_summary.py for tasks to queue
[2025-10-25T03:30:11.119+0000] {logging_mixin.py:188} INFO - [2025-10-25T03:30:11.119+0000] {dagbag.py:538} INFO - Filling up the DagBag from /opt/airflow/dags/daily_summary.py
[2025-10-25T03:30:11.172+0000] {processor.py:840} INFO - DAG(s) 'daily_summary' retrieved from /opt/airflow/dags/daily_summary.py
[2025-10-25T03:30:11.193+0000] {logging_mixin.py:188} INFO - [2025-10-25T03:30:11.192+0000] {dag.py:3036} INFO - Sync 1 DAGs
[2025-10-25T03:30:11.208+0000] {logging_mixin.py:188} INFO - [2025-10-25T03:30:11.208+0000] {dag.py:3823} INFO - Setting next_dagrun for daily_summary to 2025-10-25 00:00:00+00:00, run_after=2025-10-26 00:00:00+00:00
[2025-10-25T03:30:11.234+0000] {processor.py:183} INFO - Processing /opt/airflow/dags/daily_summary.py took 0.120 seconds
[2025-10-25T03:30:41.333+0000] {processor.py:161} INFO - Started process (PID=485) to work on /opt/airflow/dags/daily_summary.py
[2025-10-25T03:30:41.334+0000] {processor.py:830} INFO - Processing file /opt/airflow/dags/daily_summary.py for tasks to queue
[2025-10-25T03:30:41.335+0000] {logging_mixin.py:188} INFO - [2025-10-25T03:30:41.335+0000] {dagbag.py:538} INFO - Filling up the DagBag from /opt/airflow/dags/daily_summary.py
[2025-10-25T03:30:41.389+0000] {processor.py:840} INFO - DAG(s) 'daily_summary' retrieved from /opt/airflow/dags/daily_summary.py
[2025-10-25T03:30:41.410+0000] {logging_mixin.py:188} INFO - [2025-10-25T03:30:41.409+0000] {dag.py:3036} INFO - Sync 1 DAGs
[2025-10-25T03:30:41.427+0000] {logging_mixin.py:188} INFO - [2025-10-25T03:30:41.426+0000] {dag.py:3823} INFO - Setting next_dagrun for daily_summary to 2025-10-25 00:00:00+00:00, run_after=2025-10-26 00:00:00+00:00
[2025-10-25T03:30:41.446+0000] {processor.py:183} INFO - Processing /opt/airflow/dags/daily_summary.py took 0.116 seconds
[2025-10-25T03:31:11.753+0000] {processor.py:161} INFO - Started process (PID=490) to work on /opt/airflow/dags/daily_summary.py
[2025-10-25T03:31:11.754+0000] {processor.py:830} INFO - Processing file /opt/airflow/dags/daily_summary.py for tasks to queue
[2025-10-25T03:31:11.755+0000] {logging_mixin.py:188} INFO - [2025-10-25T03:31:11.755+0000] {dagbag.py:538} INFO - Filling up the DagBag from /opt/airflow/dags/daily_summary.py
[2025-10-25T03:31:11.809+0000] {processor.py:840} INFO - DAG(s) 'daily_summary' retrieved from /opt/airflow/dags/daily_summary.py
[2025-10-25T03:31:11.830+0000] {logging_mixin.py:188} INFO - [2025-10-25T03:31:11.830+0000] {dag.py:3036} INFO - Sync 1 DAGs
[2025-10-25T03:31:11.848+0000] {logging_mixin.py:188} INFO - [2025-10-25T03:31:11.848+0000] {dag.py:3823} INFO - Setting next_dagrun for daily_summary to 2025-10-25 00:00:00+00:00, run_after=2025-10-26 00:00:00+00:00
[2025-10-25T03:31:11.882+0000] {processor.py:183} INFO - Processing /opt/airflow/dags/daily_summary.py took 0.131 seconds
[2025-10-25T03:31:42.027+0000] {processor.py:161} INFO - Started process (PID=495) to work on /opt/airflow/dags/daily_summary.py
[2025-10-25T03:31:42.028+0000] {processor.py:830} INFO - Processing file /opt/airflow/dags/daily_summary.py for tasks to queue
[2025-10-25T03:31:42.029+0000] {logging_mixin.py:188} INFO - [2025-10-25T03:31:42.029+0000] {dagbag.py:538} INFO - Filling up the DagBag from /opt/airflow/dags/daily_summary.py
[2025-10-25T03:31:42.085+0000] {processor.py:840} INFO - DAG(s) 'daily_summary' retrieved from /opt/airflow/dags/daily_summary.py
[2025-10-25T03:31:42.108+0000] {logging_mixin.py:188} INFO - [2025-10-25T03:31:42.107+0000] {dag.py:3036} INFO - Sync 1 DAGs
[2025-10-25T03:31:42.127+0000] {logging_mixin.py:188} INFO - [2025-10-25T03:31:42.127+0000] {dag.py:3823} INFO - Setting next_dagrun for daily_summary to 2025-10-25 00:00:00+00:00, run_after=2025-10-26 00:00:00+00:00
[2025-10-25T03:31:42.142+0000] {processor.py:183} INFO - Processing /opt/airflow/dags/daily_summary.py took 0.118 seconds
[2025-10-25T03:32:12.435+0000] {processor.py:161} INFO - Started process (PID=500) to work on /opt/airflow/dags/daily_summary.py
[2025-10-25T03:32:12.435+0000] {processor.py:830} INFO - Processing file /opt/airflow/dags/daily_summary.py for tasks to queue
[2025-10-25T03:32:12.436+0000] {logging_mixin.py:188} INFO - [2025-10-25T03:32:12.436+0000] {dagbag.py:538} INFO - Filling up the DagBag from /opt/airflow/dags/daily_summary.py
[2025-10-25T03:32:12.491+0000] {processor.py:840} INFO - DAG(s) 'daily_summary' retrieved from /opt/airflow/dags/daily_summary.py
[2025-10-25T03:32:12.512+0000] {logging_mixin.py:188} INFO - [2025-10-25T03:32:12.512+0000] {dag.py:3036} INFO - Sync 1 DAGs
[2025-10-25T03:32:12.530+0000] {logging_mixin.py:188} INFO - [2025-10-25T03:32:12.530+0000] {dag.py:3823} INFO - Setting next_dagrun for daily_summary to 2025-10-25 00:00:00+00:00, run_after=2025-10-26 00:00:00+00:00
[2025-10-25T03:32:12.558+0000] {processor.py:183} INFO - Processing /opt/airflow/dags/daily_summary.py took 0.126 seconds
[2025-10-25T03:32:42.764+0000] {processor.py:161} INFO - Started process (PID=505) to work on /opt/airflow/dags/daily_summary.py
[2025-10-25T03:32:42.765+0000] {processor.py:830} INFO - Processing file /opt/airflow/dags/daily_summary.py for tasks to queue
[2025-10-25T03:32:42.766+0000] {logging_mixin.py:188} INFO - [2025-10-25T03:32:42.765+0000] {dagbag.py:538} INFO - Filling up the DagBag from /opt/airflow/dags/daily_summary.py
[2025-10-25T03:32:42.824+0000] {processor.py:840} INFO - DAG(s) 'daily_summary' retrieved from /opt/airflow/dags/daily_summary.py
[2025-10-25T03:32:42.850+0000] {logging_mixin.py:188} INFO - [2025-10-25T03:32:42.850+0000] {dag.py:3036} INFO - Sync 1 DAGs
[2025-10-25T03:32:42.870+0000] {logging_mixin.py:188} INFO - [2025-10-25T03:32:42.870+0000] {dag.py:3823} INFO - Setting next_dagrun for daily_summary to 2025-10-25 00:00:00+00:00, run_after=2025-10-26 00:00:00+00:00
[2025-10-25T03:32:42.891+0000] {processor.py:183} INFO - Processing /opt/airflow/dags/daily_summary.py took 0.130 seconds
[2025-10-25T03:33:13.111+0000] {processor.py:161} INFO - Started process (PID=510) to work on /opt/airflow/dags/daily_summary.py
[2025-10-25T03:33:13.112+0000] {processor.py:830} INFO - Processing file /opt/airflow/dags/daily_summary.py for tasks to queue
[2025-10-25T03:33:13.113+0000] {logging_mixin.py:188} INFO - [2025-10-25T03:33:13.113+0000] {dagbag.py:538} INFO - Filling up the DagBag from /opt/airflow/dags/daily_summary.py
[2025-10-25T03:33:13.171+0000] {processor.py:840} INFO - DAG(s) 'daily_summary' retrieved from /opt/airflow/dags/daily_summary.py
[2025-10-25T03:33:13.193+0000] {logging_mixin.py:188} INFO - [2025-10-25T03:33:13.193+0000] {dag.py:3036} INFO - Sync 1 DAGs
[2025-10-25T03:33:13.212+0000] {logging_mixin.py:188} INFO - [2025-10-25T03:33:13.212+0000] {dag.py:3823} INFO - Setting next_dagrun for daily_summary to 2025-10-25 00:00:00+00:00, run_after=2025-10-26 00:00:00+00:00
[2025-10-25T03:33:13.231+0000] {processor.py:183} INFO - Processing /opt/airflow/dags/daily_summary.py took 0.123 seconds
[2025-10-25T03:33:43.468+0000] {processor.py:161} INFO - Started process (PID=515) to work on /opt/airflow/dags/daily_summary.py
[2025-10-25T03:33:43.469+0000] {processor.py:830} INFO - Processing file /opt/airflow/dags/daily_summary.py for tasks to queue
[2025-10-25T03:33:43.470+0000] {logging_mixin.py:188} INFO - [2025-10-25T03:33:43.470+0000] {dagbag.py:538} INFO - Filling up the DagBag from /opt/airflow/dags/daily_summary.py
[2025-10-25T03:33:43.529+0000] {processor.py:840} INFO - DAG(s) 'daily_summary' retrieved from /opt/airflow/dags/daily_summary.py
[2025-10-25T03:33:43.551+0000] {logging_mixin.py:188} INFO - [2025-10-25T03:33:43.551+0000] {dag.py:3036} INFO - Sync 1 DAGs
[2025-10-25T03:33:43.570+0000] {logging_mixin.py:188} INFO - [2025-10-25T03:33:43.570+0000] {dag.py:3823} INFO - Setting next_dagrun for daily_summary to 2025-10-25 00:00:00+00:00, run_after=2025-10-26 00:00:00+00:00
[2025-10-25T03:33:43.589+0000] {processor.py:183} INFO - Processing /opt/airflow/dags/daily_summary.py took 0.124 seconds
[2025-10-25T03:34:13.850+0000] {processor.py:161} INFO - Started process (PID=520) to work on /opt/airflow/dags/daily_summary.py
[2025-10-25T03:34:13.851+0000] {processor.py:830} INFO - Processing file /opt/airflow/dags/daily_summary.py for tasks to queue
[2025-10-25T03:34:13.853+0000] {logging_mixin.py:188} INFO - [2025-10-25T03:34:13.852+0000] {dagbag.py:538} INFO - Filling up the DagBag from /opt/airflow/dags/daily_summary.py
[2025-10-25T03:34:13.915+0000] {processor.py:840} INFO - DAG(s) 'daily_summary' retrieved from /opt/airflow/dags/daily_summary.py
[2025-10-25T03:34:13.936+0000] {logging_mixin.py:188} INFO - [2025-10-25T03:34:13.936+0000] {dag.py:3036} INFO - Sync 1 DAGs
[2025-10-25T03:34:13.955+0000] {logging_mixin.py:188} INFO - [2025-10-25T03:34:13.955+0000] {dag.py:3823} INFO - Setting next_dagrun for daily_summary to 2025-10-25 00:00:00+00:00, run_after=2025-10-26 00:00:00+00:00
[2025-10-25T03:34:13.985+0000] {processor.py:183} INFO - Processing /opt/airflow/dags/daily_summary.py took 0.137 seconds
[2025-10-25T03:34:44.148+0000] {processor.py:161} INFO - Started process (PID=525) to work on /opt/airflow/dags/daily_summary.py
[2025-10-25T03:34:44.149+0000] {processor.py:830} INFO - Processing file /opt/airflow/dags/daily_summary.py for tasks to queue
[2025-10-25T03:34:44.150+0000] {logging_mixin.py:188} INFO - [2025-10-25T03:34:44.149+0000] {dagbag.py:538} INFO - Filling up the DagBag from /opt/airflow/dags/daily_summary.py
[2025-10-25T03:34:44.213+0000] {processor.py:840} INFO - DAG(s) 'daily_summary' retrieved from /opt/airflow/dags/daily_summary.py
[2025-10-25T03:34:44.233+0000] {logging_mixin.py:188} INFO - [2025-10-25T03:34:44.233+0000] {dag.py:3036} INFO - Sync 1 DAGs
[2025-10-25T03:34:44.249+0000] {logging_mixin.py:188} INFO - [2025-10-25T03:34:44.249+0000] {dag.py:3823} INFO - Setting next_dagrun for daily_summary to 2025-10-25 00:00:00+00:00, run_after=2025-10-26 00:00:00+00:00
[2025-10-25T03:34:44.267+0000] {processor.py:183} INFO - Processing /opt/airflow/dags/daily_summary.py took 0.122 seconds
[2025-10-25T03:35:14.455+0000] {processor.py:161} INFO - Started process (PID=530) to work on /opt/airflow/dags/daily_summary.py
[2025-10-25T03:35:14.456+0000] {processor.py:830} INFO - Processing file /opt/airflow/dags/daily_summary.py for tasks to queue
[2025-10-25T03:35:14.457+0000] {logging_mixin.py:188} INFO - [2025-10-25T03:35:14.457+0000] {dagbag.py:538} INFO - Filling up the DagBag from /opt/airflow/dags/daily_summary.py
[2025-10-25T03:35:14.517+0000] {processor.py:840} INFO - DAG(s) 'daily_summary' retrieved from /opt/airflow/dags/daily_summary.py
[2025-10-25T03:35:14.539+0000] {logging_mixin.py:188} INFO - [2025-10-25T03:35:14.538+0000] {dag.py:3036} INFO - Sync 1 DAGs
[2025-10-25T03:35:14.556+0000] {logging_mixin.py:188} INFO - [2025-10-25T03:35:14.556+0000] {dag.py:3823} INFO - Setting next_dagrun for daily_summary to 2025-10-25 00:00:00+00:00, run_after=2025-10-26 00:00:00+00:00
[2025-10-25T03:35:14.578+0000] {processor.py:183} INFO - Processing /opt/airflow/dags/daily_summary.py took 0.125 seconds
[2025-10-25T03:35:44.867+0000] {processor.py:161} INFO - Started process (PID=535) to work on /opt/airflow/dags/daily_summary.py
[2025-10-25T03:35:44.867+0000] {processor.py:830} INFO - Processing file /opt/airflow/dags/daily_summary.py for tasks to queue
[2025-10-25T03:35:44.868+0000] {logging_mixin.py:188} INFO - [2025-10-25T03:35:44.868+0000] {dagbag.py:538} INFO - Filling up the DagBag from /opt/airflow/dags/daily_summary.py
[2025-10-25T03:35:44.924+0000] {processor.py:840} INFO - DAG(s) 'daily_summary' retrieved from /opt/airflow/dags/daily_summary.py
[2025-10-25T03:35:44.945+0000] {logging_mixin.py:188} INFO - [2025-10-25T03:35:44.945+0000] {dag.py:3036} INFO - Sync 1 DAGs
[2025-10-25T03:35:44.961+0000] {logging_mixin.py:188} INFO - [2025-10-25T03:35:44.961+0000] {dag.py:3823} INFO - Setting next_dagrun for daily_summary to 2025-10-25 00:00:00+00:00, run_after=2025-10-26 00:00:00+00:00
[2025-10-25T03:35:44.978+0000] {processor.py:183} INFO - Processing /opt/airflow/dags/daily_summary.py took 0.113 seconds
[2025-10-25T03:36:15.175+0000] {processor.py:161} INFO - Started process (PID=540) to work on /opt/airflow/dags/daily_summary.py
[2025-10-25T03:36:15.176+0000] {processor.py:830} INFO - Processing file /opt/airflow/dags/daily_summary.py for tasks to queue
[2025-10-25T03:36:15.177+0000] {logging_mixin.py:188} INFO - [2025-10-25T03:36:15.176+0000] {dagbag.py:538} INFO - Filling up the DagBag from /opt/airflow/dags/daily_summary.py
[2025-10-25T03:36:15.228+0000] {processor.py:840} INFO - DAG(s) 'daily_summary' retrieved from /opt/airflow/dags/daily_summary.py
[2025-10-25T03:36:15.250+0000] {logging_mixin.py:188} INFO - [2025-10-25T03:36:15.250+0000] {dag.py:3036} INFO - Sync 1 DAGs
[2025-10-25T03:36:15.268+0000] {logging_mixin.py:188} INFO - [2025-10-25T03:36:15.268+0000] {dag.py:3823} INFO - Setting next_dagrun for daily_summary to 2025-10-25 00:00:00+00:00, run_after=2025-10-26 00:00:00+00:00
[2025-10-25T03:36:15.296+0000] {processor.py:183} INFO - Processing /opt/airflow/dags/daily_summary.py took 0.124 seconds
[2025-10-25T03:36:45.542+0000] {processor.py:161} INFO - Started process (PID=545) to work on /opt/airflow/dags/daily_summary.py
[2025-10-25T03:36:45.543+0000] {processor.py:830} INFO - Processing file /opt/airflow/dags/daily_summary.py for tasks to queue
[2025-10-25T03:36:45.544+0000] {logging_mixin.py:188} INFO - [2025-10-25T03:36:45.544+0000] {dagbag.py:538} INFO - Filling up the DagBag from /opt/airflow/dags/daily_summary.py
[2025-10-25T03:36:45.597+0000] {processor.py:840} INFO - DAG(s) 'daily_summary' retrieved from /opt/airflow/dags/daily_summary.py
[2025-10-25T03:36:45.617+0000] {logging_mixin.py:188} INFO - [2025-10-25T03:36:45.617+0000] {dag.py:3036} INFO - Sync 1 DAGs
[2025-10-25T03:36:45.636+0000] {logging_mixin.py:188} INFO - [2025-10-25T03:36:45.636+0000] {dag.py:3823} INFO - Setting next_dagrun for daily_summary to 2025-10-25 00:00:00+00:00, run_after=2025-10-26 00:00:00+00:00
[2025-10-25T03:36:45.658+0000] {processor.py:183} INFO - Processing /opt/airflow/dags/daily_summary.py took 0.119 seconds
[2025-10-25T03:37:15.916+0000] {processor.py:161} INFO - Started process (PID=550) to work on /opt/airflow/dags/daily_summary.py
[2025-10-25T03:37:15.917+0000] {processor.py:830} INFO - Processing file /opt/airflow/dags/daily_summary.py for tasks to queue
[2025-10-25T03:37:15.918+0000] {logging_mixin.py:188} INFO - [2025-10-25T03:37:15.917+0000] {dagbag.py:538} INFO - Filling up the DagBag from /opt/airflow/dags/daily_summary.py
[2025-10-25T03:37:15.972+0000] {processor.py:840} INFO - DAG(s) 'daily_summary' retrieved from /opt/airflow/dags/daily_summary.py
[2025-10-25T03:37:15.992+0000] {logging_mixin.py:188} INFO - [2025-10-25T03:37:15.992+0000] {dag.py:3036} INFO - Sync 1 DAGs
[2025-10-25T03:37:16.010+0000] {logging_mixin.py:188} INFO - [2025-10-25T03:37:16.010+0000] {dag.py:3823} INFO - Setting next_dagrun for daily_summary to 2025-10-25 00:00:00+00:00, run_after=2025-10-26 00:00:00+00:00
[2025-10-25T03:37:16.030+0000] {processor.py:183} INFO - Processing /opt/airflow/dags/daily_summary.py took 0.117 seconds
[2025-10-25T03:37:46.245+0000] {processor.py:161} INFO - Started process (PID=555) to work on /opt/airflow/dags/daily_summary.py
[2025-10-25T03:37:46.246+0000] {processor.py:830} INFO - Processing file /opt/airflow/dags/daily_summary.py for tasks to queue
[2025-10-25T03:37:46.247+0000] {logging_mixin.py:188} INFO - [2025-10-25T03:37:46.246+0000] {dagbag.py:538} INFO - Filling up the DagBag from /opt/airflow/dags/daily_summary.py
[2025-10-25T03:37:46.299+0000] {processor.py:840} INFO - DAG(s) 'daily_summary' retrieved from /opt/airflow/dags/daily_summary.py
[2025-10-25T03:37:46.320+0000] {logging_mixin.py:188} INFO - [2025-10-25T03:37:46.320+0000] {dag.py:3036} INFO - Sync 1 DAGs
[2025-10-25T03:37:46.337+0000] {logging_mixin.py:188} INFO - [2025-10-25T03:37:46.336+0000] {dag.py:3823} INFO - Setting next_dagrun for daily_summary to 2025-10-25 00:00:00+00:00, run_after=2025-10-26 00:00:00+00:00
[2025-10-25T03:37:46.355+0000] {processor.py:183} INFO - Processing /opt/airflow/dags/daily_summary.py took 0.113 seconds
[2025-10-25T03:38:16.649+0000] {processor.py:161} INFO - Started process (PID=560) to work on /opt/airflow/dags/daily_summary.py
[2025-10-25T03:38:16.650+0000] {processor.py:830} INFO - Processing file /opt/airflow/dags/daily_summary.py for tasks to queue
[2025-10-25T03:38:16.650+0000] {logging_mixin.py:188} INFO - [2025-10-25T03:38:16.650+0000] {dagbag.py:538} INFO - Filling up the DagBag from /opt/airflow/dags/daily_summary.py
[2025-10-25T03:38:16.705+0000] {processor.py:840} INFO - DAG(s) 'daily_summary' retrieved from /opt/airflow/dags/daily_summary.py
[2025-10-25T03:38:16.726+0000] {logging_mixin.py:188} INFO - [2025-10-25T03:38:16.726+0000] {dag.py:3036} INFO - Sync 1 DAGs
[2025-10-25T03:38:16.742+0000] {logging_mixin.py:188} INFO - [2025-10-25T03:38:16.742+0000] {dag.py:3823} INFO - Setting next_dagrun for daily_summary to 2025-10-25 00:00:00+00:00, run_after=2025-10-26 00:00:00+00:00
[2025-10-25T03:38:16.760+0000] {processor.py:183} INFO - Processing /opt/airflow/dags/daily_summary.py took 0.113 seconds
[2025-10-25T03:38:46.967+0000] {processor.py:161} INFO - Started process (PID=565) to work on /opt/airflow/dags/daily_summary.py
[2025-10-25T03:38:46.967+0000] {processor.py:830} INFO - Processing file /opt/airflow/dags/daily_summary.py for tasks to queue
[2025-10-25T03:38:46.968+0000] {logging_mixin.py:188} INFO - [2025-10-25T03:38:46.968+0000] {dagbag.py:538} INFO - Filling up the DagBag from /opt/airflow/dags/daily_summary.py
[2025-10-25T03:38:47.021+0000] {processor.py:840} INFO - DAG(s) 'daily_summary' retrieved from /opt/airflow/dags/daily_summary.py
[2025-10-25T03:38:47.045+0000] {logging_mixin.py:188} INFO - [2025-10-25T03:38:47.045+0000] {dag.py:3036} INFO - Sync 1 DAGs
[2025-10-25T03:38:47.062+0000] {logging_mixin.py:188} INFO - [2025-10-25T03:38:47.062+0000] {dag.py:3823} INFO - Setting next_dagrun for daily_summary to 2025-10-25 00:00:00+00:00, run_after=2025-10-26 00:00:00+00:00
[2025-10-25T03:38:47.080+0000] {processor.py:183} INFO - Processing /opt/airflow/dags/daily_summary.py took 0.116 seconds
[2025-10-25T03:39:17.286+0000] {processor.py:161} INFO - Started process (PID=570) to work on /opt/airflow/dags/daily_summary.py
[2025-10-25T03:39:17.287+0000] {processor.py:830} INFO - Processing file /opt/airflow/dags/daily_summary.py for tasks to queue
[2025-10-25T03:39:17.288+0000] {logging_mixin.py:188} INFO - [2025-10-25T03:39:17.287+0000] {dagbag.py:538} INFO - Filling up the DagBag from /opt/airflow/dags/daily_summary.py
[2025-10-25T03:39:17.339+0000] {processor.py:840} INFO - DAG(s) 'daily_summary' retrieved from /opt/airflow/dags/daily_summary.py
[2025-10-25T03:39:17.359+0000] {logging_mixin.py:188} INFO - [2025-10-25T03:39:17.359+0000] {dag.py:3036} INFO - Sync 1 DAGs
[2025-10-25T03:39:17.377+0000] {logging_mixin.py:188} INFO - [2025-10-25T03:39:17.376+0000] {dag.py:3823} INFO - Setting next_dagrun for daily_summary to 2025-10-25 00:00:00+00:00, run_after=2025-10-26 00:00:00+00:00
[2025-10-25T03:39:17.395+0000] {processor.py:183} INFO - Processing /opt/airflow/dags/daily_summary.py took 0.111 seconds
[2025-10-25T03:39:47.627+0000] {processor.py:161} INFO - Started process (PID=575) to work on /opt/airflow/dags/daily_summary.py
[2025-10-25T03:39:47.628+0000] {processor.py:830} INFO - Processing file /opt/airflow/dags/daily_summary.py for tasks to queue
[2025-10-25T03:39:47.629+0000] {logging_mixin.py:188} INFO - [2025-10-25T03:39:47.628+0000] {dagbag.py:538} INFO - Filling up the DagBag from /opt/airflow/dags/daily_summary.py
[2025-10-25T03:39:47.683+0000] {processor.py:840} INFO - DAG(s) 'daily_summary' retrieved from /opt/airflow/dags/daily_summary.py
[2025-10-25T03:39:47.704+0000] {logging_mixin.py:188} INFO - [2025-10-25T03:39:47.704+0000] {dag.py:3036} INFO - Sync 1 DAGs
[2025-10-25T03:39:47.720+0000] {logging_mixin.py:188} INFO - [2025-10-25T03:39:47.720+0000] {dag.py:3823} INFO - Setting next_dagrun for daily_summary to 2025-10-25 00:00:00+00:00, run_after=2025-10-26 00:00:00+00:00
[2025-10-25T03:39:47.740+0000] {processor.py:183} INFO - Processing /opt/airflow/dags/daily_summary.py took 0.116 seconds
[2025-10-25T03:40:18.078+0000] {processor.py:161} INFO - Started process (PID=580) to work on /opt/airflow/dags/daily_summary.py
[2025-10-25T03:40:18.079+0000] {processor.py:830} INFO - Processing file /opt/airflow/dags/daily_summary.py for tasks to queue
[2025-10-25T03:40:18.080+0000] {logging_mixin.py:188} INFO - [2025-10-25T03:40:18.079+0000] {dagbag.py:538} INFO - Filling up the DagBag from /opt/airflow/dags/daily_summary.py
[2025-10-25T03:40:18.131+0000] {processor.py:840} INFO - DAG(s) 'daily_summary' retrieved from /opt/airflow/dags/daily_summary.py
[2025-10-25T03:40:18.154+0000] {logging_mixin.py:188} INFO - [2025-10-25T03:40:18.154+0000] {dag.py:3036} INFO - Sync 1 DAGs
[2025-10-25T03:40:18.174+0000] {logging_mixin.py:188} INFO - [2025-10-25T03:40:18.173+0000] {dag.py:3823} INFO - Setting next_dagrun for daily_summary to 2025-10-25 00:00:00+00:00, run_after=2025-10-26 00:00:00+00:00
[2025-10-25T03:40:18.201+0000] {processor.py:183} INFO - Processing /opt/airflow/dags/daily_summary.py took 0.125 seconds
[2025-10-25T03:40:48.391+0000] {processor.py:161} INFO - Started process (PID=585) to work on /opt/airflow/dags/daily_summary.py
[2025-10-25T03:40:48.392+0000] {processor.py:830} INFO - Processing file /opt/airflow/dags/daily_summary.py for tasks to queue
[2025-10-25T03:40:48.393+0000] {logging_mixin.py:188} INFO - [2025-10-25T03:40:48.393+0000] {dagbag.py:538} INFO - Filling up the DagBag from /opt/airflow/dags/daily_summary.py
[2025-10-25T03:40:48.444+0000] {processor.py:840} INFO - DAG(s) 'daily_summary' retrieved from /opt/airflow/dags/daily_summary.py
[2025-10-25T03:40:48.467+0000] {logging_mixin.py:188} INFO - [2025-10-25T03:40:48.466+0000] {dag.py:3036} INFO - Sync 1 DAGs
[2025-10-25T03:40:48.485+0000] {logging_mixin.py:188} INFO - [2025-10-25T03:40:48.485+0000] {dag.py:3823} INFO - Setting next_dagrun for daily_summary to 2025-10-25 00:00:00+00:00, run_after=2025-10-26 00:00:00+00:00
[2025-10-25T03:40:48.511+0000] {processor.py:183} INFO - Processing /opt/airflow/dags/daily_summary.py took 0.123 seconds
[2025-10-25T03:41:18.779+0000] {processor.py:161} INFO - Started process (PID=590) to work on /opt/airflow/dags/daily_summary.py
[2025-10-25T03:41:18.780+0000] {processor.py:830} INFO - Processing file /opt/airflow/dags/daily_summary.py for tasks to queue
[2025-10-25T03:41:18.781+0000] {logging_mixin.py:188} INFO - [2025-10-25T03:41:18.781+0000] {dagbag.py:538} INFO - Filling up the DagBag from /opt/airflow/dags/daily_summary.py
[2025-10-25T03:41:18.832+0000] {processor.py:840} INFO - DAG(s) 'daily_summary' retrieved from /opt/airflow/dags/daily_summary.py
[2025-10-25T03:41:18.853+0000] {logging_mixin.py:188} INFO - [2025-10-25T03:41:18.852+0000] {dag.py:3036} INFO - Sync 1 DAGs
[2025-10-25T03:41:18.868+0000] {logging_mixin.py:188} INFO - [2025-10-25T03:41:18.868+0000] {dag.py:3823} INFO - Setting next_dagrun for daily_summary to 2025-10-25 00:00:00+00:00, run_after=2025-10-26 00:00:00+00:00
[2025-10-25T03:41:18.888+0000] {processor.py:183} INFO - Processing /opt/airflow/dags/daily_summary.py took 0.111 seconds
[2025-10-25T03:41:49.119+0000] {processor.py:161} INFO - Started process (PID=595) to work on /opt/airflow/dags/daily_summary.py
[2025-10-25T03:41:49.120+0000] {processor.py:830} INFO - Processing file /opt/airflow/dags/daily_summary.py for tasks to queue
[2025-10-25T03:41:49.121+0000] {logging_mixin.py:188} INFO - [2025-10-25T03:41:49.120+0000] {dagbag.py:538} INFO - Filling up the DagBag from /opt/airflow/dags/daily_summary.py
[2025-10-25T03:41:49.176+0000] {processor.py:840} INFO - DAG(s) 'daily_summary' retrieved from /opt/airflow/dags/daily_summary.py
[2025-10-25T03:41:49.200+0000] {logging_mixin.py:188} INFO - [2025-10-25T03:41:49.199+0000] {dag.py:3036} INFO - Sync 1 DAGs
[2025-10-25T03:41:49.218+0000] {logging_mixin.py:188} INFO - [2025-10-25T03:41:49.218+0000] {dag.py:3823} INFO - Setting next_dagrun for daily_summary to 2025-10-25 00:00:00+00:00, run_after=2025-10-26 00:00:00+00:00
[2025-10-25T03:41:49.248+0000] {processor.py:183} INFO - Processing /opt/airflow/dags/daily_summary.py took 0.132 seconds
[2025-10-25T03:42:19.553+0000] {processor.py:161} INFO - Started process (PID=600) to work on /opt/airflow/dags/daily_summary.py
[2025-10-25T03:42:19.554+0000] {processor.py:830} INFO - Processing file /opt/airflow/dags/daily_summary.py for tasks to queue
[2025-10-25T03:42:19.555+0000] {logging_mixin.py:188} INFO - [2025-10-25T03:42:19.555+0000] {dagbag.py:538} INFO - Filling up the DagBag from /opt/airflow/dags/daily_summary.py
[2025-10-25T03:42:19.608+0000] {processor.py:840} INFO - DAG(s) 'daily_summary' retrieved from /opt/airflow/dags/daily_summary.py
[2025-10-25T03:42:19.629+0000] {logging_mixin.py:188} INFO - [2025-10-25T03:42:19.629+0000] {dag.py:3036} INFO - Sync 1 DAGs
[2025-10-25T03:42:19.645+0000] {logging_mixin.py:188} INFO - [2025-10-25T03:42:19.645+0000] {dag.py:3823} INFO - Setting next_dagrun for daily_summary to 2025-10-25 00:00:00+00:00, run_after=2025-10-26 00:00:00+00:00
[2025-10-25T03:42:19.673+0000] {processor.py:183} INFO - Processing /opt/airflow/dags/daily_summary.py took 0.122 seconds
[2025-10-25T03:42:49.849+0000] {processor.py:161} INFO - Started process (PID=605) to work on /opt/airflow/dags/daily_summary.py
[2025-10-25T03:42:49.850+0000] {processor.py:830} INFO - Processing file /opt/airflow/dags/daily_summary.py for tasks to queue
[2025-10-25T03:42:49.851+0000] {logging_mixin.py:188} INFO - [2025-10-25T03:42:49.851+0000] {dagbag.py:538} INFO - Filling up the DagBag from /opt/airflow/dags/daily_summary.py
[2025-10-25T03:42:49.905+0000] {processor.py:840} INFO - DAG(s) 'daily_summary' retrieved from /opt/airflow/dags/daily_summary.py
[2025-10-25T03:42:49.926+0000] {logging_mixin.py:188} INFO - [2025-10-25T03:42:49.926+0000] {dag.py:3036} INFO - Sync 1 DAGs
[2025-10-25T03:42:49.943+0000] {logging_mixin.py:188} INFO - [2025-10-25T03:42:49.943+0000] {dag.py:3823} INFO - Setting next_dagrun for daily_summary to 2025-10-25 00:00:00+00:00, run_after=2025-10-26 00:00:00+00:00
[2025-10-25T03:42:49.960+0000] {processor.py:183} INFO - Processing /opt/airflow/dags/daily_summary.py took 0.114 seconds
[2025-10-25T03:43:20.297+0000] {processor.py:161} INFO - Started process (PID=610) to work on /opt/airflow/dags/daily_summary.py
[2025-10-25T03:43:20.297+0000] {processor.py:830} INFO - Processing file /opt/airflow/dags/daily_summary.py for tasks to queue
[2025-10-25T03:43:20.298+0000] {logging_mixin.py:188} INFO - [2025-10-25T03:43:20.298+0000] {dagbag.py:538} INFO - Filling up the DagBag from /opt/airflow/dags/daily_summary.py
[2025-10-25T03:43:20.351+0000] {processor.py:840} INFO - DAG(s) 'daily_summary' retrieved from /opt/airflow/dags/daily_summary.py
[2025-10-25T03:43:20.373+0000] {logging_mixin.py:188} INFO - [2025-10-25T03:43:20.372+0000] {dag.py:3036} INFO - Sync 1 DAGs
[2025-10-25T03:43:20.390+0000] {logging_mixin.py:188} INFO - [2025-10-25T03:43:20.390+0000] {dag.py:3823} INFO - Setting next_dagrun for daily_summary to 2025-10-25 00:00:00+00:00, run_after=2025-10-26 00:00:00+00:00
[2025-10-25T03:43:20.409+0000] {processor.py:183} INFO - Processing /opt/airflow/dags/daily_summary.py took 0.115 seconds
[2025-10-25T03:43:50.639+0000] {processor.py:161} INFO - Started process (PID=615) to work on /opt/airflow/dags/daily_summary.py
[2025-10-25T03:43:50.640+0000] {processor.py:830} INFO - Processing file /opt/airflow/dags/daily_summary.py for tasks to queue
[2025-10-25T03:43:50.641+0000] {logging_mixin.py:188} INFO - [2025-10-25T03:43:50.641+0000] {dagbag.py:538} INFO - Filling up the DagBag from /opt/airflow/dags/daily_summary.py
[2025-10-25T03:43:50.694+0000] {processor.py:840} INFO - DAG(s) 'daily_summary' retrieved from /opt/airflow/dags/daily_summary.py
[2025-10-25T03:43:50.715+0000] {logging_mixin.py:188} INFO - [2025-10-25T03:43:50.715+0000] {dag.py:3036} INFO - Sync 1 DAGs
[2025-10-25T03:43:50.732+0000] {logging_mixin.py:188} INFO - [2025-10-25T03:43:50.732+0000] {dag.py:3823} INFO - Setting next_dagrun for daily_summary to 2025-10-25 00:00:00+00:00, run_after=2025-10-26 00:00:00+00:00
[2025-10-25T03:43:50.750+0000] {processor.py:183} INFO - Processing /opt/airflow/dags/daily_summary.py took 0.115 seconds
[2025-10-25T03:44:20.950+0000] {processor.py:161} INFO - Started process (PID=620) to work on /opt/airflow/dags/daily_summary.py
[2025-10-25T03:44:20.951+0000] {processor.py:830} INFO - Processing file /opt/airflow/dags/daily_summary.py for tasks to queue
[2025-10-25T03:44:20.952+0000] {logging_mixin.py:188} INFO - [2025-10-25T03:44:20.951+0000] {dagbag.py:538} INFO - Filling up the DagBag from /opt/airflow/dags/daily_summary.py
[2025-10-25T03:44:21.007+0000] {processor.py:840} INFO - DAG(s) 'daily_summary' retrieved from /opt/airflow/dags/daily_summary.py
[2025-10-25T03:44:21.028+0000] {logging_mixin.py:188} INFO - [2025-10-25T03:44:21.028+0000] {dag.py:3036} INFO - Sync 1 DAGs
[2025-10-25T03:44:21.046+0000] {logging_mixin.py:188} INFO - [2025-10-25T03:44:21.046+0000] {dag.py:3823} INFO - Setting next_dagrun for daily_summary to 2025-10-25 00:00:00+00:00, run_after=2025-10-26 00:00:00+00:00
[2025-10-25T03:44:21.064+0000] {processor.py:183} INFO - Processing /opt/airflow/dags/daily_summary.py took 0.117 seconds
[2025-10-25T03:44:51.291+0000] {processor.py:161} INFO - Started process (PID=625) to work on /opt/airflow/dags/daily_summary.py
[2025-10-25T03:44:51.292+0000] {processor.py:830} INFO - Processing file /opt/airflow/dags/daily_summary.py for tasks to queue
[2025-10-25T03:44:51.293+0000] {logging_mixin.py:188} INFO - [2025-10-25T03:44:51.292+0000] {dagbag.py:538} INFO - Filling up the DagBag from /opt/airflow/dags/daily_summary.py
[2025-10-25T03:44:51.347+0000] {processor.py:840} INFO - DAG(s) 'daily_summary' retrieved from /opt/airflow/dags/daily_summary.py
[2025-10-25T03:44:51.368+0000] {logging_mixin.py:188} INFO - [2025-10-25T03:44:51.368+0000] {dag.py:3036} INFO - Sync 1 DAGs
[2025-10-25T03:44:51.384+0000] {logging_mixin.py:188} INFO - [2025-10-25T03:44:51.384+0000] {dag.py:3823} INFO - Setting next_dagrun for daily_summary to 2025-10-25 00:00:00+00:00, run_after=2025-10-26 00:00:00+00:00
[2025-10-25T03:44:51.403+0000] {processor.py:183} INFO - Processing /opt/airflow/dags/daily_summary.py took 0.116 seconds
[2025-10-25T03:45:21.684+0000] {processor.py:161} INFO - Started process (PID=630) to work on /opt/airflow/dags/daily_summary.py
[2025-10-25T03:45:21.685+0000] {processor.py:830} INFO - Processing file /opt/airflow/dags/daily_summary.py for tasks to queue
[2025-10-25T03:45:21.685+0000] {logging_mixin.py:188} INFO - [2025-10-25T03:45:21.685+0000] {dagbag.py:538} INFO - Filling up the DagBag from /opt/airflow/dags/daily_summary.py
[2025-10-25T03:45:21.737+0000] {processor.py:840} INFO - DAG(s) 'daily_summary' retrieved from /opt/airflow/dags/daily_summary.py
[2025-10-25T03:45:21.758+0000] {logging_mixin.py:188} INFO - [2025-10-25T03:45:21.758+0000] {dag.py:3036} INFO - Sync 1 DAGs
[2025-10-25T03:45:21.774+0000] {logging_mixin.py:188} INFO - [2025-10-25T03:45:21.773+0000] {dag.py:3823} INFO - Setting next_dagrun for daily_summary to 2025-10-25 00:00:00+00:00, run_after=2025-10-26 00:00:00+00:00
[2025-10-25T03:45:21.801+0000] {processor.py:183} INFO - Processing /opt/airflow/dags/daily_summary.py took 0.119 seconds
[2025-10-25T03:45:52.006+0000] {processor.py:161} INFO - Started process (PID=635) to work on /opt/airflow/dags/daily_summary.py
[2025-10-25T03:45:52.007+0000] {processor.py:830} INFO - Processing file /opt/airflow/dags/daily_summary.py for tasks to queue
[2025-10-25T03:45:52.008+0000] {logging_mixin.py:188} INFO - [2025-10-25T03:45:52.007+0000] {dagbag.py:538} INFO - Filling up the DagBag from /opt/airflow/dags/daily_summary.py
[2025-10-25T03:45:52.063+0000] {processor.py:840} INFO - DAG(s) 'daily_summary' retrieved from /opt/airflow/dags/daily_summary.py
[2025-10-25T03:45:52.085+0000] {logging_mixin.py:188} INFO - [2025-10-25T03:45:52.085+0000] {dag.py:3036} INFO - Sync 1 DAGs
[2025-10-25T03:45:52.102+0000] {logging_mixin.py:188} INFO - [2025-10-25T03:45:52.101+0000] {dag.py:3823} INFO - Setting next_dagrun for daily_summary to 2025-10-25 00:00:00+00:00, run_after=2025-10-26 00:00:00+00:00
[2025-10-25T03:45:52.120+0000] {processor.py:183} INFO - Processing /opt/airflow/dags/daily_summary.py took 0.117 seconds
[2025-10-25T03:46:22.462+0000] {processor.py:161} INFO - Started process (PID=640) to work on /opt/airflow/dags/daily_summary.py
[2025-10-25T03:46:22.463+0000] {processor.py:830} INFO - Processing file /opt/airflow/dags/daily_summary.py for tasks to queue
[2025-10-25T03:46:22.464+0000] {logging_mixin.py:188} INFO - [2025-10-25T03:46:22.463+0000] {dagbag.py:538} INFO - Filling up the DagBag from /opt/airflow/dags/daily_summary.py
[2025-10-25T03:46:22.516+0000] {processor.py:840} INFO - DAG(s) 'daily_summary' retrieved from /opt/airflow/dags/daily_summary.py
[2025-10-25T03:46:22.537+0000] {logging_mixin.py:188} INFO - [2025-10-25T03:46:22.537+0000] {dag.py:3036} INFO - Sync 1 DAGs
[2025-10-25T03:46:22.554+0000] {logging_mixin.py:188} INFO - [2025-10-25T03:46:22.554+0000] {dag.py:3823} INFO - Setting next_dagrun for daily_summary to 2025-10-25 00:00:00+00:00, run_after=2025-10-26 00:00:00+00:00
[2025-10-25T03:46:22.573+0000] {processor.py:183} INFO - Processing /opt/airflow/dags/daily_summary.py took 0.113 seconds
[2025-10-25T03:46:52.759+0000] {processor.py:161} INFO - Started process (PID=645) to work on /opt/airflow/dags/daily_summary.py
[2025-10-25T03:46:52.760+0000] {processor.py:830} INFO - Processing file /opt/airflow/dags/daily_summary.py for tasks to queue
[2025-10-25T03:46:52.761+0000] {logging_mixin.py:188} INFO - [2025-10-25T03:46:52.761+0000] {dagbag.py:538} INFO - Filling up the DagBag from /opt/airflow/dags/daily_summary.py
[2025-10-25T03:46:52.814+0000] {processor.py:840} INFO - DAG(s) 'daily_summary' retrieved from /opt/airflow/dags/daily_summary.py
[2025-10-25T03:46:52.835+0000] {logging_mixin.py:188} INFO - [2025-10-25T03:46:52.834+0000] {dag.py:3036} INFO - Sync 1 DAGs
[2025-10-25T03:46:52.852+0000] {logging_mixin.py:188} INFO - [2025-10-25T03:46:52.852+0000] {dag.py:3823} INFO - Setting next_dagrun for daily_summary to 2025-10-25 00:00:00+00:00, run_after=2025-10-26 00:00:00+00:00
[2025-10-25T03:46:52.870+0000] {processor.py:183} INFO - Processing /opt/airflow/dags/daily_summary.py took 0.114 seconds
[2025-10-25T03:47:23.182+0000] {processor.py:161} INFO - Started process (PID=650) to work on /opt/airflow/dags/daily_summary.py
[2025-10-25T03:47:23.183+0000] {processor.py:830} INFO - Processing file /opt/airflow/dags/daily_summary.py for tasks to queue
[2025-10-25T03:47:23.184+0000] {logging_mixin.py:188} INFO - [2025-10-25T03:47:23.184+0000] {dagbag.py:538} INFO - Filling up the DagBag from /opt/airflow/dags/daily_summary.py
[2025-10-25T03:47:23.235+0000] {processor.py:840} INFO - DAG(s) 'daily_summary' retrieved from /opt/airflow/dags/daily_summary.py
[2025-10-25T03:47:23.256+0000] {logging_mixin.py:188} INFO - [2025-10-25T03:47:23.256+0000] {dag.py:3036} INFO - Sync 1 DAGs
[2025-10-25T03:47:23.272+0000] {logging_mixin.py:188} INFO - [2025-10-25T03:47:23.272+0000] {dag.py:3823} INFO - Setting next_dagrun for daily_summary to 2025-10-25 00:00:00+00:00, run_after=2025-10-26 00:00:00+00:00
[2025-10-25T03:47:23.298+0000] {processor.py:183} INFO - Processing /opt/airflow/dags/daily_summary.py took 0.118 seconds
[2025-10-25T03:47:53.572+0000] {processor.py:161} INFO - Started process (PID=655) to work on /opt/airflow/dags/daily_summary.py
[2025-10-25T03:47:53.573+0000] {processor.py:830} INFO - Processing file /opt/airflow/dags/daily_summary.py for tasks to queue
[2025-10-25T03:47:53.574+0000] {logging_mixin.py:188} INFO - [2025-10-25T03:47:53.574+0000] {dagbag.py:538} INFO - Filling up the DagBag from /opt/airflow/dags/daily_summary.py
[2025-10-25T03:47:53.644+0000] {processor.py:840} INFO - DAG(s) 'daily_summary' retrieved from /opt/airflow/dags/daily_summary.py
[2025-10-25T03:47:53.668+0000] {logging_mixin.py:188} INFO - [2025-10-25T03:47:53.668+0000] {dag.py:3036} INFO - Sync 1 DAGs
[2025-10-25T03:47:53.689+0000] {logging_mixin.py:188} INFO - [2025-10-25T03:47:53.688+0000] {dag.py:3823} INFO - Setting next_dagrun for daily_summary to 2025-10-25 00:00:00+00:00, run_after=2025-10-26 00:00:00+00:00
[2025-10-25T03:47:53.716+0000] {processor.py:183} INFO - Processing /opt/airflow/dags/daily_summary.py took 0.147 seconds
[2025-10-25T03:48:23.803+0000] {processor.py:161} INFO - Started process (PID=660) to work on /opt/airflow/dags/daily_summary.py
[2025-10-25T03:48:23.803+0000] {processor.py:830} INFO - Processing file /opt/airflow/dags/daily_summary.py for tasks to queue
[2025-10-25T03:48:23.804+0000] {logging_mixin.py:188} INFO - [2025-10-25T03:48:23.804+0000] {dagbag.py:538} INFO - Filling up the DagBag from /opt/airflow/dags/daily_summary.py
[2025-10-25T03:48:23.861+0000] {processor.py:840} INFO - DAG(s) 'daily_summary' retrieved from /opt/airflow/dags/daily_summary.py
[2025-10-25T03:48:23.883+0000] {logging_mixin.py:188} INFO - [2025-10-25T03:48:23.883+0000] {dag.py:3036} INFO - Sync 1 DAGs
[2025-10-25T03:48:23.902+0000] {logging_mixin.py:188} INFO - [2025-10-25T03:48:23.902+0000] {dag.py:3823} INFO - Setting next_dagrun for daily_summary to 2025-10-25 00:00:00+00:00, run_after=2025-10-26 00:00:00+00:00
[2025-10-25T03:48:23.922+0000] {processor.py:183} INFO - Processing /opt/airflow/dags/daily_summary.py took 0.123 seconds
[2025-10-25T03:48:54.208+0000] {processor.py:161} INFO - Started process (PID=665) to work on /opt/airflow/dags/daily_summary.py
[2025-10-25T03:48:54.209+0000] {processor.py:830} INFO - Processing file /opt/airflow/dags/daily_summary.py for tasks to queue
[2025-10-25T03:48:54.209+0000] {logging_mixin.py:188} INFO - [2025-10-25T03:48:54.209+0000] {dagbag.py:538} INFO - Filling up the DagBag from /opt/airflow/dags/daily_summary.py
[2025-10-25T03:48:54.267+0000] {processor.py:840} INFO - DAG(s) 'daily_summary' retrieved from /opt/airflow/dags/daily_summary.py
[2025-10-25T03:48:54.289+0000] {logging_mixin.py:188} INFO - [2025-10-25T03:48:54.289+0000] {dag.py:3036} INFO - Sync 1 DAGs
[2025-10-25T03:48:54.308+0000] {logging_mixin.py:188} INFO - [2025-10-25T03:48:54.308+0000] {dag.py:3823} INFO - Setting next_dagrun for daily_summary to 2025-10-25 00:00:00+00:00, run_after=2025-10-26 00:00:00+00:00
[2025-10-25T03:48:54.326+0000] {processor.py:183} INFO - Processing /opt/airflow/dags/daily_summary.py took 0.121 seconds
[2025-10-25T03:49:24.460+0000] {processor.py:161} INFO - Started process (PID=670) to work on /opt/airflow/dags/daily_summary.py
[2025-10-25T03:49:24.461+0000] {processor.py:830} INFO - Processing file /opt/airflow/dags/daily_summary.py for tasks to queue
[2025-10-25T03:49:24.462+0000] {logging_mixin.py:188} INFO - [2025-10-25T03:49:24.462+0000] {dagbag.py:538} INFO - Filling up the DagBag from /opt/airflow/dags/daily_summary.py
[2025-10-25T03:49:24.519+0000] {processor.py:840} INFO - DAG(s) 'daily_summary' retrieved from /opt/airflow/dags/daily_summary.py
[2025-10-25T03:49:24.540+0000] {logging_mixin.py:188} INFO - [2025-10-25T03:49:24.540+0000] {dag.py:3036} INFO - Sync 1 DAGs
[2025-10-25T03:49:24.564+0000] {logging_mixin.py:188} INFO - [2025-10-25T03:49:24.564+0000] {dag.py:3823} INFO - Setting next_dagrun for daily_summary to 2025-10-25 00:00:00+00:00, run_after=2025-10-26 00:00:00+00:00
[2025-10-25T03:49:24.594+0000] {processor.py:183} INFO - Processing /opt/airflow/dags/daily_summary.py took 0.137 seconds
[2025-10-25T03:49:54.754+0000] {processor.py:161} INFO - Started process (PID=675) to work on /opt/airflow/dags/daily_summary.py
[2025-10-25T03:49:54.755+0000] {processor.py:830} INFO - Processing file /opt/airflow/dags/daily_summary.py for tasks to queue
[2025-10-25T03:49:54.757+0000] {logging_mixin.py:188} INFO - [2025-10-25T03:49:54.756+0000] {dagbag.py:538} INFO - Filling up the DagBag from /opt/airflow/dags/daily_summary.py
[2025-10-25T03:49:54.825+0000] {processor.py:840} INFO - DAG(s) 'daily_summary' retrieved from /opt/airflow/dags/daily_summary.py
[2025-10-25T03:49:54.851+0000] {logging_mixin.py:188} INFO - [2025-10-25T03:49:54.851+0000] {dag.py:3036} INFO - Sync 1 DAGs
[2025-10-25T03:49:54.881+0000] {logging_mixin.py:188} INFO - [2025-10-25T03:49:54.881+0000] {dag.py:3823} INFO - Setting next_dagrun for daily_summary to 2025-10-25 00:00:00+00:00, run_after=2025-10-26 00:00:00+00:00
[2025-10-25T03:49:54.902+0000] {processor.py:183} INFO - Processing /opt/airflow/dags/daily_summary.py took 0.151 seconds
[2025-10-25T03:50:25.003+0000] {processor.py:161} INFO - Started process (PID=680) to work on /opt/airflow/dags/daily_summary.py
[2025-10-25T03:50:25.004+0000] {processor.py:830} INFO - Processing file /opt/airflow/dags/daily_summary.py for tasks to queue
[2025-10-25T03:50:25.005+0000] {logging_mixin.py:188} INFO - [2025-10-25T03:50:25.005+0000] {dagbag.py:538} INFO - Filling up the DagBag from /opt/airflow/dags/daily_summary.py
[2025-10-25T03:50:25.066+0000] {processor.py:840} INFO - DAG(s) 'daily_summary' retrieved from /opt/airflow/dags/daily_summary.py
[2025-10-25T03:50:25.086+0000] {logging_mixin.py:188} INFO - [2025-10-25T03:50:25.086+0000] {dag.py:3036} INFO - Sync 1 DAGs
[2025-10-25T03:50:25.104+0000] {logging_mixin.py:188} INFO - [2025-10-25T03:50:25.104+0000] {dag.py:3823} INFO - Setting next_dagrun for daily_summary to 2025-10-25 00:00:00+00:00, run_after=2025-10-26 00:00:00+00:00
[2025-10-25T03:50:25.131+0000] {processor.py:183} INFO - Processing /opt/airflow/dags/daily_summary.py took 0.132 seconds
[2025-10-25T03:50:55.383+0000] {processor.py:161} INFO - Started process (PID=685) to work on /opt/airflow/dags/daily_summary.py
[2025-10-25T03:50:55.384+0000] {processor.py:830} INFO - Processing file /opt/airflow/dags/daily_summary.py for tasks to queue
[2025-10-25T03:50:55.385+0000] {logging_mixin.py:188} INFO - [2025-10-25T03:50:55.384+0000] {dagbag.py:538} INFO - Filling up the DagBag from /opt/airflow/dags/daily_summary.py
[2025-10-25T03:50:55.444+0000] {processor.py:840} INFO - DAG(s) 'daily_summary' retrieved from /opt/airflow/dags/daily_summary.py
[2025-10-25T03:50:55.467+0000] {logging_mixin.py:188} INFO - [2025-10-25T03:50:55.467+0000] {dag.py:3036} INFO - Sync 1 DAGs
[2025-10-25T03:50:55.484+0000] {logging_mixin.py:188} INFO - [2025-10-25T03:50:55.484+0000] {dag.py:3823} INFO - Setting next_dagrun for daily_summary to 2025-10-25 00:00:00+00:00, run_after=2025-10-26 00:00:00+00:00
[2025-10-25T03:50:55.502+0000] {processor.py:183} INFO - Processing /opt/airflow/dags/daily_summary.py took 0.122 seconds
[2025-10-25T03:51:25.622+0000] {processor.py:161} INFO - Started process (PID=690) to work on /opt/airflow/dags/daily_summary.py
[2025-10-25T03:51:25.623+0000] {processor.py:830} INFO - Processing file /opt/airflow/dags/daily_summary.py for tasks to queue
[2025-10-25T03:51:25.625+0000] {logging_mixin.py:188} INFO - [2025-10-25T03:51:25.624+0000] {dagbag.py:538} INFO - Filling up the DagBag from /opt/airflow/dags/daily_summary.py
[2025-10-25T03:51:25.690+0000] {processor.py:840} INFO - DAG(s) 'daily_summary' retrieved from /opt/airflow/dags/daily_summary.py
[2025-10-25T03:51:25.715+0000] {logging_mixin.py:188} INFO - [2025-10-25T03:51:25.715+0000] {dag.py:3036} INFO - Sync 1 DAGs
[2025-10-25T03:51:25.734+0000] {logging_mixin.py:188} INFO - [2025-10-25T03:51:25.733+0000] {dag.py:3823} INFO - Setting next_dagrun for daily_summary to 2025-10-25 00:00:00+00:00, run_after=2025-10-26 00:00:00+00:00
[2025-10-25T03:51:25.765+0000] {processor.py:183} INFO - Processing /opt/airflow/dags/daily_summary.py took 0.146 seconds
[2025-10-25T03:51:55.955+0000] {processor.py:161} INFO - Started process (PID=695) to work on /opt/airflow/dags/daily_summary.py
[2025-10-25T03:51:55.956+0000] {processor.py:830} INFO - Processing file /opt/airflow/dags/daily_summary.py for tasks to queue
[2025-10-25T03:51:55.957+0000] {logging_mixin.py:188} INFO - [2025-10-25T03:51:55.957+0000] {dagbag.py:538} INFO - Filling up the DagBag from /opt/airflow/dags/daily_summary.py
[2025-10-25T03:51:56.023+0000] {processor.py:840} INFO - DAG(s) 'daily_summary' retrieved from /opt/airflow/dags/daily_summary.py
[2025-10-25T03:51:56.045+0000] {logging_mixin.py:188} INFO - [2025-10-25T03:51:56.045+0000] {dag.py:3036} INFO - Sync 1 DAGs
[2025-10-25T03:51:56.063+0000] {logging_mixin.py:188} INFO - [2025-10-25T03:51:56.063+0000] {dag.py:3823} INFO - Setting next_dagrun for daily_summary to 2025-10-25 00:00:00+00:00, run_after=2025-10-26 00:00:00+00:00
[2025-10-25T03:51:56.082+0000] {processor.py:183} INFO - Processing /opt/airflow/dags/daily_summary.py took 0.129 seconds
[2025-10-25T03:52:26.187+0000] {processor.py:161} INFO - Started process (PID=700) to work on /opt/airflow/dags/daily_summary.py
[2025-10-25T03:52:26.187+0000] {processor.py:830} INFO - Processing file /opt/airflow/dags/daily_summary.py for tasks to queue
[2025-10-25T03:52:26.188+0000] {logging_mixin.py:188} INFO - [2025-10-25T03:52:26.188+0000] {dagbag.py:538} INFO - Filling up the DagBag from /opt/airflow/dags/daily_summary.py
[2025-10-25T03:52:26.244+0000] {processor.py:840} INFO - DAG(s) 'daily_summary' retrieved from /opt/airflow/dags/daily_summary.py
[2025-10-25T03:52:26.266+0000] {logging_mixin.py:188} INFO - [2025-10-25T03:52:26.266+0000] {dag.py:3036} INFO - Sync 1 DAGs
[2025-10-25T03:52:26.283+0000] {logging_mixin.py:188} INFO - [2025-10-25T03:52:26.283+0000] {dag.py:3823} INFO - Setting next_dagrun for daily_summary to 2025-10-25 00:00:00+00:00, run_after=2025-10-26 00:00:00+00:00
[2025-10-25T03:52:26.308+0000] {processor.py:183} INFO - Processing /opt/airflow/dags/daily_summary.py took 0.125 seconds
[2025-10-25T03:59:03.252+0000] {processor.py:161} INFO - Started process (PID=175) to work on /opt/airflow/dags/daily_summary.py
[2025-10-25T03:59:03.253+0000] {processor.py:830} INFO - Processing file /opt/airflow/dags/daily_summary.py for tasks to queue
[2025-10-25T03:59:03.254+0000] {logging_mixin.py:188} INFO - [2025-10-25T03:59:03.254+0000] {dagbag.py:538} INFO - Filling up the DagBag from /opt/airflow/dags/daily_summary.py
[2025-10-25T03:59:03.353+0000] {processor.py:840} INFO - DAG(s) 'daily_summary' retrieved from /opt/airflow/dags/daily_summary.py
[2025-10-25T03:59:03.392+0000] {logging_mixin.py:188} INFO - [2025-10-25T03:59:03.392+0000] {dag.py:3036} INFO - Sync 1 DAGs
[2025-10-25T03:59:03.426+0000] {logging_mixin.py:188} INFO - [2025-10-25T03:59:03.426+0000] {dag.py:3823} INFO - Setting next_dagrun for daily_summary to 2025-10-25 00:00:00+00:00, run_after=2025-10-26 00:00:00+00:00
[2025-10-25T03:59:03.446+0000] {processor.py:183} INFO - Processing /opt/airflow/dags/daily_summary.py took 0.197 seconds
[2025-10-25T03:59:33.492+0000] {processor.py:161} INFO - Started process (PID=180) to work on /opt/airflow/dags/daily_summary.py
[2025-10-25T03:59:33.493+0000] {processor.py:830} INFO - Processing file /opt/airflow/dags/daily_summary.py for tasks to queue
[2025-10-25T03:59:33.494+0000] {logging_mixin.py:188} INFO - [2025-10-25T03:59:33.494+0000] {dagbag.py:538} INFO - Filling up the DagBag from /opt/airflow/dags/daily_summary.py
[2025-10-25T03:59:33.550+0000] {processor.py:840} INFO - DAG(s) 'daily_summary' retrieved from /opt/airflow/dags/daily_summary.py
[2025-10-25T03:59:33.663+0000] {logging_mixin.py:188} INFO - [2025-10-25T03:59:33.663+0000] {dag.py:3036} INFO - Sync 1 DAGs
[2025-10-25T03:59:33.680+0000] {logging_mixin.py:188} INFO - [2025-10-25T03:59:33.680+0000] {dag.py:3823} INFO - Setting next_dagrun for daily_summary to 2025-10-25 00:00:00+00:00, run_after=2025-10-26 00:00:00+00:00
[2025-10-25T03:59:33.698+0000] {processor.py:183} INFO - Processing /opt/airflow/dags/daily_summary.py took 0.208 seconds
[2025-10-25T04:00:03.873+0000] {processor.py:161} INFO - Started process (PID=185) to work on /opt/airflow/dags/daily_summary.py
[2025-10-25T04:00:03.874+0000] {processor.py:830} INFO - Processing file /opt/airflow/dags/daily_summary.py for tasks to queue
[2025-10-25T04:00:03.875+0000] {logging_mixin.py:188} INFO - [2025-10-25T04:00:03.874+0000] {dagbag.py:538} INFO - Filling up the DagBag from /opt/airflow/dags/daily_summary.py
[2025-10-25T04:00:03.929+0000] {processor.py:840} INFO - DAG(s) 'daily_summary' retrieved from /opt/airflow/dags/daily_summary.py
[2025-10-25T04:00:03.948+0000] {logging_mixin.py:188} INFO - [2025-10-25T04:00:03.947+0000] {dag.py:3036} INFO - Sync 1 DAGs
[2025-10-25T04:00:03.966+0000] {logging_mixin.py:188} INFO - [2025-10-25T04:00:03.966+0000] {dag.py:3823} INFO - Setting next_dagrun for daily_summary to 2025-10-25 00:00:00+00:00, run_after=2025-10-26 00:00:00+00:00
[2025-10-25T04:00:03.995+0000] {processor.py:183} INFO - Processing /opt/airflow/dags/daily_summary.py took 0.125 seconds
[2025-10-25T04:00:34.161+0000] {processor.py:161} INFO - Started process (PID=193) to work on /opt/airflow/dags/daily_summary.py
[2025-10-25T04:00:34.161+0000] {processor.py:830} INFO - Processing file /opt/airflow/dags/daily_summary.py for tasks to queue
[2025-10-25T04:00:34.162+0000] {logging_mixin.py:188} INFO - [2025-10-25T04:00:34.162+0000] {dagbag.py:538} INFO - Filling up the DagBag from /opt/airflow/dags/daily_summary.py
[2025-10-25T04:00:34.226+0000] {processor.py:840} INFO - DAG(s) 'daily_summary' retrieved from /opt/airflow/dags/daily_summary.py
[2025-10-25T04:00:34.248+0000] {logging_mixin.py:188} INFO - [2025-10-25T04:00:34.248+0000] {dag.py:3036} INFO - Sync 1 DAGs
[2025-10-25T04:00:34.268+0000] {logging_mixin.py:188} INFO - [2025-10-25T04:00:34.268+0000] {dag.py:3823} INFO - Setting next_dagrun for daily_summary to 2025-10-25 00:00:00+00:00, run_after=2025-10-26 00:00:00+00:00
[2025-10-25T04:00:34.289+0000] {processor.py:183} INFO - Processing /opt/airflow/dags/daily_summary.py took 0.131 seconds
[2025-10-25T04:01:18.169+0000] {processor.py:161} INFO - Started process (PID=175) to work on /opt/airflow/dags/daily_summary.py
[2025-10-25T04:01:18.170+0000] {processor.py:830} INFO - Processing file /opt/airflow/dags/daily_summary.py for tasks to queue
[2025-10-25T04:01:18.171+0000] {logging_mixin.py:188} INFO - [2025-10-25T04:01:18.171+0000] {dagbag.py:538} INFO - Filling up the DagBag from /opt/airflow/dags/daily_summary.py
[2025-10-25T04:01:18.253+0000] {processor.py:840} INFO - DAG(s) 'daily_summary' retrieved from /opt/airflow/dags/daily_summary.py
[2025-10-25T04:01:18.281+0000] {logging_mixin.py:188} INFO - [2025-10-25T04:01:18.281+0000] {dag.py:3036} INFO - Sync 1 DAGs
[2025-10-25T04:01:18.311+0000] {logging_mixin.py:188} INFO - [2025-10-25T04:01:18.311+0000] {dag.py:3823} INFO - Setting next_dagrun for daily_summary to 2025-10-25 00:00:00+00:00, run_after=2025-10-26 00:00:00+00:00
[2025-10-25T04:01:18.372+0000] {processor.py:183} INFO - Processing /opt/airflow/dags/daily_summary.py took 0.206 seconds
[2025-10-25T04:01:48.607+0000] {processor.py:161} INFO - Started process (PID=185) to work on /opt/airflow/dags/daily_summary.py
[2025-10-25T04:01:48.608+0000] {processor.py:830} INFO - Processing file /opt/airflow/dags/daily_summary.py for tasks to queue
[2025-10-25T04:01:48.609+0000] {logging_mixin.py:188} INFO - [2025-10-25T04:01:48.609+0000] {dagbag.py:538} INFO - Filling up the DagBag from /opt/airflow/dags/daily_summary.py
[2025-10-25T04:01:48.668+0000] {processor.py:840} INFO - DAG(s) 'daily_summary' retrieved from /opt/airflow/dags/daily_summary.py
[2025-10-25T04:01:48.809+0000] {logging_mixin.py:188} INFO - [2025-10-25T04:01:48.808+0000] {dag.py:3036} INFO - Sync 1 DAGs
[2025-10-25T04:01:48.825+0000] {logging_mixin.py:188} INFO - [2025-10-25T04:01:48.825+0000] {dag.py:3823} INFO - Setting next_dagrun for daily_summary to 2025-10-25 00:00:00+00:00, run_after=2025-10-26 00:00:00+00:00
[2025-10-25T04:01:48.843+0000] {processor.py:183} INFO - Processing /opt/airflow/dags/daily_summary.py took 0.240 seconds
[2025-10-25T04:02:19.056+0000] {processor.py:161} INFO - Started process (PID=190) to work on /opt/airflow/dags/daily_summary.py
[2025-10-25T04:02:19.057+0000] {processor.py:830} INFO - Processing file /opt/airflow/dags/daily_summary.py for tasks to queue
[2025-10-25T04:02:19.058+0000] {logging_mixin.py:188} INFO - [2025-10-25T04:02:19.058+0000] {dagbag.py:538} INFO - Filling up the DagBag from /opt/airflow/dags/daily_summary.py
[2025-10-25T04:02:19.127+0000] {processor.py:840} INFO - DAG(s) 'daily_summary' retrieved from /opt/airflow/dags/daily_summary.py
[2025-10-25T04:02:19.150+0000] {logging_mixin.py:188} INFO - [2025-10-25T04:02:19.150+0000] {dag.py:3036} INFO - Sync 1 DAGs
[2025-10-25T04:02:19.171+0000] {logging_mixin.py:188} INFO - [2025-10-25T04:02:19.171+0000] {dag.py:3823} INFO - Setting next_dagrun for daily_summary to 2025-10-25 00:00:00+00:00, run_after=2025-10-26 00:00:00+00:00
[2025-10-25T04:02:19.206+0000] {processor.py:183} INFO - Processing /opt/airflow/dags/daily_summary.py took 0.153 seconds
[2025-10-25T04:02:49.244+0000] {processor.py:161} INFO - Started process (PID=195) to work on /opt/airflow/dags/daily_summary.py
[2025-10-25T04:02:49.245+0000] {processor.py:830} INFO - Processing file /opt/airflow/dags/daily_summary.py for tasks to queue
[2025-10-25T04:02:49.246+0000] {logging_mixin.py:188} INFO - [2025-10-25T04:02:49.246+0000] {dagbag.py:538} INFO - Filling up the DagBag from /opt/airflow/dags/daily_summary.py
[2025-10-25T04:02:49.305+0000] {processor.py:840} INFO - DAG(s) 'daily_summary' retrieved from /opt/airflow/dags/daily_summary.py
[2025-10-25T04:02:49.328+0000] {logging_mixin.py:188} INFO - [2025-10-25T04:02:49.328+0000] {dag.py:3036} INFO - Sync 1 DAGs
[2025-10-25T04:02:49.348+0000] {logging_mixin.py:188} INFO - [2025-10-25T04:02:49.347+0000] {dag.py:3823} INFO - Setting next_dagrun for daily_summary to 2025-10-25 00:00:00+00:00, run_after=2025-10-26 00:00:00+00:00
[2025-10-25T04:02:49.364+0000] {processor.py:183} INFO - Processing /opt/airflow/dags/daily_summary.py took 0.123 seconds
[2025-10-25T04:03:19.445+0000] {processor.py:161} INFO - Started process (PID=200) to work on /opt/airflow/dags/daily_summary.py
[2025-10-25T04:03:19.446+0000] {processor.py:830} INFO - Processing file /opt/airflow/dags/daily_summary.py for tasks to queue
[2025-10-25T04:03:19.447+0000] {logging_mixin.py:188} INFO - [2025-10-25T04:03:19.446+0000] {dagbag.py:538} INFO - Filling up the DagBag from /opt/airflow/dags/daily_summary.py
[2025-10-25T04:03:19.505+0000] {processor.py:840} INFO - DAG(s) 'daily_summary' retrieved from /opt/airflow/dags/daily_summary.py
[2025-10-25T04:03:19.530+0000] {logging_mixin.py:188} INFO - [2025-10-25T04:03:19.530+0000] {dag.py:3036} INFO - Sync 1 DAGs
[2025-10-25T04:03:19.548+0000] {logging_mixin.py:188} INFO - [2025-10-25T04:03:19.548+0000] {dag.py:3823} INFO - Setting next_dagrun for daily_summary to 2025-10-25 00:00:00+00:00, run_after=2025-10-26 00:00:00+00:00
[2025-10-25T04:03:19.566+0000] {processor.py:183} INFO - Processing /opt/airflow/dags/daily_summary.py took 0.125 seconds
[2025-10-25T04:03:49.807+0000] {processor.py:161} INFO - Started process (PID=205) to work on /opt/airflow/dags/daily_summary.py
[2025-10-25T04:03:49.807+0000] {processor.py:830} INFO - Processing file /opt/airflow/dags/daily_summary.py for tasks to queue
[2025-10-25T04:03:49.808+0000] {logging_mixin.py:188} INFO - [2025-10-25T04:03:49.808+0000] {dagbag.py:538} INFO - Filling up the DagBag from /opt/airflow/dags/daily_summary.py
[2025-10-25T04:03:49.865+0000] {processor.py:840} INFO - DAG(s) 'daily_summary' retrieved from /opt/airflow/dags/daily_summary.py
[2025-10-25T04:03:49.888+0000] {logging_mixin.py:188} INFO - [2025-10-25T04:03:49.887+0000] {dag.py:3036} INFO - Sync 1 DAGs
[2025-10-25T04:03:49.906+0000] {logging_mixin.py:188} INFO - [2025-10-25T04:03:49.906+0000] {dag.py:3823} INFO - Setting next_dagrun for daily_summary to 2025-10-25 00:00:00+00:00, run_after=2025-10-26 00:00:00+00:00
[2025-10-25T04:03:49.936+0000] {processor.py:183} INFO - Processing /opt/airflow/dags/daily_summary.py took 0.132 seconds
[2025-10-25T04:04:20.032+0000] {processor.py:161} INFO - Started process (PID=210) to work on /opt/airflow/dags/daily_summary.py
[2025-10-25T04:04:20.033+0000] {processor.py:830} INFO - Processing file /opt/airflow/dags/daily_summary.py for tasks to queue
[2025-10-25T04:04:20.034+0000] {logging_mixin.py:188} INFO - [2025-10-25T04:04:20.034+0000] {dagbag.py:538} INFO - Filling up the DagBag from /opt/airflow/dags/daily_summary.py
[2025-10-25T04:04:20.093+0000] {processor.py:840} INFO - DAG(s) 'daily_summary' retrieved from /opt/airflow/dags/daily_summary.py
[2025-10-25T04:04:20.114+0000] {logging_mixin.py:188} INFO - [2025-10-25T04:04:20.114+0000] {dag.py:3036} INFO - Sync 1 DAGs
[2025-10-25T04:04:20.134+0000] {logging_mixin.py:188} INFO - [2025-10-25T04:04:20.134+0000] {dag.py:3823} INFO - Setting next_dagrun for daily_summary to 2025-10-25 00:00:00+00:00, run_after=2025-10-26 00:00:00+00:00
[2025-10-25T04:04:20.163+0000] {processor.py:183} INFO - Processing /opt/airflow/dags/daily_summary.py took 0.134 seconds
[2025-10-25T04:04:50.356+0000] {processor.py:161} INFO - Started process (PID=215) to work on /opt/airflow/dags/daily_summary.py
[2025-10-25T04:04:50.356+0000] {processor.py:830} INFO - Processing file /opt/airflow/dags/daily_summary.py for tasks to queue
[2025-10-25T04:04:50.357+0000] {logging_mixin.py:188} INFO - [2025-10-25T04:04:50.357+0000] {dagbag.py:538} INFO - Filling up the DagBag from /opt/airflow/dags/daily_summary.py
[2025-10-25T04:04:50.414+0000] {processor.py:840} INFO - DAG(s) 'daily_summary' retrieved from /opt/airflow/dags/daily_summary.py
[2025-10-25T04:04:50.438+0000] {logging_mixin.py:188} INFO - [2025-10-25T04:04:50.437+0000] {dag.py:3036} INFO - Sync 1 DAGs
[2025-10-25T04:04:50.457+0000] {logging_mixin.py:188} INFO - [2025-10-25T04:04:50.456+0000] {dag.py:3823} INFO - Setting next_dagrun for daily_summary to 2025-10-25 00:00:00+00:00, run_after=2025-10-26 00:00:00+00:00
[2025-10-25T04:04:50.486+0000] {processor.py:183} INFO - Processing /opt/airflow/dags/daily_summary.py took 0.132 seconds
[2025-10-25T04:05:20.591+0000] {processor.py:161} INFO - Started process (PID=220) to work on /opt/airflow/dags/daily_summary.py
[2025-10-25T04:05:20.593+0000] {processor.py:830} INFO - Processing file /opt/airflow/dags/daily_summary.py for tasks to queue
[2025-10-25T04:05:20.594+0000] {logging_mixin.py:188} INFO - [2025-10-25T04:05:20.593+0000] {dagbag.py:538} INFO - Filling up the DagBag from /opt/airflow/dags/daily_summary.py
[2025-10-25T04:05:20.651+0000] {processor.py:840} INFO - DAG(s) 'daily_summary' retrieved from /opt/airflow/dags/daily_summary.py
[2025-10-25T04:05:20.677+0000] {logging_mixin.py:188} INFO - [2025-10-25T04:05:20.676+0000] {dag.py:3036} INFO - Sync 1 DAGs
[2025-10-25T04:05:20.699+0000] {logging_mixin.py:188} INFO - [2025-10-25T04:05:20.699+0000] {dag.py:3823} INFO - Setting next_dagrun for daily_summary to 2025-10-25 00:00:00+00:00, run_after=2025-10-26 00:00:00+00:00
[2025-10-25T04:05:20.729+0000] {processor.py:183} INFO - Processing /opt/airflow/dags/daily_summary.py took 0.141 seconds
[2025-10-25T04:05:50.939+0000] {processor.py:161} INFO - Started process (PID=225) to work on /opt/airflow/dags/daily_summary.py
[2025-10-25T04:05:50.940+0000] {processor.py:830} INFO - Processing file /opt/airflow/dags/daily_summary.py for tasks to queue
[2025-10-25T04:05:50.941+0000] {logging_mixin.py:188} INFO - [2025-10-25T04:05:50.940+0000] {dagbag.py:538} INFO - Filling up the DagBag from /opt/airflow/dags/daily_summary.py
[2025-10-25T04:05:50.995+0000] {processor.py:840} INFO - DAG(s) 'daily_summary' retrieved from /opt/airflow/dags/daily_summary.py
[2025-10-25T04:05:51.016+0000] {logging_mixin.py:188} INFO - [2025-10-25T04:05:51.016+0000] {dag.py:3036} INFO - Sync 1 DAGs
[2025-10-25T04:05:51.032+0000] {logging_mixin.py:188} INFO - [2025-10-25T04:05:51.032+0000] {dag.py:3823} INFO - Setting next_dagrun for daily_summary to 2025-10-25 00:00:00+00:00, run_after=2025-10-26 00:00:00+00:00
[2025-10-25T04:05:51.051+0000] {processor.py:183} INFO - Processing /opt/airflow/dags/daily_summary.py took 0.115 seconds
[2025-10-25T04:06:21.220+0000] {processor.py:161} INFO - Started process (PID=230) to work on /opt/airflow/dags/daily_summary.py
[2025-10-25T04:06:21.221+0000] {processor.py:830} INFO - Processing file /opt/airflow/dags/daily_summary.py for tasks to queue
[2025-10-25T04:06:21.222+0000] {logging_mixin.py:188} INFO - [2025-10-25T04:06:21.222+0000] {dagbag.py:538} INFO - Filling up the DagBag from /opt/airflow/dags/daily_summary.py
[2025-10-25T04:06:21.277+0000] {processor.py:840} INFO - DAG(s) 'daily_summary' retrieved from /opt/airflow/dags/daily_summary.py
[2025-10-25T04:06:21.300+0000] {logging_mixin.py:188} INFO - [2025-10-25T04:06:21.299+0000] {dag.py:3036} INFO - Sync 1 DAGs
[2025-10-25T04:06:21.319+0000] {logging_mixin.py:188} INFO - [2025-10-25T04:06:21.318+0000] {dag.py:3823} INFO - Setting next_dagrun for daily_summary to 2025-10-25 00:00:00+00:00, run_after=2025-10-26 00:00:00+00:00
[2025-10-25T04:06:21.336+0000] {processor.py:183} INFO - Processing /opt/airflow/dags/daily_summary.py took 0.119 seconds
[2025-10-25T04:06:51.540+0000] {processor.py:161} INFO - Started process (PID=235) to work on /opt/airflow/dags/daily_summary.py
[2025-10-25T04:06:51.541+0000] {processor.py:830} INFO - Processing file /opt/airflow/dags/daily_summary.py for tasks to queue
[2025-10-25T04:06:51.542+0000] {logging_mixin.py:188} INFO - [2025-10-25T04:06:51.542+0000] {dagbag.py:538} INFO - Filling up the DagBag from /opt/airflow/dags/daily_summary.py
[2025-10-25T04:06:51.594+0000] {processor.py:840} INFO - DAG(s) 'daily_summary' retrieved from /opt/airflow/dags/daily_summary.py
[2025-10-25T04:06:51.615+0000] {logging_mixin.py:188} INFO - [2025-10-25T04:06:51.615+0000] {dag.py:3036} INFO - Sync 1 DAGs
[2025-10-25T04:06:51.633+0000] {logging_mixin.py:188} INFO - [2025-10-25T04:06:51.633+0000] {dag.py:3823} INFO - Setting next_dagrun for daily_summary to 2025-10-25 00:00:00+00:00, run_after=2025-10-26 00:00:00+00:00
[2025-10-25T04:06:51.660+0000] {processor.py:183} INFO - Processing /opt/airflow/dags/daily_summary.py took 0.123 seconds
[2025-10-25T04:07:21.804+0000] {processor.py:161} INFO - Started process (PID=240) to work on /opt/airflow/dags/daily_summary.py
[2025-10-25T04:07:21.805+0000] {processor.py:830} INFO - Processing file /opt/airflow/dags/daily_summary.py for tasks to queue
[2025-10-25T04:07:21.806+0000] {logging_mixin.py:188} INFO - [2025-10-25T04:07:21.806+0000] {dagbag.py:538} INFO - Filling up the DagBag from /opt/airflow/dags/daily_summary.py
[2025-10-25T04:07:21.869+0000] {processor.py:840} INFO - DAG(s) 'daily_summary' retrieved from /opt/airflow/dags/daily_summary.py
[2025-10-25T04:07:21.892+0000] {logging_mixin.py:188} INFO - [2025-10-25T04:07:21.892+0000] {dag.py:3036} INFO - Sync 1 DAGs
[2025-10-25T04:07:21.915+0000] {logging_mixin.py:188} INFO - [2025-10-25T04:07:21.915+0000] {dag.py:3823} INFO - Setting next_dagrun for daily_summary to 2025-10-25 00:00:00+00:00, run_after=2025-10-26 00:00:00+00:00
[2025-10-25T04:07:21.942+0000] {processor.py:183} INFO - Processing /opt/airflow/dags/daily_summary.py took 0.142 seconds
[2025-10-25T04:07:52.092+0000] {processor.py:161} INFO - Started process (PID=250) to work on /opt/airflow/dags/daily_summary.py
[2025-10-25T04:07:52.093+0000] {processor.py:830} INFO - Processing file /opt/airflow/dags/daily_summary.py for tasks to queue
[2025-10-25T04:07:52.094+0000] {logging_mixin.py:188} INFO - [2025-10-25T04:07:52.094+0000] {dagbag.py:538} INFO - Filling up the DagBag from /opt/airflow/dags/daily_summary.py
[2025-10-25T04:07:52.147+0000] {processor.py:840} INFO - DAG(s) 'daily_summary' retrieved from /opt/airflow/dags/daily_summary.py
[2025-10-25T04:07:52.168+0000] {logging_mixin.py:188} INFO - [2025-10-25T04:07:52.168+0000] {dag.py:3036} INFO - Sync 1 DAGs
[2025-10-25T04:07:52.186+0000] {logging_mixin.py:188} INFO - [2025-10-25T04:07:52.186+0000] {dag.py:3823} INFO - Setting next_dagrun for daily_summary to 2025-10-25 00:00:00+00:00, run_after=2025-10-26 00:00:00+00:00
[2025-10-25T04:07:52.203+0000] {processor.py:183} INFO - Processing /opt/airflow/dags/daily_summary.py took 0.114 seconds
[2025-10-25T04:08:22.335+0000] {processor.py:161} INFO - Started process (PID=255) to work on /opt/airflow/dags/daily_summary.py
[2025-10-25T04:08:22.335+0000] {processor.py:830} INFO - Processing file /opt/airflow/dags/daily_summary.py for tasks to queue
[2025-10-25T04:08:22.336+0000] {logging_mixin.py:188} INFO - [2025-10-25T04:08:22.336+0000] {dagbag.py:538} INFO - Filling up the DagBag from /opt/airflow/dags/daily_summary.py
[2025-10-25T04:08:22.393+0000] {processor.py:840} INFO - DAG(s) 'daily_summary' retrieved from /opt/airflow/dags/daily_summary.py
[2025-10-25T04:08:22.416+0000] {logging_mixin.py:188} INFO - [2025-10-25T04:08:22.415+0000] {dag.py:3036} INFO - Sync 1 DAGs
[2025-10-25T04:08:22.435+0000] {logging_mixin.py:188} INFO - [2025-10-25T04:08:22.435+0000] {dag.py:3823} INFO - Setting next_dagrun for daily_summary to 2025-10-25 00:00:00+00:00, run_after=2025-10-26 00:00:00+00:00
[2025-10-25T04:08:22.462+0000] {processor.py:183} INFO - Processing /opt/airflow/dags/daily_summary.py took 0.131 seconds
[2025-10-25T04:08:52.605+0000] {processor.py:161} INFO - Started process (PID=260) to work on /opt/airflow/dags/daily_summary.py
[2025-10-25T04:08:52.606+0000] {processor.py:830} INFO - Processing file /opt/airflow/dags/daily_summary.py for tasks to queue
[2025-10-25T04:08:52.607+0000] {logging_mixin.py:188} INFO - [2025-10-25T04:08:52.607+0000] {dagbag.py:538} INFO - Filling up the DagBag from /opt/airflow/dags/daily_summary.py
[2025-10-25T04:08:52.667+0000] {processor.py:840} INFO - DAG(s) 'daily_summary' retrieved from /opt/airflow/dags/daily_summary.py
[2025-10-25T04:08:52.690+0000] {logging_mixin.py:188} INFO - [2025-10-25T04:08:52.690+0000] {dag.py:3036} INFO - Sync 1 DAGs
[2025-10-25T04:08:52.709+0000] {logging_mixin.py:188} INFO - [2025-10-25T04:08:52.709+0000] {dag.py:3823} INFO - Setting next_dagrun for daily_summary to 2025-10-25 00:00:00+00:00, run_after=2025-10-26 00:00:00+00:00
[2025-10-25T04:08:52.731+0000] {processor.py:183} INFO - Processing /opt/airflow/dags/daily_summary.py took 0.129 seconds
[2025-10-25T04:09:22.863+0000] {processor.py:161} INFO - Started process (PID=265) to work on /opt/airflow/dags/daily_summary.py
[2025-10-25T04:09:22.864+0000] {processor.py:830} INFO - Processing file /opt/airflow/dags/daily_summary.py for tasks to queue
[2025-10-25T04:09:22.865+0000] {logging_mixin.py:188} INFO - [2025-10-25T04:09:22.865+0000] {dagbag.py:538} INFO - Filling up the DagBag from /opt/airflow/dags/daily_summary.py
[2025-10-25T04:09:22.924+0000] {processor.py:840} INFO - DAG(s) 'daily_summary' retrieved from /opt/airflow/dags/daily_summary.py
[2025-10-25T04:09:22.950+0000] {logging_mixin.py:188} INFO - [2025-10-25T04:09:22.949+0000] {dag.py:3036} INFO - Sync 1 DAGs
[2025-10-25T04:09:22.971+0000] {logging_mixin.py:188} INFO - [2025-10-25T04:09:22.971+0000] {dag.py:3823} INFO - Setting next_dagrun for daily_summary to 2025-10-25 00:00:00+00:00, run_after=2025-10-26 00:00:00+00:00
[2025-10-25T04:09:22.991+0000] {processor.py:183} INFO - Processing /opt/airflow/dags/daily_summary.py took 0.131 seconds
[2025-10-25T04:09:53.159+0000] {processor.py:161} INFO - Started process (PID=270) to work on /opt/airflow/dags/daily_summary.py
[2025-10-25T04:09:53.160+0000] {processor.py:830} INFO - Processing file /opt/airflow/dags/daily_summary.py for tasks to queue
[2025-10-25T04:09:53.161+0000] {logging_mixin.py:188} INFO - [2025-10-25T04:09:53.161+0000] {dagbag.py:538} INFO - Filling up the DagBag from /opt/airflow/dags/daily_summary.py
[2025-10-25T04:09:53.218+0000] {processor.py:840} INFO - DAG(s) 'daily_summary' retrieved from /opt/airflow/dags/daily_summary.py
[2025-10-25T04:09:53.238+0000] {logging_mixin.py:188} INFO - [2025-10-25T04:09:53.237+0000] {dag.py:3036} INFO - Sync 1 DAGs
[2025-10-25T04:09:53.256+0000] {logging_mixin.py:188} INFO - [2025-10-25T04:09:53.255+0000] {dag.py:3823} INFO - Setting next_dagrun for daily_summary to 2025-10-25 00:00:00+00:00, run_after=2025-10-26 00:00:00+00:00
[2025-10-25T04:09:53.281+0000] {processor.py:183} INFO - Processing /opt/airflow/dags/daily_summary.py took 0.125 seconds
[2025-10-25T04:10:23.414+0000] {processor.py:161} INFO - Started process (PID=275) to work on /opt/airflow/dags/daily_summary.py
[2025-10-25T04:10:23.415+0000] {processor.py:830} INFO - Processing file /opt/airflow/dags/daily_summary.py for tasks to queue
[2025-10-25T04:10:23.416+0000] {logging_mixin.py:188} INFO - [2025-10-25T04:10:23.416+0000] {dagbag.py:538} INFO - Filling up the DagBag from /opt/airflow/dags/daily_summary.py
[2025-10-25T04:10:23.475+0000] {processor.py:840} INFO - DAG(s) 'daily_summary' retrieved from /opt/airflow/dags/daily_summary.py
[2025-10-25T04:10:23.496+0000] {logging_mixin.py:188} INFO - [2025-10-25T04:10:23.496+0000] {dag.py:3036} INFO - Sync 1 DAGs
[2025-10-25T04:10:23.513+0000] {logging_mixin.py:188} INFO - [2025-10-25T04:10:23.513+0000] {dag.py:3823} INFO - Setting next_dagrun for daily_summary to 2025-10-25 00:00:00+00:00, run_after=2025-10-26 00:00:00+00:00
[2025-10-25T04:10:23.532+0000] {processor.py:183} INFO - Processing /opt/airflow/dags/daily_summary.py took 0.121 seconds
[2025-10-25T04:10:53.691+0000] {processor.py:161} INFO - Started process (PID=280) to work on /opt/airflow/dags/daily_summary.py
[2025-10-25T04:10:53.709+0000] {processor.py:830} INFO - Processing file /opt/airflow/dags/daily_summary.py for tasks to queue
[2025-10-25T04:10:53.710+0000] {logging_mixin.py:188} INFO - [2025-10-25T04:10:53.710+0000] {dagbag.py:538} INFO - Filling up the DagBag from /opt/airflow/dags/daily_summary.py
[2025-10-25T04:10:53.764+0000] {processor.py:840} INFO - DAG(s) 'daily_summary' retrieved from /opt/airflow/dags/daily_summary.py
[2025-10-25T04:10:53.784+0000] {logging_mixin.py:188} INFO - [2025-10-25T04:10:53.784+0000] {dag.py:3036} INFO - Sync 1 DAGs
[2025-10-25T04:10:53.802+0000] {logging_mixin.py:188} INFO - [2025-10-25T04:10:53.801+0000] {dag.py:3823} INFO - Setting next_dagrun for daily_summary to 2025-10-25 00:00:00+00:00, run_after=2025-10-26 00:00:00+00:00
[2025-10-25T04:10:53.817+0000] {processor.py:183} INFO - Processing /opt/airflow/dags/daily_summary.py took 0.130 seconds
[2025-10-25T04:11:23.992+0000] {processor.py:161} INFO - Started process (PID=285) to work on /opt/airflow/dags/daily_summary.py
[2025-10-25T04:11:23.992+0000] {processor.py:830} INFO - Processing file /opt/airflow/dags/daily_summary.py for tasks to queue
[2025-10-25T04:11:23.994+0000] {logging_mixin.py:188} INFO - [2025-10-25T04:11:23.993+0000] {dagbag.py:538} INFO - Filling up the DagBag from /opt/airflow/dags/daily_summary.py
[2025-10-25T04:11:24.045+0000] {processor.py:840} INFO - DAG(s) 'daily_summary' retrieved from /opt/airflow/dags/daily_summary.py
[2025-10-25T04:11:24.068+0000] {logging_mixin.py:188} INFO - [2025-10-25T04:11:24.068+0000] {dag.py:3036} INFO - Sync 1 DAGs
[2025-10-25T04:11:24.084+0000] {logging_mixin.py:188} INFO - [2025-10-25T04:11:24.084+0000] {dag.py:3823} INFO - Setting next_dagrun for daily_summary to 2025-10-25 00:00:00+00:00, run_after=2025-10-26 00:00:00+00:00
[2025-10-25T04:11:24.101+0000] {processor.py:183} INFO - Processing /opt/airflow/dags/daily_summary.py took 0.113 seconds
[2025-10-25T04:11:54.251+0000] {processor.py:161} INFO - Started process (PID=290) to work on /opt/airflow/dags/daily_summary.py
[2025-10-25T04:11:54.252+0000] {processor.py:830} INFO - Processing file /opt/airflow/dags/daily_summary.py for tasks to queue
[2025-10-25T04:11:54.253+0000] {logging_mixin.py:188} INFO - [2025-10-25T04:11:54.253+0000] {dagbag.py:538} INFO - Filling up the DagBag from /opt/airflow/dags/daily_summary.py
[2025-10-25T04:11:54.310+0000] {processor.py:840} INFO - DAG(s) 'daily_summary' retrieved from /opt/airflow/dags/daily_summary.py
[2025-10-25T04:11:54.332+0000] {logging_mixin.py:188} INFO - [2025-10-25T04:11:54.331+0000] {dag.py:3036} INFO - Sync 1 DAGs
[2025-10-25T04:11:54.353+0000] {logging_mixin.py:188} INFO - [2025-10-25T04:11:54.353+0000] {dag.py:3823} INFO - Setting next_dagrun for daily_summary to 2025-10-25 00:00:00+00:00, run_after=2025-10-26 00:00:00+00:00
[2025-10-25T04:11:54.373+0000] {processor.py:183} INFO - Processing /opt/airflow/dags/daily_summary.py took 0.125 seconds
[2025-10-25T04:12:24.521+0000] {processor.py:161} INFO - Started process (PID=295) to work on /opt/airflow/dags/daily_summary.py
[2025-10-25T04:12:24.522+0000] {processor.py:830} INFO - Processing file /opt/airflow/dags/daily_summary.py for tasks to queue
[2025-10-25T04:12:24.523+0000] {logging_mixin.py:188} INFO - [2025-10-25T04:12:24.522+0000] {dagbag.py:538} INFO - Filling up the DagBag from /opt/airflow/dags/daily_summary.py
[2025-10-25T04:12:24.578+0000] {processor.py:840} INFO - DAG(s) 'daily_summary' retrieved from /opt/airflow/dags/daily_summary.py
[2025-10-25T04:12:24.597+0000] {logging_mixin.py:188} INFO - [2025-10-25T04:12:24.597+0000] {dag.py:3036} INFO - Sync 1 DAGs
[2025-10-25T04:12:24.616+0000] {logging_mixin.py:188} INFO - [2025-10-25T04:12:24.616+0000] {dag.py:3823} INFO - Setting next_dagrun for daily_summary to 2025-10-25 00:00:00+00:00, run_after=2025-10-26 00:00:00+00:00
[2025-10-25T04:12:24.635+0000] {processor.py:183} INFO - Processing /opt/airflow/dags/daily_summary.py took 0.117 seconds
[2025-10-25T04:12:54.772+0000] {processor.py:161} INFO - Started process (PID=300) to work on /opt/airflow/dags/daily_summary.py
[2025-10-25T04:12:54.773+0000] {processor.py:830} INFO - Processing file /opt/airflow/dags/daily_summary.py for tasks to queue
[2025-10-25T04:12:54.774+0000] {logging_mixin.py:188} INFO - [2025-10-25T04:12:54.773+0000] {dagbag.py:538} INFO - Filling up the DagBag from /opt/airflow/dags/daily_summary.py
[2025-10-25T04:12:54.826+0000] {processor.py:840} INFO - DAG(s) 'daily_summary' retrieved from /opt/airflow/dags/daily_summary.py
[2025-10-25T04:12:54.847+0000] {logging_mixin.py:188} INFO - [2025-10-25T04:12:54.847+0000] {dag.py:3036} INFO - Sync 1 DAGs
[2025-10-25T04:12:54.863+0000] {logging_mixin.py:188} INFO - [2025-10-25T04:12:54.863+0000] {dag.py:3823} INFO - Setting next_dagrun for daily_summary to 2025-10-25 00:00:00+00:00, run_after=2025-10-26 00:00:00+00:00
[2025-10-25T04:12:54.879+0000] {processor.py:183} INFO - Processing /opt/airflow/dags/daily_summary.py took 0.110 seconds
[2025-10-25T04:13:25.150+0000] {processor.py:161} INFO - Started process (PID=305) to work on /opt/airflow/dags/daily_summary.py
[2025-10-25T04:13:25.151+0000] {processor.py:830} INFO - Processing file /opt/airflow/dags/daily_summary.py for tasks to queue
[2025-10-25T04:13:25.152+0000] {logging_mixin.py:188} INFO - [2025-10-25T04:13:25.152+0000] {dagbag.py:538} INFO - Filling up the DagBag from /opt/airflow/dags/daily_summary.py
[2025-10-25T04:13:25.206+0000] {processor.py:840} INFO - DAG(s) 'daily_summary' retrieved from /opt/airflow/dags/daily_summary.py
[2025-10-25T04:13:25.225+0000] {logging_mixin.py:188} INFO - [2025-10-25T04:13:25.225+0000] {dag.py:3036} INFO - Sync 1 DAGs
[2025-10-25T04:13:25.242+0000] {logging_mixin.py:188} INFO - [2025-10-25T04:13:25.242+0000] {dag.py:3823} INFO - Setting next_dagrun for daily_summary to 2025-10-25 00:00:00+00:00, run_after=2025-10-26 00:00:00+00:00
[2025-10-25T04:13:25.267+0000] {processor.py:183} INFO - Processing /opt/airflow/dags/daily_summary.py took 0.119 seconds
[2025-10-25T04:13:55.380+0000] {processor.py:161} INFO - Started process (PID=310) to work on /opt/airflow/dags/daily_summary.py
[2025-10-25T04:13:55.381+0000] {processor.py:830} INFO - Processing file /opt/airflow/dags/daily_summary.py for tasks to queue
[2025-10-25T04:13:55.382+0000] {logging_mixin.py:188} INFO - [2025-10-25T04:13:55.382+0000] {dagbag.py:538} INFO - Filling up the DagBag from /opt/airflow/dags/daily_summary.py
[2025-10-25T04:13:55.439+0000] {processor.py:840} INFO - DAG(s) 'daily_summary' retrieved from /opt/airflow/dags/daily_summary.py
[2025-10-25T04:13:55.462+0000] {logging_mixin.py:188} INFO - [2025-10-25T04:13:55.462+0000] {dag.py:3036} INFO - Sync 1 DAGs
[2025-10-25T04:13:55.481+0000] {logging_mixin.py:188} INFO - [2025-10-25T04:13:55.480+0000] {dag.py:3823} INFO - Setting next_dagrun for daily_summary to 2025-10-25 00:00:00+00:00, run_after=2025-10-26 00:00:00+00:00
[2025-10-25T04:13:55.500+0000] {processor.py:183} INFO - Processing /opt/airflow/dags/daily_summary.py took 0.122 seconds
[2025-10-25T04:14:25.751+0000] {processor.py:161} INFO - Started process (PID=315) to work on /opt/airflow/dags/daily_summary.py
[2025-10-25T04:14:25.751+0000] {processor.py:830} INFO - Processing file /opt/airflow/dags/daily_summary.py for tasks to queue
[2025-10-25T04:14:25.752+0000] {logging_mixin.py:188} INFO - [2025-10-25T04:14:25.752+0000] {dagbag.py:538} INFO - Filling up the DagBag from /opt/airflow/dags/daily_summary.py
[2025-10-25T04:14:25.809+0000] {processor.py:840} INFO - DAG(s) 'daily_summary' retrieved from /opt/airflow/dags/daily_summary.py
[2025-10-25T04:14:25.831+0000] {logging_mixin.py:188} INFO - [2025-10-25T04:14:25.831+0000] {dag.py:3036} INFO - Sync 1 DAGs
[2025-10-25T04:14:25.849+0000] {logging_mixin.py:188} INFO - [2025-10-25T04:14:25.849+0000] {dag.py:3823} INFO - Setting next_dagrun for daily_summary to 2025-10-25 00:00:00+00:00, run_after=2025-10-26 00:00:00+00:00
[2025-10-25T04:14:25.876+0000] {processor.py:183} INFO - Processing /opt/airflow/dags/daily_summary.py took 0.128 seconds
[2025-10-25T04:14:55.988+0000] {processor.py:161} INFO - Started process (PID=320) to work on /opt/airflow/dags/daily_summary.py
[2025-10-25T04:14:55.989+0000] {processor.py:830} INFO - Processing file /opt/airflow/dags/daily_summary.py for tasks to queue
[2025-10-25T04:14:55.989+0000] {logging_mixin.py:188} INFO - [2025-10-25T04:14:55.989+0000] {dagbag.py:538} INFO - Filling up the DagBag from /opt/airflow/dags/daily_summary.py
[2025-10-25T04:14:56.048+0000] {processor.py:840} INFO - DAG(s) 'daily_summary' retrieved from /opt/airflow/dags/daily_summary.py
[2025-10-25T04:14:56.070+0000] {logging_mixin.py:188} INFO - [2025-10-25T04:14:56.069+0000] {dag.py:3036} INFO - Sync 1 DAGs
[2025-10-25T04:14:56.088+0000] {logging_mixin.py:188} INFO - [2025-10-25T04:14:56.087+0000] {dag.py:3823} INFO - Setting next_dagrun for daily_summary to 2025-10-25 00:00:00+00:00, run_after=2025-10-26 00:00:00+00:00
[2025-10-25T04:14:56.107+0000] {processor.py:183} INFO - Processing /opt/airflow/dags/daily_summary.py took 0.123 seconds
[2025-10-25T04:15:26.351+0000] {processor.py:161} INFO - Started process (PID=325) to work on /opt/airflow/dags/daily_summary.py
[2025-10-25T04:15:26.351+0000] {processor.py:830} INFO - Processing file /opt/airflow/dags/daily_summary.py for tasks to queue
[2025-10-25T04:15:26.352+0000] {logging_mixin.py:188} INFO - [2025-10-25T04:15:26.352+0000] {dagbag.py:538} INFO - Filling up the DagBag from /opt/airflow/dags/daily_summary.py
[2025-10-25T04:15:26.405+0000] {processor.py:840} INFO - DAG(s) 'daily_summary' retrieved from /opt/airflow/dags/daily_summary.py
[2025-10-25T04:15:26.425+0000] {logging_mixin.py:188} INFO - [2025-10-25T04:15:26.425+0000] {dag.py:3036} INFO - Sync 1 DAGs
[2025-10-25T04:15:26.442+0000] {logging_mixin.py:188} INFO - [2025-10-25T04:15:26.442+0000] {dag.py:3823} INFO - Setting next_dagrun for daily_summary to 2025-10-25 00:00:00+00:00, run_after=2025-10-26 00:00:00+00:00
[2025-10-25T04:15:26.469+0000] {processor.py:183} INFO - Processing /opt/airflow/dags/daily_summary.py took 0.121 seconds
[2025-10-25T04:15:56.650+0000] {processor.py:161} INFO - Started process (PID=330) to work on /opt/airflow/dags/daily_summary.py
[2025-10-25T04:15:56.651+0000] {processor.py:830} INFO - Processing file /opt/airflow/dags/daily_summary.py for tasks to queue
[2025-10-25T04:15:56.652+0000] {logging_mixin.py:188} INFO - [2025-10-25T04:15:56.652+0000] {dagbag.py:538} INFO - Filling up the DagBag from /opt/airflow/dags/daily_summary.py
[2025-10-25T04:15:56.706+0000] {processor.py:840} INFO - DAG(s) 'daily_summary' retrieved from /opt/airflow/dags/daily_summary.py
[2025-10-25T04:15:56.726+0000] {logging_mixin.py:188} INFO - [2025-10-25T04:15:56.725+0000] {dag.py:3036} INFO - Sync 1 DAGs
[2025-10-25T04:15:56.742+0000] {logging_mixin.py:188} INFO - [2025-10-25T04:15:56.742+0000] {dag.py:3823} INFO - Setting next_dagrun for daily_summary to 2025-10-25 00:00:00+00:00, run_after=2025-10-26 00:00:00+00:00
[2025-10-25T04:15:56.769+0000] {processor.py:183} INFO - Processing /opt/airflow/dags/daily_summary.py took 0.122 seconds
[2025-10-25T04:16:26.958+0000] {processor.py:161} INFO - Started process (PID=335) to work on /opt/airflow/dags/daily_summary.py
[2025-10-25T04:16:26.959+0000] {processor.py:830} INFO - Processing file /opt/airflow/dags/daily_summary.py for tasks to queue
[2025-10-25T04:16:26.960+0000] {logging_mixin.py:188} INFO - [2025-10-25T04:16:26.960+0000] {dagbag.py:538} INFO - Filling up the DagBag from /opt/airflow/dags/daily_summary.py
[2025-10-25T04:16:27.022+0000] {processor.py:840} INFO - DAG(s) 'daily_summary' retrieved from /opt/airflow/dags/daily_summary.py
[2025-10-25T04:16:27.049+0000] {logging_mixin.py:188} INFO - [2025-10-25T04:16:27.048+0000] {dag.py:3036} INFO - Sync 1 DAGs
[2025-10-25T04:16:27.069+0000] {logging_mixin.py:188} INFO - [2025-10-25T04:16:27.069+0000] {dag.py:3823} INFO - Setting next_dagrun for daily_summary to 2025-10-25 00:00:00+00:00, run_after=2025-10-26 00:00:00+00:00
[2025-10-25T04:16:27.090+0000] {processor.py:183} INFO - Processing /opt/airflow/dags/daily_summary.py took 0.135 seconds
[2025-10-25T04:16:57.266+0000] {processor.py:161} INFO - Started process (PID=340) to work on /opt/airflow/dags/daily_summary.py
[2025-10-25T04:16:57.267+0000] {processor.py:830} INFO - Processing file /opt/airflow/dags/daily_summary.py for tasks to queue
[2025-10-25T04:16:57.268+0000] {logging_mixin.py:188} INFO - [2025-10-25T04:16:57.267+0000] {dagbag.py:538} INFO - Filling up the DagBag from /opt/airflow/dags/daily_summary.py
[2025-10-25T04:16:57.322+0000] {processor.py:840} INFO - DAG(s) 'daily_summary' retrieved from /opt/airflow/dags/daily_summary.py
[2025-10-25T04:16:57.344+0000] {logging_mixin.py:188} INFO - [2025-10-25T04:16:57.344+0000] {dag.py:3036} INFO - Sync 1 DAGs
[2025-10-25T04:16:57.362+0000] {logging_mixin.py:188} INFO - [2025-10-25T04:16:57.362+0000] {dag.py:3823} INFO - Setting next_dagrun for daily_summary to 2025-10-25 00:00:00+00:00, run_after=2025-10-26 00:00:00+00:00
[2025-10-25T04:16:57.382+0000] {processor.py:183} INFO - Processing /opt/airflow/dags/daily_summary.py took 0.119 seconds
[2025-10-25T04:17:27.554+0000] {processor.py:161} INFO - Started process (PID=345) to work on /opt/airflow/dags/daily_summary.py
[2025-10-25T04:17:27.555+0000] {processor.py:830} INFO - Processing file /opt/airflow/dags/daily_summary.py for tasks to queue
[2025-10-25T04:17:27.556+0000] {logging_mixin.py:188} INFO - [2025-10-25T04:17:27.555+0000] {dagbag.py:538} INFO - Filling up the DagBag from /opt/airflow/dags/daily_summary.py
[2025-10-25T04:17:27.607+0000] {processor.py:840} INFO - DAG(s) 'daily_summary' retrieved from /opt/airflow/dags/daily_summary.py
[2025-10-25T04:17:27.626+0000] {logging_mixin.py:188} INFO - [2025-10-25T04:17:27.626+0000] {dag.py:3036} INFO - Sync 1 DAGs
[2025-10-25T04:17:27.642+0000] {logging_mixin.py:188} INFO - [2025-10-25T04:17:27.642+0000] {dag.py:3823} INFO - Setting next_dagrun for daily_summary to 2025-10-25 00:00:00+00:00, run_after=2025-10-26 00:00:00+00:00
[2025-10-25T04:17:27.661+0000] {processor.py:183} INFO - Processing /opt/airflow/dags/daily_summary.py took 0.110 seconds
[2025-10-25T04:17:57.831+0000] {processor.py:161} INFO - Started process (PID=350) to work on /opt/airflow/dags/daily_summary.py
[2025-10-25T04:17:57.832+0000] {processor.py:830} INFO - Processing file /opt/airflow/dags/daily_summary.py for tasks to queue
[2025-10-25T04:17:57.833+0000] {logging_mixin.py:188} INFO - [2025-10-25T04:17:57.832+0000] {dagbag.py:538} INFO - Filling up the DagBag from /opt/airflow/dags/daily_summary.py
[2025-10-25T04:17:57.888+0000] {processor.py:840} INFO - DAG(s) 'daily_summary' retrieved from /opt/airflow/dags/daily_summary.py
[2025-10-25T04:17:57.910+0000] {logging_mixin.py:188} INFO - [2025-10-25T04:17:57.910+0000] {dag.py:3036} INFO - Sync 1 DAGs
[2025-10-25T04:17:57.926+0000] {logging_mixin.py:188} INFO - [2025-10-25T04:17:57.926+0000] {dag.py:3823} INFO - Setting next_dagrun for daily_summary to 2025-10-25 00:00:00+00:00, run_after=2025-10-26 00:00:00+00:00
[2025-10-25T04:17:57.952+0000] {processor.py:183} INFO - Processing /opt/airflow/dags/daily_summary.py took 0.124 seconds
[2025-10-25T04:18:28.079+0000] {processor.py:161} INFO - Started process (PID=355) to work on /opt/airflow/dags/daily_summary.py
[2025-10-25T04:18:28.080+0000] {processor.py:830} INFO - Processing file /opt/airflow/dags/daily_summary.py for tasks to queue
[2025-10-25T04:18:28.080+0000] {logging_mixin.py:188} INFO - [2025-10-25T04:18:28.080+0000] {dagbag.py:538} INFO - Filling up the DagBag from /opt/airflow/dags/daily_summary.py
[2025-10-25T04:18:28.132+0000] {processor.py:840} INFO - DAG(s) 'daily_summary' retrieved from /opt/airflow/dags/daily_summary.py
[2025-10-25T04:18:28.153+0000] {logging_mixin.py:188} INFO - [2025-10-25T04:18:28.153+0000] {dag.py:3036} INFO - Sync 1 DAGs
[2025-10-25T04:18:28.169+0000] {logging_mixin.py:188} INFO - [2025-10-25T04:18:28.169+0000] {dag.py:3823} INFO - Setting next_dagrun for daily_summary to 2025-10-25 00:00:00+00:00, run_after=2025-10-26 00:00:00+00:00
[2025-10-25T04:18:28.197+0000] {processor.py:183} INFO - Processing /opt/airflow/dags/daily_summary.py took 0.121 seconds
[2025-10-25T04:18:58.425+0000] {processor.py:161} INFO - Started process (PID=360) to work on /opt/airflow/dags/daily_summary.py
[2025-10-25T04:18:58.426+0000] {processor.py:830} INFO - Processing file /opt/airflow/dags/daily_summary.py for tasks to queue
[2025-10-25T04:18:58.427+0000] {logging_mixin.py:188} INFO - [2025-10-25T04:18:58.426+0000] {dagbag.py:538} INFO - Filling up the DagBag from /opt/airflow/dags/daily_summary.py
[2025-10-25T04:18:58.482+0000] {processor.py:840} INFO - DAG(s) 'daily_summary' retrieved from /opt/airflow/dags/daily_summary.py
[2025-10-25T04:18:58.502+0000] {logging_mixin.py:188} INFO - [2025-10-25T04:18:58.502+0000] {dag.py:3036} INFO - Sync 1 DAGs
[2025-10-25T04:18:58.518+0000] {logging_mixin.py:188} INFO - [2025-10-25T04:18:58.518+0000] {dag.py:3823} INFO - Setting next_dagrun for daily_summary to 2025-10-25 00:00:00+00:00, run_after=2025-10-26 00:00:00+00:00
[2025-10-25T04:18:58.546+0000] {processor.py:183} INFO - Processing /opt/airflow/dags/daily_summary.py took 0.124 seconds
[2025-10-25T04:19:28.666+0000] {processor.py:161} INFO - Started process (PID=365) to work on /opt/airflow/dags/daily_summary.py
[2025-10-25T04:19:28.666+0000] {processor.py:830} INFO - Processing file /opt/airflow/dags/daily_summary.py for tasks to queue
[2025-10-25T04:19:28.667+0000] {logging_mixin.py:188} INFO - [2025-10-25T04:19:28.667+0000] {dagbag.py:538} INFO - Filling up the DagBag from /opt/airflow/dags/daily_summary.py
[2025-10-25T04:19:28.719+0000] {processor.py:840} INFO - DAG(s) 'daily_summary' retrieved from /opt/airflow/dags/daily_summary.py
[2025-10-25T04:19:28.740+0000] {logging_mixin.py:188} INFO - [2025-10-25T04:19:28.740+0000] {dag.py:3036} INFO - Sync 1 DAGs
[2025-10-25T04:19:28.757+0000] {logging_mixin.py:188} INFO - [2025-10-25T04:19:28.757+0000] {dag.py:3823} INFO - Setting next_dagrun for daily_summary to 2025-10-25 00:00:00+00:00, run_after=2025-10-26 00:00:00+00:00
[2025-10-25T04:19:28.775+0000] {processor.py:183} INFO - Processing /opt/airflow/dags/daily_summary.py took 0.112 seconds
[2025-10-25T04:19:59.004+0000] {processor.py:161} INFO - Started process (PID=370) to work on /opt/airflow/dags/daily_summary.py
[2025-10-25T04:19:59.004+0000] {processor.py:830} INFO - Processing file /opt/airflow/dags/daily_summary.py for tasks to queue
[2025-10-25T04:19:59.005+0000] {logging_mixin.py:188} INFO - [2025-10-25T04:19:59.005+0000] {dagbag.py:538} INFO - Filling up the DagBag from /opt/airflow/dags/daily_summary.py
[2025-10-25T04:19:59.059+0000] {processor.py:840} INFO - DAG(s) 'daily_summary' retrieved from /opt/airflow/dags/daily_summary.py
[2025-10-25T04:19:59.080+0000] {logging_mixin.py:188} INFO - [2025-10-25T04:19:59.079+0000] {dag.py:3036} INFO - Sync 1 DAGs
[2025-10-25T04:19:59.099+0000] {logging_mixin.py:188} INFO - [2025-10-25T04:19:59.099+0000] {dag.py:3823} INFO - Setting next_dagrun for daily_summary to 2025-10-25 00:00:00+00:00, run_after=2025-10-26 00:00:00+00:00
[2025-10-25T04:19:59.126+0000] {processor.py:183} INFO - Processing /opt/airflow/dags/daily_summary.py took 0.124 seconds
[2025-10-25T04:20:29.240+0000] {processor.py:161} INFO - Started process (PID=375) to work on /opt/airflow/dags/daily_summary.py
[2025-10-25T04:20:29.241+0000] {processor.py:830} INFO - Processing file /opt/airflow/dags/daily_summary.py for tasks to queue
[2025-10-25T04:20:29.242+0000] {logging_mixin.py:188} INFO - [2025-10-25T04:20:29.241+0000] {dagbag.py:538} INFO - Filling up the DagBag from /opt/airflow/dags/daily_summary.py
[2025-10-25T04:20:29.292+0000] {processor.py:840} INFO - DAG(s) 'daily_summary' retrieved from /opt/airflow/dags/daily_summary.py
[2025-10-25T04:20:29.312+0000] {logging_mixin.py:188} INFO - [2025-10-25T04:20:29.312+0000] {dag.py:3036} INFO - Sync 1 DAGs
[2025-10-25T04:20:29.328+0000] {logging_mixin.py:188} INFO - [2025-10-25T04:20:29.328+0000] {dag.py:3823} INFO - Setting next_dagrun for daily_summary to 2025-10-25 00:00:00+00:00, run_after=2025-10-26 00:00:00+00:00
[2025-10-25T04:20:29.346+0000] {processor.py:183} INFO - Processing /opt/airflow/dags/daily_summary.py took 0.109 seconds
[2025-10-25T04:20:59.590+0000] {processor.py:161} INFO - Started process (PID=380) to work on /opt/airflow/dags/daily_summary.py
[2025-10-25T04:20:59.590+0000] {processor.py:830} INFO - Processing file /opt/airflow/dags/daily_summary.py for tasks to queue
[2025-10-25T04:20:59.591+0000] {logging_mixin.py:188} INFO - [2025-10-25T04:20:59.591+0000] {dagbag.py:538} INFO - Filling up the DagBag from /opt/airflow/dags/daily_summary.py
[2025-10-25T04:20:59.643+0000] {processor.py:840} INFO - DAG(s) 'daily_summary' retrieved from /opt/airflow/dags/daily_summary.py
[2025-10-25T04:20:59.663+0000] {logging_mixin.py:188} INFO - [2025-10-25T04:20:59.663+0000] {dag.py:3036} INFO - Sync 1 DAGs
[2025-10-25T04:20:59.679+0000] {logging_mixin.py:188} INFO - [2025-10-25T04:20:59.679+0000] {dag.py:3823} INFO - Setting next_dagrun for daily_summary to 2025-10-25 00:00:00+00:00, run_after=2025-10-26 00:00:00+00:00
[2025-10-25T04:20:59.706+0000] {processor.py:183} INFO - Processing /opt/airflow/dags/daily_summary.py took 0.118 seconds
[2025-10-25T04:21:29.879+0000] {processor.py:161} INFO - Started process (PID=385) to work on /opt/airflow/dags/daily_summary.py
[2025-10-25T04:21:29.880+0000] {processor.py:830} INFO - Processing file /opt/airflow/dags/daily_summary.py for tasks to queue
[2025-10-25T04:21:29.881+0000] {logging_mixin.py:188} INFO - [2025-10-25T04:21:29.881+0000] {dagbag.py:538} INFO - Filling up the DagBag from /opt/airflow/dags/daily_summary.py
[2025-10-25T04:21:29.944+0000] {processor.py:840} INFO - DAG(s) 'daily_summary' retrieved from /opt/airflow/dags/daily_summary.py
[2025-10-25T04:21:29.968+0000] {logging_mixin.py:188} INFO - [2025-10-25T04:21:29.968+0000] {dag.py:3036} INFO - Sync 1 DAGs
[2025-10-25T04:21:29.988+0000] {logging_mixin.py:188} INFO - [2025-10-25T04:21:29.988+0000] {dag.py:3823} INFO - Setting next_dagrun for daily_summary to 2025-10-25 00:00:00+00:00, run_after=2025-10-26 00:00:00+00:00
[2025-10-25T04:21:30.008+0000] {processor.py:183} INFO - Processing /opt/airflow/dags/daily_summary.py took 0.133 seconds
[2025-10-25T04:22:00.120+0000] {processor.py:161} INFO - Started process (PID=390) to work on /opt/airflow/dags/daily_summary.py
[2025-10-25T04:22:00.121+0000] {processor.py:830} INFO - Processing file /opt/airflow/dags/daily_summary.py for tasks to queue
[2025-10-25T04:22:00.122+0000] {logging_mixin.py:188} INFO - [2025-10-25T04:22:00.122+0000] {dagbag.py:538} INFO - Filling up the DagBag from /opt/airflow/dags/daily_summary.py
[2025-10-25T04:22:00.181+0000] {processor.py:840} INFO - DAG(s) 'daily_summary' retrieved from /opt/airflow/dags/daily_summary.py
[2025-10-25T04:22:00.205+0000] {logging_mixin.py:188} INFO - [2025-10-25T04:22:00.204+0000] {dag.py:3036} INFO - Sync 1 DAGs
[2025-10-25T04:22:00.225+0000] {logging_mixin.py:188} INFO - [2025-10-25T04:22:00.225+0000] {dag.py:3823} INFO - Setting next_dagrun for daily_summary to 2025-10-25 00:00:00+00:00, run_after=2025-10-26 00:00:00+00:00
[2025-10-25T04:22:00.242+0000] {processor.py:183} INFO - Processing /opt/airflow/dags/daily_summary.py took 0.125 seconds
[2025-10-25T04:22:30.469+0000] {processor.py:161} INFO - Started process (PID=395) to work on /opt/airflow/dags/daily_summary.py
[2025-10-25T04:22:30.469+0000] {processor.py:830} INFO - Processing file /opt/airflow/dags/daily_summary.py for tasks to queue
[2025-10-25T04:22:30.470+0000] {logging_mixin.py:188} INFO - [2025-10-25T04:22:30.470+0000] {dagbag.py:538} INFO - Filling up the DagBag from /opt/airflow/dags/daily_summary.py
[2025-10-25T04:22:30.521+0000] {processor.py:840} INFO - DAG(s) 'daily_summary' retrieved from /opt/airflow/dags/daily_summary.py
[2025-10-25T04:22:30.540+0000] {logging_mixin.py:188} INFO - [2025-10-25T04:22:30.540+0000] {dag.py:3036} INFO - Sync 1 DAGs
[2025-10-25T04:22:30.557+0000] {logging_mixin.py:188} INFO - [2025-10-25T04:22:30.557+0000] {dag.py:3823} INFO - Setting next_dagrun for daily_summary to 2025-10-25 00:00:00+00:00, run_after=2025-10-26 00:00:00+00:00
[2025-10-25T04:22:30.575+0000] {processor.py:183} INFO - Processing /opt/airflow/dags/daily_summary.py took 0.109 seconds
[2025-10-25T04:23:00.697+0000] {processor.py:161} INFO - Started process (PID=400) to work on /opt/airflow/dags/daily_summary.py
[2025-10-25T04:23:00.698+0000] {processor.py:830} INFO - Processing file /opt/airflow/dags/daily_summary.py for tasks to queue
[2025-10-25T04:23:00.699+0000] {logging_mixin.py:188} INFO - [2025-10-25T04:23:00.699+0000] {dagbag.py:538} INFO - Filling up the DagBag from /opt/airflow/dags/daily_summary.py
[2025-10-25T04:23:00.753+0000] {processor.py:840} INFO - DAG(s) 'daily_summary' retrieved from /opt/airflow/dags/daily_summary.py
[2025-10-25T04:23:00.773+0000] {logging_mixin.py:188} INFO - [2025-10-25T04:23:00.773+0000] {dag.py:3036} INFO - Sync 1 DAGs
[2025-10-25T04:23:00.790+0000] {logging_mixin.py:188} INFO - [2025-10-25T04:23:00.789+0000] {dag.py:3823} INFO - Setting next_dagrun for daily_summary to 2025-10-25 00:00:00+00:00, run_after=2025-10-26 00:00:00+00:00
[2025-10-25T04:23:00.807+0000] {processor.py:183} INFO - Processing /opt/airflow/dags/daily_summary.py took 0.113 seconds
[2025-10-25T04:23:31.016+0000] {processor.py:161} INFO - Started process (PID=405) to work on /opt/airflow/dags/daily_summary.py
[2025-10-25T04:23:31.017+0000] {processor.py:830} INFO - Processing file /opt/airflow/dags/daily_summary.py for tasks to queue
[2025-10-25T04:23:31.018+0000] {logging_mixin.py:188} INFO - [2025-10-25T04:23:31.018+0000] {dagbag.py:538} INFO - Filling up the DagBag from /opt/airflow/dags/daily_summary.py
[2025-10-25T04:23:31.071+0000] {processor.py:840} INFO - DAG(s) 'daily_summary' retrieved from /opt/airflow/dags/daily_summary.py
[2025-10-25T04:23:31.095+0000] {logging_mixin.py:188} INFO - [2025-10-25T04:23:31.095+0000] {dag.py:3036} INFO - Sync 1 DAGs
[2025-10-25T04:23:31.112+0000] {logging_mixin.py:188} INFO - [2025-10-25T04:23:31.112+0000] {dag.py:3823} INFO - Setting next_dagrun for daily_summary to 2025-10-25 00:00:00+00:00, run_after=2025-10-26 00:00:00+00:00
[2025-10-25T04:23:31.138+0000] {processor.py:183} INFO - Processing /opt/airflow/dags/daily_summary.py took 0.125 seconds
[2025-10-25T04:24:01.260+0000] {processor.py:161} INFO - Started process (PID=410) to work on /opt/airflow/dags/daily_summary.py
[2025-10-25T04:24:01.261+0000] {processor.py:830} INFO - Processing file /opt/airflow/dags/daily_summary.py for tasks to queue
[2025-10-25T04:24:01.262+0000] {logging_mixin.py:188} INFO - [2025-10-25T04:24:01.262+0000] {dagbag.py:538} INFO - Filling up the DagBag from /opt/airflow/dags/daily_summary.py
[2025-10-25T04:24:01.317+0000] {processor.py:840} INFO - DAG(s) 'daily_summary' retrieved from /opt/airflow/dags/daily_summary.py
[2025-10-25T04:24:01.339+0000] {logging_mixin.py:188} INFO - [2025-10-25T04:24:01.339+0000] {dag.py:3036} INFO - Sync 1 DAGs
[2025-10-25T04:24:01.355+0000] {logging_mixin.py:188} INFO - [2025-10-25T04:24:01.355+0000] {dag.py:3823} INFO - Setting next_dagrun for daily_summary to 2025-10-25 00:00:00+00:00, run_after=2025-10-26 00:00:00+00:00
[2025-10-25T04:24:01.373+0000] {processor.py:183} INFO - Processing /opt/airflow/dags/daily_summary.py took 0.116 seconds
[2025-10-25T04:24:31.599+0000] {processor.py:161} INFO - Started process (PID=415) to work on /opt/airflow/dags/daily_summary.py
[2025-10-25T04:24:31.600+0000] {processor.py:830} INFO - Processing file /opt/airflow/dags/daily_summary.py for tasks to queue
[2025-10-25T04:24:31.601+0000] {logging_mixin.py:188} INFO - [2025-10-25T04:24:31.600+0000] {dagbag.py:538} INFO - Filling up the DagBag from /opt/airflow/dags/daily_summary.py
[2025-10-25T04:24:31.656+0000] {processor.py:840} INFO - DAG(s) 'daily_summary' retrieved from /opt/airflow/dags/daily_summary.py
[2025-10-25T04:24:31.678+0000] {logging_mixin.py:188} INFO - [2025-10-25T04:24:31.678+0000] {dag.py:3036} INFO - Sync 1 DAGs
[2025-10-25T04:24:31.695+0000] {logging_mixin.py:188} INFO - [2025-10-25T04:24:31.695+0000] {dag.py:3823} INFO - Setting next_dagrun for daily_summary to 2025-10-25 00:00:00+00:00, run_after=2025-10-26 00:00:00+00:00
[2025-10-25T04:24:31.712+0000] {processor.py:183} INFO - Processing /opt/airflow/dags/daily_summary.py took 0.116 seconds
[2025-10-25T04:25:01.833+0000] {processor.py:161} INFO - Started process (PID=420) to work on /opt/airflow/dags/daily_summary.py
[2025-10-25T04:25:01.834+0000] {processor.py:830} INFO - Processing file /opt/airflow/dags/daily_summary.py for tasks to queue
[2025-10-25T04:25:01.835+0000] {logging_mixin.py:188} INFO - [2025-10-25T04:25:01.835+0000] {dagbag.py:538} INFO - Filling up the DagBag from /opt/airflow/dags/daily_summary.py
[2025-10-25T04:25:01.894+0000] {processor.py:840} INFO - DAG(s) 'daily_summary' retrieved from /opt/airflow/dags/daily_summary.py
[2025-10-25T04:25:01.917+0000] {logging_mixin.py:188} INFO - [2025-10-25T04:25:01.917+0000] {dag.py:3036} INFO - Sync 1 DAGs
[2025-10-25T04:25:01.933+0000] {logging_mixin.py:188} INFO - [2025-10-25T04:25:01.933+0000] {dag.py:3823} INFO - Setting next_dagrun for daily_summary to 2025-10-25 00:00:00+00:00, run_after=2025-10-26 00:00:00+00:00
[2025-10-25T04:25:01.954+0000] {processor.py:183} INFO - Processing /opt/airflow/dags/daily_summary.py took 0.124 seconds
[2025-10-25T04:26:00.563+0000] {processor.py:161} INFO - Started process (PID=176) to work on /opt/airflow/dags/daily_summary.py
[2025-10-25T04:26:00.566+0000] {processor.py:830} INFO - Processing file /opt/airflow/dags/daily_summary.py for tasks to queue
[2025-10-25T04:26:00.567+0000] {logging_mixin.py:188} INFO - [2025-10-25T04:26:00.567+0000] {dagbag.py:538} INFO - Filling up the DagBag from /opt/airflow/dags/daily_summary.py
[2025-10-25T04:26:00.673+0000] {processor.py:840} INFO - DAG(s) 'daily_summary' retrieved from /opt/airflow/dags/daily_summary.py
[2025-10-25T04:26:00.697+0000] {logging_mixin.py:188} INFO - [2025-10-25T04:26:00.697+0000] {dag.py:3036} INFO - Sync 1 DAGs
[2025-10-25T04:26:00.722+0000] {logging_mixin.py:188} INFO - [2025-10-25T04:26:00.721+0000] {dag.py:3823} INFO - Setting next_dagrun for daily_summary to 2025-10-25 00:00:00+00:00, run_after=2025-10-26 00:00:00+00:00
[2025-10-25T04:26:00.743+0000] {processor.py:183} INFO - Processing /opt/airflow/dags/daily_summary.py took 0.187 seconds
[2025-10-25T04:26:30.810+0000] {processor.py:161} INFO - Started process (PID=181) to work on /opt/airflow/dags/daily_summary.py
[2025-10-25T04:26:30.811+0000] {processor.py:830} INFO - Processing file /opt/airflow/dags/daily_summary.py for tasks to queue
[2025-10-25T04:26:30.812+0000] {logging_mixin.py:188} INFO - [2025-10-25T04:26:30.812+0000] {dagbag.py:538} INFO - Filling up the DagBag from /opt/airflow/dags/daily_summary.py
[2025-10-25T04:26:30.875+0000] {processor.py:840} INFO - DAG(s) 'daily_summary' retrieved from /opt/airflow/dags/daily_summary.py
[2025-10-25T04:26:31.028+0000] {logging_mixin.py:188} INFO - [2025-10-25T04:26:31.028+0000] {dag.py:3036} INFO - Sync 1 DAGs
[2025-10-25T04:26:31.044+0000] {logging_mixin.py:188} INFO - [2025-10-25T04:26:31.044+0000] {dag.py:3823} INFO - Setting next_dagrun for daily_summary to 2025-10-25 00:00:00+00:00, run_after=2025-10-26 00:00:00+00:00
[2025-10-25T04:26:31.074+0000] {processor.py:183} INFO - Processing /opt/airflow/dags/daily_summary.py took 0.267 seconds
[2025-10-25T04:27:01.170+0000] {processor.py:161} INFO - Started process (PID=186) to work on /opt/airflow/dags/daily_summary.py
[2025-10-25T04:27:01.171+0000] {processor.py:830} INFO - Processing file /opt/airflow/dags/daily_summary.py for tasks to queue
[2025-10-25T04:27:01.173+0000] {logging_mixin.py:188} INFO - [2025-10-25T04:27:01.172+0000] {dagbag.py:538} INFO - Filling up the DagBag from /opt/airflow/dags/daily_summary.py
[2025-10-25T04:27:01.229+0000] {processor.py:840} INFO - DAG(s) 'daily_summary' retrieved from /opt/airflow/dags/daily_summary.py
[2025-10-25T04:27:01.252+0000] {logging_mixin.py:188} INFO - [2025-10-25T04:27:01.252+0000] {dag.py:3036} INFO - Sync 1 DAGs
[2025-10-25T04:27:01.273+0000] {logging_mixin.py:188} INFO - [2025-10-25T04:27:01.272+0000] {dag.py:3823} INFO - Setting next_dagrun for daily_summary to 2025-10-25 00:00:00+00:00, run_after=2025-10-26 00:00:00+00:00
[2025-10-25T04:27:01.301+0000] {processor.py:183} INFO - Processing /opt/airflow/dags/daily_summary.py took 0.134 seconds
[2025-10-25T04:27:31.424+0000] {processor.py:161} INFO - Started process (PID=191) to work on /opt/airflow/dags/daily_summary.py
[2025-10-25T04:27:31.425+0000] {processor.py:830} INFO - Processing file /opt/airflow/dags/daily_summary.py for tasks to queue
[2025-10-25T04:27:31.426+0000] {logging_mixin.py:188} INFO - [2025-10-25T04:27:31.426+0000] {dagbag.py:538} INFO - Filling up the DagBag from /opt/airflow/dags/daily_summary.py
[2025-10-25T04:27:31.479+0000] {processor.py:840} INFO - DAG(s) 'daily_summary' retrieved from /opt/airflow/dags/daily_summary.py
[2025-10-25T04:27:31.501+0000] {logging_mixin.py:188} INFO - [2025-10-25T04:27:31.501+0000] {dag.py:3036} INFO - Sync 1 DAGs
[2025-10-25T04:27:31.517+0000] {logging_mixin.py:188} INFO - [2025-10-25T04:27:31.517+0000] {dag.py:3823} INFO - Setting next_dagrun for daily_summary to 2025-10-25 00:00:00+00:00, run_after=2025-10-26 00:00:00+00:00
[2025-10-25T04:27:31.536+0000] {processor.py:183} INFO - Processing /opt/airflow/dags/daily_summary.py took 0.115 seconds
[2025-10-25T04:28:01.823+0000] {processor.py:161} INFO - Started process (PID=196) to work on /opt/airflow/dags/daily_summary.py
[2025-10-25T04:28:01.823+0000] {processor.py:830} INFO - Processing file /opt/airflow/dags/daily_summary.py for tasks to queue
[2025-10-25T04:28:01.824+0000] {logging_mixin.py:188} INFO - [2025-10-25T04:28:01.824+0000] {dagbag.py:538} INFO - Filling up the DagBag from /opt/airflow/dags/daily_summary.py
[2025-10-25T04:28:01.875+0000] {processor.py:840} INFO - DAG(s) 'daily_summary' retrieved from /opt/airflow/dags/daily_summary.py
[2025-10-25T04:28:01.899+0000] {logging_mixin.py:188} INFO - [2025-10-25T04:28:01.899+0000] {dag.py:3036} INFO - Sync 1 DAGs
[2025-10-25T04:28:01.916+0000] {logging_mixin.py:188} INFO - [2025-10-25T04:28:01.916+0000] {dag.py:3823} INFO - Setting next_dagrun for daily_summary to 2025-10-25 00:00:00+00:00, run_after=2025-10-26 00:00:00+00:00
[2025-10-25T04:28:01.934+0000] {processor.py:183} INFO - Processing /opt/airflow/dags/daily_summary.py took 0.113 seconds
[2025-10-25T04:28:32.143+0000] {processor.py:161} INFO - Started process (PID=201) to work on /opt/airflow/dags/daily_summary.py
[2025-10-25T04:28:32.144+0000] {processor.py:830} INFO - Processing file /opt/airflow/dags/daily_summary.py for tasks to queue
[2025-10-25T04:28:32.144+0000] {logging_mixin.py:188} INFO - [2025-10-25T04:28:32.144+0000] {dagbag.py:538} INFO - Filling up the DagBag from /opt/airflow/dags/daily_summary.py
[2025-10-25T04:28:32.197+0000] {processor.py:840} INFO - DAG(s) 'daily_summary' retrieved from /opt/airflow/dags/daily_summary.py
[2025-10-25T04:28:32.220+0000] {logging_mixin.py:188} INFO - [2025-10-25T04:28:32.220+0000] {dag.py:3036} INFO - Sync 1 DAGs
[2025-10-25T04:28:32.237+0000] {logging_mixin.py:188} INFO - [2025-10-25T04:28:32.237+0000] {dag.py:3823} INFO - Setting next_dagrun for daily_summary to 2025-10-25 00:00:00+00:00, run_after=2025-10-26 00:00:00+00:00
[2025-10-25T04:28:32.267+0000] {processor.py:183} INFO - Processing /opt/airflow/dags/daily_summary.py took 0.127 seconds
[2025-10-25T04:29:02.458+0000] {processor.py:161} INFO - Started process (PID=206) to work on /opt/airflow/dags/daily_summary.py
[2025-10-25T04:29:02.459+0000] {processor.py:830} INFO - Processing file /opt/airflow/dags/daily_summary.py for tasks to queue
[2025-10-25T04:29:02.460+0000] {logging_mixin.py:188} INFO - [2025-10-25T04:29:02.460+0000] {dagbag.py:538} INFO - Filling up the DagBag from /opt/airflow/dags/daily_summary.py
[2025-10-25T04:29:02.518+0000] {processor.py:840} INFO - DAG(s) 'daily_summary' retrieved from /opt/airflow/dags/daily_summary.py
[2025-10-25T04:29:02.539+0000] {logging_mixin.py:188} INFO - [2025-10-25T04:29:02.539+0000] {dag.py:3036} INFO - Sync 1 DAGs
[2025-10-25T04:29:02.555+0000] {logging_mixin.py:188} INFO - [2025-10-25T04:29:02.555+0000] {dag.py:3823} INFO - Setting next_dagrun for daily_summary to 2025-10-25 00:00:00+00:00, run_after=2025-10-26 00:00:00+00:00
[2025-10-25T04:29:02.580+0000] {processor.py:183} INFO - Processing /opt/airflow/dags/daily_summary.py took 0.125 seconds
[2025-10-25T04:29:32.861+0000] {processor.py:161} INFO - Started process (PID=211) to work on /opt/airflow/dags/daily_summary.py
[2025-10-25T04:29:32.862+0000] {processor.py:830} INFO - Processing file /opt/airflow/dags/daily_summary.py for tasks to queue
[2025-10-25T04:29:32.863+0000] {logging_mixin.py:188} INFO - [2025-10-25T04:29:32.863+0000] {dagbag.py:538} INFO - Filling up the DagBag from /opt/airflow/dags/daily_summary.py
[2025-10-25T04:29:32.913+0000] {processor.py:840} INFO - DAG(s) 'daily_summary' retrieved from /opt/airflow/dags/daily_summary.py
[2025-10-25T04:29:32.940+0000] {logging_mixin.py:188} INFO - [2025-10-25T04:29:32.940+0000] {dag.py:3036} INFO - Sync 1 DAGs
[2025-10-25T04:29:32.957+0000] {logging_mixin.py:188} INFO - [2025-10-25T04:29:32.957+0000] {dag.py:3823} INFO - Setting next_dagrun for daily_summary to 2025-10-25 00:00:00+00:00, run_after=2025-10-26 00:00:00+00:00
[2025-10-25T04:29:32.986+0000] {processor.py:183} INFO - Processing /opt/airflow/dags/daily_summary.py took 0.127 seconds
[2025-10-25T04:30:03.184+0000] {processor.py:161} INFO - Started process (PID=216) to work on /opt/airflow/dags/daily_summary.py
[2025-10-25T04:30:03.185+0000] {processor.py:830} INFO - Processing file /opt/airflow/dags/daily_summary.py for tasks to queue
[2025-10-25T04:30:03.186+0000] {logging_mixin.py:188} INFO - [2025-10-25T04:30:03.186+0000] {dagbag.py:538} INFO - Filling up the DagBag from /opt/airflow/dags/daily_summary.py
[2025-10-25T04:30:03.239+0000] {processor.py:840} INFO - DAG(s) 'daily_summary' retrieved from /opt/airflow/dags/daily_summary.py
[2025-10-25T04:30:03.260+0000] {logging_mixin.py:188} INFO - [2025-10-25T04:30:03.260+0000] {dag.py:3036} INFO - Sync 1 DAGs
[2025-10-25T04:30:03.277+0000] {logging_mixin.py:188} INFO - [2025-10-25T04:30:03.277+0000] {dag.py:3823} INFO - Setting next_dagrun for daily_summary to 2025-10-25 00:00:00+00:00, run_after=2025-10-26 00:00:00+00:00
[2025-10-25T04:30:03.304+0000] {processor.py:183} INFO - Processing /opt/airflow/dags/daily_summary.py took 0.123 seconds
[2025-10-25T04:30:33.626+0000] {processor.py:161} INFO - Started process (PID=221) to work on /opt/airflow/dags/daily_summary.py
[2025-10-25T04:30:33.626+0000] {processor.py:830} INFO - Processing file /opt/airflow/dags/daily_summary.py for tasks to queue
[2025-10-25T04:30:33.627+0000] {logging_mixin.py:188} INFO - [2025-10-25T04:30:33.627+0000] {dagbag.py:538} INFO - Filling up the DagBag from /opt/airflow/dags/daily_summary.py
[2025-10-25T04:30:33.682+0000] {processor.py:840} INFO - DAG(s) 'daily_summary' retrieved from /opt/airflow/dags/daily_summary.py
[2025-10-25T04:30:33.705+0000] {logging_mixin.py:188} INFO - [2025-10-25T04:30:33.705+0000] {dag.py:3036} INFO - Sync 1 DAGs
[2025-10-25T04:30:33.721+0000] {logging_mixin.py:188} INFO - [2025-10-25T04:30:33.721+0000] {dag.py:3823} INFO - Setting next_dagrun for daily_summary to 2025-10-25 00:00:00+00:00, run_after=2025-10-26 00:00:00+00:00
[2025-10-25T04:30:33.739+0000] {processor.py:183} INFO - Processing /opt/airflow/dags/daily_summary.py took 0.115 seconds
[2025-10-25T04:31:03.907+0000] {processor.py:161} INFO - Started process (PID=226) to work on /opt/airflow/dags/daily_summary.py
[2025-10-25T04:31:03.908+0000] {processor.py:830} INFO - Processing file /opt/airflow/dags/daily_summary.py for tasks to queue
[2025-10-25T04:31:03.909+0000] {logging_mixin.py:188} INFO - [2025-10-25T04:31:03.909+0000] {dagbag.py:538} INFO - Filling up the DagBag from /opt/airflow/dags/daily_summary.py
[2025-10-25T04:31:03.965+0000] {processor.py:840} INFO - DAG(s) 'daily_summary' retrieved from /opt/airflow/dags/daily_summary.py
[2025-10-25T04:31:03.986+0000] {logging_mixin.py:188} INFO - [2025-10-25T04:31:03.986+0000] {dag.py:3036} INFO - Sync 1 DAGs
[2025-10-25T04:31:04.002+0000] {logging_mixin.py:188} INFO - [2025-10-25T04:31:04.001+0000] {dag.py:3823} INFO - Setting next_dagrun for daily_summary to 2025-10-25 00:00:00+00:00, run_after=2025-10-26 00:00:00+00:00
[2025-10-25T04:31:04.019+0000] {processor.py:183} INFO - Processing /opt/airflow/dags/daily_summary.py took 0.115 seconds
[2025-10-25T04:31:34.251+0000] {processor.py:161} INFO - Started process (PID=231) to work on /opt/airflow/dags/daily_summary.py
[2025-10-25T04:31:34.252+0000] {processor.py:830} INFO - Processing file /opt/airflow/dags/daily_summary.py for tasks to queue
[2025-10-25T04:31:34.253+0000] {logging_mixin.py:188} INFO - [2025-10-25T04:31:34.252+0000] {dagbag.py:538} INFO - Filling up the DagBag from /opt/airflow/dags/daily_summary.py
[2025-10-25T04:31:34.304+0000] {processor.py:840} INFO - DAG(s) 'daily_summary' retrieved from /opt/airflow/dags/daily_summary.py
[2025-10-25T04:31:34.323+0000] {logging_mixin.py:188} INFO - [2025-10-25T04:31:34.323+0000] {dag.py:3036} INFO - Sync 1 DAGs
[2025-10-25T04:31:34.338+0000] {logging_mixin.py:188} INFO - [2025-10-25T04:31:34.338+0000] {dag.py:3823} INFO - Setting next_dagrun for daily_summary to 2025-10-25 00:00:00+00:00, run_after=2025-10-26 00:00:00+00:00
[2025-10-25T04:31:34.357+0000] {processor.py:183} INFO - Processing /opt/airflow/dags/daily_summary.py took 0.109 seconds
[2025-10-25T04:32:04.540+0000] {processor.py:161} INFO - Started process (PID=236) to work on /opt/airflow/dags/daily_summary.py
[2025-10-25T04:32:04.541+0000] {processor.py:830} INFO - Processing file /opt/airflow/dags/daily_summary.py for tasks to queue
[2025-10-25T04:32:04.542+0000] {logging_mixin.py:188} INFO - [2025-10-25T04:32:04.542+0000] {dagbag.py:538} INFO - Filling up the DagBag from /opt/airflow/dags/daily_summary.py
[2025-10-25T04:32:04.593+0000] {processor.py:840} INFO - DAG(s) 'daily_summary' retrieved from /opt/airflow/dags/daily_summary.py
[2025-10-25T04:32:04.614+0000] {logging_mixin.py:188} INFO - [2025-10-25T04:32:04.614+0000] {dag.py:3036} INFO - Sync 1 DAGs
[2025-10-25T04:32:04.631+0000] {logging_mixin.py:188} INFO - [2025-10-25T04:32:04.631+0000] {dag.py:3823} INFO - Setting next_dagrun for daily_summary to 2025-10-25 00:00:00+00:00, run_after=2025-10-26 00:00:00+00:00
[2025-10-25T04:32:04.650+0000] {processor.py:183} INFO - Processing /opt/airflow/dags/daily_summary.py took 0.112 seconds
[2025-10-25T04:32:34.971+0000] {processor.py:161} INFO - Started process (PID=241) to work on /opt/airflow/dags/daily_summary.py
[2025-10-25T04:32:34.971+0000] {processor.py:830} INFO - Processing file /opt/airflow/dags/daily_summary.py for tasks to queue
[2025-10-25T04:32:34.972+0000] {logging_mixin.py:188} INFO - [2025-10-25T04:32:34.972+0000] {dagbag.py:538} INFO - Filling up the DagBag from /opt/airflow/dags/daily_summary.py
[2025-10-25T04:32:35.025+0000] {processor.py:840} INFO - DAG(s) 'daily_summary' retrieved from /opt/airflow/dags/daily_summary.py
[2025-10-25T04:32:35.045+0000] {logging_mixin.py:188} INFO - [2025-10-25T04:32:35.045+0000] {dag.py:3036} INFO - Sync 1 DAGs
[2025-10-25T04:32:35.062+0000] {logging_mixin.py:188} INFO - [2025-10-25T04:32:35.062+0000] {dag.py:3823} INFO - Setting next_dagrun for daily_summary to 2025-10-25 00:00:00+00:00, run_after=2025-10-26 00:00:00+00:00
[2025-10-25T04:32:35.081+0000] {processor.py:183} INFO - Processing /opt/airflow/dags/daily_summary.py took 0.113 seconds
[2025-10-25T04:33:05.269+0000] {processor.py:161} INFO - Started process (PID=246) to work on /opt/airflow/dags/daily_summary.py
[2025-10-25T04:33:05.270+0000] {processor.py:830} INFO - Processing file /opt/airflow/dags/daily_summary.py for tasks to queue
[2025-10-25T04:33:05.271+0000] {logging_mixin.py:188} INFO - [2025-10-25T04:33:05.271+0000] {dagbag.py:538} INFO - Filling up the DagBag from /opt/airflow/dags/daily_summary.py
[2025-10-25T04:33:05.324+0000] {processor.py:840} INFO - DAG(s) 'daily_summary' retrieved from /opt/airflow/dags/daily_summary.py
[2025-10-25T04:33:05.344+0000] {logging_mixin.py:188} INFO - [2025-10-25T04:33:05.344+0000] {dag.py:3036} INFO - Sync 1 DAGs
[2025-10-25T04:33:05.365+0000] {logging_mixin.py:188} INFO - [2025-10-25T04:33:05.364+0000] {dag.py:3823} INFO - Setting next_dagrun for daily_summary to 2025-10-25 00:00:00+00:00, run_after=2025-10-26 00:00:00+00:00
[2025-10-25T04:33:05.392+0000] {processor.py:183} INFO - Processing /opt/airflow/dags/daily_summary.py took 0.125 seconds
[2025-10-25T04:33:35.665+0000] {processor.py:161} INFO - Started process (PID=251) to work on /opt/airflow/dags/daily_summary.py
[2025-10-25T04:33:35.666+0000] {processor.py:830} INFO - Processing file /opt/airflow/dags/daily_summary.py for tasks to queue
[2025-10-25T04:33:35.667+0000] {logging_mixin.py:188} INFO - [2025-10-25T04:33:35.667+0000] {dagbag.py:538} INFO - Filling up the DagBag from /opt/airflow/dags/daily_summary.py
[2025-10-25T04:33:35.720+0000] {processor.py:840} INFO - DAG(s) 'daily_summary' retrieved from /opt/airflow/dags/daily_summary.py
[2025-10-25T04:33:35.741+0000] {logging_mixin.py:188} INFO - [2025-10-25T04:33:35.741+0000] {dag.py:3036} INFO - Sync 1 DAGs
[2025-10-25T04:33:35.757+0000] {logging_mixin.py:188} INFO - [2025-10-25T04:33:35.757+0000] {dag.py:3823} INFO - Setting next_dagrun for daily_summary to 2025-10-25 00:00:00+00:00, run_after=2025-10-26 00:00:00+00:00
[2025-10-25T04:33:35.775+0000] {processor.py:183} INFO - Processing /opt/airflow/dags/daily_summary.py took 0.112 seconds
[2025-10-25T04:34:05.967+0000] {processor.py:161} INFO - Started process (PID=256) to work on /opt/airflow/dags/daily_summary.py
[2025-10-25T04:34:05.968+0000] {processor.py:830} INFO - Processing file /opt/airflow/dags/daily_summary.py for tasks to queue
[2025-10-25T04:34:05.969+0000] {logging_mixin.py:188} INFO - [2025-10-25T04:34:05.968+0000] {dagbag.py:538} INFO - Filling up the DagBag from /opt/airflow/dags/daily_summary.py
[2025-10-25T04:34:06.020+0000] {processor.py:840} INFO - DAG(s) 'daily_summary' retrieved from /opt/airflow/dags/daily_summary.py
[2025-10-25T04:34:06.041+0000] {logging_mixin.py:188} INFO - [2025-10-25T04:34:06.041+0000] {dag.py:3036} INFO - Sync 1 DAGs
[2025-10-25T04:34:06.057+0000] {logging_mixin.py:188} INFO - [2025-10-25T04:34:06.057+0000] {dag.py:3823} INFO - Setting next_dagrun for daily_summary to 2025-10-25 00:00:00+00:00, run_after=2025-10-26 00:00:00+00:00
[2025-10-25T04:34:06.076+0000] {processor.py:183} INFO - Processing /opt/airflow/dags/daily_summary.py took 0.112 seconds
[2025-10-25T04:34:36.334+0000] {processor.py:161} INFO - Started process (PID=261) to work on /opt/airflow/dags/daily_summary.py
[2025-10-25T04:34:36.334+0000] {processor.py:830} INFO - Processing file /opt/airflow/dags/daily_summary.py for tasks to queue
[2025-10-25T04:34:36.335+0000] {logging_mixin.py:188} INFO - [2025-10-25T04:34:36.335+0000] {dagbag.py:538} INFO - Filling up the DagBag from /opt/airflow/dags/daily_summary.py
[2025-10-25T04:34:36.390+0000] {processor.py:840} INFO - DAG(s) 'daily_summary' retrieved from /opt/airflow/dags/daily_summary.py
[2025-10-25T04:34:36.411+0000] {logging_mixin.py:188} INFO - [2025-10-25T04:34:36.411+0000] {dag.py:3036} INFO - Sync 1 DAGs
[2025-10-25T04:34:36.427+0000] {logging_mixin.py:188} INFO - [2025-10-25T04:34:36.427+0000] {dag.py:3823} INFO - Setting next_dagrun for daily_summary to 2025-10-25 00:00:00+00:00, run_after=2025-10-26 00:00:00+00:00
[2025-10-25T04:34:36.446+0000] {processor.py:183} INFO - Processing /opt/airflow/dags/daily_summary.py took 0.115 seconds
[2025-10-25T04:35:06.549+0000] {processor.py:161} INFO - Started process (PID=266) to work on /opt/airflow/dags/daily_summary.py
[2025-10-25T04:35:06.550+0000] {processor.py:830} INFO - Processing file /opt/airflow/dags/daily_summary.py for tasks to queue
[2025-10-25T04:35:06.550+0000] {logging_mixin.py:188} INFO - [2025-10-25T04:35:06.550+0000] {dagbag.py:538} INFO - Filling up the DagBag from /opt/airflow/dags/daily_summary.py
[2025-10-25T04:35:06.606+0000] {processor.py:840} INFO - DAG(s) 'daily_summary' retrieved from /opt/airflow/dags/daily_summary.py
[2025-10-25T04:35:06.627+0000] {logging_mixin.py:188} INFO - [2025-10-25T04:35:06.626+0000] {dag.py:3036} INFO - Sync 1 DAGs
[2025-10-25T04:35:06.645+0000] {logging_mixin.py:188} INFO - [2025-10-25T04:35:06.645+0000] {dag.py:3823} INFO - Setting next_dagrun for daily_summary to 2025-10-25 00:00:00+00:00, run_after=2025-10-26 00:00:00+00:00
[2025-10-25T04:35:06.661+0000] {processor.py:183} INFO - Processing /opt/airflow/dags/daily_summary.py took 0.115 seconds
[2025-10-25T04:35:36.932+0000] {processor.py:161} INFO - Started process (PID=271) to work on /opt/airflow/dags/daily_summary.py
[2025-10-25T04:35:36.933+0000] {processor.py:830} INFO - Processing file /opt/airflow/dags/daily_summary.py for tasks to queue
[2025-10-25T04:35:36.934+0000] {logging_mixin.py:188} INFO - [2025-10-25T04:35:36.934+0000] {dagbag.py:538} INFO - Filling up the DagBag from /opt/airflow/dags/daily_summary.py
[2025-10-25T04:35:36.987+0000] {processor.py:840} INFO - DAG(s) 'daily_summary' retrieved from /opt/airflow/dags/daily_summary.py
[2025-10-25T04:35:37.007+0000] {logging_mixin.py:188} INFO - [2025-10-25T04:35:37.007+0000] {dag.py:3036} INFO - Sync 1 DAGs
[2025-10-25T04:35:37.024+0000] {logging_mixin.py:188} INFO - [2025-10-25T04:35:37.024+0000] {dag.py:3823} INFO - Setting next_dagrun for daily_summary to 2025-10-25 00:00:00+00:00, run_after=2025-10-26 00:00:00+00:00
[2025-10-25T04:35:37.044+0000] {processor.py:183} INFO - Processing /opt/airflow/dags/daily_summary.py took 0.114 seconds
[2025-10-25T04:36:07.173+0000] {processor.py:161} INFO - Started process (PID=276) to work on /opt/airflow/dags/daily_summary.py
[2025-10-25T04:36:07.174+0000] {processor.py:830} INFO - Processing file /opt/airflow/dags/daily_summary.py for tasks to queue
[2025-10-25T04:36:07.175+0000] {logging_mixin.py:188} INFO - [2025-10-25T04:36:07.175+0000] {dagbag.py:538} INFO - Filling up the DagBag from /opt/airflow/dags/daily_summary.py
[2025-10-25T04:36:07.247+0000] {processor.py:840} INFO - DAG(s) 'daily_summary' retrieved from /opt/airflow/dags/daily_summary.py
[2025-10-25T04:36:07.275+0000] {logging_mixin.py:188} INFO - [2025-10-25T04:36:07.275+0000] {dag.py:3036} INFO - Sync 1 DAGs
[2025-10-25T04:36:07.296+0000] {logging_mixin.py:188} INFO - [2025-10-25T04:36:07.296+0000] {dag.py:3823} INFO - Setting next_dagrun for daily_summary to 2025-10-25 00:00:00+00:00, run_after=2025-10-26 00:00:00+00:00
[2025-10-25T04:36:07.326+0000] {processor.py:183} INFO - Processing /opt/airflow/dags/daily_summary.py took 0.156 seconds
[2025-10-25T04:36:37.516+0000] {processor.py:161} INFO - Started process (PID=281) to work on /opt/airflow/dags/daily_summary.py
[2025-10-25T04:36:37.517+0000] {processor.py:830} INFO - Processing file /opt/airflow/dags/daily_summary.py for tasks to queue
[2025-10-25T04:36:37.518+0000] {logging_mixin.py:188} INFO - [2025-10-25T04:36:37.518+0000] {dagbag.py:538} INFO - Filling up the DagBag from /opt/airflow/dags/daily_summary.py
[2025-10-25T04:36:37.571+0000] {processor.py:840} INFO - DAG(s) 'daily_summary' retrieved from /opt/airflow/dags/daily_summary.py
[2025-10-25T04:36:37.592+0000] {logging_mixin.py:188} INFO - [2025-10-25T04:36:37.591+0000] {dag.py:3036} INFO - Sync 1 DAGs
[2025-10-25T04:36:37.608+0000] {logging_mixin.py:188} INFO - [2025-10-25T04:36:37.608+0000] {dag.py:3823} INFO - Setting next_dagrun for daily_summary to 2025-10-25 00:00:00+00:00, run_after=2025-10-26 00:00:00+00:00
[2025-10-25T04:36:37.634+0000] {processor.py:183} INFO - Processing /opt/airflow/dags/daily_summary.py took 0.121 seconds
[2025-10-25T04:37:07.847+0000] {processor.py:161} INFO - Started process (PID=286) to work on /opt/airflow/dags/daily_summary.py
[2025-10-25T04:37:07.848+0000] {processor.py:830} INFO - Processing file /opt/airflow/dags/daily_summary.py for tasks to queue
[2025-10-25T04:37:07.849+0000] {logging_mixin.py:188} INFO - [2025-10-25T04:37:07.849+0000] {dagbag.py:538} INFO - Filling up the DagBag from /opt/airflow/dags/daily_summary.py
[2025-10-25T04:37:07.903+0000] {processor.py:840} INFO - DAG(s) 'daily_summary' retrieved from /opt/airflow/dags/daily_summary.py
[2025-10-25T04:37:07.925+0000] {logging_mixin.py:188} INFO - [2025-10-25T04:37:07.924+0000] {dag.py:3036} INFO - Sync 1 DAGs
[2025-10-25T04:37:07.951+0000] {logging_mixin.py:188} INFO - [2025-10-25T04:37:07.950+0000] {dag.py:3823} INFO - Setting next_dagrun for daily_summary to 2025-10-25 00:00:00+00:00, run_after=2025-10-26 00:00:00+00:00
[2025-10-25T04:37:07.970+0000] {processor.py:183} INFO - Processing /opt/airflow/dags/daily_summary.py took 0.125 seconds
[2025-10-25T04:37:38.123+0000] {processor.py:161} INFO - Started process (PID=291) to work on /opt/airflow/dags/daily_summary.py
[2025-10-25T04:37:38.123+0000] {processor.py:830} INFO - Processing file /opt/airflow/dags/daily_summary.py for tasks to queue
[2025-10-25T04:37:38.124+0000] {logging_mixin.py:188} INFO - [2025-10-25T04:37:38.124+0000] {dagbag.py:538} INFO - Filling up the DagBag from /opt/airflow/dags/daily_summary.py
[2025-10-25T04:37:38.182+0000] {processor.py:840} INFO - DAG(s) 'daily_summary' retrieved from /opt/airflow/dags/daily_summary.py
[2025-10-25T04:37:38.203+0000] {logging_mixin.py:188} INFO - [2025-10-25T04:37:38.203+0000] {dag.py:3036} INFO - Sync 1 DAGs
[2025-10-25T04:37:38.221+0000] {logging_mixin.py:188} INFO - [2025-10-25T04:37:38.221+0000] {dag.py:3823} INFO - Setting next_dagrun for daily_summary to 2025-10-25 00:00:00+00:00, run_after=2025-10-26 00:00:00+00:00
[2025-10-25T04:37:38.238+0000] {processor.py:183} INFO - Processing /opt/airflow/dags/daily_summary.py took 0.118 seconds
[2025-10-25T04:38:08.420+0000] {processor.py:161} INFO - Started process (PID=296) to work on /opt/airflow/dags/daily_summary.py
[2025-10-25T04:38:08.421+0000] {processor.py:830} INFO - Processing file /opt/airflow/dags/daily_summary.py for tasks to queue
[2025-10-25T04:38:08.422+0000] {logging_mixin.py:188} INFO - [2025-10-25T04:38:08.422+0000] {dagbag.py:538} INFO - Filling up the DagBag from /opt/airflow/dags/daily_summary.py
[2025-10-25T04:38:08.475+0000] {processor.py:840} INFO - DAG(s) 'daily_summary' retrieved from /opt/airflow/dags/daily_summary.py
[2025-10-25T04:38:08.494+0000] {logging_mixin.py:188} INFO - [2025-10-25T04:38:08.494+0000] {dag.py:3036} INFO - Sync 1 DAGs
[2025-10-25T04:38:08.511+0000] {logging_mixin.py:188} INFO - [2025-10-25T04:38:08.511+0000] {dag.py:3823} INFO - Setting next_dagrun for daily_summary to 2025-10-25 00:00:00+00:00, run_after=2025-10-26 00:00:00+00:00
[2025-10-25T04:38:08.529+0000] {processor.py:183} INFO - Processing /opt/airflow/dags/daily_summary.py took 0.112 seconds
[2025-10-25T04:38:38.745+0000] {processor.py:161} INFO - Started process (PID=301) to work on /opt/airflow/dags/daily_summary.py
[2025-10-25T04:38:38.746+0000] {processor.py:830} INFO - Processing file /opt/airflow/dags/daily_summary.py for tasks to queue
[2025-10-25T04:38:38.747+0000] {logging_mixin.py:188} INFO - [2025-10-25T04:38:38.747+0000] {dagbag.py:538} INFO - Filling up the DagBag from /opt/airflow/dags/daily_summary.py
[2025-10-25T04:38:38.801+0000] {processor.py:840} INFO - DAG(s) 'daily_summary' retrieved from /opt/airflow/dags/daily_summary.py
[2025-10-25T04:38:38.821+0000] {logging_mixin.py:188} INFO - [2025-10-25T04:38:38.821+0000] {dag.py:3036} INFO - Sync 1 DAGs
[2025-10-25T04:38:38.838+0000] {logging_mixin.py:188} INFO - [2025-10-25T04:38:38.837+0000] {dag.py:3823} INFO - Setting next_dagrun for daily_summary to 2025-10-25 00:00:00+00:00, run_after=2025-10-26 00:00:00+00:00
[2025-10-25T04:38:38.857+0000] {processor.py:183} INFO - Processing /opt/airflow/dags/daily_summary.py took 0.114 seconds
[2025-10-25T04:39:08.993+0000] {processor.py:161} INFO - Started process (PID=306) to work on /opt/airflow/dags/daily_summary.py
[2025-10-25T04:39:08.994+0000] {processor.py:830} INFO - Processing file /opt/airflow/dags/daily_summary.py for tasks to queue
[2025-10-25T04:39:08.995+0000] {logging_mixin.py:188} INFO - [2025-10-25T04:39:08.995+0000] {dagbag.py:538} INFO - Filling up the DagBag from /opt/airflow/dags/daily_summary.py
[2025-10-25T04:39:09.051+0000] {processor.py:840} INFO - DAG(s) 'daily_summary' retrieved from /opt/airflow/dags/daily_summary.py
[2025-10-25T04:39:09.072+0000] {logging_mixin.py:188} INFO - [2025-10-25T04:39:09.071+0000] {dag.py:3036} INFO - Sync 1 DAGs
[2025-10-25T04:39:09.089+0000] {logging_mixin.py:188} INFO - [2025-10-25T04:39:09.089+0000] {dag.py:3823} INFO - Setting next_dagrun for daily_summary to 2025-10-25 00:00:00+00:00, run_after=2025-10-26 00:00:00+00:00
[2025-10-25T04:39:09.107+0000] {processor.py:183} INFO - Processing /opt/airflow/dags/daily_summary.py took 0.117 seconds
[2025-10-25T04:39:39.378+0000] {processor.py:161} INFO - Started process (PID=311) to work on /opt/airflow/dags/daily_summary.py
[2025-10-25T04:39:39.378+0000] {processor.py:830} INFO - Processing file /opt/airflow/dags/daily_summary.py for tasks to queue
[2025-10-25T04:39:39.379+0000] {logging_mixin.py:188} INFO - [2025-10-25T04:39:39.379+0000] {dagbag.py:538} INFO - Filling up the DagBag from /opt/airflow/dags/daily_summary.py
[2025-10-25T04:39:39.429+0000] {processor.py:840} INFO - DAG(s) 'daily_summary' retrieved from /opt/airflow/dags/daily_summary.py
[2025-10-25T04:39:39.451+0000] {logging_mixin.py:188} INFO - [2025-10-25T04:39:39.451+0000] {dag.py:3036} INFO - Sync 1 DAGs
[2025-10-25T04:39:39.468+0000] {logging_mixin.py:188} INFO - [2025-10-25T04:39:39.468+0000] {dag.py:3823} INFO - Setting next_dagrun for daily_summary to 2025-10-25 00:00:00+00:00, run_after=2025-10-26 00:00:00+00:00
[2025-10-25T04:39:39.486+0000] {processor.py:183} INFO - Processing /opt/airflow/dags/daily_summary.py took 0.111 seconds
[2025-10-25T04:42:02.802+0000] {processor.py:161} INFO - Started process (PID=175) to work on /opt/airflow/dags/daily_summary.py
[2025-10-25T04:42:02.803+0000] {processor.py:830} INFO - Processing file /opt/airflow/dags/daily_summary.py for tasks to queue
[2025-10-25T04:42:02.804+0000] {logging_mixin.py:188} INFO - [2025-10-25T04:42:02.804+0000] {dagbag.py:538} INFO - Filling up the DagBag from /opt/airflow/dags/daily_summary.py
[2025-10-25T04:42:02.879+0000] {processor.py:840} INFO - DAG(s) 'daily_summary' retrieved from /opt/airflow/dags/daily_summary.py
[2025-10-25T04:42:02.915+0000] {logging_mixin.py:188} INFO - [2025-10-25T04:42:02.915+0000] {dag.py:3036} INFO - Sync 1 DAGs
[2025-10-25T04:42:02.950+0000] {logging_mixin.py:188} INFO - [2025-10-25T04:42:02.950+0000] {dag.py:3823} INFO - Setting next_dagrun for daily_summary to 2025-10-25 00:00:00+00:00, run_after=2025-10-26 00:00:00+00:00
[2025-10-25T04:42:02.973+0000] {processor.py:183} INFO - Processing /opt/airflow/dags/daily_summary.py took 0.174 seconds
[2025-10-25T04:42:33.039+0000] {processor.py:161} INFO - Started process (PID=180) to work on /opt/airflow/dags/daily_summary.py
[2025-10-25T04:42:33.040+0000] {processor.py:830} INFO - Processing file /opt/airflow/dags/daily_summary.py for tasks to queue
[2025-10-25T04:42:33.041+0000] {logging_mixin.py:188} INFO - [2025-10-25T04:42:33.040+0000] {dagbag.py:538} INFO - Filling up the DagBag from /opt/airflow/dags/daily_summary.py
[2025-10-25T04:42:33.102+0000] {processor.py:840} INFO - DAG(s) 'daily_summary' retrieved from /opt/airflow/dags/daily_summary.py
[2025-10-25T04:42:33.279+0000] {logging_mixin.py:188} INFO - [2025-10-25T04:42:33.279+0000] {dag.py:3036} INFO - Sync 1 DAGs
[2025-10-25T04:42:33.300+0000] {logging_mixin.py:188} INFO - [2025-10-25T04:42:33.300+0000] {dag.py:3823} INFO - Setting next_dagrun for daily_summary to 2025-10-25 00:00:00+00:00, run_after=2025-10-26 00:00:00+00:00
[2025-10-25T04:42:33.330+0000] {processor.py:183} INFO - Processing /opt/airflow/dags/daily_summary.py took 0.295 seconds
[2025-10-25T04:43:03.390+0000] {processor.py:161} INFO - Started process (PID=190) to work on /opt/airflow/dags/daily_summary.py
[2025-10-25T04:43:03.391+0000] {processor.py:830} INFO - Processing file /opt/airflow/dags/daily_summary.py for tasks to queue
[2025-10-25T04:43:03.392+0000] {logging_mixin.py:188} INFO - [2025-10-25T04:43:03.391+0000] {dagbag.py:538} INFO - Filling up the DagBag from /opt/airflow/dags/daily_summary.py
[2025-10-25T04:43:03.458+0000] {processor.py:840} INFO - DAG(s) 'daily_summary' retrieved from /opt/airflow/dags/daily_summary.py
[2025-10-25T04:43:03.488+0000] {logging_mixin.py:188} INFO - [2025-10-25T04:43:03.487+0000] {dag.py:3036} INFO - Sync 1 DAGs
[2025-10-25T04:43:03.511+0000] {logging_mixin.py:188} INFO - [2025-10-25T04:43:03.510+0000] {dag.py:3823} INFO - Setting next_dagrun for daily_summary to 2025-10-25 00:00:00+00:00, run_after=2025-10-26 00:00:00+00:00
[2025-10-25T04:43:03.539+0000] {processor.py:183} INFO - Processing /opt/airflow/dags/daily_summary.py took 0.153 seconds
[2025-10-25T04:43:33.736+0000] {processor.py:161} INFO - Started process (PID=195) to work on /opt/airflow/dags/daily_summary.py
[2025-10-25T04:43:33.737+0000] {processor.py:830} INFO - Processing file /opt/airflow/dags/daily_summary.py for tasks to queue
[2025-10-25T04:43:33.738+0000] {logging_mixin.py:188} INFO - [2025-10-25T04:43:33.738+0000] {dagbag.py:538} INFO - Filling up the DagBag from /opt/airflow/dags/daily_summary.py
[2025-10-25T04:43:33.802+0000] {processor.py:840} INFO - DAG(s) 'daily_summary' retrieved from /opt/airflow/dags/daily_summary.py
[2025-10-25T04:43:33.828+0000] {logging_mixin.py:188} INFO - [2025-10-25T04:43:33.828+0000] {dag.py:3036} INFO - Sync 1 DAGs
[2025-10-25T04:43:33.851+0000] {logging_mixin.py:188} INFO - [2025-10-25T04:43:33.851+0000] {dag.py:3823} INFO - Setting next_dagrun for daily_summary to 2025-10-25 00:00:00+00:00, run_after=2025-10-26 00:00:00+00:00
[2025-10-25T04:43:33.870+0000] {processor.py:183} INFO - Processing /opt/airflow/dags/daily_summary.py took 0.137 seconds
[2025-10-25T04:44:03.963+0000] {processor.py:161} INFO - Started process (PID=200) to work on /opt/airflow/dags/daily_summary.py
[2025-10-25T04:44:03.964+0000] {processor.py:830} INFO - Processing file /opt/airflow/dags/daily_summary.py for tasks to queue
[2025-10-25T04:44:03.965+0000] {logging_mixin.py:188} INFO - [2025-10-25T04:44:03.965+0000] {dagbag.py:538} INFO - Filling up the DagBag from /opt/airflow/dags/daily_summary.py
[2025-10-25T04:44:04.027+0000] {processor.py:840} INFO - DAG(s) 'daily_summary' retrieved from /opt/airflow/dags/daily_summary.py
[2025-10-25T04:44:04.052+0000] {logging_mixin.py:188} INFO - [2025-10-25T04:44:04.052+0000] {dag.py:3036} INFO - Sync 1 DAGs
[2025-10-25T04:44:04.071+0000] {logging_mixin.py:188} INFO - [2025-10-25T04:44:04.071+0000] {dag.py:3823} INFO - Setting next_dagrun for daily_summary to 2025-10-25 00:00:00+00:00, run_after=2025-10-26 00:00:00+00:00
[2025-10-25T04:44:04.093+0000] {processor.py:183} INFO - Processing /opt/airflow/dags/daily_summary.py took 0.132 seconds
[2025-10-25T04:44:34.263+0000] {processor.py:161} INFO - Started process (PID=205) to work on /opt/airflow/dags/daily_summary.py
[2025-10-25T04:44:34.264+0000] {processor.py:830} INFO - Processing file /opt/airflow/dags/daily_summary.py for tasks to queue
[2025-10-25T04:44:34.265+0000] {logging_mixin.py:188} INFO - [2025-10-25T04:44:34.264+0000] {dagbag.py:538} INFO - Filling up the DagBag from /opt/airflow/dags/daily_summary.py
[2025-10-25T04:44:34.320+0000] {processor.py:840} INFO - DAG(s) 'daily_summary' retrieved from /opt/airflow/dags/daily_summary.py
[2025-10-25T04:44:34.341+0000] {logging_mixin.py:188} INFO - [2025-10-25T04:44:34.341+0000] {dag.py:3036} INFO - Sync 1 DAGs
[2025-10-25T04:44:34.361+0000] {logging_mixin.py:188} INFO - [2025-10-25T04:44:34.361+0000] {dag.py:3823} INFO - Setting next_dagrun for daily_summary to 2025-10-25 00:00:00+00:00, run_after=2025-10-26 00:00:00+00:00
[2025-10-25T04:44:34.388+0000] {processor.py:183} INFO - Processing /opt/airflow/dags/daily_summary.py took 0.128 seconds
[2025-10-25T04:45:04.485+0000] {processor.py:161} INFO - Started process (PID=210) to work on /opt/airflow/dags/daily_summary.py
[2025-10-25T04:45:04.486+0000] {processor.py:830} INFO - Processing file /opt/airflow/dags/daily_summary.py for tasks to queue
[2025-10-25T04:45:04.487+0000] {logging_mixin.py:188} INFO - [2025-10-25T04:45:04.487+0000] {dagbag.py:538} INFO - Filling up the DagBag from /opt/airflow/dags/daily_summary.py
[2025-10-25T04:45:04.552+0000] {processor.py:840} INFO - DAG(s) 'daily_summary' retrieved from /opt/airflow/dags/daily_summary.py
[2025-10-25T04:45:04.581+0000] {logging_mixin.py:188} INFO - [2025-10-25T04:45:04.580+0000] {dag.py:3036} INFO - Sync 1 DAGs
[2025-10-25T04:45:04.604+0000] {logging_mixin.py:188} INFO - [2025-10-25T04:45:04.604+0000] {dag.py:3823} INFO - Setting next_dagrun for daily_summary to 2025-10-25 00:00:00+00:00, run_after=2025-10-26 00:00:00+00:00
[2025-10-25T04:45:04.636+0000] {processor.py:183} INFO - Processing /opt/airflow/dags/daily_summary.py took 0.155 seconds
[2025-10-25T04:45:34.890+0000] {processor.py:161} INFO - Started process (PID=215) to work on /opt/airflow/dags/daily_summary.py
[2025-10-25T04:45:34.890+0000] {processor.py:830} INFO - Processing file /opt/airflow/dags/daily_summary.py for tasks to queue
[2025-10-25T04:45:34.891+0000] {logging_mixin.py:188} INFO - [2025-10-25T04:45:34.891+0000] {dagbag.py:538} INFO - Filling up the DagBag from /opt/airflow/dags/daily_summary.py
[2025-10-25T04:45:34.946+0000] {processor.py:840} INFO - DAG(s) 'daily_summary' retrieved from /opt/airflow/dags/daily_summary.py
[2025-10-25T04:45:34.965+0000] {logging_mixin.py:188} INFO - [2025-10-25T04:45:34.965+0000] {dag.py:3036} INFO - Sync 1 DAGs
[2025-10-25T04:45:34.981+0000] {logging_mixin.py:188} INFO - [2025-10-25T04:45:34.981+0000] {dag.py:3823} INFO - Setting next_dagrun for daily_summary to 2025-10-25 00:00:00+00:00, run_after=2025-10-26 00:00:00+00:00
[2025-10-25T04:45:35.009+0000] {processor.py:183} INFO - Processing /opt/airflow/dags/daily_summary.py took 0.122 seconds
[2025-10-25T04:46:05.174+0000] {processor.py:161} INFO - Started process (PID=220) to work on /opt/airflow/dags/daily_summary.py
[2025-10-25T04:46:05.174+0000] {processor.py:830} INFO - Processing file /opt/airflow/dags/daily_summary.py for tasks to queue
[2025-10-25T04:46:05.175+0000] {logging_mixin.py:188} INFO - [2025-10-25T04:46:05.175+0000] {dagbag.py:538} INFO - Filling up the DagBag from /opt/airflow/dags/daily_summary.py
[2025-10-25T04:46:05.227+0000] {processor.py:840} INFO - DAG(s) 'daily_summary' retrieved from /opt/airflow/dags/daily_summary.py
[2025-10-25T04:46:05.250+0000] {logging_mixin.py:188} INFO - [2025-10-25T04:46:05.249+0000] {dag.py:3036} INFO - Sync 1 DAGs
[2025-10-25T04:46:05.267+0000] {logging_mixin.py:188} INFO - [2025-10-25T04:46:05.267+0000] {dag.py:3823} INFO - Setting next_dagrun for daily_summary to 2025-10-25 00:00:00+00:00, run_after=2025-10-26 00:00:00+00:00
[2025-10-25T04:46:05.284+0000] {processor.py:183} INFO - Processing /opt/airflow/dags/daily_summary.py took 0.113 seconds
[2025-10-25T04:46:35.492+0000] {processor.py:161} INFO - Started process (PID=225) to work on /opt/airflow/dags/daily_summary.py
[2025-10-25T04:46:35.493+0000] {processor.py:830} INFO - Processing file /opt/airflow/dags/daily_summary.py for tasks to queue
[2025-10-25T04:46:35.494+0000] {logging_mixin.py:188} INFO - [2025-10-25T04:46:35.493+0000] {dagbag.py:538} INFO - Filling up the DagBag from /opt/airflow/dags/daily_summary.py
[2025-10-25T04:46:35.547+0000] {processor.py:840} INFO - DAG(s) 'daily_summary' retrieved from /opt/airflow/dags/daily_summary.py
[2025-10-25T04:46:35.569+0000] {logging_mixin.py:188} INFO - [2025-10-25T04:46:35.569+0000] {dag.py:3036} INFO - Sync 1 DAGs
[2025-10-25T04:46:35.586+0000] {logging_mixin.py:188} INFO - [2025-10-25T04:46:35.586+0000] {dag.py:3823} INFO - Setting next_dagrun for daily_summary to 2025-10-25 00:00:00+00:00, run_after=2025-10-26 00:00:00+00:00
[2025-10-25T04:46:35.604+0000] {processor.py:183} INFO - Processing /opt/airflow/dags/daily_summary.py took 0.115 seconds
[2025-10-25T04:47:05.841+0000] {processor.py:161} INFO - Started process (PID=230) to work on /opt/airflow/dags/daily_summary.py
[2025-10-25T04:47:05.842+0000] {processor.py:830} INFO - Processing file /opt/airflow/dags/daily_summary.py for tasks to queue
[2025-10-25T04:47:05.843+0000] {logging_mixin.py:188} INFO - [2025-10-25T04:47:05.842+0000] {dagbag.py:538} INFO - Filling up the DagBag from /opt/airflow/dags/daily_summary.py
[2025-10-25T04:47:05.901+0000] {processor.py:840} INFO - DAG(s) 'daily_summary' retrieved from /opt/airflow/dags/daily_summary.py
[2025-10-25T04:47:05.920+0000] {logging_mixin.py:188} INFO - [2025-10-25T04:47:05.920+0000] {dag.py:3036} INFO - Sync 1 DAGs
[2025-10-25T04:47:05.937+0000] {logging_mixin.py:188} INFO - [2025-10-25T04:47:05.937+0000] {dag.py:3823} INFO - Setting next_dagrun for daily_summary to 2025-10-25 00:00:00+00:00, run_after=2025-10-26 00:00:00+00:00
[2025-10-25T04:47:05.962+0000] {processor.py:183} INFO - Processing /opt/airflow/dags/daily_summary.py took 0.125 seconds
[2025-10-25T04:47:36.161+0000] {processor.py:161} INFO - Started process (PID=235) to work on /opt/airflow/dags/daily_summary.py
[2025-10-25T04:47:36.162+0000] {processor.py:830} INFO - Processing file /opt/airflow/dags/daily_summary.py for tasks to queue
[2025-10-25T04:47:36.163+0000] {logging_mixin.py:188} INFO - [2025-10-25T04:47:36.163+0000] {dagbag.py:538} INFO - Filling up the DagBag from /opt/airflow/dags/daily_summary.py
[2025-10-25T04:47:36.227+0000] {processor.py:840} INFO - DAG(s) 'daily_summary' retrieved from /opt/airflow/dags/daily_summary.py
[2025-10-25T04:47:36.251+0000] {logging_mixin.py:188} INFO - [2025-10-25T04:47:36.251+0000] {dag.py:3036} INFO - Sync 1 DAGs
[2025-10-25T04:47:36.271+0000] {logging_mixin.py:188} INFO - [2025-10-25T04:47:36.271+0000] {dag.py:3823} INFO - Setting next_dagrun for daily_summary to 2025-10-25 00:00:00+00:00, run_after=2025-10-26 00:00:00+00:00
[2025-10-25T04:47:36.298+0000] {processor.py:183} INFO - Processing /opt/airflow/dags/daily_summary.py took 0.140 seconds
[2025-10-25T04:48:06.550+0000] {processor.py:161} INFO - Started process (PID=240) to work on /opt/airflow/dags/daily_summary.py
[2025-10-25T04:48:06.551+0000] {processor.py:830} INFO - Processing file /opt/airflow/dags/daily_summary.py for tasks to queue
[2025-10-25T04:48:06.552+0000] {logging_mixin.py:188} INFO - [2025-10-25T04:48:06.552+0000] {dagbag.py:538} INFO - Filling up the DagBag from /opt/airflow/dags/daily_summary.py
[2025-10-25T04:48:06.622+0000] {processor.py:840} INFO - DAG(s) 'daily_summary' retrieved from /opt/airflow/dags/daily_summary.py
[2025-10-25T04:48:06.651+0000] {logging_mixin.py:188} INFO - [2025-10-25T04:48:06.650+0000] {dag.py:3036} INFO - Sync 1 DAGs
[2025-10-25T04:48:06.675+0000] {logging_mixin.py:188} INFO - [2025-10-25T04:48:06.675+0000] {dag.py:3823} INFO - Setting next_dagrun for daily_summary to 2025-10-25 00:00:00+00:00, run_after=2025-10-26 00:00:00+00:00
[2025-10-25T04:48:06.698+0000] {processor.py:183} INFO - Processing /opt/airflow/dags/daily_summary.py took 0.152 seconds
[2025-10-25T04:48:36.795+0000] {processor.py:161} INFO - Started process (PID=245) to work on /opt/airflow/dags/daily_summary.py
[2025-10-25T04:48:36.795+0000] {processor.py:830} INFO - Processing file /opt/airflow/dags/daily_summary.py for tasks to queue
[2025-10-25T04:48:36.797+0000] {logging_mixin.py:188} INFO - [2025-10-25T04:48:36.796+0000] {dagbag.py:538} INFO - Filling up the DagBag from /opt/airflow/dags/daily_summary.py
[2025-10-25T04:48:36.851+0000] {processor.py:840} INFO - DAG(s) 'daily_summary' retrieved from /opt/airflow/dags/daily_summary.py
[2025-10-25T04:48:36.871+0000] {logging_mixin.py:188} INFO - [2025-10-25T04:48:36.871+0000] {dag.py:3036} INFO - Sync 1 DAGs
[2025-10-25T04:48:36.888+0000] {logging_mixin.py:188} INFO - [2025-10-25T04:48:36.888+0000] {dag.py:3823} INFO - Setting next_dagrun for daily_summary to 2025-10-25 00:00:00+00:00, run_after=2025-10-26 00:00:00+00:00
[2025-10-25T04:48:36.916+0000] {processor.py:183} INFO - Processing /opt/airflow/dags/daily_summary.py took 0.124 seconds
