[2025-11-12T08:33:53.385+0000] {processor.py:161} INFO - Started process (PID=176) to work on /opt/airflow/dags/daily_summary.py
[2025-11-12T08:33:53.387+0000] {processor.py:830} INFO - Processing file /opt/airflow/dags/daily_summary.py for tasks to queue
[2025-11-12T08:33:53.388+0000] {logging_mixin.py:188} INFO - [2025-11-12T08:33:53.388+0000] {dagbag.py:538} INFO - Filling up the DagBag from /opt/airflow/dags/daily_summary.py
[2025-11-12T08:33:53.526+0000] {processor.py:840} INFO - DAG(s) 'daily_summary' retrieved from /opt/airflow/dags/daily_summary.py
[2025-11-12T08:33:53.559+0000] {logging_mixin.py:188} INFO - [2025-11-12T08:33:53.558+0000] {dag.py:3036} INFO - Sync 1 DAGs
[2025-11-12T08:33:53.633+0000] {logging_mixin.py:188} INFO - [2025-11-12T08:33:53.632+0000] {dag.py:3823} INFO - Setting next_dagrun for daily_summary to 2025-11-12 00:00:00+00:00, run_after=2025-11-13 00:00:00+00:00
[2025-11-12T08:33:53.674+0000] {processor.py:183} INFO - Processing /opt/airflow/dags/daily_summary.py took 0.294 seconds
[2025-11-12T08:34:23.789+0000] {processor.py:161} INFO - Started process (PID=185) to work on /opt/airflow/dags/daily_summary.py
[2025-11-12T08:34:23.791+0000] {processor.py:830} INFO - Processing file /opt/airflow/dags/daily_summary.py for tasks to queue
[2025-11-12T08:34:23.793+0000] {logging_mixin.py:188} INFO - [2025-11-12T08:34:23.793+0000] {dagbag.py:538} INFO - Filling up the DagBag from /opt/airflow/dags/daily_summary.py
[2025-11-12T08:34:23.917+0000] {processor.py:840} INFO - DAG(s) 'daily_summary' retrieved from /opt/airflow/dags/daily_summary.py
[2025-11-12T08:34:24.137+0000] {logging_mixin.py:188} INFO - [2025-11-12T08:34:24.137+0000] {dag.py:3036} INFO - Sync 1 DAGs
[2025-11-12T08:34:24.166+0000] {logging_mixin.py:188} INFO - [2025-11-12T08:34:24.166+0000] {dag.py:3823} INFO - Setting next_dagrun for daily_summary to 2025-11-12 00:00:00+00:00, run_after=2025-11-13 00:00:00+00:00
[2025-11-12T08:34:24.204+0000] {processor.py:183} INFO - Processing /opt/airflow/dags/daily_summary.py took 0.424 seconds
[2025-11-12T08:34:54.340+0000] {processor.py:161} INFO - Started process (PID=190) to work on /opt/airflow/dags/daily_summary.py
[2025-11-12T08:34:54.342+0000] {processor.py:830} INFO - Processing file /opt/airflow/dags/daily_summary.py for tasks to queue
[2025-11-12T08:34:54.345+0000] {logging_mixin.py:188} INFO - [2025-11-12T08:34:54.344+0000] {dagbag.py:538} INFO - Filling up the DagBag from /opt/airflow/dags/daily_summary.py
[2025-11-12T08:34:54.469+0000] {processor.py:840} INFO - DAG(s) 'daily_summary' retrieved from /opt/airflow/dags/daily_summary.py
[2025-11-12T08:34:54.503+0000] {logging_mixin.py:188} INFO - [2025-11-12T08:34:54.503+0000] {dag.py:3036} INFO - Sync 1 DAGs
[2025-11-12T08:34:54.533+0000] {logging_mixin.py:188} INFO - [2025-11-12T08:34:54.532+0000] {dag.py:3823} INFO - Setting next_dagrun for daily_summary to 2025-11-12 00:00:00+00:00, run_after=2025-11-13 00:00:00+00:00
[2025-11-12T08:34:54.576+0000] {processor.py:183} INFO - Processing /opt/airflow/dags/daily_summary.py took 0.245 seconds
[2025-11-12T08:35:24.912+0000] {processor.py:161} INFO - Started process (PID=195) to work on /opt/airflow/dags/daily_summary.py
[2025-11-12T08:35:24.914+0000] {processor.py:830} INFO - Processing file /opt/airflow/dags/daily_summary.py for tasks to queue
[2025-11-12T08:35:24.915+0000] {logging_mixin.py:188} INFO - [2025-11-12T08:35:24.915+0000] {dagbag.py:538} INFO - Filling up the DagBag from /opt/airflow/dags/daily_summary.py
[2025-11-12T08:35:25.035+0000] {processor.py:840} INFO - DAG(s) 'daily_summary' retrieved from /opt/airflow/dags/daily_summary.py
[2025-11-12T08:35:25.072+0000] {logging_mixin.py:188} INFO - [2025-11-12T08:35:25.072+0000] {dag.py:3036} INFO - Sync 1 DAGs
[2025-11-12T08:35:25.101+0000] {logging_mixin.py:188} INFO - [2025-11-12T08:35:25.100+0000] {dag.py:3823} INFO - Setting next_dagrun for daily_summary to 2025-11-12 00:00:00+00:00, run_after=2025-11-13 00:00:00+00:00
[2025-11-12T08:35:25.126+0000] {processor.py:183} INFO - Processing /opt/airflow/dags/daily_summary.py took 0.218 seconds
[2025-11-12T08:35:55.293+0000] {processor.py:161} INFO - Started process (PID=200) to work on /opt/airflow/dags/daily_summary.py
[2025-11-12T08:35:55.294+0000] {processor.py:830} INFO - Processing file /opt/airflow/dags/daily_summary.py for tasks to queue
[2025-11-12T08:35:55.296+0000] {logging_mixin.py:188} INFO - [2025-11-12T08:35:55.296+0000] {dagbag.py:538} INFO - Filling up the DagBag from /opt/airflow/dags/daily_summary.py
[2025-11-12T08:35:55.417+0000] {processor.py:840} INFO - DAG(s) 'daily_summary' retrieved from /opt/airflow/dags/daily_summary.py
[2025-11-12T08:35:55.474+0000] {logging_mixin.py:188} INFO - [2025-11-12T08:35:55.473+0000] {dag.py:3036} INFO - Sync 1 DAGs
[2025-11-12T08:35:55.503+0000] {logging_mixin.py:188} INFO - [2025-11-12T08:35:55.503+0000] {dag.py:3823} INFO - Setting next_dagrun for daily_summary to 2025-11-12 00:00:00+00:00, run_after=2025-11-13 00:00:00+00:00
[2025-11-12T08:35:55.543+0000] {processor.py:183} INFO - Processing /opt/airflow/dags/daily_summary.py took 0.257 seconds
[2025-11-12T08:36:25.881+0000] {processor.py:161} INFO - Started process (PID=205) to work on /opt/airflow/dags/daily_summary.py
[2025-11-12T08:36:25.883+0000] {processor.py:830} INFO - Processing file /opt/airflow/dags/daily_summary.py for tasks to queue
[2025-11-12T08:36:25.885+0000] {logging_mixin.py:188} INFO - [2025-11-12T08:36:25.885+0000] {dagbag.py:538} INFO - Filling up the DagBag from /opt/airflow/dags/daily_summary.py
[2025-11-12T08:36:26.008+0000] {processor.py:840} INFO - DAG(s) 'daily_summary' retrieved from /opt/airflow/dags/daily_summary.py
[2025-11-12T08:36:26.041+0000] {logging_mixin.py:188} INFO - [2025-11-12T08:36:26.041+0000] {dag.py:3036} INFO - Sync 1 DAGs
[2025-11-12T08:36:26.078+0000] {logging_mixin.py:188} INFO - [2025-11-12T08:36:26.078+0000] {dag.py:3823} INFO - Setting next_dagrun for daily_summary to 2025-11-12 00:00:00+00:00, run_after=2025-11-13 00:00:00+00:00
[2025-11-12T08:36:26.106+0000] {processor.py:183} INFO - Processing /opt/airflow/dags/daily_summary.py took 0.232 seconds
[2025-11-12T08:36:56.254+0000] {processor.py:161} INFO - Started process (PID=210) to work on /opt/airflow/dags/daily_summary.py
[2025-11-12T08:36:56.256+0000] {processor.py:830} INFO - Processing file /opt/airflow/dags/daily_summary.py for tasks to queue
[2025-11-12T08:36:56.259+0000] {logging_mixin.py:188} INFO - [2025-11-12T08:36:56.258+0000] {dagbag.py:538} INFO - Filling up the DagBag from /opt/airflow/dags/daily_summary.py
[2025-11-12T08:36:56.418+0000] {processor.py:840} INFO - DAG(s) 'daily_summary' retrieved from /opt/airflow/dags/daily_summary.py
[2025-11-12T08:36:56.447+0000] {logging_mixin.py:188} INFO - [2025-11-12T08:36:56.446+0000] {dag.py:3036} INFO - Sync 1 DAGs
[2025-11-12T08:36:56.478+0000] {logging_mixin.py:188} INFO - [2025-11-12T08:36:56.477+0000] {dag.py:3823} INFO - Setting next_dagrun for daily_summary to 2025-11-12 00:00:00+00:00, run_after=2025-11-13 00:00:00+00:00
[2025-11-12T08:36:56.521+0000] {processor.py:183} INFO - Processing /opt/airflow/dags/daily_summary.py took 0.275 seconds
[2025-11-12T08:37:26.813+0000] {processor.py:161} INFO - Started process (PID=215) to work on /opt/airflow/dags/daily_summary.py
[2025-11-12T08:37:26.815+0000] {processor.py:830} INFO - Processing file /opt/airflow/dags/daily_summary.py for tasks to queue
[2025-11-12T08:37:26.816+0000] {logging_mixin.py:188} INFO - [2025-11-12T08:37:26.816+0000] {dagbag.py:538} INFO - Filling up the DagBag from /opt/airflow/dags/daily_summary.py
[2025-11-12T08:37:26.927+0000] {processor.py:840} INFO - DAG(s) 'daily_summary' retrieved from /opt/airflow/dags/daily_summary.py
[2025-11-12T08:37:26.964+0000] {logging_mixin.py:188} INFO - [2025-11-12T08:37:26.963+0000] {dag.py:3036} INFO - Sync 1 DAGs
[2025-11-12T08:37:26.996+0000] {logging_mixin.py:188} INFO - [2025-11-12T08:37:26.996+0000] {dag.py:3823} INFO - Setting next_dagrun for daily_summary to 2025-11-12 00:00:00+00:00, run_after=2025-11-13 00:00:00+00:00
[2025-11-12T08:37:27.029+0000] {processor.py:183} INFO - Processing /opt/airflow/dags/daily_summary.py took 0.220 seconds
[2025-11-12T08:37:57.202+0000] {processor.py:161} INFO - Started process (PID=220) to work on /opt/airflow/dags/daily_summary.py
[2025-11-12T08:37:57.205+0000] {processor.py:830} INFO - Processing file /opt/airflow/dags/daily_summary.py for tasks to queue
[2025-11-12T08:37:57.208+0000] {logging_mixin.py:188} INFO - [2025-11-12T08:37:57.207+0000] {dagbag.py:538} INFO - Filling up the DagBag from /opt/airflow/dags/daily_summary.py
[2025-11-12T08:37:57.419+0000] {processor.py:840} INFO - DAG(s) 'daily_summary' retrieved from /opt/airflow/dags/daily_summary.py
[2025-11-12T08:37:57.477+0000] {logging_mixin.py:188} INFO - [2025-11-12T08:37:57.477+0000] {dag.py:3036} INFO - Sync 1 DAGs
[2025-11-12T08:37:57.538+0000] {logging_mixin.py:188} INFO - [2025-11-12T08:37:57.537+0000] {dag.py:3823} INFO - Setting next_dagrun for daily_summary to 2025-11-12 00:00:00+00:00, run_after=2025-11-13 00:00:00+00:00
[2025-11-12T08:37:57.576+0000] {processor.py:183} INFO - Processing /opt/airflow/dags/daily_summary.py took 0.384 seconds
[2025-11-12T08:38:27.712+0000] {processor.py:161} INFO - Started process (PID=225) to work on /opt/airflow/dags/daily_summary.py
[2025-11-12T08:38:27.714+0000] {processor.py:830} INFO - Processing file /opt/airflow/dags/daily_summary.py for tasks to queue
[2025-11-12T08:38:27.716+0000] {logging_mixin.py:188} INFO - [2025-11-12T08:38:27.716+0000] {dagbag.py:538} INFO - Filling up the DagBag from /opt/airflow/dags/daily_summary.py
[2025-11-12T08:38:27.841+0000] {processor.py:840} INFO - DAG(s) 'daily_summary' retrieved from /opt/airflow/dags/daily_summary.py
[2025-11-12T08:38:27.899+0000] {logging_mixin.py:188} INFO - [2025-11-12T08:38:27.898+0000] {dag.py:3036} INFO - Sync 1 DAGs
[2025-11-12T08:38:27.934+0000] {logging_mixin.py:188} INFO - [2025-11-12T08:38:27.934+0000] {dag.py:3823} INFO - Setting next_dagrun for daily_summary to 2025-11-12 00:00:00+00:00, run_after=2025-11-13 00:00:00+00:00
[2025-11-12T08:38:27.963+0000] {processor.py:183} INFO - Processing /opt/airflow/dags/daily_summary.py took 0.261 seconds
[2025-11-12T08:38:58.297+0000] {processor.py:161} INFO - Started process (PID=230) to work on /opt/airflow/dags/daily_summary.py
[2025-11-12T08:38:58.299+0000] {processor.py:830} INFO - Processing file /opt/airflow/dags/daily_summary.py for tasks to queue
[2025-11-12T08:38:58.300+0000] {logging_mixin.py:188} INFO - [2025-11-12T08:38:58.300+0000] {dagbag.py:538} INFO - Filling up the DagBag from /opt/airflow/dags/daily_summary.py
[2025-11-12T08:38:58.410+0000] {processor.py:840} INFO - DAG(s) 'daily_summary' retrieved from /opt/airflow/dags/daily_summary.py
[2025-11-12T08:38:58.444+0000] {logging_mixin.py:188} INFO - [2025-11-12T08:38:58.443+0000] {dag.py:3036} INFO - Sync 1 DAGs
[2025-11-12T08:38:58.480+0000] {logging_mixin.py:188} INFO - [2025-11-12T08:38:58.479+0000] {dag.py:3823} INFO - Setting next_dagrun for daily_summary to 2025-11-12 00:00:00+00:00, run_after=2025-11-13 00:00:00+00:00
[2025-11-12T08:38:58.510+0000] {processor.py:183} INFO - Processing /opt/airflow/dags/daily_summary.py took 0.217 seconds
[2025-11-12T08:39:28.651+0000] {processor.py:161} INFO - Started process (PID=235) to work on /opt/airflow/dags/daily_summary.py
[2025-11-12T08:39:28.653+0000] {processor.py:830} INFO - Processing file /opt/airflow/dags/daily_summary.py for tasks to queue
[2025-11-12T08:39:28.656+0000] {logging_mixin.py:188} INFO - [2025-11-12T08:39:28.655+0000] {dagbag.py:538} INFO - Filling up the DagBag from /opt/airflow/dags/daily_summary.py
[2025-11-12T08:39:28.787+0000] {processor.py:840} INFO - DAG(s) 'daily_summary' retrieved from /opt/airflow/dags/daily_summary.py
[2025-11-12T08:39:28.826+0000] {logging_mixin.py:188} INFO - [2025-11-12T08:39:28.825+0000] {dag.py:3036} INFO - Sync 1 DAGs
[2025-11-12T08:39:28.858+0000] {logging_mixin.py:188} INFO - [2025-11-12T08:39:28.858+0000] {dag.py:3823} INFO - Setting next_dagrun for daily_summary to 2025-11-12 00:00:00+00:00, run_after=2025-11-13 00:00:00+00:00
[2025-11-12T08:39:28.903+0000] {processor.py:183} INFO - Processing /opt/airflow/dags/daily_summary.py took 0.261 seconds
[2025-11-12T08:39:59.210+0000] {processor.py:161} INFO - Started process (PID=240) to work on /opt/airflow/dags/daily_summary.py
[2025-11-12T08:39:59.212+0000] {processor.py:830} INFO - Processing file /opt/airflow/dags/daily_summary.py for tasks to queue
[2025-11-12T08:39:59.214+0000] {logging_mixin.py:188} INFO - [2025-11-12T08:39:59.213+0000] {dagbag.py:538} INFO - Filling up the DagBag from /opt/airflow/dags/daily_summary.py
[2025-11-12T08:39:59.330+0000] {processor.py:840} INFO - DAG(s) 'daily_summary' retrieved from /opt/airflow/dags/daily_summary.py
[2025-11-12T08:39:59.366+0000] {logging_mixin.py:188} INFO - [2025-11-12T08:39:59.366+0000] {dag.py:3036} INFO - Sync 1 DAGs
[2025-11-12T08:39:59.395+0000] {logging_mixin.py:188} INFO - [2025-11-12T08:39:59.395+0000] {dag.py:3823} INFO - Setting next_dagrun for daily_summary to 2025-11-12 00:00:00+00:00, run_after=2025-11-13 00:00:00+00:00
[2025-11-12T08:39:59.433+0000] {processor.py:183} INFO - Processing /opt/airflow/dags/daily_summary.py took 0.227 seconds
[2025-11-12T08:40:29.635+0000] {processor.py:161} INFO - Started process (PID=245) to work on /opt/airflow/dags/daily_summary.py
[2025-11-12T08:40:29.638+0000] {processor.py:830} INFO - Processing file /opt/airflow/dags/daily_summary.py for tasks to queue
[2025-11-12T08:40:29.640+0000] {logging_mixin.py:188} INFO - [2025-11-12T08:40:29.640+0000] {dagbag.py:538} INFO - Filling up the DagBag from /opt/airflow/dags/daily_summary.py
[2025-11-12T08:40:29.796+0000] {processor.py:840} INFO - DAG(s) 'daily_summary' retrieved from /opt/airflow/dags/daily_summary.py
[2025-11-12T08:40:29.831+0000] {logging_mixin.py:188} INFO - [2025-11-12T08:40:29.831+0000] {dag.py:3036} INFO - Sync 1 DAGs
[2025-11-12T08:40:29.864+0000] {logging_mixin.py:188} INFO - [2025-11-12T08:40:29.864+0000] {dag.py:3823} INFO - Setting next_dagrun for daily_summary to 2025-11-12 00:00:00+00:00, run_after=2025-11-13 00:00:00+00:00
[2025-11-12T08:40:29.905+0000] {processor.py:183} INFO - Processing /opt/airflow/dags/daily_summary.py took 0.277 seconds
[2025-11-12T08:41:00.164+0000] {processor.py:161} INFO - Started process (PID=250) to work on /opt/airflow/dags/daily_summary.py
[2025-11-12T08:41:00.167+0000] {processor.py:830} INFO - Processing file /opt/airflow/dags/daily_summary.py for tasks to queue
[2025-11-12T08:41:00.169+0000] {logging_mixin.py:188} INFO - [2025-11-12T08:41:00.169+0000] {dagbag.py:538} INFO - Filling up the DagBag from /opt/airflow/dags/daily_summary.py
[2025-11-12T08:41:00.296+0000] {processor.py:840} INFO - DAG(s) 'daily_summary' retrieved from /opt/airflow/dags/daily_summary.py
[2025-11-12T08:41:00.329+0000] {logging_mixin.py:188} INFO - [2025-11-12T08:41:00.329+0000] {dag.py:3036} INFO - Sync 1 DAGs
[2025-11-12T08:41:00.356+0000] {logging_mixin.py:188} INFO - [2025-11-12T08:41:00.356+0000] {dag.py:3823} INFO - Setting next_dagrun for daily_summary to 2025-11-12 00:00:00+00:00, run_after=2025-11-13 00:00:00+00:00
[2025-11-12T08:41:00.390+0000] {processor.py:183} INFO - Processing /opt/airflow/dags/daily_summary.py took 0.234 seconds
[2025-11-12T08:41:30.644+0000] {processor.py:161} INFO - Started process (PID=255) to work on /opt/airflow/dags/daily_summary.py
[2025-11-12T08:41:30.647+0000] {processor.py:830} INFO - Processing file /opt/airflow/dags/daily_summary.py for tasks to queue
[2025-11-12T08:41:30.650+0000] {logging_mixin.py:188} INFO - [2025-11-12T08:41:30.649+0000] {dagbag.py:538} INFO - Filling up the DagBag from /opt/airflow/dags/daily_summary.py
[2025-11-12T08:41:30.781+0000] {processor.py:840} INFO - DAG(s) 'daily_summary' retrieved from /opt/airflow/dags/daily_summary.py
[2025-11-12T08:41:30.836+0000] {logging_mixin.py:188} INFO - [2025-11-12T08:41:30.836+0000] {dag.py:3036} INFO - Sync 1 DAGs
[2025-11-12T08:41:30.875+0000] {logging_mixin.py:188} INFO - [2025-11-12T08:41:30.874+0000] {dag.py:3823} INFO - Setting next_dagrun for daily_summary to 2025-11-12 00:00:00+00:00, run_after=2025-11-13 00:00:00+00:00
[2025-11-12T08:41:30.920+0000] {processor.py:183} INFO - Processing /opt/airflow/dags/daily_summary.py took 0.284 seconds
[2025-11-12T08:42:01.126+0000] {processor.py:161} INFO - Started process (PID=260) to work on /opt/airflow/dags/daily_summary.py
[2025-11-12T08:42:01.128+0000] {processor.py:830} INFO - Processing file /opt/airflow/dags/daily_summary.py for tasks to queue
[2025-11-12T08:42:01.131+0000] {logging_mixin.py:188} INFO - [2025-11-12T08:42:01.130+0000] {dagbag.py:538} INFO - Filling up the DagBag from /opt/airflow/dags/daily_summary.py
[2025-11-12T08:42:01.300+0000] {processor.py:840} INFO - DAG(s) 'daily_summary' retrieved from /opt/airflow/dags/daily_summary.py
[2025-11-12T08:42:01.344+0000] {logging_mixin.py:188} INFO - [2025-11-12T08:42:01.343+0000] {dag.py:3036} INFO - Sync 1 DAGs
[2025-11-12T08:42:01.376+0000] {logging_mixin.py:188} INFO - [2025-11-12T08:42:01.376+0000] {dag.py:3823} INFO - Setting next_dagrun for daily_summary to 2025-11-12 00:00:00+00:00, run_after=2025-11-13 00:00:00+00:00
[2025-11-12T08:42:01.418+0000] {processor.py:183} INFO - Processing /opt/airflow/dags/daily_summary.py took 0.301 seconds
[2025-11-12T08:42:31.670+0000] {processor.py:161} INFO - Started process (PID=265) to work on /opt/airflow/dags/daily_summary.py
[2025-11-12T08:42:31.672+0000] {processor.py:830} INFO - Processing file /opt/airflow/dags/daily_summary.py for tasks to queue
[2025-11-12T08:42:31.675+0000] {logging_mixin.py:188} INFO - [2025-11-12T08:42:31.674+0000] {dagbag.py:538} INFO - Filling up the DagBag from /opt/airflow/dags/daily_summary.py
[2025-11-12T08:42:31.783+0000] {processor.py:840} INFO - DAG(s) 'daily_summary' retrieved from /opt/airflow/dags/daily_summary.py
[2025-11-12T08:42:31.816+0000] {logging_mixin.py:188} INFO - [2025-11-12T08:42:31.816+0000] {dag.py:3036} INFO - Sync 1 DAGs
[2025-11-12T08:42:31.849+0000] {logging_mixin.py:188} INFO - [2025-11-12T08:42:31.848+0000] {dag.py:3823} INFO - Setting next_dagrun for daily_summary to 2025-11-12 00:00:00+00:00, run_after=2025-11-13 00:00:00+00:00
[2025-11-12T08:42:31.886+0000] {processor.py:183} INFO - Processing /opt/airflow/dags/daily_summary.py took 0.224 seconds
[2025-11-12T08:43:02.199+0000] {processor.py:161} INFO - Started process (PID=270) to work on /opt/airflow/dags/daily_summary.py
[2025-11-12T08:43:02.201+0000] {processor.py:830} INFO - Processing file /opt/airflow/dags/daily_summary.py for tasks to queue
[2025-11-12T08:43:02.202+0000] {logging_mixin.py:188} INFO - [2025-11-12T08:43:02.202+0000] {dagbag.py:538} INFO - Filling up the DagBag from /opt/airflow/dags/daily_summary.py
[2025-11-12T08:43:02.331+0000] {processor.py:840} INFO - DAG(s) 'daily_summary' retrieved from /opt/airflow/dags/daily_summary.py
[2025-11-12T08:43:02.361+0000] {logging_mixin.py:188} INFO - [2025-11-12T08:43:02.360+0000] {dag.py:3036} INFO - Sync 1 DAGs
[2025-11-12T08:43:02.390+0000] {logging_mixin.py:188} INFO - [2025-11-12T08:43:02.390+0000] {dag.py:3823} INFO - Setting next_dagrun for daily_summary to 2025-11-12 00:00:00+00:00, run_after=2025-11-13 00:00:00+00:00
[2025-11-12T08:43:02.430+0000] {processor.py:183} INFO - Processing /opt/airflow/dags/daily_summary.py took 0.240 seconds
[2025-11-12T08:43:32.609+0000] {processor.py:161} INFO - Started process (PID=275) to work on /opt/airflow/dags/daily_summary.py
[2025-11-12T08:43:32.612+0000] {processor.py:830} INFO - Processing file /opt/airflow/dags/daily_summary.py for tasks to queue
[2025-11-12T08:43:32.614+0000] {logging_mixin.py:188} INFO - [2025-11-12T08:43:32.614+0000] {dagbag.py:538} INFO - Filling up the DagBag from /opt/airflow/dags/daily_summary.py
[2025-11-12T08:43:32.747+0000] {processor.py:840} INFO - DAG(s) 'daily_summary' retrieved from /opt/airflow/dags/daily_summary.py
[2025-11-12T08:43:32.784+0000] {logging_mixin.py:188} INFO - [2025-11-12T08:43:32.784+0000] {dag.py:3036} INFO - Sync 1 DAGs
[2025-11-12T08:43:32.810+0000] {logging_mixin.py:188} INFO - [2025-11-12T08:43:32.810+0000] {dag.py:3823} INFO - Setting next_dagrun for daily_summary to 2025-11-12 00:00:00+00:00, run_after=2025-11-13 00:00:00+00:00
[2025-11-12T08:43:32.840+0000] {processor.py:183} INFO - Processing /opt/airflow/dags/daily_summary.py took 0.239 seconds
[2025-11-12T08:44:03.212+0000] {processor.py:161} INFO - Started process (PID=280) to work on /opt/airflow/dags/daily_summary.py
[2025-11-12T08:44:03.214+0000] {processor.py:830} INFO - Processing file /opt/airflow/dags/daily_summary.py for tasks to queue
[2025-11-12T08:44:03.216+0000] {logging_mixin.py:188} INFO - [2025-11-12T08:44:03.216+0000] {dagbag.py:538} INFO - Filling up the DagBag from /opt/airflow/dags/daily_summary.py
[2025-11-12T08:44:03.334+0000] {processor.py:840} INFO - DAG(s) 'daily_summary' retrieved from /opt/airflow/dags/daily_summary.py
[2025-11-12T08:44:03.374+0000] {logging_mixin.py:188} INFO - [2025-11-12T08:44:03.373+0000] {dag.py:3036} INFO - Sync 1 DAGs
[2025-11-12T08:44:03.410+0000] {logging_mixin.py:188} INFO - [2025-11-12T08:44:03.410+0000] {dag.py:3823} INFO - Setting next_dagrun for daily_summary to 2025-11-12 00:00:00+00:00, run_after=2025-11-13 00:00:00+00:00
[2025-11-12T08:44:03.446+0000] {processor.py:183} INFO - Processing /opt/airflow/dags/daily_summary.py took 0.241 seconds
[2025-11-12T08:44:33.588+0000] {processor.py:161} INFO - Started process (PID=285) to work on /opt/airflow/dags/daily_summary.py
[2025-11-12T08:44:33.591+0000] {processor.py:830} INFO - Processing file /opt/airflow/dags/daily_summary.py for tasks to queue
[2025-11-12T08:44:33.593+0000] {logging_mixin.py:188} INFO - [2025-11-12T08:44:33.592+0000] {dagbag.py:538} INFO - Filling up the DagBag from /opt/airflow/dags/daily_summary.py
[2025-11-12T08:44:33.699+0000] {processor.py:840} INFO - DAG(s) 'daily_summary' retrieved from /opt/airflow/dags/daily_summary.py
[2025-11-12T08:44:33.742+0000] {logging_mixin.py:188} INFO - [2025-11-12T08:44:33.741+0000] {dag.py:3036} INFO - Sync 1 DAGs
[2025-11-12T08:44:33.769+0000] {logging_mixin.py:188} INFO - [2025-11-12T08:44:33.769+0000] {dag.py:3823} INFO - Setting next_dagrun for daily_summary to 2025-11-12 00:00:00+00:00, run_after=2025-11-13 00:00:00+00:00
[2025-11-12T08:44:33.802+0000] {processor.py:183} INFO - Processing /opt/airflow/dags/daily_summary.py took 0.222 seconds
[2025-11-12T08:45:04.118+0000] {processor.py:161} INFO - Started process (PID=290) to work on /opt/airflow/dags/daily_summary.py
[2025-11-12T08:45:04.119+0000] {processor.py:830} INFO - Processing file /opt/airflow/dags/daily_summary.py for tasks to queue
[2025-11-12T08:45:04.121+0000] {logging_mixin.py:188} INFO - [2025-11-12T08:45:04.121+0000] {dagbag.py:538} INFO - Filling up the DagBag from /opt/airflow/dags/daily_summary.py
[2025-11-12T08:45:04.214+0000] {processor.py:840} INFO - DAG(s) 'daily_summary' retrieved from /opt/airflow/dags/daily_summary.py
[2025-11-12T08:45:04.248+0000] {logging_mixin.py:188} INFO - [2025-11-12T08:45:04.247+0000] {dag.py:3036} INFO - Sync 1 DAGs
[2025-11-12T08:45:04.283+0000] {logging_mixin.py:188} INFO - [2025-11-12T08:45:04.283+0000] {dag.py:3823} INFO - Setting next_dagrun for daily_summary to 2025-11-12 00:00:00+00:00, run_after=2025-11-13 00:00:00+00:00
[2025-11-12T08:45:04.317+0000] {processor.py:183} INFO - Processing /opt/airflow/dags/daily_summary.py took 0.204 seconds
[2025-11-12T08:45:34.489+0000] {processor.py:161} INFO - Started process (PID=295) to work on /opt/airflow/dags/daily_summary.py
[2025-11-12T08:45:34.491+0000] {processor.py:830} INFO - Processing file /opt/airflow/dags/daily_summary.py for tasks to queue
[2025-11-12T08:45:34.494+0000] {logging_mixin.py:188} INFO - [2025-11-12T08:45:34.493+0000] {dagbag.py:538} INFO - Filling up the DagBag from /opt/airflow/dags/daily_summary.py
[2025-11-12T08:45:34.625+0000] {processor.py:840} INFO - DAG(s) 'daily_summary' retrieved from /opt/airflow/dags/daily_summary.py
[2025-11-12T08:45:34.655+0000] {logging_mixin.py:188} INFO - [2025-11-12T08:45:34.655+0000] {dag.py:3036} INFO - Sync 1 DAGs
[2025-11-12T08:45:34.680+0000] {logging_mixin.py:188} INFO - [2025-11-12T08:45:34.679+0000] {dag.py:3823} INFO - Setting next_dagrun for daily_summary to 2025-11-12 00:00:00+00:00, run_after=2025-11-13 00:00:00+00:00
[2025-11-12T08:45:34.705+0000] {processor.py:183} INFO - Processing /opt/airflow/dags/daily_summary.py took 0.222 seconds
[2025-11-12T08:46:05.006+0000] {processor.py:161} INFO - Started process (PID=300) to work on /opt/airflow/dags/daily_summary.py
[2025-11-12T08:46:05.008+0000] {processor.py:830} INFO - Processing file /opt/airflow/dags/daily_summary.py for tasks to queue
[2025-11-12T08:46:05.010+0000] {logging_mixin.py:188} INFO - [2025-11-12T08:46:05.010+0000] {dagbag.py:538} INFO - Filling up the DagBag from /opt/airflow/dags/daily_summary.py
[2025-11-12T08:46:05.144+0000] {processor.py:840} INFO - DAG(s) 'daily_summary' retrieved from /opt/airflow/dags/daily_summary.py
[2025-11-12T08:46:05.170+0000] {logging_mixin.py:188} INFO - [2025-11-12T08:46:05.170+0000] {dag.py:3036} INFO - Sync 1 DAGs
[2025-11-12T08:46:05.197+0000] {logging_mixin.py:188} INFO - [2025-11-12T08:46:05.197+0000] {dag.py:3823} INFO - Setting next_dagrun for daily_summary to 2025-11-12 00:00:00+00:00, run_after=2025-11-13 00:00:00+00:00
[2025-11-12T08:46:05.240+0000] {processor.py:183} INFO - Processing /opt/airflow/dags/daily_summary.py took 0.241 seconds
[2025-11-12T08:46:35.418+0000] {processor.py:161} INFO - Started process (PID=305) to work on /opt/airflow/dags/daily_summary.py
[2025-11-12T08:46:35.419+0000] {processor.py:830} INFO - Processing file /opt/airflow/dags/daily_summary.py for tasks to queue
[2025-11-12T08:46:35.421+0000] {logging_mixin.py:188} INFO - [2025-11-12T08:46:35.420+0000] {dagbag.py:538} INFO - Filling up the DagBag from /opt/airflow/dags/daily_summary.py
[2025-11-12T08:46:35.532+0000] {processor.py:840} INFO - DAG(s) 'daily_summary' retrieved from /opt/airflow/dags/daily_summary.py
[2025-11-12T08:46:35.560+0000] {logging_mixin.py:188} INFO - [2025-11-12T08:46:35.560+0000] {dag.py:3036} INFO - Sync 1 DAGs
[2025-11-12T08:46:35.589+0000] {logging_mixin.py:188} INFO - [2025-11-12T08:46:35.589+0000] {dag.py:3823} INFO - Setting next_dagrun for daily_summary to 2025-11-12 00:00:00+00:00, run_after=2025-11-13 00:00:00+00:00
[2025-11-12T08:46:35.624+0000] {processor.py:183} INFO - Processing /opt/airflow/dags/daily_summary.py took 0.214 seconds
[2025-11-12T08:47:05.951+0000] {processor.py:161} INFO - Started process (PID=310) to work on /opt/airflow/dags/daily_summary.py
[2025-11-12T08:47:05.954+0000] {processor.py:830} INFO - Processing file /opt/airflow/dags/daily_summary.py for tasks to queue
[2025-11-12T08:47:05.957+0000] {logging_mixin.py:188} INFO - [2025-11-12T08:47:05.956+0000] {dagbag.py:538} INFO - Filling up the DagBag from /opt/airflow/dags/daily_summary.py
[2025-11-12T08:47:06.116+0000] {processor.py:840} INFO - DAG(s) 'daily_summary' retrieved from /opt/airflow/dags/daily_summary.py
[2025-11-12T08:47:06.181+0000] {logging_mixin.py:188} INFO - [2025-11-12T08:47:06.180+0000] {dag.py:3036} INFO - Sync 1 DAGs
[2025-11-12T08:47:06.228+0000] {logging_mixin.py:188} INFO - [2025-11-12T08:47:06.228+0000] {dag.py:3823} INFO - Setting next_dagrun for daily_summary to 2025-11-12 00:00:00+00:00, run_after=2025-11-13 00:00:00+00:00
[2025-11-12T08:47:06.290+0000] {processor.py:183} INFO - Processing /opt/airflow/dags/daily_summary.py took 0.348 seconds
[2025-11-12T08:47:36.671+0000] {processor.py:161} INFO - Started process (PID=315) to work on /opt/airflow/dags/daily_summary.py
[2025-11-12T08:47:36.673+0000] {processor.py:830} INFO - Processing file /opt/airflow/dags/daily_summary.py for tasks to queue
[2025-11-12T08:47:36.674+0000] {logging_mixin.py:188} INFO - [2025-11-12T08:47:36.674+0000] {dagbag.py:538} INFO - Filling up the DagBag from /opt/airflow/dags/daily_summary.py
[2025-11-12T08:47:36.783+0000] {processor.py:840} INFO - DAG(s) 'daily_summary' retrieved from /opt/airflow/dags/daily_summary.py
[2025-11-12T08:47:36.817+0000] {logging_mixin.py:188} INFO - [2025-11-12T08:47:36.817+0000] {dag.py:3036} INFO - Sync 1 DAGs
[2025-11-12T08:47:36.844+0000] {logging_mixin.py:188} INFO - [2025-11-12T08:47:36.843+0000] {dag.py:3823} INFO - Setting next_dagrun for daily_summary to 2025-11-12 00:00:00+00:00, run_after=2025-11-13 00:00:00+00:00
[2025-11-12T08:47:36.868+0000] {processor.py:183} INFO - Processing /opt/airflow/dags/daily_summary.py took 0.201 seconds
[2025-11-12T08:48:07.025+0000] {processor.py:161} INFO - Started process (PID=320) to work on /opt/airflow/dags/daily_summary.py
[2025-11-12T08:48:07.028+0000] {processor.py:830} INFO - Processing file /opt/airflow/dags/daily_summary.py for tasks to queue
[2025-11-12T08:48:07.031+0000] {logging_mixin.py:188} INFO - [2025-11-12T08:48:07.030+0000] {dagbag.py:538} INFO - Filling up the DagBag from /opt/airflow/dags/daily_summary.py
[2025-11-12T08:48:07.156+0000] {processor.py:840} INFO - DAG(s) 'daily_summary' retrieved from /opt/airflow/dags/daily_summary.py
[2025-11-12T08:48:07.184+0000] {logging_mixin.py:188} INFO - [2025-11-12T08:48:07.184+0000] {dag.py:3036} INFO - Sync 1 DAGs
[2025-11-12T08:48:07.214+0000] {logging_mixin.py:188} INFO - [2025-11-12T08:48:07.213+0000] {dag.py:3823} INFO - Setting next_dagrun for daily_summary to 2025-11-12 00:00:00+00:00, run_after=2025-11-13 00:00:00+00:00
[2025-11-12T08:48:07.242+0000] {processor.py:183} INFO - Processing /opt/airflow/dags/daily_summary.py took 0.226 seconds
[2025-11-12T08:48:37.548+0000] {processor.py:161} INFO - Started process (PID=325) to work on /opt/airflow/dags/daily_summary.py
[2025-11-12T08:48:37.550+0000] {processor.py:830} INFO - Processing file /opt/airflow/dags/daily_summary.py for tasks to queue
[2025-11-12T08:48:37.551+0000] {logging_mixin.py:188} INFO - [2025-11-12T08:48:37.551+0000] {dagbag.py:538} INFO - Filling up the DagBag from /opt/airflow/dags/daily_summary.py
[2025-11-12T08:48:37.674+0000] {processor.py:840} INFO - DAG(s) 'daily_summary' retrieved from /opt/airflow/dags/daily_summary.py
[2025-11-12T08:48:37.722+0000] {logging_mixin.py:188} INFO - [2025-11-12T08:48:37.722+0000] {dag.py:3036} INFO - Sync 1 DAGs
[2025-11-12T08:48:37.746+0000] {logging_mixin.py:188} INFO - [2025-11-12T08:48:37.746+0000] {dag.py:3823} INFO - Setting next_dagrun for daily_summary to 2025-11-12 00:00:00+00:00, run_after=2025-11-13 00:00:00+00:00
[2025-11-12T08:48:37.787+0000] {processor.py:183} INFO - Processing /opt/airflow/dags/daily_summary.py took 0.243 seconds
[2025-11-12T08:49:07.987+0000] {processor.py:161} INFO - Started process (PID=330) to work on /opt/airflow/dags/daily_summary.py
[2025-11-12T08:49:07.989+0000] {processor.py:830} INFO - Processing file /opt/airflow/dags/daily_summary.py for tasks to queue
[2025-11-12T08:49:07.992+0000] {logging_mixin.py:188} INFO - [2025-11-12T08:49:07.991+0000] {dagbag.py:538} INFO - Filling up the DagBag from /opt/airflow/dags/daily_summary.py
[2025-11-12T08:49:08.128+0000] {processor.py:840} INFO - DAG(s) 'daily_summary' retrieved from /opt/airflow/dags/daily_summary.py
[2025-11-12T08:49:08.180+0000] {logging_mixin.py:188} INFO - [2025-11-12T08:49:08.179+0000] {dag.py:3036} INFO - Sync 1 DAGs
[2025-11-12T08:49:08.231+0000] {logging_mixin.py:188} INFO - [2025-11-12T08:49:08.231+0000] {dag.py:3823} INFO - Setting next_dagrun for daily_summary to 2025-11-12 00:00:00+00:00, run_after=2025-11-13 00:00:00+00:00
[2025-11-12T08:49:08.269+0000] {processor.py:183} INFO - Processing /opt/airflow/dags/daily_summary.py took 0.290 seconds
[2025-11-12T08:49:38.440+0000] {processor.py:161} INFO - Started process (PID=335) to work on /opt/airflow/dags/daily_summary.py
[2025-11-12T08:49:38.443+0000] {processor.py:830} INFO - Processing file /opt/airflow/dags/daily_summary.py for tasks to queue
[2025-11-12T08:49:38.445+0000] {logging_mixin.py:188} INFO - [2025-11-12T08:49:38.445+0000] {dagbag.py:538} INFO - Filling up the DagBag from /opt/airflow/dags/daily_summary.py
[2025-11-12T08:49:38.582+0000] {processor.py:840} INFO - DAG(s) 'daily_summary' retrieved from /opt/airflow/dags/daily_summary.py
[2025-11-12T08:49:38.624+0000] {logging_mixin.py:188} INFO - [2025-11-12T08:49:38.623+0000] {dag.py:3036} INFO - Sync 1 DAGs
[2025-11-12T08:49:38.651+0000] {logging_mixin.py:188} INFO - [2025-11-12T08:49:38.651+0000] {dag.py:3823} INFO - Setting next_dagrun for daily_summary to 2025-11-12 00:00:00+00:00, run_after=2025-11-13 00:00:00+00:00
[2025-11-12T08:49:38.680+0000] {processor.py:183} INFO - Processing /opt/airflow/dags/daily_summary.py took 0.248 seconds
[2025-11-12T08:50:08.945+0000] {processor.py:161} INFO - Started process (PID=340) to work on /opt/airflow/dags/daily_summary.py
[2025-11-12T08:50:08.947+0000] {processor.py:830} INFO - Processing file /opt/airflow/dags/daily_summary.py for tasks to queue
[2025-11-12T08:50:08.950+0000] {logging_mixin.py:188} INFO - [2025-11-12T08:50:08.949+0000] {dagbag.py:538} INFO - Filling up the DagBag from /opt/airflow/dags/daily_summary.py
[2025-11-12T08:50:09.076+0000] {processor.py:840} INFO - DAG(s) 'daily_summary' retrieved from /opt/airflow/dags/daily_summary.py
[2025-11-12T08:50:09.108+0000] {logging_mixin.py:188} INFO - [2025-11-12T08:50:09.108+0000] {dag.py:3036} INFO - Sync 1 DAGs
[2025-11-12T08:50:09.136+0000] {logging_mixin.py:188} INFO - [2025-11-12T08:50:09.136+0000] {dag.py:3823} INFO - Setting next_dagrun for daily_summary to 2025-11-12 00:00:00+00:00, run_after=2025-11-13 00:00:00+00:00
[2025-11-12T08:50:09.176+0000] {processor.py:183} INFO - Processing /opt/airflow/dags/daily_summary.py took 0.238 seconds
[2025-11-12T13:23:51.824+0000] {processor.py:161} INFO - Started process (PID=345) to work on /opt/airflow/dags/daily_summary.py
[2025-11-12T13:23:51.828+0000] {processor.py:830} INFO - Processing file /opt/airflow/dags/daily_summary.py for tasks to queue
[2025-11-12T13:23:51.834+0000] {logging_mixin.py:188} INFO - [2025-11-12T13:23:51.833+0000] {dagbag.py:538} INFO - Filling up the DagBag from /opt/airflow/dags/daily_summary.py
[2025-11-12T13:23:52.012+0000] {processor.py:840} INFO - DAG(s) 'daily_summary' retrieved from /opt/airflow/dags/daily_summary.py
[2025-11-12T13:23:52.127+0000] {logging_mixin.py:188} INFO - [2025-11-12T13:23:52.127+0000] {dag.py:3036} INFO - Sync 1 DAGs
[2025-11-12T13:23:52.193+0000] {logging_mixin.py:188} INFO - [2025-11-12T13:23:52.193+0000] {dag.py:3823} INFO - Setting next_dagrun for daily_summary to 2025-11-12 00:00:00+00:00, run_after=2025-11-13 00:00:00+00:00
[2025-11-12T13:23:52.261+0000] {processor.py:183} INFO - Processing /opt/airflow/dags/daily_summary.py took 0.445 seconds
[2025-11-12T14:33:23.363+0000] {processor.py:161} INFO - Started process (PID=354) to work on /opt/airflow/dags/daily_summary.py
[2025-11-12T14:33:23.402+0000] {processor.py:830} INFO - Processing file /opt/airflow/dags/daily_summary.py for tasks to queue
[2025-11-12T14:33:23.411+0000] {logging_mixin.py:188} INFO - [2025-11-12T14:33:23.410+0000] {dagbag.py:538} INFO - Filling up the DagBag from /opt/airflow/dags/daily_summary.py
[2025-11-12T14:33:23.978+0000] {processor.py:840} INFO - DAG(s) 'daily_summary' retrieved from /opt/airflow/dags/daily_summary.py
[2025-11-12T14:33:24.102+0000] {logging_mixin.py:188} INFO - [2025-11-12T14:33:24.102+0000] {dag.py:3036} INFO - Sync 1 DAGs
[2025-11-12T14:33:24.211+0000] {logging_mixin.py:188} INFO - [2025-11-12T14:33:24.210+0000] {dag.py:3823} INFO - Setting next_dagrun for daily_summary to 2025-11-12 00:00:00+00:00, run_after=2025-11-13 00:00:00+00:00
[2025-11-12T14:33:24.302+0000] {processor.py:183} INFO - Processing /opt/airflow/dags/daily_summary.py took 0.956 seconds
[2025-11-12T14:33:54.731+0000] {processor.py:161} INFO - Started process (PID=359) to work on /opt/airflow/dags/daily_summary.py
[2025-11-12T14:33:54.733+0000] {processor.py:830} INFO - Processing file /opt/airflow/dags/daily_summary.py for tasks to queue
[2025-11-12T14:33:54.735+0000] {logging_mixin.py:188} INFO - [2025-11-12T14:33:54.734+0000] {dagbag.py:538} INFO - Filling up the DagBag from /opt/airflow/dags/daily_summary.py
[2025-11-12T14:33:54.832+0000] {processor.py:840} INFO - DAG(s) 'daily_summary' retrieved from /opt/airflow/dags/daily_summary.py
[2025-11-12T14:33:54.866+0000] {logging_mixin.py:188} INFO - [2025-11-12T14:33:54.865+0000] {dag.py:3036} INFO - Sync 1 DAGs
[2025-11-12T14:33:54.890+0000] {logging_mixin.py:188} INFO - [2025-11-12T14:33:54.890+0000] {dag.py:3823} INFO - Setting next_dagrun for daily_summary to 2025-11-12 00:00:00+00:00, run_after=2025-11-13 00:00:00+00:00
[2025-11-12T14:33:54.931+0000] {processor.py:183} INFO - Processing /opt/airflow/dags/daily_summary.py took 0.203 seconds
[2025-11-12T14:34:25.202+0000] {processor.py:161} INFO - Started process (PID=364) to work on /opt/airflow/dags/daily_summary.py
[2025-11-12T14:34:25.203+0000] {processor.py:830} INFO - Processing file /opt/airflow/dags/daily_summary.py for tasks to queue
[2025-11-12T14:34:25.205+0000] {logging_mixin.py:188} INFO - [2025-11-12T14:34:25.204+0000] {dagbag.py:538} INFO - Filling up the DagBag from /opt/airflow/dags/daily_summary.py
[2025-11-12T14:34:25.283+0000] {processor.py:840} INFO - DAG(s) 'daily_summary' retrieved from /opt/airflow/dags/daily_summary.py
[2025-11-12T14:34:25.310+0000] {logging_mixin.py:188} INFO - [2025-11-12T14:34:25.310+0000] {dag.py:3036} INFO - Sync 1 DAGs
[2025-11-12T14:34:25.331+0000] {logging_mixin.py:188} INFO - [2025-11-12T14:34:25.330+0000] {dag.py:3823} INFO - Setting next_dagrun for daily_summary to 2025-11-12 00:00:00+00:00, run_after=2025-11-13 00:00:00+00:00
[2025-11-12T14:34:25.363+0000] {processor.py:183} INFO - Processing /opt/airflow/dags/daily_summary.py took 0.165 seconds
[2025-11-12T14:34:55.503+0000] {processor.py:161} INFO - Started process (PID=369) to work on /opt/airflow/dags/daily_summary.py
[2025-11-12T14:34:55.505+0000] {processor.py:830} INFO - Processing file /opt/airflow/dags/daily_summary.py for tasks to queue
[2025-11-12T14:34:55.507+0000] {logging_mixin.py:188} INFO - [2025-11-12T14:34:55.507+0000] {dagbag.py:538} INFO - Filling up the DagBag from /opt/airflow/dags/daily_summary.py
[2025-11-12T14:34:55.627+0000] {processor.py:840} INFO - DAG(s) 'daily_summary' retrieved from /opt/airflow/dags/daily_summary.py
[2025-11-12T14:34:55.659+0000] {logging_mixin.py:188} INFO - [2025-11-12T14:34:55.659+0000] {dag.py:3036} INFO - Sync 1 DAGs
[2025-11-12T14:34:55.687+0000] {logging_mixin.py:188} INFO - [2025-11-12T14:34:55.686+0000] {dag.py:3823} INFO - Setting next_dagrun for daily_summary to 2025-11-12 00:00:00+00:00, run_after=2025-11-13 00:00:00+00:00
[2025-11-12T14:34:55.712+0000] {processor.py:183} INFO - Processing /opt/airflow/dags/daily_summary.py took 0.214 seconds
[2025-11-12T14:35:26.059+0000] {processor.py:161} INFO - Started process (PID=374) to work on /opt/airflow/dags/daily_summary.py
[2025-11-12T14:35:26.062+0000] {processor.py:830} INFO - Processing file /opt/airflow/dags/daily_summary.py for tasks to queue
[2025-11-12T14:35:26.065+0000] {logging_mixin.py:188} INFO - [2025-11-12T14:35:26.064+0000] {dagbag.py:538} INFO - Filling up the DagBag from /opt/airflow/dags/daily_summary.py
[2025-11-12T14:35:26.189+0000] {processor.py:840} INFO - DAG(s) 'daily_summary' retrieved from /opt/airflow/dags/daily_summary.py
[2025-11-12T14:35:26.221+0000] {logging_mixin.py:188} INFO - [2025-11-12T14:35:26.221+0000] {dag.py:3036} INFO - Sync 1 DAGs
[2025-11-12T14:35:26.255+0000] {logging_mixin.py:188} INFO - [2025-11-12T14:35:26.255+0000] {dag.py:3823} INFO - Setting next_dagrun for daily_summary to 2025-11-12 00:00:00+00:00, run_after=2025-11-13 00:00:00+00:00
[2025-11-12T14:35:26.295+0000] {processor.py:183} INFO - Processing /opt/airflow/dags/daily_summary.py took 0.242 seconds
[2025-11-12T14:35:56.471+0000] {processor.py:161} INFO - Started process (PID=379) to work on /opt/airflow/dags/daily_summary.py
[2025-11-12T14:35:56.474+0000] {processor.py:830} INFO - Processing file /opt/airflow/dags/daily_summary.py for tasks to queue
[2025-11-12T14:35:56.476+0000] {logging_mixin.py:188} INFO - [2025-11-12T14:35:56.476+0000] {dagbag.py:538} INFO - Filling up the DagBag from /opt/airflow/dags/daily_summary.py
[2025-11-12T14:35:56.595+0000] {processor.py:840} INFO - DAG(s) 'daily_summary' retrieved from /opt/airflow/dags/daily_summary.py
[2025-11-12T14:35:56.623+0000] {logging_mixin.py:188} INFO - [2025-11-12T14:35:56.623+0000] {dag.py:3036} INFO - Sync 1 DAGs
[2025-11-12T14:35:56.654+0000] {logging_mixin.py:188} INFO - [2025-11-12T14:35:56.653+0000] {dag.py:3823} INFO - Setting next_dagrun for daily_summary to 2025-11-12 00:00:00+00:00, run_after=2025-11-13 00:00:00+00:00
[2025-11-12T14:35:56.693+0000] {processor.py:183} INFO - Processing /opt/airflow/dags/daily_summary.py took 0.230 seconds
[2025-11-12T14:36:27.064+0000] {processor.py:161} INFO - Started process (PID=384) to work on /opt/airflow/dags/daily_summary.py
[2025-11-12T14:36:27.067+0000] {processor.py:830} INFO - Processing file /opt/airflow/dags/daily_summary.py for tasks to queue
[2025-11-12T14:36:27.070+0000] {logging_mixin.py:188} INFO - [2025-11-12T14:36:27.069+0000] {dagbag.py:538} INFO - Filling up the DagBag from /opt/airflow/dags/daily_summary.py
[2025-11-12T14:36:27.218+0000] {processor.py:840} INFO - DAG(s) 'daily_summary' retrieved from /opt/airflow/dags/daily_summary.py
[2025-11-12T14:36:27.247+0000] {logging_mixin.py:188} INFO - [2025-11-12T14:36:27.246+0000] {dag.py:3036} INFO - Sync 1 DAGs
[2025-11-12T14:36:27.272+0000] {logging_mixin.py:188} INFO - [2025-11-12T14:36:27.272+0000] {dag.py:3823} INFO - Setting next_dagrun for daily_summary to 2025-11-12 00:00:00+00:00, run_after=2025-11-13 00:00:00+00:00
[2025-11-12T14:36:27.297+0000] {processor.py:183} INFO - Processing /opt/airflow/dags/daily_summary.py took 0.239 seconds
[2025-11-12T14:36:57.457+0000] {processor.py:161} INFO - Started process (PID=389) to work on /opt/airflow/dags/daily_summary.py
[2025-11-12T14:36:57.460+0000] {processor.py:830} INFO - Processing file /opt/airflow/dags/daily_summary.py for tasks to queue
[2025-11-12T14:36:57.464+0000] {logging_mixin.py:188} INFO - [2025-11-12T14:36:57.463+0000] {dagbag.py:538} INFO - Filling up the DagBag from /opt/airflow/dags/daily_summary.py
[2025-11-12T14:36:57.609+0000] {processor.py:840} INFO - DAG(s) 'daily_summary' retrieved from /opt/airflow/dags/daily_summary.py
[2025-11-12T14:36:57.640+0000] {logging_mixin.py:188} INFO - [2025-11-12T14:36:57.640+0000] {dag.py:3036} INFO - Sync 1 DAGs
[2025-11-12T14:36:57.663+0000] {logging_mixin.py:188} INFO - [2025-11-12T14:36:57.663+0000] {dag.py:3823} INFO - Setting next_dagrun for daily_summary to 2025-11-12 00:00:00+00:00, run_after=2025-11-13 00:00:00+00:00
[2025-11-12T14:36:57.689+0000] {processor.py:183} INFO - Processing /opt/airflow/dags/daily_summary.py took 0.239 seconds
[2025-11-12T14:37:28.059+0000] {processor.py:161} INFO - Started process (PID=394) to work on /opt/airflow/dags/daily_summary.py
[2025-11-12T14:37:28.061+0000] {processor.py:830} INFO - Processing file /opt/airflow/dags/daily_summary.py for tasks to queue
[2025-11-12T14:37:28.063+0000] {logging_mixin.py:188} INFO - [2025-11-12T14:37:28.063+0000] {dagbag.py:538} INFO - Filling up the DagBag from /opt/airflow/dags/daily_summary.py
[2025-11-12T14:37:28.208+0000] {processor.py:840} INFO - DAG(s) 'daily_summary' retrieved from /opt/airflow/dags/daily_summary.py
[2025-11-12T14:37:28.253+0000] {logging_mixin.py:188} INFO - [2025-11-12T14:37:28.253+0000] {dag.py:3036} INFO - Sync 1 DAGs
[2025-11-12T14:37:28.280+0000] {logging_mixin.py:188} INFO - [2025-11-12T14:37:28.280+0000] {dag.py:3823} INFO - Setting next_dagrun for daily_summary to 2025-11-12 00:00:00+00:00, run_after=2025-11-13 00:00:00+00:00
[2025-11-12T14:37:28.311+0000] {processor.py:183} INFO - Processing /opt/airflow/dags/daily_summary.py took 0.258 seconds
[2025-11-12T14:37:58.436+0000] {processor.py:161} INFO - Started process (PID=399) to work on /opt/airflow/dags/daily_summary.py
[2025-11-12T14:37:58.439+0000] {processor.py:830} INFO - Processing file /opt/airflow/dags/daily_summary.py for tasks to queue
[2025-11-12T14:37:58.441+0000] {logging_mixin.py:188} INFO - [2025-11-12T14:37:58.441+0000] {dagbag.py:538} INFO - Filling up the DagBag from /opt/airflow/dags/daily_summary.py
[2025-11-12T14:37:58.575+0000] {processor.py:840} INFO - DAG(s) 'daily_summary' retrieved from /opt/airflow/dags/daily_summary.py
[2025-11-12T14:37:58.610+0000] {logging_mixin.py:188} INFO - [2025-11-12T14:37:58.610+0000] {dag.py:3036} INFO - Sync 1 DAGs
[2025-11-12T14:37:58.636+0000] {logging_mixin.py:188} INFO - [2025-11-12T14:37:58.636+0000] {dag.py:3823} INFO - Setting next_dagrun for daily_summary to 2025-11-12 00:00:00+00:00, run_after=2025-11-13 00:00:00+00:00
[2025-11-12T14:37:58.675+0000] {processor.py:183} INFO - Processing /opt/airflow/dags/daily_summary.py took 0.248 seconds
[2025-11-12T14:38:29.174+0000] {processor.py:161} INFO - Started process (PID=404) to work on /opt/airflow/dags/daily_summary.py
[2025-11-12T14:38:29.176+0000] {processor.py:830} INFO - Processing file /opt/airflow/dags/daily_summary.py for tasks to queue
[2025-11-12T14:38:29.177+0000] {logging_mixin.py:188} INFO - [2025-11-12T14:38:29.177+0000] {dagbag.py:538} INFO - Filling up the DagBag from /opt/airflow/dags/daily_summary.py
[2025-11-12T14:38:29.275+0000] {processor.py:840} INFO - DAG(s) 'daily_summary' retrieved from /opt/airflow/dags/daily_summary.py
[2025-11-12T14:38:29.303+0000] {logging_mixin.py:188} INFO - [2025-11-12T14:38:29.303+0000] {dag.py:3036} INFO - Sync 1 DAGs
[2025-11-12T14:38:29.327+0000] {logging_mixin.py:188} INFO - [2025-11-12T14:38:29.327+0000] {dag.py:3823} INFO - Setting next_dagrun for daily_summary to 2025-11-12 00:00:00+00:00, run_after=2025-11-13 00:00:00+00:00
[2025-11-12T14:38:29.362+0000] {processor.py:183} INFO - Processing /opt/airflow/dags/daily_summary.py took 0.191 seconds
[2025-11-12T14:38:59.561+0000] {processor.py:161} INFO - Started process (PID=409) to work on /opt/airflow/dags/daily_summary.py
[2025-11-12T14:38:59.564+0000] {processor.py:830} INFO - Processing file /opt/airflow/dags/daily_summary.py for tasks to queue
[2025-11-12T14:38:59.566+0000] {logging_mixin.py:188} INFO - [2025-11-12T14:38:59.565+0000] {dagbag.py:538} INFO - Filling up the DagBag from /opt/airflow/dags/daily_summary.py
[2025-11-12T14:38:59.674+0000] {processor.py:840} INFO - DAG(s) 'daily_summary' retrieved from /opt/airflow/dags/daily_summary.py
[2025-11-12T14:38:59.712+0000] {logging_mixin.py:188} INFO - [2025-11-12T14:38:59.711+0000] {dag.py:3036} INFO - Sync 1 DAGs
[2025-11-12T14:38:59.735+0000] {logging_mixin.py:188} INFO - [2025-11-12T14:38:59.735+0000] {dag.py:3823} INFO - Setting next_dagrun for daily_summary to 2025-11-12 00:00:00+00:00, run_after=2025-11-13 00:00:00+00:00
[2025-11-12T14:38:59.762+0000] {processor.py:183} INFO - Processing /opt/airflow/dags/daily_summary.py took 0.210 seconds
[2025-11-12T14:39:30.140+0000] {processor.py:161} INFO - Started process (PID=414) to work on /opt/airflow/dags/daily_summary.py
[2025-11-12T14:39:30.141+0000] {processor.py:830} INFO - Processing file /opt/airflow/dags/daily_summary.py for tasks to queue
[2025-11-12T14:39:30.143+0000] {logging_mixin.py:188} INFO - [2025-11-12T14:39:30.143+0000] {dagbag.py:538} INFO - Filling up the DagBag from /opt/airflow/dags/daily_summary.py
[2025-11-12T14:39:30.238+0000] {processor.py:840} INFO - DAG(s) 'daily_summary' retrieved from /opt/airflow/dags/daily_summary.py
[2025-11-12T14:39:30.266+0000] {logging_mixin.py:188} INFO - [2025-11-12T14:39:30.266+0000] {dag.py:3036} INFO - Sync 1 DAGs
[2025-11-12T14:39:30.296+0000] {logging_mixin.py:188} INFO - [2025-11-12T14:39:30.296+0000] {dag.py:3823} INFO - Setting next_dagrun for daily_summary to 2025-11-12 00:00:00+00:00, run_after=2025-11-13 00:00:00+00:00
[2025-11-12T14:39:30.320+0000] {processor.py:183} INFO - Processing /opt/airflow/dags/daily_summary.py took 0.185 seconds
[2025-11-12T14:40:00.517+0000] {processor.py:161} INFO - Started process (PID=419) to work on /opt/airflow/dags/daily_summary.py
[2025-11-12T14:40:00.519+0000] {processor.py:830} INFO - Processing file /opt/airflow/dags/daily_summary.py for tasks to queue
[2025-11-12T14:40:00.521+0000] {logging_mixin.py:188} INFO - [2025-11-12T14:40:00.520+0000] {dagbag.py:538} INFO - Filling up the DagBag from /opt/airflow/dags/daily_summary.py
[2025-11-12T14:40:00.639+0000] {processor.py:840} INFO - DAG(s) 'daily_summary' retrieved from /opt/airflow/dags/daily_summary.py
[2025-11-12T14:40:00.668+0000] {logging_mixin.py:188} INFO - [2025-11-12T14:40:00.668+0000] {dag.py:3036} INFO - Sync 1 DAGs
[2025-11-12T14:40:00.699+0000] {logging_mixin.py:188} INFO - [2025-11-12T14:40:00.699+0000] {dag.py:3823} INFO - Setting next_dagrun for daily_summary to 2025-11-12 00:00:00+00:00, run_after=2025-11-13 00:00:00+00:00
[2025-11-12T14:40:00.737+0000] {processor.py:183} INFO - Processing /opt/airflow/dags/daily_summary.py took 0.226 seconds
[2025-11-12T14:40:31.067+0000] {processor.py:161} INFO - Started process (PID=424) to work on /opt/airflow/dags/daily_summary.py
[2025-11-12T14:40:31.069+0000] {processor.py:830} INFO - Processing file /opt/airflow/dags/daily_summary.py for tasks to queue
[2025-11-12T14:40:31.071+0000] {logging_mixin.py:188} INFO - [2025-11-12T14:40:31.070+0000] {dagbag.py:538} INFO - Filling up the DagBag from /opt/airflow/dags/daily_summary.py
[2025-11-12T14:40:31.188+0000] {processor.py:840} INFO - DAG(s) 'daily_summary' retrieved from /opt/airflow/dags/daily_summary.py
[2025-11-12T14:40:31.219+0000] {logging_mixin.py:188} INFO - [2025-11-12T14:40:31.219+0000] {dag.py:3036} INFO - Sync 1 DAGs
[2025-11-12T14:40:31.261+0000] {logging_mixin.py:188} INFO - [2025-11-12T14:40:31.261+0000] {dag.py:3823} INFO - Setting next_dagrun for daily_summary to 2025-11-12 00:00:00+00:00, run_after=2025-11-13 00:00:00+00:00
[2025-11-12T14:40:31.293+0000] {processor.py:183} INFO - Processing /opt/airflow/dags/daily_summary.py took 0.233 seconds
[2025-11-12T14:41:01.519+0000] {processor.py:161} INFO - Started process (PID=429) to work on /opt/airflow/dags/daily_summary.py
[2025-11-12T14:41:01.522+0000] {processor.py:830} INFO - Processing file /opt/airflow/dags/daily_summary.py for tasks to queue
[2025-11-12T14:41:01.525+0000] {logging_mixin.py:188} INFO - [2025-11-12T14:41:01.524+0000] {dagbag.py:538} INFO - Filling up the DagBag from /opt/airflow/dags/daily_summary.py
[2025-11-12T14:41:01.649+0000] {processor.py:840} INFO - DAG(s) 'daily_summary' retrieved from /opt/airflow/dags/daily_summary.py
[2025-11-12T14:41:01.676+0000] {logging_mixin.py:188} INFO - [2025-11-12T14:41:01.676+0000] {dag.py:3036} INFO - Sync 1 DAGs
[2025-11-12T14:41:01.700+0000] {logging_mixin.py:188} INFO - [2025-11-12T14:41:01.700+0000] {dag.py:3823} INFO - Setting next_dagrun for daily_summary to 2025-11-12 00:00:00+00:00, run_after=2025-11-13 00:00:00+00:00
[2025-11-12T14:41:01.740+0000] {processor.py:183} INFO - Processing /opt/airflow/dags/daily_summary.py took 0.229 seconds
[2025-11-12T14:41:32.070+0000] {processor.py:161} INFO - Started process (PID=434) to work on /opt/airflow/dags/daily_summary.py
[2025-11-12T14:41:32.072+0000] {processor.py:830} INFO - Processing file /opt/airflow/dags/daily_summary.py for tasks to queue
[2025-11-12T14:41:32.074+0000] {logging_mixin.py:188} INFO - [2025-11-12T14:41:32.074+0000] {dagbag.py:538} INFO - Filling up the DagBag from /opt/airflow/dags/daily_summary.py
[2025-11-12T14:41:32.207+0000] {processor.py:840} INFO - DAG(s) 'daily_summary' retrieved from /opt/airflow/dags/daily_summary.py
[2025-11-12T14:41:32.236+0000] {logging_mixin.py:188} INFO - [2025-11-12T14:41:32.236+0000] {dag.py:3036} INFO - Sync 1 DAGs
[2025-11-12T14:41:32.273+0000] {logging_mixin.py:188} INFO - [2025-11-12T14:41:32.273+0000] {dag.py:3823} INFO - Setting next_dagrun for daily_summary to 2025-11-12 00:00:00+00:00, run_after=2025-11-13 00:00:00+00:00
[2025-11-12T14:41:32.315+0000] {processor.py:183} INFO - Processing /opt/airflow/dags/daily_summary.py took 0.252 seconds
[2025-11-12T14:42:02.448+0000] {processor.py:161} INFO - Started process (PID=439) to work on /opt/airflow/dags/daily_summary.py
[2025-11-12T14:42:02.450+0000] {processor.py:830} INFO - Processing file /opt/airflow/dags/daily_summary.py for tasks to queue
[2025-11-12T14:42:02.452+0000] {logging_mixin.py:188} INFO - [2025-11-12T14:42:02.451+0000] {dagbag.py:538} INFO - Filling up the DagBag from /opt/airflow/dags/daily_summary.py
[2025-11-12T14:42:02.549+0000] {processor.py:840} INFO - DAG(s) 'daily_summary' retrieved from /opt/airflow/dags/daily_summary.py
[2025-11-12T14:42:02.578+0000] {logging_mixin.py:188} INFO - [2025-11-12T14:42:02.577+0000] {dag.py:3036} INFO - Sync 1 DAGs
[2025-11-12T14:42:02.612+0000] {logging_mixin.py:188} INFO - [2025-11-12T14:42:02.611+0000] {dag.py:3823} INFO - Setting next_dagrun for daily_summary to 2025-11-12 00:00:00+00:00, run_after=2025-11-13 00:00:00+00:00
[2025-11-12T14:42:02.639+0000] {processor.py:183} INFO - Processing /opt/airflow/dags/daily_summary.py took 0.197 seconds
[2025-11-12T14:42:32.841+0000] {processor.py:161} INFO - Started process (PID=444) to work on /opt/airflow/dags/daily_summary.py
[2025-11-12T14:42:32.844+0000] {processor.py:830} INFO - Processing file /opt/airflow/dags/daily_summary.py for tasks to queue
[2025-11-12T14:42:32.846+0000] {logging_mixin.py:188} INFO - [2025-11-12T14:42:32.846+0000] {dagbag.py:538} INFO - Filling up the DagBag from /opt/airflow/dags/daily_summary.py
[2025-11-12T14:42:32.956+0000] {processor.py:840} INFO - DAG(s) 'daily_summary' retrieved from /opt/airflow/dags/daily_summary.py
[2025-11-12T14:42:32.987+0000] {logging_mixin.py:188} INFO - [2025-11-12T14:42:32.986+0000] {dag.py:3036} INFO - Sync 1 DAGs
[2025-11-12T14:42:33.013+0000] {logging_mixin.py:188} INFO - [2025-11-12T14:42:33.012+0000] {dag.py:3823} INFO - Setting next_dagrun for daily_summary to 2025-11-12 00:00:00+00:00, run_after=2025-11-13 00:00:00+00:00
[2025-11-12T14:42:33.040+0000] {processor.py:183} INFO - Processing /opt/airflow/dags/daily_summary.py took 0.208 seconds
[2025-11-12T14:43:03.377+0000] {processor.py:161} INFO - Started process (PID=449) to work on /opt/airflow/dags/daily_summary.py
[2025-11-12T14:43:03.379+0000] {processor.py:830} INFO - Processing file /opt/airflow/dags/daily_summary.py for tasks to queue
[2025-11-12T14:43:03.381+0000] {logging_mixin.py:188} INFO - [2025-11-12T14:43:03.380+0000] {dagbag.py:538} INFO - Filling up the DagBag from /opt/airflow/dags/daily_summary.py
[2025-11-12T14:43:03.518+0000] {processor.py:840} INFO - DAG(s) 'daily_summary' retrieved from /opt/airflow/dags/daily_summary.py
[2025-11-12T14:43:03.547+0000] {logging_mixin.py:188} INFO - [2025-11-12T14:43:03.547+0000] {dag.py:3036} INFO - Sync 1 DAGs
[2025-11-12T14:43:03.572+0000] {logging_mixin.py:188} INFO - [2025-11-12T14:43:03.572+0000] {dag.py:3823} INFO - Setting next_dagrun for daily_summary to 2025-11-12 00:00:00+00:00, run_after=2025-11-13 00:00:00+00:00
[2025-11-12T14:43:03.610+0000] {processor.py:183} INFO - Processing /opt/airflow/dags/daily_summary.py took 0.238 seconds
[2025-11-12T14:43:33.885+0000] {processor.py:161} INFO - Started process (PID=454) to work on /opt/airflow/dags/daily_summary.py
[2025-11-12T14:43:33.888+0000] {processor.py:830} INFO - Processing file /opt/airflow/dags/daily_summary.py for tasks to queue
[2025-11-12T14:43:33.891+0000] {logging_mixin.py:188} INFO - [2025-11-12T14:43:33.890+0000] {dagbag.py:538} INFO - Filling up the DagBag from /opt/airflow/dags/daily_summary.py
[2025-11-12T14:43:34.045+0000] {processor.py:840} INFO - DAG(s) 'daily_summary' retrieved from /opt/airflow/dags/daily_summary.py
[2025-11-12T14:43:34.071+0000] {logging_mixin.py:188} INFO - [2025-11-12T14:43:34.071+0000] {dag.py:3036} INFO - Sync 1 DAGs
[2025-11-12T14:43:34.098+0000] {logging_mixin.py:188} INFO - [2025-11-12T14:43:34.098+0000] {dag.py:3823} INFO - Setting next_dagrun for daily_summary to 2025-11-12 00:00:00+00:00, run_after=2025-11-13 00:00:00+00:00
[2025-11-12T14:43:34.123+0000] {processor.py:183} INFO - Processing /opt/airflow/dags/daily_summary.py took 0.246 seconds
[2025-11-12T14:44:04.357+0000] {processor.py:161} INFO - Started process (PID=459) to work on /opt/airflow/dags/daily_summary.py
[2025-11-12T14:44:04.360+0000] {processor.py:830} INFO - Processing file /opt/airflow/dags/daily_summary.py for tasks to queue
[2025-11-12T14:44:04.363+0000] {logging_mixin.py:188} INFO - [2025-11-12T14:44:04.362+0000] {dagbag.py:538} INFO - Filling up the DagBag from /opt/airflow/dags/daily_summary.py
[2025-11-12T14:44:04.496+0000] {processor.py:840} INFO - DAG(s) 'daily_summary' retrieved from /opt/airflow/dags/daily_summary.py
[2025-11-12T14:44:04.548+0000] {logging_mixin.py:188} INFO - [2025-11-12T14:44:04.547+0000] {dag.py:3036} INFO - Sync 1 DAGs
[2025-11-12T14:44:04.584+0000] {logging_mixin.py:188} INFO - [2025-11-12T14:44:04.584+0000] {dag.py:3823} INFO - Setting next_dagrun for daily_summary to 2025-11-12 00:00:00+00:00, run_after=2025-11-13 00:00:00+00:00
[2025-11-12T14:44:04.611+0000] {processor.py:183} INFO - Processing /opt/airflow/dags/daily_summary.py took 0.264 seconds
[2025-11-12T14:44:34.837+0000] {processor.py:161} INFO - Started process (PID=464) to work on /opt/airflow/dags/daily_summary.py
[2025-11-12T14:44:34.840+0000] {processor.py:830} INFO - Processing file /opt/airflow/dags/daily_summary.py for tasks to queue
[2025-11-12T14:44:34.843+0000] {logging_mixin.py:188} INFO - [2025-11-12T14:44:34.842+0000] {dagbag.py:538} INFO - Filling up the DagBag from /opt/airflow/dags/daily_summary.py
[2025-11-12T14:44:34.980+0000] {processor.py:840} INFO - DAG(s) 'daily_summary' retrieved from /opt/airflow/dags/daily_summary.py
[2025-11-12T14:44:35.036+0000] {logging_mixin.py:188} INFO - [2025-11-12T14:44:35.036+0000] {dag.py:3036} INFO - Sync 1 DAGs
[2025-11-12T14:44:35.081+0000] {logging_mixin.py:188} INFO - [2025-11-12T14:44:35.081+0000] {dag.py:3823} INFO - Setting next_dagrun for daily_summary to 2025-11-12 00:00:00+00:00, run_after=2025-11-13 00:00:00+00:00
[2025-11-12T14:44:35.131+0000] {processor.py:183} INFO - Processing /opt/airflow/dags/daily_summary.py took 0.302 seconds
[2025-11-12T14:45:05.362+0000] {processor.py:161} INFO - Started process (PID=469) to work on /opt/airflow/dags/daily_summary.py
[2025-11-12T14:45:05.364+0000] {processor.py:830} INFO - Processing file /opt/airflow/dags/daily_summary.py for tasks to queue
[2025-11-12T14:45:05.366+0000] {logging_mixin.py:188} INFO - [2025-11-12T14:45:05.365+0000] {dagbag.py:538} INFO - Filling up the DagBag from /opt/airflow/dags/daily_summary.py
[2025-11-12T14:45:05.466+0000] {processor.py:840} INFO - DAG(s) 'daily_summary' retrieved from /opt/airflow/dags/daily_summary.py
[2025-11-12T14:45:05.496+0000] {logging_mixin.py:188} INFO - [2025-11-12T14:45:05.495+0000] {dag.py:3036} INFO - Sync 1 DAGs
[2025-11-12T14:45:05.520+0000] {logging_mixin.py:188} INFO - [2025-11-12T14:45:05.519+0000] {dag.py:3823} INFO - Setting next_dagrun for daily_summary to 2025-11-12 00:00:00+00:00, run_after=2025-11-13 00:00:00+00:00
[2025-11-12T14:45:05.560+0000] {processor.py:183} INFO - Processing /opt/airflow/dags/daily_summary.py took 0.204 seconds
[2025-11-12T14:45:35.891+0000] {processor.py:161} INFO - Started process (PID=474) to work on /opt/airflow/dags/daily_summary.py
[2025-11-12T14:45:35.894+0000] {processor.py:830} INFO - Processing file /opt/airflow/dags/daily_summary.py for tasks to queue
[2025-11-12T14:45:35.897+0000] {logging_mixin.py:188} INFO - [2025-11-12T14:45:35.896+0000] {dagbag.py:538} INFO - Filling up the DagBag from /opt/airflow/dags/daily_summary.py
[2025-11-12T14:45:36.030+0000] {processor.py:840} INFO - DAG(s) 'daily_summary' retrieved from /opt/airflow/dags/daily_summary.py
[2025-11-12T14:45:36.075+0000] {logging_mixin.py:188} INFO - [2025-11-12T14:45:36.075+0000] {dag.py:3036} INFO - Sync 1 DAGs
[2025-11-12T14:45:36.119+0000] {logging_mixin.py:188} INFO - [2025-11-12T14:45:36.118+0000] {dag.py:3823} INFO - Setting next_dagrun for daily_summary to 2025-11-12 00:00:00+00:00, run_after=2025-11-13 00:00:00+00:00
[2025-11-12T14:45:36.152+0000] {processor.py:183} INFO - Processing /opt/airflow/dags/daily_summary.py took 0.268 seconds
[2025-11-12T14:46:06.343+0000] {processor.py:161} INFO - Started process (PID=479) to work on /opt/airflow/dags/daily_summary.py
[2025-11-12T14:46:06.345+0000] {processor.py:830} INFO - Processing file /opt/airflow/dags/daily_summary.py for tasks to queue
[2025-11-12T14:46:06.347+0000] {logging_mixin.py:188} INFO - [2025-11-12T14:46:06.347+0000] {dagbag.py:538} INFO - Filling up the DagBag from /opt/airflow/dags/daily_summary.py
[2025-11-12T14:46:06.484+0000] {processor.py:840} INFO - DAG(s) 'daily_summary' retrieved from /opt/airflow/dags/daily_summary.py
[2025-11-12T14:46:06.511+0000] {logging_mixin.py:188} INFO - [2025-11-12T14:46:06.511+0000] {dag.py:3036} INFO - Sync 1 DAGs
[2025-11-12T14:46:06.548+0000] {logging_mixin.py:188} INFO - [2025-11-12T14:46:06.548+0000] {dag.py:3823} INFO - Setting next_dagrun for daily_summary to 2025-11-12 00:00:00+00:00, run_after=2025-11-13 00:00:00+00:00
[2025-11-12T14:46:06.577+0000] {processor.py:183} INFO - Processing /opt/airflow/dags/daily_summary.py took 0.242 seconds
[2025-11-12T14:46:36.893+0000] {processor.py:161} INFO - Started process (PID=484) to work on /opt/airflow/dags/daily_summary.py
[2025-11-12T14:46:36.895+0000] {processor.py:830} INFO - Processing file /opt/airflow/dags/daily_summary.py for tasks to queue
[2025-11-12T14:46:36.897+0000] {logging_mixin.py:188} INFO - [2025-11-12T14:46:36.896+0000] {dagbag.py:538} INFO - Filling up the DagBag from /opt/airflow/dags/daily_summary.py
[2025-11-12T14:46:37.016+0000] {processor.py:840} INFO - DAG(s) 'daily_summary' retrieved from /opt/airflow/dags/daily_summary.py
[2025-11-12T14:46:37.047+0000] {logging_mixin.py:188} INFO - [2025-11-12T14:46:37.047+0000] {dag.py:3036} INFO - Sync 1 DAGs
[2025-11-12T14:46:37.076+0000] {logging_mixin.py:188} INFO - [2025-11-12T14:46:37.075+0000] {dag.py:3823} INFO - Setting next_dagrun for daily_summary to 2025-11-12 00:00:00+00:00, run_after=2025-11-13 00:00:00+00:00
[2025-11-12T14:46:37.099+0000] {processor.py:183} INFO - Processing /opt/airflow/dags/daily_summary.py took 0.213 seconds
[2025-11-12T14:47:07.369+0000] {processor.py:161} INFO - Started process (PID=489) to work on /opt/airflow/dags/daily_summary.py
[2025-11-12T14:47:07.372+0000] {processor.py:830} INFO - Processing file /opt/airflow/dags/daily_summary.py for tasks to queue
[2025-11-12T14:47:07.375+0000] {logging_mixin.py:188} INFO - [2025-11-12T14:47:07.374+0000] {dagbag.py:538} INFO - Filling up the DagBag from /opt/airflow/dags/daily_summary.py
[2025-11-12T14:47:07.495+0000] {processor.py:840} INFO - DAG(s) 'daily_summary' retrieved from /opt/airflow/dags/daily_summary.py
[2025-11-12T14:47:07.523+0000] {logging_mixin.py:188} INFO - [2025-11-12T14:47:07.523+0000] {dag.py:3036} INFO - Sync 1 DAGs
[2025-11-12T14:47:07.546+0000] {logging_mixin.py:188} INFO - [2025-11-12T14:47:07.546+0000] {dag.py:3823} INFO - Setting next_dagrun for daily_summary to 2025-11-12 00:00:00+00:00, run_after=2025-11-13 00:00:00+00:00
[2025-11-12T14:47:07.572+0000] {processor.py:183} INFO - Processing /opt/airflow/dags/daily_summary.py took 0.210 seconds
[2025-11-12T14:47:37.860+0000] {processor.py:161} INFO - Started process (PID=494) to work on /opt/airflow/dags/daily_summary.py
[2025-11-12T14:47:37.863+0000] {processor.py:830} INFO - Processing file /opt/airflow/dags/daily_summary.py for tasks to queue
[2025-11-12T14:47:37.865+0000] {logging_mixin.py:188} INFO - [2025-11-12T14:47:37.865+0000] {dagbag.py:538} INFO - Filling up the DagBag from /opt/airflow/dags/daily_summary.py
[2025-11-12T14:47:37.982+0000] {processor.py:840} INFO - DAG(s) 'daily_summary' retrieved from /opt/airflow/dags/daily_summary.py
[2025-11-12T14:47:38.010+0000] {logging_mixin.py:188} INFO - [2025-11-12T14:47:38.010+0000] {dag.py:3036} INFO - Sync 1 DAGs
[2025-11-12T14:47:38.033+0000] {logging_mixin.py:188} INFO - [2025-11-12T14:47:38.033+0000] {dag.py:3823} INFO - Setting next_dagrun for daily_summary to 2025-11-12 00:00:00+00:00, run_after=2025-11-13 00:00:00+00:00
[2025-11-12T14:47:38.060+0000] {processor.py:183} INFO - Processing /opt/airflow/dags/daily_summary.py took 0.208 seconds
[2025-11-12T14:48:08.332+0000] {processor.py:161} INFO - Started process (PID=499) to work on /opt/airflow/dags/daily_summary.py
[2025-11-12T14:48:08.334+0000] {processor.py:830} INFO - Processing file /opt/airflow/dags/daily_summary.py for tasks to queue
[2025-11-12T14:48:08.336+0000] {logging_mixin.py:188} INFO - [2025-11-12T14:48:08.335+0000] {dagbag.py:538} INFO - Filling up the DagBag from /opt/airflow/dags/daily_summary.py
[2025-11-12T14:48:08.451+0000] {processor.py:840} INFO - DAG(s) 'daily_summary' retrieved from /opt/airflow/dags/daily_summary.py
[2025-11-12T14:48:08.496+0000] {logging_mixin.py:188} INFO - [2025-11-12T14:48:08.496+0000] {dag.py:3036} INFO - Sync 1 DAGs
[2025-11-12T14:48:08.529+0000] {logging_mixin.py:188} INFO - [2025-11-12T14:48:08.529+0000] {dag.py:3823} INFO - Setting next_dagrun for daily_summary to 2025-11-12 00:00:00+00:00, run_after=2025-11-13 00:00:00+00:00
[2025-11-12T14:48:08.578+0000] {processor.py:183} INFO - Processing /opt/airflow/dags/daily_summary.py took 0.250 seconds
[2025-11-12T14:48:38.831+0000] {processor.py:161} INFO - Started process (PID=504) to work on /opt/airflow/dags/daily_summary.py
[2025-11-12T14:48:38.834+0000] {processor.py:830} INFO - Processing file /opt/airflow/dags/daily_summary.py for tasks to queue
[2025-11-12T14:48:38.837+0000] {logging_mixin.py:188} INFO - [2025-11-12T14:48:38.836+0000] {dagbag.py:538} INFO - Filling up the DagBag from /opt/airflow/dags/daily_summary.py
[2025-11-12T14:48:38.968+0000] {processor.py:840} INFO - DAG(s) 'daily_summary' retrieved from /opt/airflow/dags/daily_summary.py
[2025-11-12T14:48:38.996+0000] {logging_mixin.py:188} INFO - [2025-11-12T14:48:38.996+0000] {dag.py:3036} INFO - Sync 1 DAGs
[2025-11-12T14:48:39.022+0000] {logging_mixin.py:188} INFO - [2025-11-12T14:48:39.021+0000] {dag.py:3823} INFO - Setting next_dagrun for daily_summary to 2025-11-12 00:00:00+00:00, run_after=2025-11-13 00:00:00+00:00
[2025-11-12T14:48:39.065+0000] {processor.py:183} INFO - Processing /opt/airflow/dags/daily_summary.py took 0.243 seconds
[2025-11-12T14:49:09.416+0000] {processor.py:161} INFO - Started process (PID=509) to work on /opt/airflow/dags/daily_summary.py
[2025-11-12T14:49:09.418+0000] {processor.py:830} INFO - Processing file /opt/airflow/dags/daily_summary.py for tasks to queue
[2025-11-12T14:49:09.420+0000] {logging_mixin.py:188} INFO - [2025-11-12T14:49:09.419+0000] {dagbag.py:538} INFO - Filling up the DagBag from /opt/airflow/dags/daily_summary.py
[2025-11-12T14:49:09.548+0000] {processor.py:840} INFO - DAG(s) 'daily_summary' retrieved from /opt/airflow/dags/daily_summary.py
[2025-11-12T14:49:09.582+0000] {logging_mixin.py:188} INFO - [2025-11-12T14:49:09.582+0000] {dag.py:3036} INFO - Sync 1 DAGs
[2025-11-12T14:49:09.613+0000] {logging_mixin.py:188} INFO - [2025-11-12T14:49:09.612+0000] {dag.py:3823} INFO - Setting next_dagrun for daily_summary to 2025-11-12 00:00:00+00:00, run_after=2025-11-13 00:00:00+00:00
[2025-11-12T14:49:09.637+0000] {processor.py:183} INFO - Processing /opt/airflow/dags/daily_summary.py took 0.225 seconds
[2025-11-12T14:49:39.820+0000] {processor.py:161} INFO - Started process (PID=514) to work on /opt/airflow/dags/daily_summary.py
[2025-11-12T14:49:39.822+0000] {processor.py:830} INFO - Processing file /opt/airflow/dags/daily_summary.py for tasks to queue
[2025-11-12T14:49:39.825+0000] {logging_mixin.py:188} INFO - [2025-11-12T14:49:39.824+0000] {dagbag.py:538} INFO - Filling up the DagBag from /opt/airflow/dags/daily_summary.py
[2025-11-12T14:49:39.965+0000] {processor.py:840} INFO - DAG(s) 'daily_summary' retrieved from /opt/airflow/dags/daily_summary.py
[2025-11-12T14:49:39.995+0000] {logging_mixin.py:188} INFO - [2025-11-12T14:49:39.995+0000] {dag.py:3036} INFO - Sync 1 DAGs
[2025-11-12T14:49:40.018+0000] {logging_mixin.py:188} INFO - [2025-11-12T14:49:40.018+0000] {dag.py:3823} INFO - Setting next_dagrun for daily_summary to 2025-11-12 00:00:00+00:00, run_after=2025-11-13 00:00:00+00:00
[2025-11-12T14:49:40.056+0000] {processor.py:183} INFO - Processing /opt/airflow/dags/daily_summary.py took 0.245 seconds
[2025-11-12T14:50:10.386+0000] {processor.py:161} INFO - Started process (PID=519) to work on /opt/airflow/dags/daily_summary.py
[2025-11-12T14:50:10.388+0000] {processor.py:830} INFO - Processing file /opt/airflow/dags/daily_summary.py for tasks to queue
[2025-11-12T14:50:10.390+0000] {logging_mixin.py:188} INFO - [2025-11-12T14:50:10.389+0000] {dagbag.py:538} INFO - Filling up the DagBag from /opt/airflow/dags/daily_summary.py
[2025-11-12T14:50:10.497+0000] {processor.py:840} INFO - DAG(s) 'daily_summary' retrieved from /opt/airflow/dags/daily_summary.py
[2025-11-12T14:50:10.525+0000] {logging_mixin.py:188} INFO - [2025-11-12T14:50:10.525+0000] {dag.py:3036} INFO - Sync 1 DAGs
[2025-11-12T14:50:10.570+0000] {logging_mixin.py:188} INFO - [2025-11-12T14:50:10.570+0000] {dag.py:3823} INFO - Setting next_dagrun for daily_summary to 2025-11-12 00:00:00+00:00, run_after=2025-11-13 00:00:00+00:00
[2025-11-12T14:50:10.622+0000] {processor.py:183} INFO - Processing /opt/airflow/dags/daily_summary.py took 0.242 seconds
[2025-11-12T14:50:40.804+0000] {processor.py:161} INFO - Started process (PID=524) to work on /opt/airflow/dags/daily_summary.py
[2025-11-12T14:50:40.807+0000] {processor.py:830} INFO - Processing file /opt/airflow/dags/daily_summary.py for tasks to queue
[2025-11-12T14:50:40.809+0000] {logging_mixin.py:188} INFO - [2025-11-12T14:50:40.808+0000] {dagbag.py:538} INFO - Filling up the DagBag from /opt/airflow/dags/daily_summary.py
[2025-11-12T14:50:40.942+0000] {processor.py:840} INFO - DAG(s) 'daily_summary' retrieved from /opt/airflow/dags/daily_summary.py
[2025-11-12T14:50:40.972+0000] {logging_mixin.py:188} INFO - [2025-11-12T14:50:40.972+0000] {dag.py:3036} INFO - Sync 1 DAGs
[2025-11-12T14:50:40.995+0000] {logging_mixin.py:188} INFO - [2025-11-12T14:50:40.995+0000] {dag.py:3823} INFO - Setting next_dagrun for daily_summary to 2025-11-12 00:00:00+00:00, run_after=2025-11-13 00:00:00+00:00
[2025-11-12T14:50:41.028+0000] {processor.py:183} INFO - Processing /opt/airflow/dags/daily_summary.py took 0.231 seconds
[2025-11-12T14:51:11.419+0000] {processor.py:161} INFO - Started process (PID=529) to work on /opt/airflow/dags/daily_summary.py
[2025-11-12T14:51:11.421+0000] {processor.py:830} INFO - Processing file /opt/airflow/dags/daily_summary.py for tasks to queue
[2025-11-12T14:51:11.423+0000] {logging_mixin.py:188} INFO - [2025-11-12T14:51:11.423+0000] {dagbag.py:538} INFO - Filling up the DagBag from /opt/airflow/dags/daily_summary.py
[2025-11-12T14:51:11.518+0000] {processor.py:840} INFO - DAG(s) 'daily_summary' retrieved from /opt/airflow/dags/daily_summary.py
[2025-11-12T14:51:11.549+0000] {logging_mixin.py:188} INFO - [2025-11-12T14:51:11.548+0000] {dag.py:3036} INFO - Sync 1 DAGs
[2025-11-12T14:51:11.571+0000] {logging_mixin.py:188} INFO - [2025-11-12T14:51:11.571+0000] {dag.py:3823} INFO - Setting next_dagrun for daily_summary to 2025-11-12 00:00:00+00:00, run_after=2025-11-13 00:00:00+00:00
[2025-11-12T14:51:11.604+0000] {processor.py:183} INFO - Processing /opt/airflow/dags/daily_summary.py took 0.191 seconds
[2025-11-12T14:51:41.795+0000] {processor.py:161} INFO - Started process (PID=534) to work on /opt/airflow/dags/daily_summary.py
[2025-11-12T14:51:41.800+0000] {processor.py:830} INFO - Processing file /opt/airflow/dags/daily_summary.py for tasks to queue
[2025-11-12T14:51:41.802+0000] {logging_mixin.py:188} INFO - [2025-11-12T14:51:41.801+0000] {dagbag.py:538} INFO - Filling up the DagBag from /opt/airflow/dags/daily_summary.py
[2025-11-12T14:51:41.904+0000] {processor.py:840} INFO - DAG(s) 'daily_summary' retrieved from /opt/airflow/dags/daily_summary.py
[2025-11-12T14:51:41.933+0000] {logging_mixin.py:188} INFO - [2025-11-12T14:51:41.933+0000] {dag.py:3036} INFO - Sync 1 DAGs
[2025-11-12T14:51:41.964+0000] {logging_mixin.py:188} INFO - [2025-11-12T14:51:41.964+0000] {dag.py:3823} INFO - Setting next_dagrun for daily_summary to 2025-11-12 00:00:00+00:00, run_after=2025-11-13 00:00:00+00:00
[2025-11-12T14:51:42.000+0000] {processor.py:183} INFO - Processing /opt/airflow/dags/daily_summary.py took 0.213 seconds
[2025-11-12T14:52:12.317+0000] {processor.py:161} INFO - Started process (PID=539) to work on /opt/airflow/dags/daily_summary.py
[2025-11-12T14:52:12.319+0000] {processor.py:830} INFO - Processing file /opt/airflow/dags/daily_summary.py for tasks to queue
[2025-11-12T14:52:12.322+0000] {logging_mixin.py:188} INFO - [2025-11-12T14:52:12.321+0000] {dagbag.py:538} INFO - Filling up the DagBag from /opt/airflow/dags/daily_summary.py
[2025-11-12T14:52:12.452+0000] {processor.py:840} INFO - DAG(s) 'daily_summary' retrieved from /opt/airflow/dags/daily_summary.py
[2025-11-12T14:52:12.495+0000] {logging_mixin.py:188} INFO - [2025-11-12T14:52:12.494+0000] {dag.py:3036} INFO - Sync 1 DAGs
[2025-11-12T14:52:12.526+0000] {logging_mixin.py:188} INFO - [2025-11-12T14:52:12.526+0000] {dag.py:3823} INFO - Setting next_dagrun for daily_summary to 2025-11-12 00:00:00+00:00, run_after=2025-11-13 00:00:00+00:00
[2025-11-12T14:52:12.564+0000] {processor.py:183} INFO - Processing /opt/airflow/dags/daily_summary.py took 0.251 seconds
[2025-11-12T14:52:42.691+0000] {processor.py:161} INFO - Started process (PID=544) to work on /opt/airflow/dags/daily_summary.py
[2025-11-12T14:52:42.693+0000] {processor.py:830} INFO - Processing file /opt/airflow/dags/daily_summary.py for tasks to queue
[2025-11-12T14:52:42.695+0000] {logging_mixin.py:188} INFO - [2025-11-12T14:52:42.694+0000] {dagbag.py:538} INFO - Filling up the DagBag from /opt/airflow/dags/daily_summary.py
[2025-11-12T14:52:42.805+0000] {processor.py:840} INFO - DAG(s) 'daily_summary' retrieved from /opt/airflow/dags/daily_summary.py
[2025-11-12T14:52:42.842+0000] {logging_mixin.py:188} INFO - [2025-11-12T14:52:42.842+0000] {dag.py:3036} INFO - Sync 1 DAGs
[2025-11-12T14:52:42.871+0000] {logging_mixin.py:188} INFO - [2025-11-12T14:52:42.871+0000] {dag.py:3823} INFO - Setting next_dagrun for daily_summary to 2025-11-12 00:00:00+00:00, run_after=2025-11-13 00:00:00+00:00
[2025-11-12T14:52:42.903+0000] {processor.py:183} INFO - Processing /opt/airflow/dags/daily_summary.py took 0.217 seconds
[2025-11-12T14:53:13.312+0000] {processor.py:161} INFO - Started process (PID=549) to work on /opt/airflow/dags/daily_summary.py
[2025-11-12T14:53:13.315+0000] {processor.py:830} INFO - Processing file /opt/airflow/dags/daily_summary.py for tasks to queue
[2025-11-12T14:53:13.317+0000] {logging_mixin.py:188} INFO - [2025-11-12T14:53:13.316+0000] {dagbag.py:538} INFO - Filling up the DagBag from /opt/airflow/dags/daily_summary.py
[2025-11-12T14:53:13.462+0000] {processor.py:840} INFO - DAG(s) 'daily_summary' retrieved from /opt/airflow/dags/daily_summary.py
[2025-11-12T14:53:13.497+0000] {logging_mixin.py:188} INFO - [2025-11-12T14:53:13.496+0000] {dag.py:3036} INFO - Sync 1 DAGs
[2025-11-12T14:53:13.537+0000] {logging_mixin.py:188} INFO - [2025-11-12T14:53:13.537+0000] {dag.py:3823} INFO - Setting next_dagrun for daily_summary to 2025-11-12 00:00:00+00:00, run_after=2025-11-13 00:00:00+00:00
[2025-11-12T14:53:13.577+0000] {processor.py:183} INFO - Processing /opt/airflow/dags/daily_summary.py took 0.272 seconds
[2025-11-12T14:53:43.730+0000] {processor.py:161} INFO - Started process (PID=554) to work on /opt/airflow/dags/daily_summary.py
[2025-11-12T14:53:43.732+0000] {processor.py:830} INFO - Processing file /opt/airflow/dags/daily_summary.py for tasks to queue
[2025-11-12T14:53:43.733+0000] {logging_mixin.py:188} INFO - [2025-11-12T14:53:43.733+0000] {dagbag.py:538} INFO - Filling up the DagBag from /opt/airflow/dags/daily_summary.py
[2025-11-12T14:53:43.843+0000] {processor.py:840} INFO - DAG(s) 'daily_summary' retrieved from /opt/airflow/dags/daily_summary.py
[2025-11-12T14:53:43.877+0000] {logging_mixin.py:188} INFO - [2025-11-12T14:53:43.876+0000] {dag.py:3036} INFO - Sync 1 DAGs
[2025-11-12T14:53:43.900+0000] {logging_mixin.py:188} INFO - [2025-11-12T14:53:43.900+0000] {dag.py:3823} INFO - Setting next_dagrun for daily_summary to 2025-11-12 00:00:00+00:00, run_after=2025-11-13 00:00:00+00:00
[2025-11-12T14:53:43.934+0000] {processor.py:183} INFO - Processing /opt/airflow/dags/daily_summary.py took 0.210 seconds
[2025-11-12T14:54:14.330+0000] {processor.py:161} INFO - Started process (PID=559) to work on /opt/airflow/dags/daily_summary.py
[2025-11-12T14:54:14.334+0000] {processor.py:830} INFO - Processing file /opt/airflow/dags/daily_summary.py for tasks to queue
[2025-11-12T14:54:14.336+0000] {logging_mixin.py:188} INFO - [2025-11-12T14:54:14.335+0000] {dagbag.py:538} INFO - Filling up the DagBag from /opt/airflow/dags/daily_summary.py
[2025-11-12T14:54:14.474+0000] {processor.py:840} INFO - DAG(s) 'daily_summary' retrieved from /opt/airflow/dags/daily_summary.py
[2025-11-12T14:54:14.517+0000] {logging_mixin.py:188} INFO - [2025-11-12T14:54:14.516+0000] {dag.py:3036} INFO - Sync 1 DAGs
[2025-11-12T14:54:14.544+0000] {logging_mixin.py:188} INFO - [2025-11-12T14:54:14.544+0000] {dag.py:3823} INFO - Setting next_dagrun for daily_summary to 2025-11-12 00:00:00+00:00, run_after=2025-11-13 00:00:00+00:00
[2025-11-12T14:54:14.574+0000] {processor.py:183} INFO - Processing /opt/airflow/dags/daily_summary.py took 0.251 seconds
[2025-11-12T14:54:44.692+0000] {processor.py:161} INFO - Started process (PID=564) to work on /opt/airflow/dags/daily_summary.py
[2025-11-12T14:54:44.694+0000] {processor.py:830} INFO - Processing file /opt/airflow/dags/daily_summary.py for tasks to queue
[2025-11-12T14:54:44.696+0000] {logging_mixin.py:188} INFO - [2025-11-12T14:54:44.695+0000] {dagbag.py:538} INFO - Filling up the DagBag from /opt/airflow/dags/daily_summary.py
[2025-11-12T14:54:44.823+0000] {processor.py:840} INFO - DAG(s) 'daily_summary' retrieved from /opt/airflow/dags/daily_summary.py
[2025-11-12T14:54:44.851+0000] {logging_mixin.py:188} INFO - [2025-11-12T14:54:44.850+0000] {dag.py:3036} INFO - Sync 1 DAGs
[2025-11-12T14:54:44.877+0000] {logging_mixin.py:188} INFO - [2025-11-12T14:54:44.877+0000] {dag.py:3823} INFO - Setting next_dagrun for daily_summary to 2025-11-12 00:00:00+00:00, run_after=2025-11-13 00:00:00+00:00
[2025-11-12T14:54:44.917+0000] {processor.py:183} INFO - Processing /opt/airflow/dags/daily_summary.py took 0.233 seconds
[2025-11-12T14:55:15.336+0000] {processor.py:161} INFO - Started process (PID=569) to work on /opt/airflow/dags/daily_summary.py
[2025-11-12T14:55:15.338+0000] {processor.py:830} INFO - Processing file /opt/airflow/dags/daily_summary.py for tasks to queue
[2025-11-12T14:55:15.339+0000] {logging_mixin.py:188} INFO - [2025-11-12T14:55:15.339+0000] {dagbag.py:538} INFO - Filling up the DagBag from /opt/airflow/dags/daily_summary.py
[2025-11-12T14:55:15.484+0000] {processor.py:840} INFO - DAG(s) 'daily_summary' retrieved from /opt/airflow/dags/daily_summary.py
[2025-11-12T14:55:15.530+0000] {logging_mixin.py:188} INFO - [2025-11-12T14:55:15.530+0000] {dag.py:3036} INFO - Sync 1 DAGs
[2025-11-12T14:55:15.575+0000] {logging_mixin.py:188} INFO - [2025-11-12T14:55:15.574+0000] {dag.py:3823} INFO - Setting next_dagrun for daily_summary to 2025-11-12 00:00:00+00:00, run_after=2025-11-13 00:00:00+00:00
[2025-11-12T14:55:15.617+0000] {processor.py:183} INFO - Processing /opt/airflow/dags/daily_summary.py took 0.285 seconds
[2025-11-12T14:55:45.743+0000] {processor.py:161} INFO - Started process (PID=574) to work on /opt/airflow/dags/daily_summary.py
[2025-11-12T14:55:45.746+0000] {processor.py:830} INFO - Processing file /opt/airflow/dags/daily_summary.py for tasks to queue
[2025-11-12T14:55:45.749+0000] {logging_mixin.py:188} INFO - [2025-11-12T14:55:45.748+0000] {dagbag.py:538} INFO - Filling up the DagBag from /opt/airflow/dags/daily_summary.py
[2025-11-12T14:55:45.887+0000] {processor.py:840} INFO - DAG(s) 'daily_summary' retrieved from /opt/airflow/dags/daily_summary.py
[2025-11-12T14:55:45.924+0000] {logging_mixin.py:188} INFO - [2025-11-12T14:55:45.924+0000] {dag.py:3036} INFO - Sync 1 DAGs
[2025-11-12T14:55:45.962+0000] {logging_mixin.py:188} INFO - [2025-11-12T14:55:45.962+0000] {dag.py:3823} INFO - Setting next_dagrun for daily_summary to 2025-11-12 00:00:00+00:00, run_after=2025-11-13 00:00:00+00:00
[2025-11-12T14:55:45.990+0000] {processor.py:183} INFO - Processing /opt/airflow/dags/daily_summary.py took 0.256 seconds
[2025-11-12T14:56:16.391+0000] {processor.py:161} INFO - Started process (PID=579) to work on /opt/airflow/dags/daily_summary.py
[2025-11-12T14:56:16.394+0000] {processor.py:830} INFO - Processing file /opt/airflow/dags/daily_summary.py for tasks to queue
[2025-11-12T14:56:16.396+0000] {logging_mixin.py:188} INFO - [2025-11-12T14:56:16.395+0000] {dagbag.py:538} INFO - Filling up the DagBag from /opt/airflow/dags/daily_summary.py
[2025-11-12T14:56:16.510+0000] {processor.py:840} INFO - DAG(s) 'daily_summary' retrieved from /opt/airflow/dags/daily_summary.py
[2025-11-12T14:56:16.541+0000] {logging_mixin.py:188} INFO - [2025-11-12T14:56:16.541+0000] {dag.py:3036} INFO - Sync 1 DAGs
[2025-11-12T14:56:16.568+0000] {logging_mixin.py:188} INFO - [2025-11-12T14:56:16.568+0000] {dag.py:3823} INFO - Setting next_dagrun for daily_summary to 2025-11-12 00:00:00+00:00, run_after=2025-11-13 00:00:00+00:00
[2025-11-12T14:56:16.607+0000] {processor.py:183} INFO - Processing /opt/airflow/dags/daily_summary.py took 0.223 seconds
[2025-11-12T14:56:46.816+0000] {processor.py:161} INFO - Started process (PID=584) to work on /opt/airflow/dags/daily_summary.py
[2025-11-12T14:56:46.819+0000] {processor.py:830} INFO - Processing file /opt/airflow/dags/daily_summary.py for tasks to queue
[2025-11-12T14:56:46.821+0000] {logging_mixin.py:188} INFO - [2025-11-12T14:56:46.821+0000] {dagbag.py:538} INFO - Filling up the DagBag from /opt/airflow/dags/daily_summary.py
[2025-11-12T14:56:46.944+0000] {processor.py:840} INFO - DAG(s) 'daily_summary' retrieved from /opt/airflow/dags/daily_summary.py
[2025-11-12T14:56:46.971+0000] {logging_mixin.py:188} INFO - [2025-11-12T14:56:46.970+0000] {dag.py:3036} INFO - Sync 1 DAGs
[2025-11-12T14:56:47.000+0000] {logging_mixin.py:188} INFO - [2025-11-12T14:56:46.999+0000] {dag.py:3823} INFO - Setting next_dagrun for daily_summary to 2025-11-12 00:00:00+00:00, run_after=2025-11-13 00:00:00+00:00
[2025-11-12T14:56:47.043+0000] {processor.py:183} INFO - Processing /opt/airflow/dags/daily_summary.py took 0.234 seconds
[2025-11-12T14:57:17.361+0000] {processor.py:161} INFO - Started process (PID=589) to work on /opt/airflow/dags/daily_summary.py
[2025-11-12T14:57:17.364+0000] {processor.py:830} INFO - Processing file /opt/airflow/dags/daily_summary.py for tasks to queue
[2025-11-12T14:57:17.366+0000] {logging_mixin.py:188} INFO - [2025-11-12T14:57:17.365+0000] {dagbag.py:538} INFO - Filling up the DagBag from /opt/airflow/dags/daily_summary.py
[2025-11-12T14:57:17.466+0000] {processor.py:840} INFO - DAG(s) 'daily_summary' retrieved from /opt/airflow/dags/daily_summary.py
[2025-11-12T14:57:17.495+0000] {logging_mixin.py:188} INFO - [2025-11-12T14:57:17.494+0000] {dag.py:3036} INFO - Sync 1 DAGs
[2025-11-12T14:57:17.525+0000] {logging_mixin.py:188} INFO - [2025-11-12T14:57:17.525+0000] {dag.py:3823} INFO - Setting next_dagrun for daily_summary to 2025-11-12 00:00:00+00:00, run_after=2025-11-13 00:00:00+00:00
[2025-11-12T14:57:17.570+0000] {processor.py:183} INFO - Processing /opt/airflow/dags/daily_summary.py took 0.217 seconds
[2025-11-12T14:57:47.834+0000] {processor.py:161} INFO - Started process (PID=594) to work on /opt/airflow/dags/daily_summary.py
[2025-11-12T14:57:47.838+0000] {processor.py:830} INFO - Processing file /opt/airflow/dags/daily_summary.py for tasks to queue
[2025-11-12T14:57:47.840+0000] {logging_mixin.py:188} INFO - [2025-11-12T14:57:47.839+0000] {dagbag.py:538} INFO - Filling up the DagBag from /opt/airflow/dags/daily_summary.py
[2025-11-12T14:57:47.976+0000] {processor.py:840} INFO - DAG(s) 'daily_summary' retrieved from /opt/airflow/dags/daily_summary.py
[2025-11-12T14:57:48.005+0000] {logging_mixin.py:188} INFO - [2025-11-12T14:57:48.005+0000] {dag.py:3036} INFO - Sync 1 DAGs
[2025-11-12T14:57:48.030+0000] {logging_mixin.py:188} INFO - [2025-11-12T14:57:48.030+0000] {dag.py:3823} INFO - Setting next_dagrun for daily_summary to 2025-11-12 00:00:00+00:00, run_after=2025-11-13 00:00:00+00:00
[2025-11-12T14:57:48.064+0000] {processor.py:183} INFO - Processing /opt/airflow/dags/daily_summary.py took 0.240 seconds
[2025-11-12T14:58:18.267+0000] {processor.py:161} INFO - Started process (PID=599) to work on /opt/airflow/dags/daily_summary.py
[2025-11-12T14:58:18.269+0000] {processor.py:830} INFO - Processing file /opt/airflow/dags/daily_summary.py for tasks to queue
[2025-11-12T14:58:18.271+0000] {logging_mixin.py:188} INFO - [2025-11-12T14:58:18.270+0000] {dagbag.py:538} INFO - Filling up the DagBag from /opt/airflow/dags/daily_summary.py
[2025-11-12T14:58:18.379+0000] {processor.py:840} INFO - DAG(s) 'daily_summary' retrieved from /opt/airflow/dags/daily_summary.py
[2025-11-12T14:58:18.408+0000] {logging_mixin.py:188} INFO - [2025-11-12T14:58:18.407+0000] {dag.py:3036} INFO - Sync 1 DAGs
[2025-11-12T14:58:18.431+0000] {logging_mixin.py:188} INFO - [2025-11-12T14:58:18.430+0000] {dag.py:3823} INFO - Setting next_dagrun for daily_summary to 2025-11-12 00:00:00+00:00, run_after=2025-11-13 00:00:00+00:00
[2025-11-12T14:58:18.454+0000] {processor.py:183} INFO - Processing /opt/airflow/dags/daily_summary.py took 0.197 seconds
[2025-11-12T14:58:48.787+0000] {processor.py:161} INFO - Started process (PID=604) to work on /opt/airflow/dags/daily_summary.py
[2025-11-12T14:58:48.789+0000] {processor.py:830} INFO - Processing file /opt/airflow/dags/daily_summary.py for tasks to queue
[2025-11-12T14:58:48.790+0000] {logging_mixin.py:188} INFO - [2025-11-12T14:58:48.790+0000] {dagbag.py:538} INFO - Filling up the DagBag from /opt/airflow/dags/daily_summary.py
[2025-11-12T14:58:48.900+0000] {processor.py:840} INFO - DAG(s) 'daily_summary' retrieved from /opt/airflow/dags/daily_summary.py
[2025-11-12T14:58:48.933+0000] {logging_mixin.py:188} INFO - [2025-11-12T14:58:48.933+0000] {dag.py:3036} INFO - Sync 1 DAGs
[2025-11-12T14:58:48.960+0000] {logging_mixin.py:188} INFO - [2025-11-12T14:58:48.959+0000] {dag.py:3823} INFO - Setting next_dagrun for daily_summary to 2025-11-12 00:00:00+00:00, run_after=2025-11-13 00:00:00+00:00
[2025-11-12T14:58:48.990+0000] {processor.py:183} INFO - Processing /opt/airflow/dags/daily_summary.py took 0.207 seconds
[2025-11-12T14:59:19.146+0000] {processor.py:161} INFO - Started process (PID=609) to work on /opt/airflow/dags/daily_summary.py
[2025-11-12T14:59:19.149+0000] {processor.py:830} INFO - Processing file /opt/airflow/dags/daily_summary.py for tasks to queue
[2025-11-12T14:59:19.152+0000] {logging_mixin.py:188} INFO - [2025-11-12T14:59:19.151+0000] {dagbag.py:538} INFO - Filling up the DagBag from /opt/airflow/dags/daily_summary.py
[2025-11-12T14:59:19.257+0000] {processor.py:840} INFO - DAG(s) 'daily_summary' retrieved from /opt/airflow/dags/daily_summary.py
[2025-11-12T14:59:19.289+0000] {logging_mixin.py:188} INFO - [2025-11-12T14:59:19.288+0000] {dag.py:3036} INFO - Sync 1 DAGs
[2025-11-12T14:59:19.313+0000] {logging_mixin.py:188} INFO - [2025-11-12T14:59:19.312+0000] {dag.py:3823} INFO - Setting next_dagrun for daily_summary to 2025-11-12 00:00:00+00:00, run_after=2025-11-13 00:00:00+00:00
[2025-11-12T14:59:19.336+0000] {processor.py:183} INFO - Processing /opt/airflow/dags/daily_summary.py took 0.199 seconds
[2025-11-12T14:59:49.644+0000] {processor.py:161} INFO - Started process (PID=614) to work on /opt/airflow/dags/daily_summary.py
[2025-11-12T14:59:49.646+0000] {processor.py:830} INFO - Processing file /opt/airflow/dags/daily_summary.py for tasks to queue
[2025-11-12T14:59:49.647+0000] {logging_mixin.py:188} INFO - [2025-11-12T14:59:49.647+0000] {dagbag.py:538} INFO - Filling up the DagBag from /opt/airflow/dags/daily_summary.py
[2025-11-12T14:59:49.763+0000] {processor.py:840} INFO - DAG(s) 'daily_summary' retrieved from /opt/airflow/dags/daily_summary.py
[2025-11-12T14:59:49.790+0000] {logging_mixin.py:188} INFO - [2025-11-12T14:59:49.789+0000] {dag.py:3036} INFO - Sync 1 DAGs
[2025-11-12T14:59:49.818+0000] {logging_mixin.py:188} INFO - [2025-11-12T14:59:49.818+0000] {dag.py:3823} INFO - Setting next_dagrun for daily_summary to 2025-11-12 00:00:00+00:00, run_after=2025-11-13 00:00:00+00:00
[2025-11-12T14:59:49.862+0000] {processor.py:183} INFO - Processing /opt/airflow/dags/daily_summary.py took 0.222 seconds
[2025-11-12T15:00:19.981+0000] {processor.py:161} INFO - Started process (PID=619) to work on /opt/airflow/dags/daily_summary.py
[2025-11-12T15:00:19.983+0000] {processor.py:830} INFO - Processing file /opt/airflow/dags/daily_summary.py for tasks to queue
[2025-11-12T15:00:19.984+0000] {logging_mixin.py:188} INFO - [2025-11-12T15:00:19.984+0000] {dagbag.py:538} INFO - Filling up the DagBag from /opt/airflow/dags/daily_summary.py
[2025-11-12T15:00:20.097+0000] {processor.py:840} INFO - DAG(s) 'daily_summary' retrieved from /opt/airflow/dags/daily_summary.py
[2025-11-12T15:00:20.131+0000] {logging_mixin.py:188} INFO - [2025-11-12T15:00:20.131+0000] {dag.py:3036} INFO - Sync 1 DAGs
[2025-11-12T15:00:20.162+0000] {logging_mixin.py:188} INFO - [2025-11-12T15:00:20.162+0000] {dag.py:3823} INFO - Setting next_dagrun for daily_summary to 2025-11-12 00:00:00+00:00, run_after=2025-11-13 00:00:00+00:00
[2025-11-12T15:00:20.199+0000] {processor.py:183} INFO - Processing /opt/airflow/dags/daily_summary.py took 0.222 seconds
[2025-11-12T15:00:50.550+0000] {processor.py:161} INFO - Started process (PID=624) to work on /opt/airflow/dags/daily_summary.py
[2025-11-12T15:00:50.552+0000] {processor.py:830} INFO - Processing file /opt/airflow/dags/daily_summary.py for tasks to queue
[2025-11-12T15:00:50.554+0000] {logging_mixin.py:188} INFO - [2025-11-12T15:00:50.554+0000] {dagbag.py:538} INFO - Filling up the DagBag from /opt/airflow/dags/daily_summary.py
[2025-11-12T15:00:50.699+0000] {processor.py:840} INFO - DAG(s) 'daily_summary' retrieved from /opt/airflow/dags/daily_summary.py
[2025-11-12T15:00:50.727+0000] {logging_mixin.py:188} INFO - [2025-11-12T15:00:50.727+0000] {dag.py:3036} INFO - Sync 1 DAGs
[2025-11-12T15:00:50.757+0000] {logging_mixin.py:188} INFO - [2025-11-12T15:00:50.757+0000] {dag.py:3823} INFO - Setting next_dagrun for daily_summary to 2025-11-12 00:00:00+00:00, run_after=2025-11-13 00:00:00+00:00
[2025-11-12T15:00:50.794+0000] {processor.py:183} INFO - Processing /opt/airflow/dags/daily_summary.py took 0.249 seconds
[2025-11-12T15:01:20.891+0000] {processor.py:161} INFO - Started process (PID=629) to work on /opt/airflow/dags/daily_summary.py
[2025-11-12T15:01:20.893+0000] {processor.py:830} INFO - Processing file /opt/airflow/dags/daily_summary.py for tasks to queue
[2025-11-12T15:01:20.894+0000] {logging_mixin.py:188} INFO - [2025-11-12T15:01:20.894+0000] {dagbag.py:538} INFO - Filling up the DagBag from /opt/airflow/dags/daily_summary.py
[2025-11-12T15:01:20.988+0000] {processor.py:840} INFO - DAG(s) 'daily_summary' retrieved from /opt/airflow/dags/daily_summary.py
[2025-11-12T15:01:21.020+0000] {logging_mixin.py:188} INFO - [2025-11-12T15:01:21.019+0000] {dag.py:3036} INFO - Sync 1 DAGs
[2025-11-12T15:01:21.063+0000] {logging_mixin.py:188} INFO - [2025-11-12T15:01:21.063+0000] {dag.py:3823} INFO - Setting next_dagrun for daily_summary to 2025-11-12 00:00:00+00:00, run_after=2025-11-13 00:00:00+00:00
[2025-11-12T15:01:21.101+0000] {processor.py:183} INFO - Processing /opt/airflow/dags/daily_summary.py took 0.214 seconds
[2025-11-12T15:01:51.245+0000] {processor.py:161} INFO - Started process (PID=634) to work on /opt/airflow/dags/daily_summary.py
[2025-11-12T15:01:51.247+0000] {processor.py:830} INFO - Processing file /opt/airflow/dags/daily_summary.py for tasks to queue
[2025-11-12T15:01:51.249+0000] {logging_mixin.py:188} INFO - [2025-11-12T15:01:51.249+0000] {dagbag.py:538} INFO - Filling up the DagBag from /opt/airflow/dags/daily_summary.py
[2025-11-12T15:01:51.341+0000] {processor.py:840} INFO - DAG(s) 'daily_summary' retrieved from /opt/airflow/dags/daily_summary.py
[2025-11-12T15:01:51.375+0000] {logging_mixin.py:188} INFO - [2025-11-12T15:01:51.375+0000] {dag.py:3036} INFO - Sync 1 DAGs
[2025-11-12T15:01:51.400+0000] {logging_mixin.py:188} INFO - [2025-11-12T15:01:51.399+0000] {dag.py:3823} INFO - Setting next_dagrun for daily_summary to 2025-11-12 00:00:00+00:00, run_after=2025-11-13 00:00:00+00:00
[2025-11-12T15:01:51.435+0000] {processor.py:183} INFO - Processing /opt/airflow/dags/daily_summary.py took 0.194 seconds
[2025-11-12T15:02:21.877+0000] {processor.py:161} INFO - Started process (PID=639) to work on /opt/airflow/dags/daily_summary.py
[2025-11-12T15:02:21.879+0000] {processor.py:830} INFO - Processing file /opt/airflow/dags/daily_summary.py for tasks to queue
[2025-11-12T15:02:21.882+0000] {logging_mixin.py:188} INFO - [2025-11-12T15:02:21.881+0000] {dagbag.py:538} INFO - Filling up the DagBag from /opt/airflow/dags/daily_summary.py
[2025-11-12T15:02:22.002+0000] {processor.py:840} INFO - DAG(s) 'daily_summary' retrieved from /opt/airflow/dags/daily_summary.py
[2025-11-12T15:02:22.033+0000] {logging_mixin.py:188} INFO - [2025-11-12T15:02:22.033+0000] {dag.py:3036} INFO - Sync 1 DAGs
[2025-11-12T15:02:22.058+0000] {logging_mixin.py:188} INFO - [2025-11-12T15:02:22.058+0000] {dag.py:3823} INFO - Setting next_dagrun for daily_summary to 2025-11-12 00:00:00+00:00, run_after=2025-11-13 00:00:00+00:00
[2025-11-12T15:02:22.092+0000] {processor.py:183} INFO - Processing /opt/airflow/dags/daily_summary.py took 0.220 seconds
[2025-11-12T15:02:52.244+0000] {processor.py:161} INFO - Started process (PID=644) to work on /opt/airflow/dags/daily_summary.py
[2025-11-12T15:02:52.247+0000] {processor.py:830} INFO - Processing file /opt/airflow/dags/daily_summary.py for tasks to queue
[2025-11-12T15:02:52.250+0000] {logging_mixin.py:188} INFO - [2025-11-12T15:02:52.249+0000] {dagbag.py:538} INFO - Filling up the DagBag from /opt/airflow/dags/daily_summary.py
[2025-11-12T15:02:52.397+0000] {processor.py:840} INFO - DAG(s) 'daily_summary' retrieved from /opt/airflow/dags/daily_summary.py
[2025-11-12T15:02:52.441+0000] {logging_mixin.py:188} INFO - [2025-11-12T15:02:52.441+0000] {dag.py:3036} INFO - Sync 1 DAGs
[2025-11-12T15:02:52.466+0000] {logging_mixin.py:188} INFO - [2025-11-12T15:02:52.466+0000] {dag.py:3823} INFO - Setting next_dagrun for daily_summary to 2025-11-12 00:00:00+00:00, run_after=2025-11-13 00:00:00+00:00
[2025-11-12T15:02:52.502+0000] {processor.py:183} INFO - Processing /opt/airflow/dags/daily_summary.py took 0.265 seconds
[2025-11-12T15:03:22.909+0000] {processor.py:161} INFO - Started process (PID=649) to work on /opt/airflow/dags/daily_summary.py
[2025-11-12T15:03:22.911+0000] {processor.py:830} INFO - Processing file /opt/airflow/dags/daily_summary.py for tasks to queue
[2025-11-12T15:03:22.913+0000] {logging_mixin.py:188} INFO - [2025-11-12T15:03:22.912+0000] {dagbag.py:538} INFO - Filling up the DagBag from /opt/airflow/dags/daily_summary.py
[2025-11-12T15:03:23.050+0000] {processor.py:840} INFO - DAG(s) 'daily_summary' retrieved from /opt/airflow/dags/daily_summary.py
[2025-11-12T15:03:23.094+0000] {logging_mixin.py:188} INFO - [2025-11-12T15:03:23.094+0000] {dag.py:3036} INFO - Sync 1 DAGs
[2025-11-12T15:03:23.128+0000] {logging_mixin.py:188} INFO - [2025-11-12T15:03:23.127+0000] {dag.py:3823} INFO - Setting next_dagrun for daily_summary to 2025-11-12 00:00:00+00:00, run_after=2025-11-13 00:00:00+00:00
[2025-11-12T15:03:23.171+0000] {processor.py:183} INFO - Processing /opt/airflow/dags/daily_summary.py took 0.266 seconds
[2025-11-12T15:03:53.284+0000] {processor.py:161} INFO - Started process (PID=654) to work on /opt/airflow/dags/daily_summary.py
[2025-11-12T15:03:53.287+0000] {processor.py:830} INFO - Processing file /opt/airflow/dags/daily_summary.py for tasks to queue
[2025-11-12T15:03:53.290+0000] {logging_mixin.py:188} INFO - [2025-11-12T15:03:53.289+0000] {dagbag.py:538} INFO - Filling up the DagBag from /opt/airflow/dags/daily_summary.py
[2025-11-12T15:03:53.400+0000] {processor.py:840} INFO - DAG(s) 'daily_summary' retrieved from /opt/airflow/dags/daily_summary.py
[2025-11-12T15:03:53.443+0000] {logging_mixin.py:188} INFO - [2025-11-12T15:03:53.443+0000] {dag.py:3036} INFO - Sync 1 DAGs
[2025-11-12T15:03:53.475+0000] {logging_mixin.py:188} INFO - [2025-11-12T15:03:53.475+0000] {dag.py:3823} INFO - Setting next_dagrun for daily_summary to 2025-11-12 00:00:00+00:00, run_after=2025-11-13 00:00:00+00:00
[2025-11-12T15:03:53.505+0000] {processor.py:183} INFO - Processing /opt/airflow/dags/daily_summary.py took 0.231 seconds
[2025-11-12T15:04:23.898+0000] {processor.py:161} INFO - Started process (PID=659) to work on /opt/airflow/dags/daily_summary.py
[2025-11-12T15:04:23.900+0000] {processor.py:830} INFO - Processing file /opt/airflow/dags/daily_summary.py for tasks to queue
[2025-11-12T15:04:23.902+0000] {logging_mixin.py:188} INFO - [2025-11-12T15:04:23.902+0000] {dagbag.py:538} INFO - Filling up the DagBag from /opt/airflow/dags/daily_summary.py
[2025-11-12T15:04:24.000+0000] {processor.py:840} INFO - DAG(s) 'daily_summary' retrieved from /opt/airflow/dags/daily_summary.py
[2025-11-12T15:04:24.051+0000] {logging_mixin.py:188} INFO - [2025-11-12T15:04:24.051+0000] {dag.py:3036} INFO - Sync 1 DAGs
[2025-11-12T15:04:24.105+0000] {logging_mixin.py:188} INFO - [2025-11-12T15:04:24.105+0000] {dag.py:3823} INFO - Setting next_dagrun for daily_summary to 2025-11-12 00:00:00+00:00, run_after=2025-11-13 00:00:00+00:00
[2025-11-12T15:04:24.150+0000] {processor.py:183} INFO - Processing /opt/airflow/dags/daily_summary.py took 0.258 seconds
[2025-11-12T15:04:54.307+0000] {processor.py:161} INFO - Started process (PID=664) to work on /opt/airflow/dags/daily_summary.py
[2025-11-12T15:04:54.309+0000] {processor.py:830} INFO - Processing file /opt/airflow/dags/daily_summary.py for tasks to queue
[2025-11-12T15:04:54.311+0000] {logging_mixin.py:188} INFO - [2025-11-12T15:04:54.311+0000] {dagbag.py:538} INFO - Filling up the DagBag from /opt/airflow/dags/daily_summary.py
[2025-11-12T15:04:54.423+0000] {processor.py:840} INFO - DAG(s) 'daily_summary' retrieved from /opt/airflow/dags/daily_summary.py
[2025-11-12T15:04:54.454+0000] {logging_mixin.py:188} INFO - [2025-11-12T15:04:54.454+0000] {dag.py:3036} INFO - Sync 1 DAGs
[2025-11-12T15:04:54.484+0000] {logging_mixin.py:188} INFO - [2025-11-12T15:04:54.484+0000] {dag.py:3823} INFO - Setting next_dagrun for daily_summary to 2025-11-12 00:00:00+00:00, run_after=2025-11-13 00:00:00+00:00
[2025-11-12T15:04:54.528+0000] {processor.py:183} INFO - Processing /opt/airflow/dags/daily_summary.py took 0.226 seconds
[2025-11-12T15:05:24.908+0000] {processor.py:161} INFO - Started process (PID=669) to work on /opt/airflow/dags/daily_summary.py
[2025-11-12T15:05:24.911+0000] {processor.py:830} INFO - Processing file /opt/airflow/dags/daily_summary.py for tasks to queue
[2025-11-12T15:05:24.912+0000] {logging_mixin.py:188} INFO - [2025-11-12T15:05:24.912+0000] {dagbag.py:538} INFO - Filling up the DagBag from /opt/airflow/dags/daily_summary.py
[2025-11-12T15:05:25.043+0000] {processor.py:840} INFO - DAG(s) 'daily_summary' retrieved from /opt/airflow/dags/daily_summary.py
[2025-11-12T15:05:25.074+0000] {logging_mixin.py:188} INFO - [2025-11-12T15:05:25.074+0000] {dag.py:3036} INFO - Sync 1 DAGs
[2025-11-12T15:05:25.099+0000] {logging_mixin.py:188} INFO - [2025-11-12T15:05:25.099+0000] {dag.py:3823} INFO - Setting next_dagrun for daily_summary to 2025-11-12 00:00:00+00:00, run_after=2025-11-13 00:00:00+00:00
[2025-11-12T15:05:25.123+0000] {processor.py:183} INFO - Processing /opt/airflow/dags/daily_summary.py took 0.221 seconds
[2025-11-12T15:05:55.271+0000] {processor.py:161} INFO - Started process (PID=674) to work on /opt/airflow/dags/daily_summary.py
[2025-11-12T15:05:55.273+0000] {processor.py:830} INFO - Processing file /opt/airflow/dags/daily_summary.py for tasks to queue
[2025-11-12T15:05:55.275+0000] {logging_mixin.py:188} INFO - [2025-11-12T15:05:55.274+0000] {dagbag.py:538} INFO - Filling up the DagBag from /opt/airflow/dags/daily_summary.py
[2025-11-12T15:05:55.383+0000] {processor.py:840} INFO - DAG(s) 'daily_summary' retrieved from /opt/airflow/dags/daily_summary.py
[2025-11-12T15:05:55.417+0000] {logging_mixin.py:188} INFO - [2025-11-12T15:05:55.416+0000] {dag.py:3036} INFO - Sync 1 DAGs
[2025-11-12T15:05:55.450+0000] {logging_mixin.py:188} INFO - [2025-11-12T15:05:55.450+0000] {dag.py:3823} INFO - Setting next_dagrun for daily_summary to 2025-11-12 00:00:00+00:00, run_after=2025-11-13 00:00:00+00:00
[2025-11-12T15:05:55.479+0000] {processor.py:183} INFO - Processing /opt/airflow/dags/daily_summary.py took 0.214 seconds
[2025-11-12T15:06:25.873+0000] {processor.py:161} INFO - Started process (PID=679) to work on /opt/airflow/dags/daily_summary.py
[2025-11-12T15:06:25.875+0000] {processor.py:830} INFO - Processing file /opt/airflow/dags/daily_summary.py for tasks to queue
[2025-11-12T15:06:25.877+0000] {logging_mixin.py:188} INFO - [2025-11-12T15:06:25.876+0000] {dagbag.py:538} INFO - Filling up the DagBag from /opt/airflow/dags/daily_summary.py
[2025-11-12T15:06:25.995+0000] {processor.py:840} INFO - DAG(s) 'daily_summary' retrieved from /opt/airflow/dags/daily_summary.py
[2025-11-12T15:06:26.027+0000] {logging_mixin.py:188} INFO - [2025-11-12T15:06:26.026+0000] {dag.py:3036} INFO - Sync 1 DAGs
[2025-11-12T15:06:26.064+0000] {logging_mixin.py:188} INFO - [2025-11-12T15:06:26.064+0000] {dag.py:3823} INFO - Setting next_dagrun for daily_summary to 2025-11-12 00:00:00+00:00, run_after=2025-11-13 00:00:00+00:00
[2025-11-12T15:06:26.099+0000] {processor.py:183} INFO - Processing /opt/airflow/dags/daily_summary.py took 0.231 seconds
[2025-11-12T15:06:56.268+0000] {processor.py:161} INFO - Started process (PID=684) to work on /opt/airflow/dags/daily_summary.py
[2025-11-12T15:06:56.272+0000] {processor.py:830} INFO - Processing file /opt/airflow/dags/daily_summary.py for tasks to queue
[2025-11-12T15:06:56.274+0000] {logging_mixin.py:188} INFO - [2025-11-12T15:06:56.274+0000] {dagbag.py:538} INFO - Filling up the DagBag from /opt/airflow/dags/daily_summary.py
[2025-11-12T15:06:56.419+0000] {processor.py:840} INFO - DAG(s) 'daily_summary' retrieved from /opt/airflow/dags/daily_summary.py
[2025-11-12T15:06:56.450+0000] {logging_mixin.py:188} INFO - [2025-11-12T15:06:56.450+0000] {dag.py:3036} INFO - Sync 1 DAGs
[2025-11-12T15:06:56.482+0000] {logging_mixin.py:188} INFO - [2025-11-12T15:06:56.482+0000] {dag.py:3823} INFO - Setting next_dagrun for daily_summary to 2025-11-12 00:00:00+00:00, run_after=2025-11-13 00:00:00+00:00
[2025-11-12T15:06:56.513+0000] {processor.py:183} INFO - Processing /opt/airflow/dags/daily_summary.py took 0.254 seconds
[2025-11-12T15:07:26.871+0000] {processor.py:161} INFO - Started process (PID=689) to work on /opt/airflow/dags/daily_summary.py
[2025-11-12T15:07:26.873+0000] {processor.py:830} INFO - Processing file /opt/airflow/dags/daily_summary.py for tasks to queue
[2025-11-12T15:07:26.875+0000] {logging_mixin.py:188} INFO - [2025-11-12T15:07:26.875+0000] {dagbag.py:538} INFO - Filling up the DagBag from /opt/airflow/dags/daily_summary.py
[2025-11-12T15:07:26.997+0000] {processor.py:840} INFO - DAG(s) 'daily_summary' retrieved from /opt/airflow/dags/daily_summary.py
[2025-11-12T15:07:27.044+0000] {logging_mixin.py:188} INFO - [2025-11-12T15:07:27.044+0000] {dag.py:3036} INFO - Sync 1 DAGs
[2025-11-12T15:07:27.088+0000] {logging_mixin.py:188} INFO - [2025-11-12T15:07:27.088+0000] {dag.py:3823} INFO - Setting next_dagrun for daily_summary to 2025-11-12 00:00:00+00:00, run_after=2025-11-13 00:00:00+00:00
[2025-11-12T15:07:27.136+0000] {processor.py:183} INFO - Processing /opt/airflow/dags/daily_summary.py took 0.270 seconds
[2025-11-12T15:07:57.280+0000] {processor.py:161} INFO - Started process (PID=694) to work on /opt/airflow/dags/daily_summary.py
[2025-11-12T15:07:57.283+0000] {processor.py:830} INFO - Processing file /opt/airflow/dags/daily_summary.py for tasks to queue
[2025-11-12T15:07:57.286+0000] {logging_mixin.py:188} INFO - [2025-11-12T15:07:57.285+0000] {dagbag.py:538} INFO - Filling up the DagBag from /opt/airflow/dags/daily_summary.py
[2025-11-12T15:07:57.401+0000] {processor.py:840} INFO - DAG(s) 'daily_summary' retrieved from /opt/airflow/dags/daily_summary.py
[2025-11-12T15:07:57.434+0000] {logging_mixin.py:188} INFO - [2025-11-12T15:07:57.434+0000] {dag.py:3036} INFO - Sync 1 DAGs
[2025-11-12T15:07:57.459+0000] {logging_mixin.py:188} INFO - [2025-11-12T15:07:57.458+0000] {dag.py:3823} INFO - Setting next_dagrun for daily_summary to 2025-11-12 00:00:00+00:00, run_after=2025-11-13 00:00:00+00:00
[2025-11-12T15:07:57.491+0000] {processor.py:183} INFO - Processing /opt/airflow/dags/daily_summary.py took 0.220 seconds
[2025-11-12T15:08:28.041+0000] {processor.py:161} INFO - Started process (PID=699) to work on /opt/airflow/dags/daily_summary.py
[2025-11-12T15:08:28.044+0000] {processor.py:830} INFO - Processing file /opt/airflow/dags/daily_summary.py for tasks to queue
[2025-11-12T15:08:28.047+0000] {logging_mixin.py:188} INFO - [2025-11-12T15:08:28.046+0000] {dagbag.py:538} INFO - Filling up the DagBag from /opt/airflow/dags/daily_summary.py
[2025-11-12T15:08:28.192+0000] {processor.py:840} INFO - DAG(s) 'daily_summary' retrieved from /opt/airflow/dags/daily_summary.py
[2025-11-12T15:08:28.223+0000] {logging_mixin.py:188} INFO - [2025-11-12T15:08:28.223+0000] {dag.py:3036} INFO - Sync 1 DAGs
[2025-11-12T15:08:28.248+0000] {logging_mixin.py:188} INFO - [2025-11-12T15:08:28.248+0000] {dag.py:3823} INFO - Setting next_dagrun for daily_summary to 2025-11-12 00:00:00+00:00, run_after=2025-11-13 00:00:00+00:00
[2025-11-12T15:08:28.288+0000] {processor.py:183} INFO - Processing /opt/airflow/dags/daily_summary.py took 0.253 seconds
[2025-11-12T15:08:58.424+0000] {processor.py:161} INFO - Started process (PID=704) to work on /opt/airflow/dags/daily_summary.py
[2025-11-12T15:08:58.426+0000] {processor.py:830} INFO - Processing file /opt/airflow/dags/daily_summary.py for tasks to queue
[2025-11-12T15:08:58.429+0000] {logging_mixin.py:188} INFO - [2025-11-12T15:08:58.429+0000] {dagbag.py:538} INFO - Filling up the DagBag from /opt/airflow/dags/daily_summary.py
[2025-11-12T15:08:58.549+0000] {processor.py:840} INFO - DAG(s) 'daily_summary' retrieved from /opt/airflow/dags/daily_summary.py
[2025-11-12T15:08:58.582+0000] {logging_mixin.py:188} INFO - [2025-11-12T15:08:58.581+0000] {dag.py:3036} INFO - Sync 1 DAGs
[2025-11-12T15:08:58.607+0000] {logging_mixin.py:188} INFO - [2025-11-12T15:08:58.607+0000] {dag.py:3823} INFO - Setting next_dagrun for daily_summary to 2025-11-12 00:00:00+00:00, run_after=2025-11-13 00:00:00+00:00
[2025-11-12T15:08:58.646+0000] {processor.py:183} INFO - Processing /opt/airflow/dags/daily_summary.py took 0.231 seconds
[2025-11-12T15:09:29.015+0000] {processor.py:161} INFO - Started process (PID=709) to work on /opt/airflow/dags/daily_summary.py
[2025-11-12T15:09:29.017+0000] {processor.py:830} INFO - Processing file /opt/airflow/dags/daily_summary.py for tasks to queue
[2025-11-12T15:09:29.018+0000] {logging_mixin.py:188} INFO - [2025-11-12T15:09:29.018+0000] {dagbag.py:538} INFO - Filling up the DagBag from /opt/airflow/dags/daily_summary.py
[2025-11-12T15:09:29.128+0000] {processor.py:840} INFO - DAG(s) 'daily_summary' retrieved from /opt/airflow/dags/daily_summary.py
[2025-11-12T15:09:29.162+0000] {logging_mixin.py:188} INFO - [2025-11-12T15:09:29.161+0000] {dag.py:3036} INFO - Sync 1 DAGs
[2025-11-12T15:09:29.195+0000] {logging_mixin.py:188} INFO - [2025-11-12T15:09:29.194+0000] {dag.py:3823} INFO - Setting next_dagrun for daily_summary to 2025-11-12 00:00:00+00:00, run_after=2025-11-13 00:00:00+00:00
[2025-11-12T15:09:29.219+0000] {processor.py:183} INFO - Processing /opt/airflow/dags/daily_summary.py took 0.209 seconds
[2025-11-12T15:09:59.370+0000] {processor.py:161} INFO - Started process (PID=714) to work on /opt/airflow/dags/daily_summary.py
[2025-11-12T15:09:59.372+0000] {processor.py:830} INFO - Processing file /opt/airflow/dags/daily_summary.py for tasks to queue
[2025-11-12T15:09:59.373+0000] {logging_mixin.py:188} INFO - [2025-11-12T15:09:59.373+0000] {dagbag.py:538} INFO - Filling up the DagBag from /opt/airflow/dags/daily_summary.py
[2025-11-12T15:09:59.486+0000] {processor.py:840} INFO - DAG(s) 'daily_summary' retrieved from /opt/airflow/dags/daily_summary.py
[2025-11-12T15:09:59.521+0000] {logging_mixin.py:188} INFO - [2025-11-12T15:09:59.520+0000] {dag.py:3036} INFO - Sync 1 DAGs
[2025-11-12T15:09:59.546+0000] {logging_mixin.py:188} INFO - [2025-11-12T15:09:59.546+0000] {dag.py:3823} INFO - Setting next_dagrun for daily_summary to 2025-11-12 00:00:00+00:00, run_after=2025-11-13 00:00:00+00:00
[2025-11-12T15:09:59.568+0000] {processor.py:183} INFO - Processing /opt/airflow/dags/daily_summary.py took 0.202 seconds
[2025-11-12T15:10:29.972+0000] {processor.py:161} INFO - Started process (PID=719) to work on /opt/airflow/dags/daily_summary.py
[2025-11-12T15:10:29.974+0000] {processor.py:830} INFO - Processing file /opt/airflow/dags/daily_summary.py for tasks to queue
[2025-11-12T15:10:29.976+0000] {logging_mixin.py:188} INFO - [2025-11-12T15:10:29.976+0000] {dagbag.py:538} INFO - Filling up the DagBag from /opt/airflow/dags/daily_summary.py
[2025-11-12T15:10:30.118+0000] {processor.py:840} INFO - DAG(s) 'daily_summary' retrieved from /opt/airflow/dags/daily_summary.py
[2025-11-12T15:10:30.149+0000] {logging_mixin.py:188} INFO - [2025-11-12T15:10:30.149+0000] {dag.py:3036} INFO - Sync 1 DAGs
[2025-11-12T15:10:30.175+0000] {logging_mixin.py:188} INFO - [2025-11-12T15:10:30.175+0000] {dag.py:3823} INFO - Setting next_dagrun for daily_summary to 2025-11-12 00:00:00+00:00, run_after=2025-11-13 00:00:00+00:00
[2025-11-12T15:10:30.201+0000] {processor.py:183} INFO - Processing /opt/airflow/dags/daily_summary.py took 0.234 seconds
[2025-11-12T15:11:00.337+0000] {processor.py:161} INFO - Started process (PID=724) to work on /opt/airflow/dags/daily_summary.py
[2025-11-12T15:11:00.340+0000] {processor.py:830} INFO - Processing file /opt/airflow/dags/daily_summary.py for tasks to queue
[2025-11-12T15:11:00.343+0000] {logging_mixin.py:188} INFO - [2025-11-12T15:11:00.342+0000] {dagbag.py:538} INFO - Filling up the DagBag from /opt/airflow/dags/daily_summary.py
[2025-11-12T15:11:00.458+0000] {processor.py:840} INFO - DAG(s) 'daily_summary' retrieved from /opt/airflow/dags/daily_summary.py
[2025-11-12T15:11:00.491+0000] {logging_mixin.py:188} INFO - [2025-11-12T15:11:00.491+0000] {dag.py:3036} INFO - Sync 1 DAGs
[2025-11-12T15:11:00.530+0000] {logging_mixin.py:188} INFO - [2025-11-12T15:11:00.529+0000] {dag.py:3823} INFO - Setting next_dagrun for daily_summary to 2025-11-12 00:00:00+00:00, run_after=2025-11-13 00:00:00+00:00
[2025-11-12T15:11:00.560+0000] {processor.py:183} INFO - Processing /opt/airflow/dags/daily_summary.py took 0.228 seconds
[2025-11-12T15:11:30.943+0000] {processor.py:161} INFO - Started process (PID=729) to work on /opt/airflow/dags/daily_summary.py
[2025-11-12T15:11:30.946+0000] {processor.py:830} INFO - Processing file /opt/airflow/dags/daily_summary.py for tasks to queue
[2025-11-12T15:11:30.949+0000] {logging_mixin.py:188} INFO - [2025-11-12T15:11:30.948+0000] {dagbag.py:538} INFO - Filling up the DagBag from /opt/airflow/dags/daily_summary.py
[2025-11-12T15:11:31.085+0000] {processor.py:840} INFO - DAG(s) 'daily_summary' retrieved from /opt/airflow/dags/daily_summary.py
[2025-11-12T15:11:31.115+0000] {logging_mixin.py:188} INFO - [2025-11-12T15:11:31.115+0000] {dag.py:3036} INFO - Sync 1 DAGs
[2025-11-12T15:11:31.142+0000] {logging_mixin.py:188} INFO - [2025-11-12T15:11:31.141+0000] {dag.py:3823} INFO - Setting next_dagrun for daily_summary to 2025-11-12 00:00:00+00:00, run_after=2025-11-13 00:00:00+00:00
[2025-11-12T15:11:31.173+0000] {processor.py:183} INFO - Processing /opt/airflow/dags/daily_summary.py took 0.236 seconds
[2025-11-12T15:12:01.302+0000] {processor.py:161} INFO - Started process (PID=734) to work on /opt/airflow/dags/daily_summary.py
[2025-11-12T15:12:01.332+0000] {processor.py:830} INFO - Processing file /opt/airflow/dags/daily_summary.py for tasks to queue
[2025-11-12T15:12:01.334+0000] {logging_mixin.py:188} INFO - [2025-11-12T15:12:01.334+0000] {dagbag.py:538} INFO - Filling up the DagBag from /opt/airflow/dags/daily_summary.py
[2025-11-12T15:12:01.431+0000] {processor.py:840} INFO - DAG(s) 'daily_summary' retrieved from /opt/airflow/dags/daily_summary.py
[2025-11-12T15:12:01.462+0000] {logging_mixin.py:188} INFO - [2025-11-12T15:12:01.461+0000] {dag.py:3036} INFO - Sync 1 DAGs
[2025-11-12T15:12:01.486+0000] {logging_mixin.py:188} INFO - [2025-11-12T15:12:01.486+0000] {dag.py:3823} INFO - Setting next_dagrun for daily_summary to 2025-11-12 00:00:00+00:00, run_after=2025-11-13 00:00:00+00:00
[2025-11-12T15:12:01.520+0000] {processor.py:183} INFO - Processing /opt/airflow/dags/daily_summary.py took 0.224 seconds
[2025-11-12T15:12:31.918+0000] {processor.py:161} INFO - Started process (PID=739) to work on /opt/airflow/dags/daily_summary.py
[2025-11-12T15:12:31.921+0000] {processor.py:830} INFO - Processing file /opt/airflow/dags/daily_summary.py for tasks to queue
[2025-11-12T15:12:31.922+0000] {logging_mixin.py:188} INFO - [2025-11-12T15:12:31.922+0000] {dagbag.py:538} INFO - Filling up the DagBag from /opt/airflow/dags/daily_summary.py
[2025-11-12T15:12:32.015+0000] {processor.py:840} INFO - DAG(s) 'daily_summary' retrieved from /opt/airflow/dags/daily_summary.py
[2025-11-12T15:12:32.045+0000] {logging_mixin.py:188} INFO - [2025-11-12T15:12:32.045+0000] {dag.py:3036} INFO - Sync 1 DAGs
[2025-11-12T15:12:32.072+0000] {logging_mixin.py:188} INFO - [2025-11-12T15:12:32.071+0000] {dag.py:3823} INFO - Setting next_dagrun for daily_summary to 2025-11-12 00:00:00+00:00, run_after=2025-11-13 00:00:00+00:00
[2025-11-12T15:12:32.103+0000] {processor.py:183} INFO - Processing /opt/airflow/dags/daily_summary.py took 0.190 seconds
[2025-11-12T15:13:02.320+0000] {processor.py:161} INFO - Started process (PID=744) to work on /opt/airflow/dags/daily_summary.py
[2025-11-12T15:13:02.323+0000] {processor.py:830} INFO - Processing file /opt/airflow/dags/daily_summary.py for tasks to queue
[2025-11-12T15:13:02.325+0000] {logging_mixin.py:188} INFO - [2025-11-12T15:13:02.325+0000] {dagbag.py:538} INFO - Filling up the DagBag from /opt/airflow/dags/daily_summary.py
[2025-11-12T15:13:02.475+0000] {processor.py:840} INFO - DAG(s) 'daily_summary' retrieved from /opt/airflow/dags/daily_summary.py
[2025-11-12T15:13:02.507+0000] {logging_mixin.py:188} INFO - [2025-11-12T15:13:02.507+0000] {dag.py:3036} INFO - Sync 1 DAGs
[2025-11-12T15:13:02.532+0000] {logging_mixin.py:188} INFO - [2025-11-12T15:13:02.532+0000] {dag.py:3823} INFO - Setting next_dagrun for daily_summary to 2025-11-12 00:00:00+00:00, run_after=2025-11-13 00:00:00+00:00
[2025-11-12T15:13:02.574+0000] {processor.py:183} INFO - Processing /opt/airflow/dags/daily_summary.py took 0.262 seconds
[2025-11-12T15:13:32.836+0000] {processor.py:161} INFO - Started process (PID=749) to work on /opt/airflow/dags/daily_summary.py
[2025-11-12T15:13:32.838+0000] {processor.py:830} INFO - Processing file /opt/airflow/dags/daily_summary.py for tasks to queue
[2025-11-12T15:13:32.840+0000] {logging_mixin.py:188} INFO - [2025-11-12T15:13:32.840+0000] {dagbag.py:538} INFO - Filling up the DagBag from /opt/airflow/dags/daily_summary.py
[2025-11-12T15:13:33.008+0000] {processor.py:840} INFO - DAG(s) 'daily_summary' retrieved from /opt/airflow/dags/daily_summary.py
[2025-11-12T15:13:33.045+0000] {logging_mixin.py:188} INFO - [2025-11-12T15:13:33.045+0000] {dag.py:3036} INFO - Sync 1 DAGs
[2025-11-12T15:13:33.077+0000] {logging_mixin.py:188} INFO - [2025-11-12T15:13:33.076+0000] {dag.py:3823} INFO - Setting next_dagrun for daily_summary to 2025-11-12 00:00:00+00:00, run_after=2025-11-13 00:00:00+00:00
[2025-11-12T15:13:33.102+0000] {processor.py:183} INFO - Processing /opt/airflow/dags/daily_summary.py took 0.271 seconds
[2025-11-12T15:14:03.365+0000] {processor.py:161} INFO - Started process (PID=754) to work on /opt/airflow/dags/daily_summary.py
[2025-11-12T15:14:03.367+0000] {processor.py:830} INFO - Processing file /opt/airflow/dags/daily_summary.py for tasks to queue
[2025-11-12T15:14:03.369+0000] {logging_mixin.py:188} INFO - [2025-11-12T15:14:03.369+0000] {dagbag.py:538} INFO - Filling up the DagBag from /opt/airflow/dags/daily_summary.py
[2025-11-12T15:14:03.494+0000] {processor.py:840} INFO - DAG(s) 'daily_summary' retrieved from /opt/airflow/dags/daily_summary.py
[2025-11-12T15:14:03.531+0000] {logging_mixin.py:188} INFO - [2025-11-12T15:14:03.531+0000] {dag.py:3036} INFO - Sync 1 DAGs
[2025-11-12T15:14:03.565+0000] {logging_mixin.py:188} INFO - [2025-11-12T15:14:03.565+0000] {dag.py:3823} INFO - Setting next_dagrun for daily_summary to 2025-11-12 00:00:00+00:00, run_after=2025-11-13 00:00:00+00:00
[2025-11-12T15:14:03.602+0000] {processor.py:183} INFO - Processing /opt/airflow/dags/daily_summary.py took 0.245 seconds
[2025-11-12T15:14:33.840+0000] {processor.py:161} INFO - Started process (PID=759) to work on /opt/airflow/dags/daily_summary.py
[2025-11-12T15:14:33.842+0000] {processor.py:830} INFO - Processing file /opt/airflow/dags/daily_summary.py for tasks to queue
[2025-11-12T15:14:33.844+0000] {logging_mixin.py:188} INFO - [2025-11-12T15:14:33.844+0000] {dagbag.py:538} INFO - Filling up the DagBag from /opt/airflow/dags/daily_summary.py
[2025-11-12T15:14:33.974+0000] {processor.py:840} INFO - DAG(s) 'daily_summary' retrieved from /opt/airflow/dags/daily_summary.py
[2025-11-12T15:14:34.011+0000] {logging_mixin.py:188} INFO - [2025-11-12T15:14:34.011+0000] {dag.py:3036} INFO - Sync 1 DAGs
[2025-11-12T15:14:34.045+0000] {logging_mixin.py:188} INFO - [2025-11-12T15:14:34.045+0000] {dag.py:3823} INFO - Setting next_dagrun for daily_summary to 2025-11-12 00:00:00+00:00, run_after=2025-11-13 00:00:00+00:00
[2025-11-12T15:14:34.090+0000] {processor.py:183} INFO - Processing /opt/airflow/dags/daily_summary.py took 0.257 seconds
[2025-11-12T15:15:04.342+0000] {processor.py:161} INFO - Started process (PID=764) to work on /opt/airflow/dags/daily_summary.py
[2025-11-12T15:15:04.344+0000] {processor.py:830} INFO - Processing file /opt/airflow/dags/daily_summary.py for tasks to queue
[2025-11-12T15:15:04.346+0000] {logging_mixin.py:188} INFO - [2025-11-12T15:15:04.345+0000] {dagbag.py:538} INFO - Filling up the DagBag from /opt/airflow/dags/daily_summary.py
[2025-11-12T15:15:04.448+0000] {processor.py:840} INFO - DAG(s) 'daily_summary' retrieved from /opt/airflow/dags/daily_summary.py
[2025-11-12T15:15:04.488+0000] {logging_mixin.py:188} INFO - [2025-11-12T15:15:04.488+0000] {dag.py:3036} INFO - Sync 1 DAGs
[2025-11-12T15:15:04.518+0000] {logging_mixin.py:188} INFO - [2025-11-12T15:15:04.518+0000] {dag.py:3823} INFO - Setting next_dagrun for daily_summary to 2025-11-12 00:00:00+00:00, run_after=2025-11-13 00:00:00+00:00
[2025-11-12T15:15:04.546+0000] {processor.py:183} INFO - Processing /opt/airflow/dags/daily_summary.py took 0.213 seconds
[2025-11-12T15:15:34.832+0000] {processor.py:161} INFO - Started process (PID=769) to work on /opt/airflow/dags/daily_summary.py
[2025-11-12T15:15:34.835+0000] {processor.py:830} INFO - Processing file /opt/airflow/dags/daily_summary.py for tasks to queue
[2025-11-12T15:15:34.838+0000] {logging_mixin.py:188} INFO - [2025-11-12T15:15:34.837+0000] {dagbag.py:538} INFO - Filling up the DagBag from /opt/airflow/dags/daily_summary.py
[2025-11-12T15:15:34.966+0000] {processor.py:840} INFO - DAG(s) 'daily_summary' retrieved from /opt/airflow/dags/daily_summary.py
[2025-11-12T15:15:35.024+0000] {logging_mixin.py:188} INFO - [2025-11-12T15:15:35.024+0000] {dag.py:3036} INFO - Sync 1 DAGs
[2025-11-12T15:15:35.071+0000] {logging_mixin.py:188} INFO - [2025-11-12T15:15:35.070+0000] {dag.py:3823} INFO - Setting next_dagrun for daily_summary to 2025-11-12 00:00:00+00:00, run_after=2025-11-13 00:00:00+00:00
[2025-11-12T15:15:35.125+0000] {processor.py:183} INFO - Processing /opt/airflow/dags/daily_summary.py took 0.301 seconds
[2025-11-12T15:16:05.300+0000] {processor.py:161} INFO - Started process (PID=774) to work on /opt/airflow/dags/daily_summary.py
[2025-11-12T15:16:05.303+0000] {processor.py:830} INFO - Processing file /opt/airflow/dags/daily_summary.py for tasks to queue
[2025-11-12T15:16:05.305+0000] {logging_mixin.py:188} INFO - [2025-11-12T15:16:05.305+0000] {dagbag.py:538} INFO - Filling up the DagBag from /opt/airflow/dags/daily_summary.py
[2025-11-12T15:16:05.458+0000] {processor.py:840} INFO - DAG(s) 'daily_summary' retrieved from /opt/airflow/dags/daily_summary.py
[2025-11-12T15:16:05.486+0000] {logging_mixin.py:188} INFO - [2025-11-12T15:16:05.486+0000] {dag.py:3036} INFO - Sync 1 DAGs
[2025-11-12T15:16:05.524+0000] {logging_mixin.py:188} INFO - [2025-11-12T15:16:05.523+0000] {dag.py:3823} INFO - Setting next_dagrun for daily_summary to 2025-11-12 00:00:00+00:00, run_after=2025-11-13 00:00:00+00:00
[2025-11-12T15:16:05.569+0000] {processor.py:183} INFO - Processing /opt/airflow/dags/daily_summary.py took 0.277 seconds
[2025-11-12T15:16:35.903+0000] {processor.py:161} INFO - Started process (PID=779) to work on /opt/airflow/dags/daily_summary.py
[2025-11-12T15:16:35.907+0000] {processor.py:830} INFO - Processing file /opt/airflow/dags/daily_summary.py for tasks to queue
[2025-11-12T15:16:35.909+0000] {logging_mixin.py:188} INFO - [2025-11-12T15:16:35.909+0000] {dagbag.py:538} INFO - Filling up the DagBag from /opt/airflow/dags/daily_summary.py
[2025-11-12T15:16:36.031+0000] {processor.py:840} INFO - DAG(s) 'daily_summary' retrieved from /opt/airflow/dags/daily_summary.py
[2025-11-12T15:16:36.061+0000] {logging_mixin.py:188} INFO - [2025-11-12T15:16:36.061+0000] {dag.py:3036} INFO - Sync 1 DAGs
[2025-11-12T15:16:36.086+0000] {logging_mixin.py:188} INFO - [2025-11-12T15:16:36.085+0000] {dag.py:3823} INFO - Setting next_dagrun for daily_summary to 2025-11-12 00:00:00+00:00, run_after=2025-11-13 00:00:00+00:00
[2025-11-12T15:16:36.113+0000] {processor.py:183} INFO - Processing /opt/airflow/dags/daily_summary.py took 0.217 seconds
[2025-11-12T15:17:06.280+0000] {processor.py:161} INFO - Started process (PID=784) to work on /opt/airflow/dags/daily_summary.py
[2025-11-12T15:17:06.283+0000] {processor.py:830} INFO - Processing file /opt/airflow/dags/daily_summary.py for tasks to queue
[2025-11-12T15:17:06.285+0000] {logging_mixin.py:188} INFO - [2025-11-12T15:17:06.284+0000] {dagbag.py:538} INFO - Filling up the DagBag from /opt/airflow/dags/daily_summary.py
[2025-11-12T15:17:06.419+0000] {processor.py:840} INFO - DAG(s) 'daily_summary' retrieved from /opt/airflow/dags/daily_summary.py
[2025-11-12T15:17:06.451+0000] {logging_mixin.py:188} INFO - [2025-11-12T15:17:06.450+0000] {dag.py:3036} INFO - Sync 1 DAGs
[2025-11-12T15:17:06.476+0000] {logging_mixin.py:188} INFO - [2025-11-12T15:17:06.475+0000] {dag.py:3823} INFO - Setting next_dagrun for daily_summary to 2025-11-12 00:00:00+00:00, run_after=2025-11-13 00:00:00+00:00
[2025-11-12T15:17:06.521+0000] {processor.py:183} INFO - Processing /opt/airflow/dags/daily_summary.py took 0.248 seconds
[2025-11-12T15:17:36.844+0000] {processor.py:161} INFO - Started process (PID=789) to work on /opt/airflow/dags/daily_summary.py
[2025-11-12T15:17:36.846+0000] {processor.py:830} INFO - Processing file /opt/airflow/dags/daily_summary.py for tasks to queue
[2025-11-12T15:17:36.848+0000] {logging_mixin.py:188} INFO - [2025-11-12T15:17:36.847+0000] {dagbag.py:538} INFO - Filling up the DagBag from /opt/airflow/dags/daily_summary.py
[2025-11-12T15:17:36.969+0000] {processor.py:840} INFO - DAG(s) 'daily_summary' retrieved from /opt/airflow/dags/daily_summary.py
[2025-11-12T15:17:37.010+0000] {logging_mixin.py:188} INFO - [2025-11-12T15:17:37.010+0000] {dag.py:3036} INFO - Sync 1 DAGs
[2025-11-12T15:17:37.037+0000] {logging_mixin.py:188} INFO - [2025-11-12T15:17:37.037+0000] {dag.py:3823} INFO - Setting next_dagrun for daily_summary to 2025-11-12 00:00:00+00:00, run_after=2025-11-13 00:00:00+00:00
[2025-11-12T15:17:37.074+0000] {processor.py:183} INFO - Processing /opt/airflow/dags/daily_summary.py took 0.234 seconds
[2025-11-12T15:18:07.283+0000] {processor.py:161} INFO - Started process (PID=794) to work on /opt/airflow/dags/daily_summary.py
[2025-11-12T15:18:07.286+0000] {processor.py:830} INFO - Processing file /opt/airflow/dags/daily_summary.py for tasks to queue
[2025-11-12T15:18:07.289+0000] {logging_mixin.py:188} INFO - [2025-11-12T15:18:07.288+0000] {dagbag.py:538} INFO - Filling up the DagBag from /opt/airflow/dags/daily_summary.py
[2025-11-12T15:18:07.421+0000] {processor.py:840} INFO - DAG(s) 'daily_summary' retrieved from /opt/airflow/dags/daily_summary.py
[2025-11-12T15:18:07.470+0000] {logging_mixin.py:188} INFO - [2025-11-12T15:18:07.470+0000] {dag.py:3036} INFO - Sync 1 DAGs
[2025-11-12T15:18:07.511+0000] {logging_mixin.py:188} INFO - [2025-11-12T15:18:07.510+0000] {dag.py:3823} INFO - Setting next_dagrun for daily_summary to 2025-11-12 00:00:00+00:00, run_after=2025-11-13 00:00:00+00:00
[2025-11-12T15:18:07.544+0000] {processor.py:183} INFO - Processing /opt/airflow/dags/daily_summary.py took 0.270 seconds
[2025-11-12T15:18:37.915+0000] {processor.py:161} INFO - Started process (PID=799) to work on /opt/airflow/dags/daily_summary.py
[2025-11-12T15:18:37.918+0000] {processor.py:830} INFO - Processing file /opt/airflow/dags/daily_summary.py for tasks to queue
[2025-11-12T15:18:37.920+0000] {logging_mixin.py:188} INFO - [2025-11-12T15:18:37.919+0000] {dagbag.py:538} INFO - Filling up the DagBag from /opt/airflow/dags/daily_summary.py
[2025-11-12T15:18:38.066+0000] {processor.py:840} INFO - DAG(s) 'daily_summary' retrieved from /opt/airflow/dags/daily_summary.py
[2025-11-12T15:18:38.102+0000] {logging_mixin.py:188} INFO - [2025-11-12T15:18:38.101+0000] {dag.py:3036} INFO - Sync 1 DAGs
[2025-11-12T15:18:38.125+0000] {logging_mixin.py:188} INFO - [2025-11-12T15:18:38.125+0000] {dag.py:3823} INFO - Setting next_dagrun for daily_summary to 2025-11-12 00:00:00+00:00, run_after=2025-11-13 00:00:00+00:00
[2025-11-12T15:18:38.148+0000] {processor.py:183} INFO - Processing /opt/airflow/dags/daily_summary.py took 0.239 seconds
[2025-11-12T15:19:08.316+0000] {processor.py:161} INFO - Started process (PID=804) to work on /opt/airflow/dags/daily_summary.py
[2025-11-12T15:19:08.319+0000] {processor.py:830} INFO - Processing file /opt/airflow/dags/daily_summary.py for tasks to queue
[2025-11-12T15:19:08.322+0000] {logging_mixin.py:188} INFO - [2025-11-12T15:19:08.321+0000] {dagbag.py:538} INFO - Filling up the DagBag from /opt/airflow/dags/daily_summary.py
[2025-11-12T15:19:08.477+0000] {processor.py:840} INFO - DAG(s) 'daily_summary' retrieved from /opt/airflow/dags/daily_summary.py
[2025-11-12T15:19:08.508+0000] {logging_mixin.py:188} INFO - [2025-11-12T15:19:08.508+0000] {dag.py:3036} INFO - Sync 1 DAGs
[2025-11-12T15:19:08.534+0000] {logging_mixin.py:188} INFO - [2025-11-12T15:19:08.534+0000] {dag.py:3823} INFO - Setting next_dagrun for daily_summary to 2025-11-12 00:00:00+00:00, run_after=2025-11-13 00:00:00+00:00
[2025-11-12T15:19:08.558+0000] {processor.py:183} INFO - Processing /opt/airflow/dags/daily_summary.py took 0.248 seconds
[2025-11-12T15:19:38.912+0000] {processor.py:161} INFO - Started process (PID=809) to work on /opt/airflow/dags/daily_summary.py
[2025-11-12T15:19:38.914+0000] {processor.py:830} INFO - Processing file /opt/airflow/dags/daily_summary.py for tasks to queue
[2025-11-12T15:19:38.915+0000] {logging_mixin.py:188} INFO - [2025-11-12T15:19:38.915+0000] {dagbag.py:538} INFO - Filling up the DagBag from /opt/airflow/dags/daily_summary.py
[2025-11-12T15:19:39.031+0000] {processor.py:840} INFO - DAG(s) 'daily_summary' retrieved from /opt/airflow/dags/daily_summary.py
[2025-11-12T15:19:39.060+0000] {logging_mixin.py:188} INFO - [2025-11-12T15:19:39.059+0000] {dag.py:3036} INFO - Sync 1 DAGs
[2025-11-12T15:19:39.084+0000] {logging_mixin.py:188} INFO - [2025-11-12T15:19:39.084+0000] {dag.py:3823} INFO - Setting next_dagrun for daily_summary to 2025-11-12 00:00:00+00:00, run_after=2025-11-13 00:00:00+00:00
[2025-11-12T15:19:39.118+0000] {processor.py:183} INFO - Processing /opt/airflow/dags/daily_summary.py took 0.209 seconds
[2025-11-12T15:20:09.310+0000] {processor.py:161} INFO - Started process (PID=814) to work on /opt/airflow/dags/daily_summary.py
[2025-11-12T15:20:09.313+0000] {processor.py:830} INFO - Processing file /opt/airflow/dags/daily_summary.py for tasks to queue
[2025-11-12T15:20:09.316+0000] {logging_mixin.py:188} INFO - [2025-11-12T15:20:09.315+0000] {dagbag.py:538} INFO - Filling up the DagBag from /opt/airflow/dags/daily_summary.py
[2025-11-12T15:20:09.436+0000] {processor.py:840} INFO - DAG(s) 'daily_summary' retrieved from /opt/airflow/dags/daily_summary.py
[2025-11-12T15:20:09.466+0000] {logging_mixin.py:188} INFO - [2025-11-12T15:20:09.466+0000] {dag.py:3036} INFO - Sync 1 DAGs
[2025-11-12T15:20:09.491+0000] {logging_mixin.py:188} INFO - [2025-11-12T15:20:09.491+0000] {dag.py:3823} INFO - Setting next_dagrun for daily_summary to 2025-11-12 00:00:00+00:00, run_after=2025-11-13 00:00:00+00:00
[2025-11-12T15:20:09.529+0000] {processor.py:183} INFO - Processing /opt/airflow/dags/daily_summary.py took 0.227 seconds
[2025-11-12T15:20:39.857+0000] {processor.py:161} INFO - Started process (PID=819) to work on /opt/airflow/dags/daily_summary.py
[2025-11-12T15:20:39.859+0000] {processor.py:830} INFO - Processing file /opt/airflow/dags/daily_summary.py for tasks to queue
[2025-11-12T15:20:39.860+0000] {logging_mixin.py:188} INFO - [2025-11-12T15:20:39.860+0000] {dagbag.py:538} INFO - Filling up the DagBag from /opt/airflow/dags/daily_summary.py
[2025-11-12T15:20:39.957+0000] {processor.py:840} INFO - DAG(s) 'daily_summary' retrieved from /opt/airflow/dags/daily_summary.py
[2025-11-12T15:20:39.994+0000] {logging_mixin.py:188} INFO - [2025-11-12T15:20:39.994+0000] {dag.py:3036} INFO - Sync 1 DAGs
[2025-11-12T15:20:40.031+0000] {logging_mixin.py:188} INFO - [2025-11-12T15:20:40.031+0000] {dag.py:3823} INFO - Setting next_dagrun for daily_summary to 2025-11-12 00:00:00+00:00, run_after=2025-11-13 00:00:00+00:00
[2025-11-12T15:20:40.064+0000] {processor.py:183} INFO - Processing /opt/airflow/dags/daily_summary.py took 0.212 seconds
[2025-11-12T15:21:10.262+0000] {processor.py:161} INFO - Started process (PID=824) to work on /opt/airflow/dags/daily_summary.py
[2025-11-12T15:21:10.265+0000] {processor.py:830} INFO - Processing file /opt/airflow/dags/daily_summary.py for tasks to queue
[2025-11-12T15:21:10.267+0000] {logging_mixin.py:188} INFO - [2025-11-12T15:21:10.267+0000] {dagbag.py:538} INFO - Filling up the DagBag from /opt/airflow/dags/daily_summary.py
[2025-11-12T15:21:10.381+0000] {processor.py:840} INFO - DAG(s) 'daily_summary' retrieved from /opt/airflow/dags/daily_summary.py
[2025-11-12T15:21:10.412+0000] {logging_mixin.py:188} INFO - [2025-11-12T15:21:10.411+0000] {dag.py:3036} INFO - Sync 1 DAGs
[2025-11-12T15:21:10.443+0000] {logging_mixin.py:188} INFO - [2025-11-12T15:21:10.443+0000] {dag.py:3823} INFO - Setting next_dagrun for daily_summary to 2025-11-12 00:00:00+00:00, run_after=2025-11-13 00:00:00+00:00
[2025-11-12T15:21:10.496+0000] {processor.py:183} INFO - Processing /opt/airflow/dags/daily_summary.py took 0.243 seconds
[2025-11-12T15:21:40.834+0000] {processor.py:161} INFO - Started process (PID=829) to work on /opt/airflow/dags/daily_summary.py
[2025-11-12T15:21:40.836+0000] {processor.py:830} INFO - Processing file /opt/airflow/dags/daily_summary.py for tasks to queue
[2025-11-12T15:21:40.838+0000] {logging_mixin.py:188} INFO - [2025-11-12T15:21:40.837+0000] {dagbag.py:538} INFO - Filling up the DagBag from /opt/airflow/dags/daily_summary.py
[2025-11-12T15:21:40.968+0000] {processor.py:840} INFO - DAG(s) 'daily_summary' retrieved from /opt/airflow/dags/daily_summary.py
[2025-11-12T15:21:41.006+0000] {logging_mixin.py:188} INFO - [2025-11-12T15:21:41.006+0000] {dag.py:3036} INFO - Sync 1 DAGs
[2025-11-12T15:21:41.036+0000] {logging_mixin.py:188} INFO - [2025-11-12T15:21:41.035+0000] {dag.py:3823} INFO - Setting next_dagrun for daily_summary to 2025-11-12 00:00:00+00:00, run_after=2025-11-13 00:00:00+00:00
[2025-11-12T15:21:41.060+0000] {processor.py:183} INFO - Processing /opt/airflow/dags/daily_summary.py took 0.232 seconds
[2025-11-12T15:22:11.256+0000] {processor.py:161} INFO - Started process (PID=834) to work on /opt/airflow/dags/daily_summary.py
[2025-11-12T15:22:11.259+0000] {processor.py:830} INFO - Processing file /opt/airflow/dags/daily_summary.py for tasks to queue
[2025-11-12T15:22:11.262+0000] {logging_mixin.py:188} INFO - [2025-11-12T15:22:11.261+0000] {dagbag.py:538} INFO - Filling up the DagBag from /opt/airflow/dags/daily_summary.py
[2025-11-12T15:22:11.396+0000] {processor.py:840} INFO - DAG(s) 'daily_summary' retrieved from /opt/airflow/dags/daily_summary.py
[2025-11-12T15:22:11.426+0000] {logging_mixin.py:188} INFO - [2025-11-12T15:22:11.426+0000] {dag.py:3036} INFO - Sync 1 DAGs
[2025-11-12T15:22:11.447+0000] {logging_mixin.py:188} INFO - [2025-11-12T15:22:11.447+0000] {dag.py:3823} INFO - Setting next_dagrun for daily_summary to 2025-11-12 00:00:00+00:00, run_after=2025-11-13 00:00:00+00:00
[2025-11-12T15:22:11.479+0000] {processor.py:183} INFO - Processing /opt/airflow/dags/daily_summary.py took 0.232 seconds
[2025-11-12T15:22:41.821+0000] {processor.py:161} INFO - Started process (PID=839) to work on /opt/airflow/dags/daily_summary.py
[2025-11-12T15:22:41.822+0000] {processor.py:830} INFO - Processing file /opt/airflow/dags/daily_summary.py for tasks to queue
[2025-11-12T15:22:41.824+0000] {logging_mixin.py:188} INFO - [2025-11-12T15:22:41.823+0000] {dagbag.py:538} INFO - Filling up the DagBag from /opt/airflow/dags/daily_summary.py
[2025-11-12T15:22:41.921+0000] {processor.py:840} INFO - DAG(s) 'daily_summary' retrieved from /opt/airflow/dags/daily_summary.py
[2025-11-12T15:22:41.947+0000] {logging_mixin.py:188} INFO - [2025-11-12T15:22:41.947+0000] {dag.py:3036} INFO - Sync 1 DAGs
[2025-11-12T15:22:41.975+0000] {logging_mixin.py:188} INFO - [2025-11-12T15:22:41.975+0000] {dag.py:3823} INFO - Setting next_dagrun for daily_summary to 2025-11-12 00:00:00+00:00, run_after=2025-11-13 00:00:00+00:00
[2025-11-12T15:22:42.024+0000] {processor.py:183} INFO - Processing /opt/airflow/dags/daily_summary.py took 0.209 seconds
[2025-11-12T15:23:12.234+0000] {processor.py:161} INFO - Started process (PID=844) to work on /opt/airflow/dags/daily_summary.py
[2025-11-12T15:23:12.237+0000] {processor.py:830} INFO - Processing file /opt/airflow/dags/daily_summary.py for tasks to queue
[2025-11-12T15:23:12.240+0000] {logging_mixin.py:188} INFO - [2025-11-12T15:23:12.239+0000] {dagbag.py:538} INFO - Filling up the DagBag from /opt/airflow/dags/daily_summary.py
[2025-11-12T15:23:12.377+0000] {processor.py:840} INFO - DAG(s) 'daily_summary' retrieved from /opt/airflow/dags/daily_summary.py
[2025-11-12T15:23:12.404+0000] {logging_mixin.py:188} INFO - [2025-11-12T15:23:12.404+0000] {dag.py:3036} INFO - Sync 1 DAGs
[2025-11-12T15:23:12.428+0000] {logging_mixin.py:188} INFO - [2025-11-12T15:23:12.428+0000] {dag.py:3823} INFO - Setting next_dagrun for daily_summary to 2025-11-12 00:00:00+00:00, run_after=2025-11-13 00:00:00+00:00
[2025-11-12T15:23:12.475+0000] {processor.py:183} INFO - Processing /opt/airflow/dags/daily_summary.py took 0.248 seconds
[2025-11-12T15:23:42.810+0000] {processor.py:161} INFO - Started process (PID=849) to work on /opt/airflow/dags/daily_summary.py
[2025-11-12T15:23:42.813+0000] {processor.py:830} INFO - Processing file /opt/airflow/dags/daily_summary.py for tasks to queue
[2025-11-12T15:23:42.815+0000] {logging_mixin.py:188} INFO - [2025-11-12T15:23:42.815+0000] {dagbag.py:538} INFO - Filling up the DagBag from /opt/airflow/dags/daily_summary.py
[2025-11-12T15:23:42.955+0000] {processor.py:840} INFO - DAG(s) 'daily_summary' retrieved from /opt/airflow/dags/daily_summary.py
[2025-11-12T15:23:42.996+0000] {logging_mixin.py:188} INFO - [2025-11-12T15:23:42.996+0000] {dag.py:3036} INFO - Sync 1 DAGs
[2025-11-12T15:23:43.035+0000] {logging_mixin.py:188} INFO - [2025-11-12T15:23:43.034+0000] {dag.py:3823} INFO - Setting next_dagrun for daily_summary to 2025-11-12 00:00:00+00:00, run_after=2025-11-13 00:00:00+00:00
[2025-11-12T15:23:43.073+0000] {processor.py:183} INFO - Processing /opt/airflow/dags/daily_summary.py took 0.272 seconds
[2025-11-12T15:24:13.320+0000] {processor.py:161} INFO - Started process (PID=854) to work on /opt/airflow/dags/daily_summary.py
[2025-11-12T15:24:13.323+0000] {processor.py:830} INFO - Processing file /opt/airflow/dags/daily_summary.py for tasks to queue
[2025-11-12T15:24:13.325+0000] {logging_mixin.py:188} INFO - [2025-11-12T15:24:13.324+0000] {dagbag.py:538} INFO - Filling up the DagBag from /opt/airflow/dags/daily_summary.py
[2025-11-12T15:24:13.469+0000] {processor.py:840} INFO - DAG(s) 'daily_summary' retrieved from /opt/airflow/dags/daily_summary.py
[2025-11-12T15:24:13.505+0000] {logging_mixin.py:188} INFO - [2025-11-12T15:24:13.504+0000] {dag.py:3036} INFO - Sync 1 DAGs
[2025-11-12T15:24:13.531+0000] {logging_mixin.py:188} INFO - [2025-11-12T15:24:13.531+0000] {dag.py:3823} INFO - Setting next_dagrun for daily_summary to 2025-11-12 00:00:00+00:00, run_after=2025-11-13 00:00:00+00:00
[2025-11-12T15:24:13.570+0000] {processor.py:183} INFO - Processing /opt/airflow/dags/daily_summary.py took 0.259 seconds
[2025-11-12T15:24:43.852+0000] {processor.py:161} INFO - Started process (PID=859) to work on /opt/airflow/dags/daily_summary.py
[2025-11-12T15:24:43.855+0000] {processor.py:830} INFO - Processing file /opt/airflow/dags/daily_summary.py for tasks to queue
[2025-11-12T15:24:43.857+0000] {logging_mixin.py:188} INFO - [2025-11-12T15:24:43.857+0000] {dagbag.py:538} INFO - Filling up the DagBag from /opt/airflow/dags/daily_summary.py
[2025-11-12T15:24:44.027+0000] {processor.py:840} INFO - DAG(s) 'daily_summary' retrieved from /opt/airflow/dags/daily_summary.py
[2025-11-12T15:24:44.069+0000] {logging_mixin.py:188} INFO - [2025-11-12T15:24:44.068+0000] {dag.py:3036} INFO - Sync 1 DAGs
[2025-11-12T15:24:44.096+0000] {logging_mixin.py:188} INFO - [2025-11-12T15:24:44.096+0000] {dag.py:3823} INFO - Setting next_dagrun for daily_summary to 2025-11-12 00:00:00+00:00, run_after=2025-11-13 00:00:00+00:00
[2025-11-12T15:24:44.132+0000] {processor.py:183} INFO - Processing /opt/airflow/dags/daily_summary.py took 0.289 seconds
[2025-11-12T15:25:14.287+0000] {processor.py:161} INFO - Started process (PID=864) to work on /opt/airflow/dags/daily_summary.py
[2025-11-12T15:25:14.290+0000] {processor.py:830} INFO - Processing file /opt/airflow/dags/daily_summary.py for tasks to queue
[2025-11-12T15:25:14.292+0000] {logging_mixin.py:188} INFO - [2025-11-12T15:25:14.291+0000] {dagbag.py:538} INFO - Filling up the DagBag from /opt/airflow/dags/daily_summary.py
[2025-11-12T15:25:14.419+0000] {processor.py:840} INFO - DAG(s) 'daily_summary' retrieved from /opt/airflow/dags/daily_summary.py
[2025-11-12T15:25:14.459+0000] {logging_mixin.py:188} INFO - [2025-11-12T15:25:14.459+0000] {dag.py:3036} INFO - Sync 1 DAGs
[2025-11-12T15:25:14.491+0000] {logging_mixin.py:188} INFO - [2025-11-12T15:25:14.491+0000] {dag.py:3823} INFO - Setting next_dagrun for daily_summary to 2025-11-12 00:00:00+00:00, run_after=2025-11-13 00:00:00+00:00
[2025-11-12T15:25:14.533+0000] {processor.py:183} INFO - Processing /opt/airflow/dags/daily_summary.py took 0.252 seconds
[2025-11-12T15:25:44.889+0000] {processor.py:161} INFO - Started process (PID=869) to work on /opt/airflow/dags/daily_summary.py
[2025-11-12T15:25:44.891+0000] {processor.py:830} INFO - Processing file /opt/airflow/dags/daily_summary.py for tasks to queue
[2025-11-12T15:25:44.892+0000] {logging_mixin.py:188} INFO - [2025-11-12T15:25:44.892+0000] {dagbag.py:538} INFO - Filling up the DagBag from /opt/airflow/dags/daily_summary.py
[2025-11-12T15:25:44.990+0000] {processor.py:840} INFO - DAG(s) 'daily_summary' retrieved from /opt/airflow/dags/daily_summary.py
[2025-11-12T15:25:45.017+0000] {logging_mixin.py:188} INFO - [2025-11-12T15:25:45.017+0000] {dag.py:3036} INFO - Sync 1 DAGs
[2025-11-12T15:25:45.042+0000] {logging_mixin.py:188} INFO - [2025-11-12T15:25:45.042+0000] {dag.py:3823} INFO - Setting next_dagrun for daily_summary to 2025-11-12 00:00:00+00:00, run_after=2025-11-13 00:00:00+00:00
[2025-11-12T15:25:45.070+0000] {processor.py:183} INFO - Processing /opt/airflow/dags/daily_summary.py took 0.188 seconds
[2025-11-12T15:26:15.268+0000] {processor.py:161} INFO - Started process (PID=874) to work on /opt/airflow/dags/daily_summary.py
[2025-11-12T15:26:15.270+0000] {processor.py:830} INFO - Processing file /opt/airflow/dags/daily_summary.py for tasks to queue
[2025-11-12T15:26:15.272+0000] {logging_mixin.py:188} INFO - [2025-11-12T15:26:15.272+0000] {dagbag.py:538} INFO - Filling up the DagBag from /opt/airflow/dags/daily_summary.py
[2025-11-12T15:26:15.374+0000] {processor.py:840} INFO - DAG(s) 'daily_summary' retrieved from /opt/airflow/dags/daily_summary.py
[2025-11-12T15:26:15.408+0000] {logging_mixin.py:188} INFO - [2025-11-12T15:26:15.407+0000] {dag.py:3036} INFO - Sync 1 DAGs
[2025-11-12T15:26:15.438+0000] {logging_mixin.py:188} INFO - [2025-11-12T15:26:15.438+0000] {dag.py:3823} INFO - Setting next_dagrun for daily_summary to 2025-11-12 00:00:00+00:00, run_after=2025-11-13 00:00:00+00:00
[2025-11-12T15:26:15.463+0000] {processor.py:183} INFO - Processing /opt/airflow/dags/daily_summary.py took 0.201 seconds
[2025-11-12T15:26:45.822+0000] {processor.py:161} INFO - Started process (PID=879) to work on /opt/airflow/dags/daily_summary.py
[2025-11-12T15:26:45.824+0000] {processor.py:830} INFO - Processing file /opt/airflow/dags/daily_summary.py for tasks to queue
[2025-11-12T15:26:45.826+0000] {logging_mixin.py:188} INFO - [2025-11-12T15:26:45.825+0000] {dagbag.py:538} INFO - Filling up the DagBag from /opt/airflow/dags/daily_summary.py
[2025-11-12T15:26:45.936+0000] {processor.py:840} INFO - DAG(s) 'daily_summary' retrieved from /opt/airflow/dags/daily_summary.py
[2025-11-12T15:26:45.968+0000] {logging_mixin.py:188} INFO - [2025-11-12T15:26:45.967+0000] {dag.py:3036} INFO - Sync 1 DAGs
[2025-11-12T15:26:46.001+0000] {logging_mixin.py:188} INFO - [2025-11-12T15:26:46.000+0000] {dag.py:3823} INFO - Setting next_dagrun for daily_summary to 2025-11-12 00:00:00+00:00, run_after=2025-11-13 00:00:00+00:00
[2025-11-12T15:26:46.031+0000] {processor.py:183} INFO - Processing /opt/airflow/dags/daily_summary.py took 0.213 seconds
[2025-11-12T15:27:16.217+0000] {processor.py:161} INFO - Started process (PID=884) to work on /opt/airflow/dags/daily_summary.py
[2025-11-12T15:27:16.219+0000] {processor.py:830} INFO - Processing file /opt/airflow/dags/daily_summary.py for tasks to queue
[2025-11-12T15:27:16.221+0000] {logging_mixin.py:188} INFO - [2025-11-12T15:27:16.221+0000] {dagbag.py:538} INFO - Filling up the DagBag from /opt/airflow/dags/daily_summary.py
[2025-11-12T15:27:16.365+0000] {processor.py:840} INFO - DAG(s) 'daily_summary' retrieved from /opt/airflow/dags/daily_summary.py
[2025-11-12T15:27:16.410+0000] {logging_mixin.py:188} INFO - [2025-11-12T15:27:16.409+0000] {dag.py:3036} INFO - Sync 1 DAGs
[2025-11-12T15:27:16.433+0000] {logging_mixin.py:188} INFO - [2025-11-12T15:27:16.433+0000] {dag.py:3823} INFO - Setting next_dagrun for daily_summary to 2025-11-12 00:00:00+00:00, run_after=2025-11-13 00:00:00+00:00
[2025-11-12T15:27:16.477+0000] {processor.py:183} INFO - Processing /opt/airflow/dags/daily_summary.py took 0.265 seconds
[2025-11-12T15:27:46.823+0000] {processor.py:161} INFO - Started process (PID=889) to work on /opt/airflow/dags/daily_summary.py
[2025-11-12T15:27:46.826+0000] {processor.py:830} INFO - Processing file /opt/airflow/dags/daily_summary.py for tasks to queue
[2025-11-12T15:27:46.829+0000] {logging_mixin.py:188} INFO - [2025-11-12T15:27:46.828+0000] {dagbag.py:538} INFO - Filling up the DagBag from /opt/airflow/dags/daily_summary.py
[2025-11-12T15:27:46.959+0000] {processor.py:840} INFO - DAG(s) 'daily_summary' retrieved from /opt/airflow/dags/daily_summary.py
[2025-11-12T15:27:46.988+0000] {logging_mixin.py:188} INFO - [2025-11-12T15:27:46.988+0000] {dag.py:3036} INFO - Sync 1 DAGs
[2025-11-12T15:27:47.017+0000] {logging_mixin.py:188} INFO - [2025-11-12T15:27:47.016+0000] {dag.py:3823} INFO - Setting next_dagrun for daily_summary to 2025-11-12 00:00:00+00:00, run_after=2025-11-13 00:00:00+00:00
[2025-11-12T15:27:47.057+0000] {processor.py:183} INFO - Processing /opt/airflow/dags/daily_summary.py took 0.242 seconds
[2025-11-12T15:28:17.233+0000] {processor.py:161} INFO - Started process (PID=894) to work on /opt/airflow/dags/daily_summary.py
[2025-11-12T15:28:17.235+0000] {processor.py:830} INFO - Processing file /opt/airflow/dags/daily_summary.py for tasks to queue
[2025-11-12T15:28:17.237+0000] {logging_mixin.py:188} INFO - [2025-11-12T15:28:17.236+0000] {dagbag.py:538} INFO - Filling up the DagBag from /opt/airflow/dags/daily_summary.py
[2025-11-12T15:28:17.355+0000] {processor.py:840} INFO - DAG(s) 'daily_summary' retrieved from /opt/airflow/dags/daily_summary.py
[2025-11-12T15:28:17.384+0000] {logging_mixin.py:188} INFO - [2025-11-12T15:28:17.384+0000] {dag.py:3036} INFO - Sync 1 DAGs
[2025-11-12T15:28:17.415+0000] {logging_mixin.py:188} INFO - [2025-11-12T15:28:17.415+0000] {dag.py:3823} INFO - Setting next_dagrun for daily_summary to 2025-11-12 00:00:00+00:00, run_after=2025-11-13 00:00:00+00:00
[2025-11-12T15:28:17.444+0000] {processor.py:183} INFO - Processing /opt/airflow/dags/daily_summary.py took 0.216 seconds
[2025-11-12T15:28:47.858+0000] {processor.py:161} INFO - Started process (PID=899) to work on /opt/airflow/dags/daily_summary.py
[2025-11-12T15:28:47.859+0000] {processor.py:830} INFO - Processing file /opt/airflow/dags/daily_summary.py for tasks to queue
[2025-11-12T15:28:47.861+0000] {logging_mixin.py:188} INFO - [2025-11-12T15:28:47.861+0000] {dagbag.py:538} INFO - Filling up the DagBag from /opt/airflow/dags/daily_summary.py
[2025-11-12T15:28:47.980+0000] {processor.py:840} INFO - DAG(s) 'daily_summary' retrieved from /opt/airflow/dags/daily_summary.py
[2025-11-12T15:28:48.016+0000] {logging_mixin.py:188} INFO - [2025-11-12T15:28:48.016+0000] {dag.py:3036} INFO - Sync 1 DAGs
[2025-11-12T15:28:48.043+0000] {logging_mixin.py:188} INFO - [2025-11-12T15:28:48.042+0000] {dag.py:3823} INFO - Setting next_dagrun for daily_summary to 2025-11-12 00:00:00+00:00, run_after=2025-11-13 00:00:00+00:00
[2025-11-12T15:28:48.077+0000] {processor.py:183} INFO - Processing /opt/airflow/dags/daily_summary.py took 0.225 seconds
[2025-11-12T15:29:18.236+0000] {processor.py:161} INFO - Started process (PID=904) to work on /opt/airflow/dags/daily_summary.py
[2025-11-12T15:29:18.238+0000] {processor.py:830} INFO - Processing file /opt/airflow/dags/daily_summary.py for tasks to queue
[2025-11-12T15:29:18.241+0000] {logging_mixin.py:188} INFO - [2025-11-12T15:29:18.240+0000] {dagbag.py:538} INFO - Filling up the DagBag from /opt/airflow/dags/daily_summary.py
[2025-11-12T15:29:18.421+0000] {processor.py:840} INFO - DAG(s) 'daily_summary' retrieved from /opt/airflow/dags/daily_summary.py
[2025-11-12T15:29:18.466+0000] {logging_mixin.py:188} INFO - [2025-11-12T15:29:18.465+0000] {dag.py:3036} INFO - Sync 1 DAGs
[2025-11-12T15:29:18.515+0000] {logging_mixin.py:188} INFO - [2025-11-12T15:29:18.515+0000] {dag.py:3823} INFO - Setting next_dagrun for daily_summary to 2025-11-12 00:00:00+00:00, run_after=2025-11-13 00:00:00+00:00
[2025-11-12T15:29:18.575+0000] {processor.py:183} INFO - Processing /opt/airflow/dags/daily_summary.py took 0.347 seconds
[2025-11-12T15:29:48.811+0000] {processor.py:161} INFO - Started process (PID=909) to work on /opt/airflow/dags/daily_summary.py
[2025-11-12T15:29:48.814+0000] {processor.py:830} INFO - Processing file /opt/airflow/dags/daily_summary.py for tasks to queue
[2025-11-12T15:29:48.815+0000] {logging_mixin.py:188} INFO - [2025-11-12T15:29:48.815+0000] {dagbag.py:538} INFO - Filling up the DagBag from /opt/airflow/dags/daily_summary.py
[2025-11-12T15:29:48.930+0000] {processor.py:840} INFO - DAG(s) 'daily_summary' retrieved from /opt/airflow/dags/daily_summary.py
[2025-11-12T15:29:48.964+0000] {logging_mixin.py:188} INFO - [2025-11-12T15:29:48.963+0000] {dag.py:3036} INFO - Sync 1 DAGs
[2025-11-12T15:29:48.991+0000] {logging_mixin.py:188} INFO - [2025-11-12T15:29:48.990+0000] {dag.py:3823} INFO - Setting next_dagrun for daily_summary to 2025-11-12 00:00:00+00:00, run_after=2025-11-13 00:00:00+00:00
[2025-11-12T15:29:49.033+0000] {processor.py:183} INFO - Processing /opt/airflow/dags/daily_summary.py took 0.228 seconds
[2025-11-12T15:30:19.269+0000] {processor.py:161} INFO - Started process (PID=914) to work on /opt/airflow/dags/daily_summary.py
[2025-11-12T15:30:19.271+0000] {processor.py:830} INFO - Processing file /opt/airflow/dags/daily_summary.py for tasks to queue
[2025-11-12T15:30:19.272+0000] {logging_mixin.py:188} INFO - [2025-11-12T15:30:19.272+0000] {dagbag.py:538} INFO - Filling up the DagBag from /opt/airflow/dags/daily_summary.py
[2025-11-12T15:30:19.380+0000] {processor.py:840} INFO - DAG(s) 'daily_summary' retrieved from /opt/airflow/dags/daily_summary.py
[2025-11-12T15:30:19.424+0000] {logging_mixin.py:188} INFO - [2025-11-12T15:30:19.423+0000] {dag.py:3036} INFO - Sync 1 DAGs
[2025-11-12T15:30:19.454+0000] {logging_mixin.py:188} INFO - [2025-11-12T15:30:19.453+0000] {dag.py:3823} INFO - Setting next_dagrun for daily_summary to 2025-11-12 00:00:00+00:00, run_after=2025-11-13 00:00:00+00:00
[2025-11-12T15:30:19.492+0000] {processor.py:183} INFO - Processing /opt/airflow/dags/daily_summary.py took 0.227 seconds
[2025-11-12T15:30:49.695+0000] {processor.py:161} INFO - Started process (PID=919) to work on /opt/airflow/dags/daily_summary.py
[2025-11-12T15:30:49.698+0000] {processor.py:830} INFO - Processing file /opt/airflow/dags/daily_summary.py for tasks to queue
[2025-11-12T15:30:49.700+0000] {logging_mixin.py:188} INFO - [2025-11-12T15:30:49.699+0000] {dagbag.py:538} INFO - Filling up the DagBag from /opt/airflow/dags/daily_summary.py
[2025-11-12T15:30:49.869+0000] {processor.py:840} INFO - DAG(s) 'daily_summary' retrieved from /opt/airflow/dags/daily_summary.py
[2025-11-12T15:30:49.910+0000] {logging_mixin.py:188} INFO - [2025-11-12T15:30:49.909+0000] {dag.py:3036} INFO - Sync 1 DAGs
[2025-11-12T15:30:49.960+0000] {logging_mixin.py:188} INFO - [2025-11-12T15:30:49.960+0000] {dag.py:3823} INFO - Setting next_dagrun for daily_summary to 2025-11-12 00:00:00+00:00, run_after=2025-11-13 00:00:00+00:00
[2025-11-12T15:30:50.001+0000] {processor.py:183} INFO - Processing /opt/airflow/dags/daily_summary.py took 0.315 seconds
[2025-11-12T16:20:27.102+0000] {processor.py:161} INFO - Started process (PID=175) to work on /opt/airflow/dags/daily_summary.py
[2025-11-12T16:20:27.104+0000] {processor.py:830} INFO - Processing file /opt/airflow/dags/daily_summary.py for tasks to queue
[2025-11-12T16:20:27.106+0000] {logging_mixin.py:188} INFO - [2025-11-12T16:20:27.105+0000] {dagbag.py:538} INFO - Filling up the DagBag from /opt/airflow/dags/daily_summary.py
[2025-11-12T16:20:27.285+0000] {processor.py:840} INFO - DAG(s) 'daily_summary' retrieved from /opt/airflow/dags/daily_summary.py
[2025-11-12T16:20:27.335+0000] {logging_mixin.py:188} INFO - [2025-11-12T16:20:27.335+0000] {dag.py:3036} INFO - Sync 1 DAGs
[2025-11-12T16:20:27.371+0000] {logging_mixin.py:188} INFO - [2025-11-12T16:20:27.371+0000] {dag.py:3823} INFO - Setting next_dagrun for daily_summary to 2025-11-12 00:00:00+00:00, run_after=2025-11-13 00:00:00+00:00
[2025-11-12T16:20:27.396+0000] {processor.py:183} INFO - Processing /opt/airflow/dags/daily_summary.py took 0.299 seconds
[2025-11-12T16:20:57.745+0000] {processor.py:161} INFO - Started process (PID=180) to work on /opt/airflow/dags/daily_summary.py
[2025-11-12T16:20:57.747+0000] {processor.py:830} INFO - Processing file /opt/airflow/dags/daily_summary.py for tasks to queue
[2025-11-12T16:20:57.749+0000] {logging_mixin.py:188} INFO - [2025-11-12T16:20:57.748+0000] {dagbag.py:538} INFO - Filling up the DagBag from /opt/airflow/dags/daily_summary.py
[2025-11-12T16:20:57.857+0000] {processor.py:840} INFO - DAG(s) 'daily_summary' retrieved from /opt/airflow/dags/daily_summary.py
[2025-11-12T16:20:58.192+0000] {logging_mixin.py:188} INFO - [2025-11-12T16:20:58.192+0000] {dag.py:3036} INFO - Sync 1 DAGs
[2025-11-12T16:20:58.232+0000] {logging_mixin.py:188} INFO - [2025-11-12T16:20:58.232+0000] {dag.py:3823} INFO - Setting next_dagrun for daily_summary to 2025-11-12 00:00:00+00:00, run_after=2025-11-13 00:00:00+00:00
[2025-11-12T16:20:58.274+0000] {processor.py:183} INFO - Processing /opt/airflow/dags/daily_summary.py took 0.536 seconds
[2025-11-12T16:21:28.700+0000] {processor.py:161} INFO - Started process (PID=185) to work on /opt/airflow/dags/daily_summary.py
[2025-11-12T16:21:28.701+0000] {processor.py:830} INFO - Processing file /opt/airflow/dags/daily_summary.py for tasks to queue
[2025-11-12T16:21:28.703+0000] {logging_mixin.py:188} INFO - [2025-11-12T16:21:28.703+0000] {dagbag.py:538} INFO - Filling up the DagBag from /opt/airflow/dags/daily_summary.py
[2025-11-12T16:21:28.834+0000] {processor.py:840} INFO - DAG(s) 'daily_summary' retrieved from /opt/airflow/dags/daily_summary.py
[2025-11-12T16:21:28.884+0000] {logging_mixin.py:188} INFO - [2025-11-12T16:21:28.884+0000] {dag.py:3036} INFO - Sync 1 DAGs
[2025-11-12T16:21:28.910+0000] {logging_mixin.py:188} INFO - [2025-11-12T16:21:28.909+0000] {dag.py:3823} INFO - Setting next_dagrun for daily_summary to 2025-11-12 00:00:00+00:00, run_after=2025-11-13 00:00:00+00:00
[2025-11-12T16:21:28.956+0000] {processor.py:183} INFO - Processing /opt/airflow/dags/daily_summary.py took 0.260 seconds
[2025-11-12T16:21:59.411+0000] {processor.py:161} INFO - Started process (PID=190) to work on /opt/airflow/dags/daily_summary.py
[2025-11-12T16:21:59.414+0000] {processor.py:830} INFO - Processing file /opt/airflow/dags/daily_summary.py for tasks to queue
[2025-11-12T16:21:59.416+0000] {logging_mixin.py:188} INFO - [2025-11-12T16:21:59.416+0000] {dagbag.py:538} INFO - Filling up the DagBag from /opt/airflow/dags/daily_summary.py
[2025-11-12T16:21:59.578+0000] {processor.py:840} INFO - DAG(s) 'daily_summary' retrieved from /opt/airflow/dags/daily_summary.py
[2025-11-12T16:21:59.639+0000] {logging_mixin.py:188} INFO - [2025-11-12T16:21:59.639+0000] {dag.py:3036} INFO - Sync 1 DAGs
[2025-11-12T16:21:59.688+0000] {logging_mixin.py:188} INFO - [2025-11-12T16:21:59.688+0000] {dag.py:3823} INFO - Setting next_dagrun for daily_summary to 2025-11-12 00:00:00+00:00, run_after=2025-11-13 00:00:00+00:00
[2025-11-12T16:21:59.734+0000] {processor.py:183} INFO - Processing /opt/airflow/dags/daily_summary.py took 0.331 seconds
[2025-11-12T16:22:30.166+0000] {processor.py:161} INFO - Started process (PID=195) to work on /opt/airflow/dags/daily_summary.py
[2025-11-12T16:22:30.169+0000] {processor.py:830} INFO - Processing file /opt/airflow/dags/daily_summary.py for tasks to queue
[2025-11-12T16:22:30.171+0000] {logging_mixin.py:188} INFO - [2025-11-12T16:22:30.171+0000] {dagbag.py:538} INFO - Filling up the DagBag from /opt/airflow/dags/daily_summary.py
[2025-11-12T16:22:30.304+0000] {processor.py:840} INFO - DAG(s) 'daily_summary' retrieved from /opt/airflow/dags/daily_summary.py
[2025-11-12T16:22:30.348+0000] {logging_mixin.py:188} INFO - [2025-11-12T16:22:30.348+0000] {dag.py:3036} INFO - Sync 1 DAGs
[2025-11-12T16:22:30.380+0000] {logging_mixin.py:188} INFO - [2025-11-12T16:22:30.380+0000] {dag.py:3823} INFO - Setting next_dagrun for daily_summary to 2025-11-12 00:00:00+00:00, run_after=2025-11-13 00:00:00+00:00
[2025-11-12T16:22:30.422+0000] {processor.py:183} INFO - Processing /opt/airflow/dags/daily_summary.py took 0.264 seconds
[2025-11-12T16:23:00.534+0000] {processor.py:161} INFO - Started process (PID=200) to work on /opt/airflow/dags/daily_summary.py
[2025-11-12T16:23:00.537+0000] {processor.py:830} INFO - Processing file /opt/airflow/dags/daily_summary.py for tasks to queue
[2025-11-12T16:23:00.540+0000] {logging_mixin.py:188} INFO - [2025-11-12T16:23:00.539+0000] {dagbag.py:538} INFO - Filling up the DagBag from /opt/airflow/dags/daily_summary.py
[2025-11-12T16:23:00.690+0000] {processor.py:840} INFO - DAG(s) 'daily_summary' retrieved from /opt/airflow/dags/daily_summary.py
[2025-11-12T16:23:00.725+0000] {logging_mixin.py:188} INFO - [2025-11-12T16:23:00.725+0000] {dag.py:3036} INFO - Sync 1 DAGs
[2025-11-12T16:23:00.757+0000] {logging_mixin.py:188} INFO - [2025-11-12T16:23:00.756+0000] {dag.py:3823} INFO - Setting next_dagrun for daily_summary to 2025-11-12 00:00:00+00:00, run_after=2025-11-13 00:00:00+00:00
[2025-11-12T16:23:00.807+0000] {processor.py:183} INFO - Processing /opt/airflow/dags/daily_summary.py took 0.280 seconds
[2025-11-12T16:23:31.183+0000] {processor.py:161} INFO - Started process (PID=205) to work on /opt/airflow/dags/daily_summary.py
[2025-11-12T16:23:31.185+0000] {processor.py:830} INFO - Processing file /opt/airflow/dags/daily_summary.py for tasks to queue
[2025-11-12T16:23:31.187+0000] {logging_mixin.py:188} INFO - [2025-11-12T16:23:31.186+0000] {dagbag.py:538} INFO - Filling up the DagBag from /opt/airflow/dags/daily_summary.py
[2025-11-12T16:23:31.302+0000] {processor.py:840} INFO - DAG(s) 'daily_summary' retrieved from /opt/airflow/dags/daily_summary.py
[2025-11-12T16:23:31.329+0000] {logging_mixin.py:188} INFO - [2025-11-12T16:23:31.329+0000] {dag.py:3036} INFO - Sync 1 DAGs
[2025-11-12T16:23:31.365+0000] {logging_mixin.py:188} INFO - [2025-11-12T16:23:31.365+0000] {dag.py:3823} INFO - Setting next_dagrun for daily_summary to 2025-11-12 00:00:00+00:00, run_after=2025-11-13 00:00:00+00:00
[2025-11-12T16:23:31.414+0000] {processor.py:183} INFO - Processing /opt/airflow/dags/daily_summary.py took 0.237 seconds
[2025-11-12T16:24:01.583+0000] {processor.py:161} INFO - Started process (PID=210) to work on /opt/airflow/dags/daily_summary.py
[2025-11-12T16:24:01.585+0000] {processor.py:830} INFO - Processing file /opt/airflow/dags/daily_summary.py for tasks to queue
[2025-11-12T16:24:01.586+0000] {logging_mixin.py:188} INFO - [2025-11-12T16:24:01.586+0000] {dagbag.py:538} INFO - Filling up the DagBag from /opt/airflow/dags/daily_summary.py
[2025-11-12T16:24:01.713+0000] {processor.py:840} INFO - DAG(s) 'daily_summary' retrieved from /opt/airflow/dags/daily_summary.py
[2025-11-12T16:24:01.742+0000] {logging_mixin.py:188} INFO - [2025-11-12T16:24:01.742+0000] {dag.py:3036} INFO - Sync 1 DAGs
[2025-11-12T16:24:01.765+0000] {logging_mixin.py:188} INFO - [2025-11-12T16:24:01.765+0000] {dag.py:3823} INFO - Setting next_dagrun for daily_summary to 2025-11-12 00:00:00+00:00, run_after=2025-11-13 00:00:00+00:00
[2025-11-12T16:24:01.793+0000] {processor.py:183} INFO - Processing /opt/airflow/dags/daily_summary.py took 0.218 seconds
[2025-11-12T16:37:12.687+0000] {processor.py:161} INFO - Started process (PID=175) to work on /opt/airflow/dags/daily_summary.py
[2025-11-12T16:37:12.689+0000] {processor.py:830} INFO - Processing file /opt/airflow/dags/daily_summary.py for tasks to queue
[2025-11-12T16:37:12.691+0000] {logging_mixin.py:188} INFO - [2025-11-12T16:37:12.691+0000] {dagbag.py:538} INFO - Filling up the DagBag from /opt/airflow/dags/daily_summary.py
[2025-11-12T16:37:12.836+0000] {processor.py:840} INFO - DAG(s) 'daily_summary' retrieved from /opt/airflow/dags/daily_summary.py
[2025-11-12T16:37:12.872+0000] {logging_mixin.py:188} INFO - [2025-11-12T16:37:12.871+0000] {dag.py:3036} INFO - Sync 1 DAGs
[2025-11-12T16:37:12.915+0000] {logging_mixin.py:188} INFO - [2025-11-12T16:37:12.914+0000] {dag.py:3823} INFO - Setting next_dagrun for daily_summary to 2025-11-12 00:00:00+00:00, run_after=2025-11-13 00:00:00+00:00
[2025-11-12T16:37:12.951+0000] {processor.py:183} INFO - Processing /opt/airflow/dags/daily_summary.py took 0.270 seconds
[2025-11-12T16:37:43.074+0000] {processor.py:161} INFO - Started process (PID=180) to work on /opt/airflow/dags/daily_summary.py
[2025-11-12T16:37:43.076+0000] {processor.py:830} INFO - Processing file /opt/airflow/dags/daily_summary.py for tasks to queue
[2025-11-12T16:37:43.077+0000] {logging_mixin.py:188} INFO - [2025-11-12T16:37:43.077+0000] {dagbag.py:538} INFO - Filling up the DagBag from /opt/airflow/dags/daily_summary.py
[2025-11-12T16:37:43.197+0000] {processor.py:840} INFO - DAG(s) 'daily_summary' retrieved from /opt/airflow/dags/daily_summary.py
[2025-11-12T16:37:43.409+0000] {logging_mixin.py:188} INFO - [2025-11-12T16:37:43.409+0000] {dag.py:3036} INFO - Sync 1 DAGs
[2025-11-12T16:37:43.442+0000] {logging_mixin.py:188} INFO - [2025-11-12T16:37:43.442+0000] {dag.py:3823} INFO - Setting next_dagrun for daily_summary to 2025-11-12 00:00:00+00:00, run_after=2025-11-13 00:00:00+00:00
[2025-11-12T16:37:43.475+0000] {processor.py:183} INFO - Processing /opt/airflow/dags/daily_summary.py took 0.406 seconds
[2025-11-12T16:38:53.894+0000] {processor.py:161} INFO - Started process (PID=175) to work on /opt/airflow/dags/daily_summary.py
[2025-11-12T16:38:53.896+0000] {processor.py:830} INFO - Processing file /opt/airflow/dags/daily_summary.py for tasks to queue
[2025-11-12T16:38:53.898+0000] {logging_mixin.py:188} INFO - [2025-11-12T16:38:53.897+0000] {dagbag.py:538} INFO - Filling up the DagBag from /opt/airflow/dags/daily_summary.py
[2025-11-12T16:38:54.026+0000] {processor.py:840} INFO - DAG(s) 'daily_summary' retrieved from /opt/airflow/dags/daily_summary.py
[2025-11-12T16:38:54.089+0000] {logging_mixin.py:188} INFO - [2025-11-12T16:38:54.089+0000] {dag.py:3036} INFO - Sync 1 DAGs
[2025-11-12T16:38:54.118+0000] {logging_mixin.py:188} INFO - [2025-11-12T16:38:54.117+0000] {dag.py:3823} INFO - Setting next_dagrun for daily_summary to 2025-11-12 00:00:00+00:00, run_after=2025-11-13 00:00:00+00:00
[2025-11-12T16:38:54.159+0000] {processor.py:183} INFO - Processing /opt/airflow/dags/daily_summary.py took 0.268 seconds
[2025-11-12T16:39:24.543+0000] {processor.py:161} INFO - Started process (PID=180) to work on /opt/airflow/dags/daily_summary.py
[2025-11-12T16:39:24.546+0000] {processor.py:830} INFO - Processing file /opt/airflow/dags/daily_summary.py for tasks to queue
[2025-11-12T16:39:24.549+0000] {logging_mixin.py:188} INFO - [2025-11-12T16:39:24.548+0000] {dagbag.py:538} INFO - Filling up the DagBag from /opt/airflow/dags/daily_summary.py
[2025-11-12T16:39:24.679+0000] {processor.py:840} INFO - DAG(s) 'daily_summary' retrieved from /opt/airflow/dags/daily_summary.py
[2025-11-12T16:39:24.896+0000] {logging_mixin.py:188} INFO - [2025-11-12T16:39:24.896+0000] {dag.py:3036} INFO - Sync 1 DAGs
[2025-11-12T16:39:24.921+0000] {logging_mixin.py:188} INFO - [2025-11-12T16:39:24.921+0000] {dag.py:3823} INFO - Setting next_dagrun for daily_summary to 2025-11-12 00:00:00+00:00, run_after=2025-11-13 00:00:00+00:00
[2025-11-12T16:39:24.960+0000] {processor.py:183} INFO - Processing /opt/airflow/dags/daily_summary.py took 0.425 seconds
[2025-11-12T16:39:55.367+0000] {processor.py:161} INFO - Started process (PID=185) to work on /opt/airflow/dags/daily_summary.py
[2025-11-12T16:39:55.369+0000] {processor.py:830} INFO - Processing file /opt/airflow/dags/daily_summary.py for tasks to queue
[2025-11-12T16:39:55.371+0000] {logging_mixin.py:188} INFO - [2025-11-12T16:39:55.371+0000] {dagbag.py:538} INFO - Filling up the DagBag from /opt/airflow/dags/daily_summary.py
[2025-11-12T16:39:55.490+0000] {processor.py:840} INFO - DAG(s) 'daily_summary' retrieved from /opt/airflow/dags/daily_summary.py
[2025-11-12T16:39:55.518+0000] {logging_mixin.py:188} INFO - [2025-11-12T16:39:55.518+0000] {dag.py:3036} INFO - Sync 1 DAGs
[2025-11-12T16:39:55.548+0000] {logging_mixin.py:188} INFO - [2025-11-12T16:39:55.548+0000] {dag.py:3823} INFO - Setting next_dagrun for daily_summary to 2025-11-12 00:00:00+00:00, run_after=2025-11-13 00:00:00+00:00
[2025-11-12T16:39:55.591+0000] {processor.py:183} INFO - Processing /opt/airflow/dags/daily_summary.py took 0.231 seconds
[2025-11-12T16:40:25.701+0000] {processor.py:161} INFO - Started process (PID=190) to work on /opt/airflow/dags/daily_summary.py
[2025-11-12T16:40:25.703+0000] {processor.py:830} INFO - Processing file /opt/airflow/dags/daily_summary.py for tasks to queue
[2025-11-12T16:40:25.705+0000] {logging_mixin.py:188} INFO - [2025-11-12T16:40:25.705+0000] {dagbag.py:538} INFO - Filling up the DagBag from /opt/airflow/dags/daily_summary.py
[2025-11-12T16:40:25.828+0000] {processor.py:840} INFO - DAG(s) 'daily_summary' retrieved from /opt/airflow/dags/daily_summary.py
[2025-11-12T16:40:25.880+0000] {logging_mixin.py:188} INFO - [2025-11-12T16:40:25.879+0000] {dag.py:3036} INFO - Sync 1 DAGs
[2025-11-12T16:40:25.923+0000] {logging_mixin.py:188} INFO - [2025-11-12T16:40:25.923+0000] {dag.py:3823} INFO - Setting next_dagrun for daily_summary to 2025-11-12 00:00:00+00:00, run_after=2025-11-13 00:00:00+00:00
[2025-11-12T16:40:25.968+0000] {processor.py:183} INFO - Processing /opt/airflow/dags/daily_summary.py took 0.273 seconds
[2025-11-12T16:40:56.357+0000] {processor.py:161} INFO - Started process (PID=195) to work on /opt/airflow/dags/daily_summary.py
[2025-11-12T16:40:56.360+0000] {processor.py:830} INFO - Processing file /opt/airflow/dags/daily_summary.py for tasks to queue
[2025-11-12T16:40:56.362+0000] {logging_mixin.py:188} INFO - [2025-11-12T16:40:56.362+0000] {dagbag.py:538} INFO - Filling up the DagBag from /opt/airflow/dags/daily_summary.py
[2025-11-12T16:40:56.497+0000] {processor.py:840} INFO - DAG(s) 'daily_summary' retrieved from /opt/airflow/dags/daily_summary.py
[2025-11-12T16:40:56.543+0000] {logging_mixin.py:188} INFO - [2025-11-12T16:40:56.543+0000] {dag.py:3036} INFO - Sync 1 DAGs
[2025-11-12T16:40:56.589+0000] {logging_mixin.py:188} INFO - [2025-11-12T16:40:56.588+0000] {dag.py:3823} INFO - Setting next_dagrun for daily_summary to 2025-11-12 00:00:00+00:00, run_after=2025-11-13 00:00:00+00:00
[2025-11-12T16:40:56.642+0000] {processor.py:183} INFO - Processing /opt/airflow/dags/daily_summary.py took 0.290 seconds
[2025-11-12T16:41:27.068+0000] {processor.py:161} INFO - Started process (PID=200) to work on /opt/airflow/dags/daily_summary.py
[2025-11-12T16:41:27.070+0000] {processor.py:830} INFO - Processing file /opt/airflow/dags/daily_summary.py for tasks to queue
[2025-11-12T16:41:27.071+0000] {logging_mixin.py:188} INFO - [2025-11-12T16:41:27.071+0000] {dagbag.py:538} INFO - Filling up the DagBag from /opt/airflow/dags/daily_summary.py
[2025-11-12T16:41:27.238+0000] {processor.py:840} INFO - DAG(s) 'daily_summary' retrieved from /opt/airflow/dags/daily_summary.py
[2025-11-12T16:41:27.268+0000] {logging_mixin.py:188} INFO - [2025-11-12T16:41:27.267+0000] {dag.py:3036} INFO - Sync 1 DAGs
[2025-11-12T16:41:27.291+0000] {logging_mixin.py:188} INFO - [2025-11-12T16:41:27.291+0000] {dag.py:3823} INFO - Setting next_dagrun for daily_summary to 2025-11-12 00:00:00+00:00, run_after=2025-11-13 00:00:00+00:00
[2025-11-12T16:41:27.316+0000] {processor.py:183} INFO - Processing /opt/airflow/dags/daily_summary.py took 0.253 seconds
[2025-11-12T16:41:57.469+0000] {processor.py:161} INFO - Started process (PID=205) to work on /opt/airflow/dags/daily_summary.py
[2025-11-12T16:41:57.472+0000] {processor.py:830} INFO - Processing file /opt/airflow/dags/daily_summary.py for tasks to queue
[2025-11-12T16:41:57.475+0000] {logging_mixin.py:188} INFO - [2025-11-12T16:41:57.474+0000] {dagbag.py:538} INFO - Filling up the DagBag from /opt/airflow/dags/daily_summary.py
[2025-11-12T16:41:57.572+0000] {processor.py:840} INFO - DAG(s) 'daily_summary' retrieved from /opt/airflow/dags/daily_summary.py
[2025-11-12T16:41:57.602+0000] {logging_mixin.py:188} INFO - [2025-11-12T16:41:57.602+0000] {dag.py:3036} INFO - Sync 1 DAGs
[2025-11-12T16:41:57.638+0000] {logging_mixin.py:188} INFO - [2025-11-12T16:41:57.637+0000] {dag.py:3823} INFO - Setting next_dagrun for daily_summary to 2025-11-12 00:00:00+00:00, run_after=2025-11-13 00:00:00+00:00
[2025-11-12T16:41:57.695+0000] {processor.py:183} INFO - Processing /opt/airflow/dags/daily_summary.py took 0.233 seconds
[2025-11-12T16:42:28.110+0000] {processor.py:161} INFO - Started process (PID=210) to work on /opt/airflow/dags/daily_summary.py
[2025-11-12T16:42:28.112+0000] {processor.py:830} INFO - Processing file /opt/airflow/dags/daily_summary.py for tasks to queue
[2025-11-12T16:42:28.114+0000] {logging_mixin.py:188} INFO - [2025-11-12T16:42:28.114+0000] {dagbag.py:538} INFO - Filling up the DagBag from /opt/airflow/dags/daily_summary.py
[2025-11-12T16:42:28.263+0000] {processor.py:840} INFO - DAG(s) 'daily_summary' retrieved from /opt/airflow/dags/daily_summary.py
[2025-11-12T16:42:28.317+0000] {logging_mixin.py:188} INFO - [2025-11-12T16:42:28.317+0000] {dag.py:3036} INFO - Sync 1 DAGs
[2025-11-12T16:42:28.355+0000] {logging_mixin.py:188} INFO - [2025-11-12T16:42:28.355+0000] {dag.py:3823} INFO - Setting next_dagrun for daily_summary to 2025-11-12 00:00:00+00:00, run_after=2025-11-13 00:00:00+00:00
[2025-11-12T16:42:28.403+0000] {processor.py:183} INFO - Processing /opt/airflow/dags/daily_summary.py took 0.298 seconds
[2025-11-12T16:42:58.830+0000] {processor.py:161} INFO - Started process (PID=215) to work on /opt/airflow/dags/daily_summary.py
[2025-11-12T16:42:58.833+0000] {processor.py:830} INFO - Processing file /opt/airflow/dags/daily_summary.py for tasks to queue
[2025-11-12T16:42:58.836+0000] {logging_mixin.py:188} INFO - [2025-11-12T16:42:58.835+0000] {dagbag.py:538} INFO - Filling up the DagBag from /opt/airflow/dags/daily_summary.py
[2025-11-12T16:42:58.984+0000] {processor.py:840} INFO - DAG(s) 'daily_summary' retrieved from /opt/airflow/dags/daily_summary.py
[2025-11-12T16:42:59.013+0000] {logging_mixin.py:188} INFO - [2025-11-12T16:42:59.012+0000] {dag.py:3036} INFO - Sync 1 DAGs
[2025-11-12T16:42:59.046+0000] {logging_mixin.py:188} INFO - [2025-11-12T16:42:59.045+0000] {dag.py:3823} INFO - Setting next_dagrun for daily_summary to 2025-11-12 00:00:00+00:00, run_after=2025-11-13 00:00:00+00:00
[2025-11-12T16:42:59.084+0000] {processor.py:183} INFO - Processing /opt/airflow/dags/daily_summary.py took 0.264 seconds
[2025-11-12T16:43:29.177+0000] {processor.py:161} INFO - Started process (PID=220) to work on /opt/airflow/dags/daily_summary.py
[2025-11-12T16:43:29.179+0000] {processor.py:830} INFO - Processing file /opt/airflow/dags/daily_summary.py for tasks to queue
[2025-11-12T16:43:29.181+0000] {logging_mixin.py:188} INFO - [2025-11-12T16:43:29.180+0000] {dagbag.py:538} INFO - Filling up the DagBag from /opt/airflow/dags/daily_summary.py
[2025-11-12T16:43:29.298+0000] {processor.py:840} INFO - DAG(s) 'daily_summary' retrieved from /opt/airflow/dags/daily_summary.py
[2025-11-12T16:43:29.332+0000] {logging_mixin.py:188} INFO - [2025-11-12T16:43:29.332+0000] {dag.py:3036} INFO - Sync 1 DAGs
[2025-11-12T16:43:29.356+0000] {logging_mixin.py:188} INFO - [2025-11-12T16:43:29.356+0000] {dag.py:3823} INFO - Setting next_dagrun for daily_summary to 2025-11-12 00:00:00+00:00, run_after=2025-11-13 00:00:00+00:00
[2025-11-12T16:43:29.402+0000] {processor.py:183} INFO - Processing /opt/airflow/dags/daily_summary.py took 0.231 seconds
[2025-11-12T16:43:59.944+0000] {processor.py:161} INFO - Started process (PID=225) to work on /opt/airflow/dags/daily_summary.py
[2025-11-12T16:43:59.946+0000] {processor.py:830} INFO - Processing file /opt/airflow/dags/daily_summary.py for tasks to queue
[2025-11-12T16:43:59.948+0000] {logging_mixin.py:188} INFO - [2025-11-12T16:43:59.947+0000] {dagbag.py:538} INFO - Filling up the DagBag from /opt/airflow/dags/daily_summary.py
[2025-11-12T16:44:00.079+0000] {processor.py:840} INFO - DAG(s) 'daily_summary' retrieved from /opt/airflow/dags/daily_summary.py
[2025-11-12T16:44:00.114+0000] {logging_mixin.py:188} INFO - [2025-11-12T16:44:00.114+0000] {dag.py:3036} INFO - Sync 1 DAGs
[2025-11-12T16:44:00.145+0000] {logging_mixin.py:188} INFO - [2025-11-12T16:44:00.145+0000] {dag.py:3823} INFO - Setting next_dagrun for daily_summary to 2025-11-12 00:00:00+00:00, run_after=2025-11-13 00:00:00+00:00
[2025-11-12T16:44:00.178+0000] {processor.py:183} INFO - Processing /opt/airflow/dags/daily_summary.py took 0.241 seconds
[2025-11-12T16:44:30.320+0000] {processor.py:161} INFO - Started process (PID=230) to work on /opt/airflow/dags/daily_summary.py
[2025-11-12T16:44:30.323+0000] {processor.py:830} INFO - Processing file /opt/airflow/dags/daily_summary.py for tasks to queue
[2025-11-12T16:44:30.325+0000] {logging_mixin.py:188} INFO - [2025-11-12T16:44:30.325+0000] {dagbag.py:538} INFO - Filling up the DagBag from /opt/airflow/dags/daily_summary.py
[2025-11-12T16:44:30.428+0000] {processor.py:840} INFO - DAG(s) 'daily_summary' retrieved from /opt/airflow/dags/daily_summary.py
[2025-11-12T16:44:30.457+0000] {logging_mixin.py:188} INFO - [2025-11-12T16:44:30.456+0000] {dag.py:3036} INFO - Sync 1 DAGs
[2025-11-12T16:44:30.483+0000] {logging_mixin.py:188} INFO - [2025-11-12T16:44:30.483+0000] {dag.py:3823} INFO - Setting next_dagrun for daily_summary to 2025-11-12 00:00:00+00:00, run_after=2025-11-13 00:00:00+00:00
[2025-11-12T16:44:30.520+0000] {processor.py:183} INFO - Processing /opt/airflow/dags/daily_summary.py took 0.212 seconds
[2025-11-12T16:45:00.925+0000] {processor.py:161} INFO - Started process (PID=235) to work on /opt/airflow/dags/daily_summary.py
[2025-11-12T16:45:00.928+0000] {processor.py:830} INFO - Processing file /opt/airflow/dags/daily_summary.py for tasks to queue
[2025-11-12T16:45:00.931+0000] {logging_mixin.py:188} INFO - [2025-11-12T16:45:00.930+0000] {dagbag.py:538} INFO - Filling up the DagBag from /opt/airflow/dags/daily_summary.py
[2025-11-12T16:45:01.058+0000] {processor.py:840} INFO - DAG(s) 'daily_summary' retrieved from /opt/airflow/dags/daily_summary.py
[2025-11-12T16:45:01.098+0000] {logging_mixin.py:188} INFO - [2025-11-12T16:45:01.098+0000] {dag.py:3036} INFO - Sync 1 DAGs
[2025-11-12T16:45:01.139+0000] {logging_mixin.py:188} INFO - [2025-11-12T16:45:01.139+0000] {dag.py:3823} INFO - Setting next_dagrun for daily_summary to 2025-11-12 00:00:00+00:00, run_after=2025-11-13 00:00:00+00:00
[2025-11-12T16:45:01.194+0000] {processor.py:183} INFO - Processing /opt/airflow/dags/daily_summary.py took 0.275 seconds
[2025-11-12T16:45:31.458+0000] {processor.py:161} INFO - Started process (PID=240) to work on /opt/airflow/dags/daily_summary.py
[2025-11-12T16:45:31.459+0000] {processor.py:830} INFO - Processing file /opt/airflow/dags/daily_summary.py for tasks to queue
[2025-11-12T16:45:31.461+0000] {logging_mixin.py:188} INFO - [2025-11-12T16:45:31.460+0000] {dagbag.py:538} INFO - Filling up the DagBag from /opt/airflow/dags/daily_summary.py
[2025-11-12T16:45:31.521+0000] {processor.py:840} INFO - DAG(s) 'daily_summary' retrieved from /opt/airflow/dags/daily_summary.py
[2025-11-12T16:45:31.545+0000] {logging_mixin.py:188} INFO - [2025-11-12T16:45:31.544+0000] {dag.py:3036} INFO - Sync 1 DAGs
[2025-11-12T16:45:31.564+0000] {logging_mixin.py:188} INFO - [2025-11-12T16:45:31.563+0000] {dag.py:3823} INFO - Setting next_dagrun for daily_summary to 2025-11-12 00:00:00+00:00, run_after=2025-11-13 00:00:00+00:00
[2025-11-12T16:45:31.581+0000] {processor.py:183} INFO - Processing /opt/airflow/dags/daily_summary.py took 0.127 seconds
[2025-11-12T16:46:01.661+0000] {processor.py:161} INFO - Started process (PID=245) to work on /opt/airflow/dags/daily_summary.py
[2025-11-12T16:46:01.662+0000] {processor.py:830} INFO - Processing file /opt/airflow/dags/daily_summary.py for tasks to queue
[2025-11-12T16:46:01.663+0000] {logging_mixin.py:188} INFO - [2025-11-12T16:46:01.663+0000] {dagbag.py:538} INFO - Filling up the DagBag from /opt/airflow/dags/daily_summary.py
[2025-11-12T16:46:01.717+0000] {processor.py:840} INFO - DAG(s) 'daily_summary' retrieved from /opt/airflow/dags/daily_summary.py
[2025-11-12T16:46:01.738+0000] {logging_mixin.py:188} INFO - [2025-11-12T16:46:01.738+0000] {dag.py:3036} INFO - Sync 1 DAGs
[2025-11-12T16:46:01.755+0000] {logging_mixin.py:188} INFO - [2025-11-12T16:46:01.755+0000] {dag.py:3823} INFO - Setting next_dagrun for daily_summary to 2025-11-12 00:00:00+00:00, run_after=2025-11-13 00:00:00+00:00
[2025-11-12T16:46:01.774+0000] {processor.py:183} INFO - Processing /opt/airflow/dags/daily_summary.py took 0.116 seconds
[2025-11-12T16:46:32.014+0000] {processor.py:161} INFO - Started process (PID=250) to work on /opt/airflow/dags/daily_summary.py
[2025-11-12T16:46:32.015+0000] {processor.py:830} INFO - Processing file /opt/airflow/dags/daily_summary.py for tasks to queue
[2025-11-12T16:46:32.015+0000] {logging_mixin.py:188} INFO - [2025-11-12T16:46:32.015+0000] {dagbag.py:538} INFO - Filling up the DagBag from /opt/airflow/dags/daily_summary.py
[2025-11-12T16:46:32.068+0000] {processor.py:840} INFO - DAG(s) 'daily_summary' retrieved from /opt/airflow/dags/daily_summary.py
[2025-11-12T16:46:32.090+0000] {logging_mixin.py:188} INFO - [2025-11-12T16:46:32.090+0000] {dag.py:3036} INFO - Sync 1 DAGs
[2025-11-12T16:46:32.106+0000] {logging_mixin.py:188} INFO - [2025-11-12T16:46:32.106+0000] {dag.py:3823} INFO - Setting next_dagrun for daily_summary to 2025-11-12 00:00:00+00:00, run_after=2025-11-13 00:00:00+00:00
[2025-11-12T16:46:32.123+0000] {processor.py:183} INFO - Processing /opt/airflow/dags/daily_summary.py took 0.112 seconds
[2025-11-12T16:47:02.227+0000] {processor.py:161} INFO - Started process (PID=255) to work on /opt/airflow/dags/daily_summary.py
[2025-11-12T16:47:02.228+0000] {processor.py:830} INFO - Processing file /opt/airflow/dags/daily_summary.py for tasks to queue
[2025-11-12T16:47:02.229+0000] {logging_mixin.py:188} INFO - [2025-11-12T16:47:02.229+0000] {dagbag.py:538} INFO - Filling up the DagBag from /opt/airflow/dags/daily_summary.py
[2025-11-12T16:47:02.282+0000] {processor.py:840} INFO - DAG(s) 'daily_summary' retrieved from /opt/airflow/dags/daily_summary.py
[2025-11-12T16:47:02.306+0000] {logging_mixin.py:188} INFO - [2025-11-12T16:47:02.306+0000] {dag.py:3036} INFO - Sync 1 DAGs
[2025-11-12T16:47:02.324+0000] {logging_mixin.py:188} INFO - [2025-11-12T16:47:02.324+0000] {dag.py:3823} INFO - Setting next_dagrun for daily_summary to 2025-11-12 00:00:00+00:00, run_after=2025-11-13 00:00:00+00:00
[2025-11-12T16:47:02.344+0000] {processor.py:183} INFO - Processing /opt/airflow/dags/daily_summary.py took 0.120 seconds
[2025-11-12T16:47:32.628+0000] {processor.py:161} INFO - Started process (PID=260) to work on /opt/airflow/dags/daily_summary.py
[2025-11-12T16:47:32.629+0000] {processor.py:830} INFO - Processing file /opt/airflow/dags/daily_summary.py for tasks to queue
[2025-11-12T16:47:32.630+0000] {logging_mixin.py:188} INFO - [2025-11-12T16:47:32.630+0000] {dagbag.py:538} INFO - Filling up the DagBag from /opt/airflow/dags/daily_summary.py
[2025-11-12T16:47:32.685+0000] {processor.py:840} INFO - DAG(s) 'daily_summary' retrieved from /opt/airflow/dags/daily_summary.py
[2025-11-12T16:47:32.709+0000] {logging_mixin.py:188} INFO - [2025-11-12T16:47:32.709+0000] {dag.py:3036} INFO - Sync 1 DAGs
[2025-11-12T16:47:32.726+0000] {logging_mixin.py:188} INFO - [2025-11-12T16:47:32.725+0000] {dag.py:3823} INFO - Setting next_dagrun for daily_summary to 2025-11-12 00:00:00+00:00, run_after=2025-11-13 00:00:00+00:00
[2025-11-12T16:47:32.742+0000] {processor.py:183} INFO - Processing /opt/airflow/dags/daily_summary.py took 0.117 seconds
[2025-11-12T16:48:02.851+0000] {processor.py:161} INFO - Started process (PID=265) to work on /opt/airflow/dags/daily_summary.py
[2025-11-12T16:48:02.852+0000] {processor.py:830} INFO - Processing file /opt/airflow/dags/daily_summary.py for tasks to queue
[2025-11-12T16:48:02.853+0000] {logging_mixin.py:188} INFO - [2025-11-12T16:48:02.852+0000] {dagbag.py:538} INFO - Filling up the DagBag from /opt/airflow/dags/daily_summary.py
[2025-11-12T16:48:02.903+0000] {processor.py:840} INFO - DAG(s) 'daily_summary' retrieved from /opt/airflow/dags/daily_summary.py
[2025-11-12T16:48:02.923+0000] {logging_mixin.py:188} INFO - [2025-11-12T16:48:02.923+0000] {dag.py:3036} INFO - Sync 1 DAGs
[2025-11-12T16:48:02.939+0000] {logging_mixin.py:188} INFO - [2025-11-12T16:48:02.939+0000] {dag.py:3823} INFO - Setting next_dagrun for daily_summary to 2025-11-12 00:00:00+00:00, run_after=2025-11-13 00:00:00+00:00
[2025-11-12T16:48:02.958+0000] {processor.py:183} INFO - Processing /opt/airflow/dags/daily_summary.py took 0.110 seconds
[2025-11-12T16:48:33.103+0000] {processor.py:161} INFO - Started process (PID=270) to work on /opt/airflow/dags/daily_summary.py
[2025-11-12T16:48:33.104+0000] {processor.py:830} INFO - Processing file /opt/airflow/dags/daily_summary.py for tasks to queue
[2025-11-12T16:48:33.105+0000] {logging_mixin.py:188} INFO - [2025-11-12T16:48:33.105+0000] {dagbag.py:538} INFO - Filling up the DagBag from /opt/airflow/dags/daily_summary.py
[2025-11-12T16:48:33.158+0000] {processor.py:840} INFO - DAG(s) 'daily_summary' retrieved from /opt/airflow/dags/daily_summary.py
[2025-11-12T16:48:33.183+0000] {logging_mixin.py:188} INFO - [2025-11-12T16:48:33.182+0000] {dag.py:3036} INFO - Sync 1 DAGs
[2025-11-12T16:48:33.201+0000] {logging_mixin.py:188} INFO - [2025-11-12T16:48:33.201+0000] {dag.py:3823} INFO - Setting next_dagrun for daily_summary to 2025-11-12 00:00:00+00:00, run_after=2025-11-13 00:00:00+00:00
[2025-11-12T16:48:33.228+0000] {processor.py:183} INFO - Processing /opt/airflow/dags/daily_summary.py took 0.128 seconds
[2025-11-12T16:49:03.438+0000] {processor.py:161} INFO - Started process (PID=275) to work on /opt/airflow/dags/daily_summary.py
[2025-11-12T16:49:03.439+0000] {processor.py:830} INFO - Processing file /opt/airflow/dags/daily_summary.py for tasks to queue
[2025-11-12T16:49:03.440+0000] {logging_mixin.py:188} INFO - [2025-11-12T16:49:03.440+0000] {dagbag.py:538} INFO - Filling up the DagBag from /opt/airflow/dags/daily_summary.py
[2025-11-12T16:49:03.500+0000] {processor.py:840} INFO - DAG(s) 'daily_summary' retrieved from /opt/airflow/dags/daily_summary.py
[2025-11-12T16:49:03.525+0000] {logging_mixin.py:188} INFO - [2025-11-12T16:49:03.525+0000] {dag.py:3036} INFO - Sync 1 DAGs
[2025-11-12T16:49:03.545+0000] {logging_mixin.py:188} INFO - [2025-11-12T16:49:03.545+0000] {dag.py:3823} INFO - Setting next_dagrun for daily_summary to 2025-11-12 00:00:00+00:00, run_after=2025-11-13 00:00:00+00:00
[2025-11-12T16:49:03.572+0000] {processor.py:183} INFO - Processing /opt/airflow/dags/daily_summary.py took 0.136 seconds
[2025-11-12T16:49:33.686+0000] {processor.py:161} INFO - Started process (PID=280) to work on /opt/airflow/dags/daily_summary.py
[2025-11-12T16:49:33.687+0000] {processor.py:830} INFO - Processing file /opt/airflow/dags/daily_summary.py for tasks to queue
[2025-11-12T16:49:33.687+0000] {logging_mixin.py:188} INFO - [2025-11-12T16:49:33.687+0000] {dagbag.py:538} INFO - Filling up the DagBag from /opt/airflow/dags/daily_summary.py
[2025-11-12T16:49:33.738+0000] {processor.py:840} INFO - DAG(s) 'daily_summary' retrieved from /opt/airflow/dags/daily_summary.py
[2025-11-12T16:49:33.760+0000] {logging_mixin.py:188} INFO - [2025-11-12T16:49:33.760+0000] {dag.py:3036} INFO - Sync 1 DAGs
[2025-11-12T16:49:33.777+0000] {logging_mixin.py:188} INFO - [2025-11-12T16:49:33.776+0000] {dag.py:3823} INFO - Setting next_dagrun for daily_summary to 2025-11-12 00:00:00+00:00, run_after=2025-11-13 00:00:00+00:00
[2025-11-12T16:49:33.805+0000] {processor.py:183} INFO - Processing /opt/airflow/dags/daily_summary.py took 0.123 seconds
[2025-11-12T16:54:28.399+0000] {processor.py:161} INFO - Started process (PID=175) to work on /opt/airflow/dags/daily_summary.py
[2025-11-12T16:54:28.400+0000] {processor.py:830} INFO - Processing file /opt/airflow/dags/daily_summary.py for tasks to queue
[2025-11-12T16:54:28.401+0000] {logging_mixin.py:188} INFO - [2025-11-12T16:54:28.401+0000] {dagbag.py:538} INFO - Filling up the DagBag from /opt/airflow/dags/daily_summary.py
[2025-11-12T16:54:28.505+0000] {processor.py:840} INFO - DAG(s) 'daily_summary' retrieved from /opt/airflow/dags/daily_summary.py
[2025-11-12T16:54:28.539+0000] {logging_mixin.py:188} INFO - [2025-11-12T16:54:28.538+0000] {dag.py:3036} INFO - Sync 1 DAGs
[2025-11-12T16:54:28.572+0000] {logging_mixin.py:188} INFO - [2025-11-12T16:54:28.571+0000] {dag.py:3823} INFO - Setting next_dagrun for daily_summary to 2025-11-12 00:00:00+00:00, run_after=2025-11-13 00:00:00+00:00
[2025-11-12T16:54:28.595+0000] {processor.py:183} INFO - Processing /opt/airflow/dags/daily_summary.py took 0.200 seconds
[2025-11-12T16:54:58.661+0000] {processor.py:161} INFO - Started process (PID=180) to work on /opt/airflow/dags/daily_summary.py
[2025-11-12T16:54:58.661+0000] {processor.py:830} INFO - Processing file /opt/airflow/dags/daily_summary.py for tasks to queue
[2025-11-12T16:54:58.662+0000] {logging_mixin.py:188} INFO - [2025-11-12T16:54:58.662+0000] {dagbag.py:538} INFO - Filling up the DagBag from /opt/airflow/dags/daily_summary.py
[2025-11-12T16:54:58.719+0000] {processor.py:840} INFO - DAG(s) 'daily_summary' retrieved from /opt/airflow/dags/daily_summary.py
[2025-11-12T16:54:58.861+0000] {logging_mixin.py:188} INFO - [2025-11-12T16:54:58.861+0000] {dag.py:3036} INFO - Sync 1 DAGs
[2025-11-12T16:54:58.879+0000] {logging_mixin.py:188} INFO - [2025-11-12T16:54:58.879+0000] {dag.py:3823} INFO - Setting next_dagrun for daily_summary to 2025-11-12 00:00:00+00:00, run_after=2025-11-13 00:00:00+00:00
[2025-11-12T16:54:58.896+0000] {processor.py:183} INFO - Processing /opt/airflow/dags/daily_summary.py took 0.238 seconds
[2025-11-12T16:55:29.029+0000] {processor.py:161} INFO - Started process (PID=185) to work on /opt/airflow/dags/daily_summary.py
[2025-11-12T16:55:29.029+0000] {processor.py:830} INFO - Processing file /opt/airflow/dags/daily_summary.py for tasks to queue
[2025-11-12T16:55:29.030+0000] {logging_mixin.py:188} INFO - [2025-11-12T16:55:29.030+0000] {dagbag.py:538} INFO - Filling up the DagBag from /opt/airflow/dags/daily_summary.py
[2025-11-12T16:55:29.088+0000] {processor.py:840} INFO - DAG(s) 'daily_summary' retrieved from /opt/airflow/dags/daily_summary.py
[2025-11-12T16:55:29.112+0000] {logging_mixin.py:188} INFO - [2025-11-12T16:55:29.112+0000] {dag.py:3036} INFO - Sync 1 DAGs
[2025-11-12T16:55:29.131+0000] {logging_mixin.py:188} INFO - [2025-11-12T16:55:29.130+0000] {dag.py:3823} INFO - Setting next_dagrun for daily_summary to 2025-11-12 00:00:00+00:00, run_after=2025-11-13 00:00:00+00:00
[2025-11-12T16:55:29.149+0000] {processor.py:183} INFO - Processing /opt/airflow/dags/daily_summary.py took 0.123 seconds
[2025-11-12T16:55:59.410+0000] {processor.py:161} INFO - Started process (PID=190) to work on /opt/airflow/dags/daily_summary.py
[2025-11-12T16:55:59.410+0000] {processor.py:830} INFO - Processing file /opt/airflow/dags/daily_summary.py for tasks to queue
[2025-11-12T16:55:59.411+0000] {logging_mixin.py:188} INFO - [2025-11-12T16:55:59.411+0000] {dagbag.py:538} INFO - Filling up the DagBag from /opt/airflow/dags/daily_summary.py
[2025-11-12T16:55:59.466+0000] {processor.py:840} INFO - DAG(s) 'daily_summary' retrieved from /opt/airflow/dags/daily_summary.py
[2025-11-12T16:55:59.489+0000] {logging_mixin.py:188} INFO - [2025-11-12T16:55:59.489+0000] {dag.py:3036} INFO - Sync 1 DAGs
[2025-11-12T16:55:59.508+0000] {logging_mixin.py:188} INFO - [2025-11-12T16:55:59.507+0000] {dag.py:3823} INFO - Setting next_dagrun for daily_summary to 2025-11-12 00:00:00+00:00, run_after=2025-11-13 00:00:00+00:00
[2025-11-12T16:55:59.528+0000] {processor.py:183} INFO - Processing /opt/airflow/dags/daily_summary.py took 0.121 seconds
[2025-11-12T16:56:29.705+0000] {processor.py:161} INFO - Started process (PID=195) to work on /opt/airflow/dags/daily_summary.py
[2025-11-12T16:56:29.705+0000] {processor.py:830} INFO - Processing file /opt/airflow/dags/daily_summary.py for tasks to queue
[2025-11-12T16:56:29.706+0000] {logging_mixin.py:188} INFO - [2025-11-12T16:56:29.706+0000] {dagbag.py:538} INFO - Filling up the DagBag from /opt/airflow/dags/daily_summary.py
[2025-11-12T16:56:29.766+0000] {processor.py:840} INFO - DAG(s) 'daily_summary' retrieved from /opt/airflow/dags/daily_summary.py
[2025-11-12T16:56:29.786+0000] {logging_mixin.py:188} INFO - [2025-11-12T16:56:29.786+0000] {dag.py:3036} INFO - Sync 1 DAGs
[2025-11-12T16:56:29.802+0000] {logging_mixin.py:188} INFO - [2025-11-12T16:56:29.801+0000] {dag.py:3823} INFO - Setting next_dagrun for daily_summary to 2025-11-12 00:00:00+00:00, run_after=2025-11-13 00:00:00+00:00
[2025-11-12T16:56:29.822+0000] {processor.py:183} INFO - Processing /opt/airflow/dags/daily_summary.py took 0.120 seconds
[2025-11-12T16:57:00.052+0000] {processor.py:161} INFO - Started process (PID=200) to work on /opt/airflow/dags/daily_summary.py
[2025-11-12T16:57:00.053+0000] {processor.py:830} INFO - Processing file /opt/airflow/dags/daily_summary.py for tasks to queue
[2025-11-12T16:57:00.054+0000] {logging_mixin.py:188} INFO - [2025-11-12T16:57:00.054+0000] {dagbag.py:538} INFO - Filling up the DagBag from /opt/airflow/dags/daily_summary.py
[2025-11-12T16:57:00.104+0000] {processor.py:840} INFO - DAG(s) 'daily_summary' retrieved from /opt/airflow/dags/daily_summary.py
[2025-11-12T16:57:00.123+0000] {logging_mixin.py:188} INFO - [2025-11-12T16:57:00.123+0000] {dag.py:3036} INFO - Sync 1 DAGs
[2025-11-12T16:57:00.139+0000] {logging_mixin.py:188} INFO - [2025-11-12T16:57:00.139+0000] {dag.py:3823} INFO - Setting next_dagrun for daily_summary to 2025-11-12 00:00:00+00:00, run_after=2025-11-13 00:00:00+00:00
[2025-11-12T16:57:00.167+0000] {processor.py:183} INFO - Processing /opt/airflow/dags/daily_summary.py took 0.117 seconds
[2025-11-12T16:57:30.324+0000] {processor.py:161} INFO - Started process (PID=205) to work on /opt/airflow/dags/daily_summary.py
[2025-11-12T16:57:30.325+0000] {processor.py:830} INFO - Processing file /opt/airflow/dags/daily_summary.py for tasks to queue
[2025-11-12T16:57:30.326+0000] {logging_mixin.py:188} INFO - [2025-11-12T16:57:30.325+0000] {dagbag.py:538} INFO - Filling up the DagBag from /opt/airflow/dags/daily_summary.py
[2025-11-12T16:57:30.385+0000] {processor.py:840} INFO - DAG(s) 'daily_summary' retrieved from /opt/airflow/dags/daily_summary.py
[2025-11-12T16:57:30.405+0000] {logging_mixin.py:188} INFO - [2025-11-12T16:57:30.404+0000] {dag.py:3036} INFO - Sync 1 DAGs
[2025-11-12T16:57:30.421+0000] {logging_mixin.py:188} INFO - [2025-11-12T16:57:30.421+0000] {dag.py:3823} INFO - Setting next_dagrun for daily_summary to 2025-11-12 00:00:00+00:00, run_after=2025-11-13 00:00:00+00:00
[2025-11-12T16:57:30.440+0000] {processor.py:183} INFO - Processing /opt/airflow/dags/daily_summary.py took 0.118 seconds
[2025-11-12T16:58:00.633+0000] {processor.py:161} INFO - Started process (PID=210) to work on /opt/airflow/dags/daily_summary.py
[2025-11-12T16:58:00.634+0000] {processor.py:830} INFO - Processing file /opt/airflow/dags/daily_summary.py for tasks to queue
[2025-11-12T16:58:00.635+0000] {logging_mixin.py:188} INFO - [2025-11-12T16:58:00.635+0000] {dagbag.py:538} INFO - Filling up the DagBag from /opt/airflow/dags/daily_summary.py
[2025-11-12T16:58:00.692+0000] {processor.py:840} INFO - DAG(s) 'daily_summary' retrieved from /opt/airflow/dags/daily_summary.py
[2025-11-12T16:58:00.714+0000] {logging_mixin.py:188} INFO - [2025-11-12T16:58:00.714+0000] {dag.py:3036} INFO - Sync 1 DAGs
[2025-11-12T16:58:00.732+0000] {logging_mixin.py:188} INFO - [2025-11-12T16:58:00.731+0000] {dag.py:3823} INFO - Setting next_dagrun for daily_summary to 2025-11-12 00:00:00+00:00, run_after=2025-11-13 00:00:00+00:00
[2025-11-12T16:58:00.758+0000] {processor.py:183} INFO - Processing /opt/airflow/dags/daily_summary.py took 0.128 seconds
[2025-11-12T16:58:30.971+0000] {processor.py:161} INFO - Started process (PID=215) to work on /opt/airflow/dags/daily_summary.py
[2025-11-12T16:58:30.971+0000] {processor.py:830} INFO - Processing file /opt/airflow/dags/daily_summary.py for tasks to queue
[2025-11-12T16:58:30.972+0000] {logging_mixin.py:188} INFO - [2025-11-12T16:58:30.972+0000] {dagbag.py:538} INFO - Filling up the DagBag from /opt/airflow/dags/daily_summary.py
[2025-11-12T16:58:31.027+0000] {processor.py:840} INFO - DAG(s) 'daily_summary' retrieved from /opt/airflow/dags/daily_summary.py
[2025-11-12T16:58:31.048+0000] {logging_mixin.py:188} INFO - [2025-11-12T16:58:31.048+0000] {dag.py:3036} INFO - Sync 1 DAGs
[2025-11-12T16:58:31.065+0000] {logging_mixin.py:188} INFO - [2025-11-12T16:58:31.065+0000] {dag.py:3823} INFO - Setting next_dagrun for daily_summary to 2025-11-12 00:00:00+00:00, run_after=2025-11-13 00:00:00+00:00
[2025-11-12T16:58:31.093+0000] {processor.py:183} INFO - Processing /opt/airflow/dags/daily_summary.py took 0.124 seconds
[2025-11-12T16:59:01.229+0000] {processor.py:161} INFO - Started process (PID=220) to work on /opt/airflow/dags/daily_summary.py
[2025-11-12T16:59:01.230+0000] {processor.py:830} INFO - Processing file /opt/airflow/dags/daily_summary.py for tasks to queue
[2025-11-12T16:59:01.231+0000] {logging_mixin.py:188} INFO - [2025-11-12T16:59:01.230+0000] {dagbag.py:538} INFO - Filling up the DagBag from /opt/airflow/dags/daily_summary.py
[2025-11-12T16:59:01.292+0000] {processor.py:840} INFO - DAG(s) 'daily_summary' retrieved from /opt/airflow/dags/daily_summary.py
[2025-11-12T16:59:01.317+0000] {logging_mixin.py:188} INFO - [2025-11-12T16:59:01.317+0000] {dag.py:3036} INFO - Sync 1 DAGs
[2025-11-12T16:59:01.339+0000] {logging_mixin.py:188} INFO - [2025-11-12T16:59:01.338+0000] {dag.py:3823} INFO - Setting next_dagrun for daily_summary to 2025-11-12 00:00:00+00:00, run_after=2025-11-13 00:00:00+00:00
[2025-11-12T16:59:01.358+0000] {processor.py:183} INFO - Processing /opt/airflow/dags/daily_summary.py took 0.133 seconds
[2025-11-12T16:59:31.575+0000] {processor.py:161} INFO - Started process (PID=225) to work on /opt/airflow/dags/daily_summary.py
[2025-11-12T16:59:31.576+0000] {processor.py:830} INFO - Processing file /opt/airflow/dags/daily_summary.py for tasks to queue
[2025-11-12T16:59:31.576+0000] {logging_mixin.py:188} INFO - [2025-11-12T16:59:31.576+0000] {dagbag.py:538} INFO - Filling up the DagBag from /opt/airflow/dags/daily_summary.py
[2025-11-12T16:59:31.633+0000] {processor.py:840} INFO - DAG(s) 'daily_summary' retrieved from /opt/airflow/dags/daily_summary.py
[2025-11-12T16:59:31.653+0000] {logging_mixin.py:188} INFO - [2025-11-12T16:59:31.653+0000] {dag.py:3036} INFO - Sync 1 DAGs
[2025-11-12T16:59:31.669+0000] {logging_mixin.py:188} INFO - [2025-11-12T16:59:31.669+0000] {dag.py:3823} INFO - Setting next_dagrun for daily_summary to 2025-11-12 00:00:00+00:00, run_after=2025-11-13 00:00:00+00:00
[2025-11-12T16:59:31.686+0000] {processor.py:183} INFO - Processing /opt/airflow/dags/daily_summary.py took 0.114 seconds
[2025-11-12T17:00:01.813+0000] {processor.py:161} INFO - Started process (PID=230) to work on /opt/airflow/dags/daily_summary.py
[2025-11-12T17:00:01.814+0000] {processor.py:830} INFO - Processing file /opt/airflow/dags/daily_summary.py for tasks to queue
[2025-11-12T17:00:01.816+0000] {logging_mixin.py:188} INFO - [2025-11-12T17:00:01.815+0000] {dagbag.py:538} INFO - Filling up the DagBag from /opt/airflow/dags/daily_summary.py
[2025-11-12T17:00:01.895+0000] {processor.py:840} INFO - DAG(s) 'daily_summary' retrieved from /opt/airflow/dags/daily_summary.py
[2025-11-12T17:00:01.928+0000] {logging_mixin.py:188} INFO - [2025-11-12T17:00:01.928+0000] {dag.py:3036} INFO - Sync 1 DAGs
[2025-11-12T17:00:01.951+0000] {logging_mixin.py:188} INFO - [2025-11-12T17:00:01.951+0000] {dag.py:3823} INFO - Setting next_dagrun for daily_summary to 2025-11-12 00:00:00+00:00, run_after=2025-11-13 00:00:00+00:00
[2025-11-12T17:00:01.976+0000] {processor.py:183} INFO - Processing /opt/airflow/dags/daily_summary.py took 0.167 seconds
[2025-11-12T17:00:32.152+0000] {processor.py:161} INFO - Started process (PID=235) to work on /opt/airflow/dags/daily_summary.py
[2025-11-12T17:00:32.153+0000] {processor.py:830} INFO - Processing file /opt/airflow/dags/daily_summary.py for tasks to queue
[2025-11-12T17:00:32.154+0000] {logging_mixin.py:188} INFO - [2025-11-12T17:00:32.154+0000] {dagbag.py:538} INFO - Filling up the DagBag from /opt/airflow/dags/daily_summary.py
[2025-11-12T17:00:32.226+0000] {processor.py:840} INFO - DAG(s) 'daily_summary' retrieved from /opt/airflow/dags/daily_summary.py
[2025-11-12T17:00:32.250+0000] {logging_mixin.py:188} INFO - [2025-11-12T17:00:32.250+0000] {dag.py:3036} INFO - Sync 1 DAGs
[2025-11-12T17:00:32.272+0000] {logging_mixin.py:188} INFO - [2025-11-12T17:00:32.271+0000] {dag.py:3823} INFO - Setting next_dagrun for daily_summary to 2025-11-12 00:00:00+00:00, run_after=2025-11-13 00:00:00+00:00
[2025-11-12T17:00:32.292+0000] {processor.py:183} INFO - Processing /opt/airflow/dags/daily_summary.py took 0.142 seconds
[2025-11-12T17:01:16.600+0000] {processor.py:161} INFO - Started process (PID=175) to work on /opt/airflow/dags/daily_summary.py
[2025-11-12T17:01:16.601+0000] {processor.py:830} INFO - Processing file /opt/airflow/dags/daily_summary.py for tasks to queue
[2025-11-12T17:01:16.602+0000] {logging_mixin.py:188} INFO - [2025-11-12T17:01:16.602+0000] {dagbag.py:538} INFO - Filling up the DagBag from /opt/airflow/dags/daily_summary.py
[2025-11-12T17:01:16.667+0000] {processor.py:840} INFO - DAG(s) 'daily_summary' retrieved from /opt/airflow/dags/daily_summary.py
[2025-11-12T17:01:16.689+0000] {logging_mixin.py:188} INFO - [2025-11-12T17:01:16.689+0000] {dag.py:3036} INFO - Sync 1 DAGs
[2025-11-12T17:01:16.722+0000] {logging_mixin.py:188} INFO - [2025-11-12T17:01:16.722+0000] {dag.py:3823} INFO - Setting next_dagrun for daily_summary to 2025-11-12 00:00:00+00:00, run_after=2025-11-13 00:00:00+00:00
[2025-11-12T17:01:16.768+0000] {processor.py:183} INFO - Processing /opt/airflow/dags/daily_summary.py took 0.172 seconds
[2025-11-12T17:01:46.899+0000] {processor.py:161} INFO - Started process (PID=180) to work on /opt/airflow/dags/daily_summary.py
[2025-11-12T17:01:46.899+0000] {processor.py:830} INFO - Processing file /opt/airflow/dags/daily_summary.py for tasks to queue
[2025-11-12T17:01:46.900+0000] {logging_mixin.py:188} INFO - [2025-11-12T17:01:46.900+0000] {dagbag.py:538} INFO - Filling up the DagBag from /opt/airflow/dags/daily_summary.py
[2025-11-12T17:01:46.949+0000] {processor.py:840} INFO - DAG(s) 'daily_summary' retrieved from /opt/airflow/dags/daily_summary.py
[2025-11-12T17:01:47.019+0000] {logging_mixin.py:188} INFO - [2025-11-12T17:01:47.019+0000] {dag.py:3036} INFO - Sync 1 DAGs
[2025-11-12T17:01:47.034+0000] {logging_mixin.py:188} INFO - [2025-11-12T17:01:47.034+0000] {dag.py:3823} INFO - Setting next_dagrun for daily_summary to 2025-11-12 00:00:00+00:00, run_after=2025-11-13 00:00:00+00:00
[2025-11-12T17:01:47.057+0000] {processor.py:183} INFO - Processing /opt/airflow/dags/daily_summary.py took 0.161 seconds
[2025-11-12T17:02:29.540+0000] {processor.py:161} INFO - Started process (PID=175) to work on /opt/airflow/dags/daily_summary.py
[2025-11-12T17:02:29.541+0000] {processor.py:830} INFO - Processing file /opt/airflow/dags/daily_summary.py for tasks to queue
[2025-11-12T17:02:29.542+0000] {logging_mixin.py:188} INFO - [2025-11-12T17:02:29.542+0000] {dagbag.py:538} INFO - Filling up the DagBag from /opt/airflow/dags/daily_summary.py
[2025-11-12T17:02:29.605+0000] {processor.py:840} INFO - DAG(s) 'daily_summary' retrieved from /opt/airflow/dags/daily_summary.py
[2025-11-12T17:02:29.636+0000] {logging_mixin.py:188} INFO - [2025-11-12T17:02:29.636+0000] {dag.py:3036} INFO - Sync 1 DAGs
[2025-11-12T17:02:29.693+0000] {logging_mixin.py:188} INFO - [2025-11-12T17:02:29.693+0000] {dag.py:3823} INFO - Setting next_dagrun for daily_summary to 2025-11-12 00:00:00+00:00, run_after=2025-11-13 00:00:00+00:00
[2025-11-12T17:02:29.724+0000] {processor.py:183} INFO - Processing /opt/airflow/dags/daily_summary.py took 0.186 seconds
[2025-11-12T17:02:59.784+0000] {processor.py:161} INFO - Started process (PID=180) to work on /opt/airflow/dags/daily_summary.py
[2025-11-12T17:02:59.785+0000] {processor.py:830} INFO - Processing file /opt/airflow/dags/daily_summary.py for tasks to queue
[2025-11-12T17:02:59.786+0000] {logging_mixin.py:188} INFO - [2025-11-12T17:02:59.786+0000] {dagbag.py:538} INFO - Filling up the DagBag from /opt/airflow/dags/daily_summary.py
[2025-11-12T17:02:59.848+0000] {processor.py:840} INFO - DAG(s) 'daily_summary' retrieved from /opt/airflow/dags/daily_summary.py
[2025-11-12T17:02:59.999+0000] {logging_mixin.py:188} INFO - [2025-11-12T17:02:59.999+0000] {dag.py:3036} INFO - Sync 1 DAGs
[2025-11-12T17:03:00.017+0000] {logging_mixin.py:188} INFO - [2025-11-12T17:03:00.017+0000] {dag.py:3823} INFO - Setting next_dagrun for daily_summary to 2025-11-12 00:00:00+00:00, run_after=2025-11-13 00:00:00+00:00
[2025-11-12T17:03:00.036+0000] {processor.py:183} INFO - Processing /opt/airflow/dags/daily_summary.py took 0.256 seconds
[2025-11-12T17:03:30.215+0000] {processor.py:161} INFO - Started process (PID=185) to work on /opt/airflow/dags/daily_summary.py
[2025-11-12T17:03:30.215+0000] {processor.py:830} INFO - Processing file /opt/airflow/dags/daily_summary.py for tasks to queue
[2025-11-12T17:03:30.216+0000] {logging_mixin.py:188} INFO - [2025-11-12T17:03:30.216+0000] {dagbag.py:538} INFO - Filling up the DagBag from /opt/airflow/dags/daily_summary.py
[2025-11-12T17:03:30.269+0000] {processor.py:840} INFO - DAG(s) 'daily_summary' retrieved from /opt/airflow/dags/daily_summary.py
[2025-11-12T17:03:30.290+0000] {logging_mixin.py:188} INFO - [2025-11-12T17:03:30.289+0000] {dag.py:3036} INFO - Sync 1 DAGs
[2025-11-12T17:03:30.307+0000] {logging_mixin.py:188} INFO - [2025-11-12T17:03:30.307+0000] {dag.py:3823} INFO - Setting next_dagrun for daily_summary to 2025-11-12 00:00:00+00:00, run_after=2025-11-13 00:00:00+00:00
[2025-11-12T17:03:30.332+0000] {processor.py:183} INFO - Processing /opt/airflow/dags/daily_summary.py took 0.121 seconds
[2025-11-12T17:04:00.627+0000] {processor.py:161} INFO - Started process (PID=190) to work on /opt/airflow/dags/daily_summary.py
[2025-11-12T17:04:00.628+0000] {processor.py:830} INFO - Processing file /opt/airflow/dags/daily_summary.py for tasks to queue
[2025-11-12T17:04:00.630+0000] {logging_mixin.py:188} INFO - [2025-11-12T17:04:00.629+0000] {dagbag.py:538} INFO - Filling up the DagBag from /opt/airflow/dags/daily_summary.py
[2025-11-12T17:04:00.691+0000] {processor.py:840} INFO - DAG(s) 'daily_summary' retrieved from /opt/airflow/dags/daily_summary.py
[2025-11-12T17:04:00.716+0000] {logging_mixin.py:188} INFO - [2025-11-12T17:04:00.716+0000] {dag.py:3036} INFO - Sync 1 DAGs
[2025-11-12T17:04:00.735+0000] {logging_mixin.py:188} INFO - [2025-11-12T17:04:00.735+0000] {dag.py:3823} INFO - Setting next_dagrun for daily_summary to 2025-11-12 00:00:00+00:00, run_after=2025-11-13 00:00:00+00:00
[2025-11-12T17:04:00.760+0000] {processor.py:183} INFO - Processing /opt/airflow/dags/daily_summary.py took 0.135 seconds
[2025-11-12T17:04:30.860+0000] {processor.py:161} INFO - Started process (PID=195) to work on /opt/airflow/dags/daily_summary.py
[2025-11-12T17:04:30.861+0000] {processor.py:830} INFO - Processing file /opt/airflow/dags/daily_summary.py for tasks to queue
[2025-11-12T17:04:30.862+0000] {logging_mixin.py:188} INFO - [2025-11-12T17:04:30.862+0000] {dagbag.py:538} INFO - Filling up the DagBag from /opt/airflow/dags/daily_summary.py
[2025-11-12T17:04:30.921+0000] {processor.py:840} INFO - DAG(s) 'daily_summary' retrieved from /opt/airflow/dags/daily_summary.py
[2025-11-12T17:04:30.945+0000] {logging_mixin.py:188} INFO - [2025-11-12T17:04:30.944+0000] {dag.py:3036} INFO - Sync 1 DAGs
[2025-11-12T17:04:30.963+0000] {logging_mixin.py:188} INFO - [2025-11-12T17:04:30.963+0000] {dag.py:3823} INFO - Setting next_dagrun for daily_summary to 2025-11-12 00:00:00+00:00, run_after=2025-11-13 00:00:00+00:00
[2025-11-12T17:04:30.991+0000] {processor.py:183} INFO - Processing /opt/airflow/dags/daily_summary.py took 0.134 seconds
[2025-11-12T17:05:21.621+0000] {processor.py:161} INFO - Started process (PID=175) to work on /opt/airflow/dags/daily_summary.py
[2025-11-12T17:05:21.622+0000] {processor.py:830} INFO - Processing file /opt/airflow/dags/daily_summary.py for tasks to queue
[2025-11-12T17:05:21.623+0000] {logging_mixin.py:188} INFO - [2025-11-12T17:05:21.623+0000] {dagbag.py:538} INFO - Filling up the DagBag from /opt/airflow/dags/daily_summary.py
[2025-11-12T17:05:21.689+0000] {processor.py:840} INFO - DAG(s) 'daily_summary' retrieved from /opt/airflow/dags/daily_summary.py
[2025-11-12T17:05:21.717+0000] {logging_mixin.py:188} INFO - [2025-11-12T17:05:21.717+0000] {dag.py:3036} INFO - Sync 1 DAGs
[2025-11-12T17:05:21.737+0000] {logging_mixin.py:188} INFO - [2025-11-12T17:05:21.737+0000] {dag.py:3823} INFO - Setting next_dagrun for daily_summary to 2025-11-12 00:00:00+00:00, run_after=2025-11-13 00:00:00+00:00
[2025-11-12T17:05:21.760+0000] {processor.py:183} INFO - Processing /opt/airflow/dags/daily_summary.py took 0.142 seconds
[2025-11-12T17:05:51.824+0000] {processor.py:161} INFO - Started process (PID=180) to work on /opt/airflow/dags/daily_summary.py
[2025-11-12T17:05:51.824+0000] {processor.py:830} INFO - Processing file /opt/airflow/dags/daily_summary.py for tasks to queue
[2025-11-12T17:05:51.825+0000] {logging_mixin.py:188} INFO - [2025-11-12T17:05:51.825+0000] {dagbag.py:538} INFO - Filling up the DagBag from /opt/airflow/dags/daily_summary.py
[2025-11-12T17:05:51.887+0000] {processor.py:840} INFO - DAG(s) 'daily_summary' retrieved from /opt/airflow/dags/daily_summary.py
[2025-11-12T17:05:52.024+0000] {logging_mixin.py:188} INFO - [2025-11-12T17:05:52.024+0000] {dag.py:3036} INFO - Sync 1 DAGs
[2025-11-12T17:05:52.040+0000] {logging_mixin.py:188} INFO - [2025-11-12T17:05:52.039+0000] {dag.py:3823} INFO - Setting next_dagrun for daily_summary to 2025-11-12 00:00:00+00:00, run_after=2025-11-13 00:00:00+00:00
[2025-11-12T17:05:52.060+0000] {processor.py:183} INFO - Processing /opt/airflow/dags/daily_summary.py took 0.240 seconds
[2025-11-12T17:06:22.258+0000] {processor.py:161} INFO - Started process (PID=185) to work on /opt/airflow/dags/daily_summary.py
[2025-11-12T17:06:22.259+0000] {processor.py:830} INFO - Processing file /opt/airflow/dags/daily_summary.py for tasks to queue
[2025-11-12T17:06:22.259+0000] {logging_mixin.py:188} INFO - [2025-11-12T17:06:22.259+0000] {dagbag.py:538} INFO - Filling up the DagBag from /opt/airflow/dags/daily_summary.py
[2025-11-12T17:06:22.312+0000] {processor.py:840} INFO - DAG(s) 'daily_summary' retrieved from /opt/airflow/dags/daily_summary.py
[2025-11-12T17:06:22.337+0000] {logging_mixin.py:188} INFO - [2025-11-12T17:06:22.337+0000] {dag.py:3036} INFO - Sync 1 DAGs
[2025-11-12T17:06:22.360+0000] {logging_mixin.py:188} INFO - [2025-11-12T17:06:22.360+0000] {dag.py:3823} INFO - Setting next_dagrun for daily_summary to 2025-11-12 00:00:00+00:00, run_after=2025-11-13 00:00:00+00:00
[2025-11-12T17:06:22.388+0000] {processor.py:183} INFO - Processing /opt/airflow/dags/daily_summary.py took 0.132 seconds
[2025-11-12T17:11:15.456+0000] {processor.py:161} INFO - Started process (PID=175) to work on /opt/airflow/dags/daily_summary.py
[2025-11-12T17:11:15.458+0000] {processor.py:830} INFO - Processing file /opt/airflow/dags/daily_summary.py for tasks to queue
[2025-11-12T17:11:15.459+0000] {logging_mixin.py:188} INFO - [2025-11-12T17:11:15.459+0000] {dagbag.py:538} INFO - Filling up the DagBag from /opt/airflow/dags/daily_summary.py
[2025-11-12T17:11:15.538+0000] {processor.py:840} INFO - DAG(s) 'daily_summary' retrieved from /opt/airflow/dags/daily_summary.py
[2025-11-12T17:11:15.560+0000] {logging_mixin.py:188} INFO - [2025-11-12T17:11:15.560+0000] {dag.py:3036} INFO - Sync 1 DAGs
[2025-11-12T17:11:15.592+0000] {logging_mixin.py:188} INFO - [2025-11-12T17:11:15.592+0000] {dag.py:3823} INFO - Setting next_dagrun for daily_summary to 2025-11-12 00:00:00+00:00, run_after=2025-11-13 00:00:00+00:00
[2025-11-12T17:11:15.624+0000] {processor.py:183} INFO - Processing /opt/airflow/dags/daily_summary.py took 0.171 seconds
[2025-11-12T17:11:45.742+0000] {processor.py:161} INFO - Started process (PID=180) to work on /opt/airflow/dags/daily_summary.py
[2025-11-12T17:11:45.742+0000] {processor.py:830} INFO - Processing file /opt/airflow/dags/daily_summary.py for tasks to queue
[2025-11-12T17:11:45.743+0000] {logging_mixin.py:188} INFO - [2025-11-12T17:11:45.743+0000] {dagbag.py:538} INFO - Filling up the DagBag from /opt/airflow/dags/daily_summary.py
[2025-11-12T17:11:45.804+0000] {processor.py:840} INFO - DAG(s) 'daily_summary' retrieved from /opt/airflow/dags/daily_summary.py
[2025-11-12T17:11:45.951+0000] {logging_mixin.py:188} INFO - [2025-11-12T17:11:45.950+0000] {dag.py:3036} INFO - Sync 1 DAGs
[2025-11-12T17:11:45.966+0000] {logging_mixin.py:188} INFO - [2025-11-12T17:11:45.966+0000] {dag.py:3823} INFO - Setting next_dagrun for daily_summary to 2025-11-12 00:00:00+00:00, run_after=2025-11-13 00:00:00+00:00
[2025-11-12T17:11:45.983+0000] {processor.py:183} INFO - Processing /opt/airflow/dags/daily_summary.py took 0.245 seconds
[2025-11-12T17:12:16.173+0000] {processor.py:161} INFO - Started process (PID=185) to work on /opt/airflow/dags/daily_summary.py
[2025-11-12T17:12:16.174+0000] {processor.py:830} INFO - Processing file /opt/airflow/dags/daily_summary.py for tasks to queue
[2025-11-12T17:12:16.175+0000] {logging_mixin.py:188} INFO - [2025-11-12T17:12:16.175+0000] {dagbag.py:538} INFO - Filling up the DagBag from /opt/airflow/dags/daily_summary.py
[2025-11-12T17:12:16.233+0000] {processor.py:840} INFO - DAG(s) 'daily_summary' retrieved from /opt/airflow/dags/daily_summary.py
[2025-11-12T17:12:16.255+0000] {logging_mixin.py:188} INFO - [2025-11-12T17:12:16.255+0000] {dag.py:3036} INFO - Sync 1 DAGs
[2025-11-12T17:12:16.273+0000] {logging_mixin.py:188} INFO - [2025-11-12T17:12:16.273+0000] {dag.py:3823} INFO - Setting next_dagrun for daily_summary to 2025-11-12 00:00:00+00:00, run_after=2025-11-13 00:00:00+00:00
[2025-11-12T17:12:16.301+0000] {processor.py:183} INFO - Processing /opt/airflow/dags/daily_summary.py took 0.131 seconds
[2025-11-12T17:13:16.001+0000] {processor.py:161} INFO - Started process (PID=176) to work on /opt/airflow/dags/daily_summary.py
[2025-11-12T17:13:16.002+0000] {processor.py:830} INFO - Processing file /opt/airflow/dags/daily_summary.py for tasks to queue
[2025-11-12T17:13:16.003+0000] {logging_mixin.py:188} INFO - [2025-11-12T17:13:16.003+0000] {dagbag.py:538} INFO - Filling up the DagBag from /opt/airflow/dags/daily_summary.py
[2025-11-12T17:13:16.069+0000] {processor.py:840} INFO - DAG(s) 'daily_summary' retrieved from /opt/airflow/dags/daily_summary.py
[2025-11-12T17:13:16.093+0000] {logging_mixin.py:188} INFO - [2025-11-12T17:13:16.093+0000] {dag.py:3036} INFO - Sync 1 DAGs
[2025-11-12T17:13:16.136+0000] {logging_mixin.py:188} INFO - [2025-11-12T17:13:16.136+0000] {dag.py:3823} INFO - Setting next_dagrun for daily_summary to 2025-11-12 00:00:00+00:00, run_after=2025-11-13 00:00:00+00:00
[2025-11-12T17:13:16.182+0000] {processor.py:183} INFO - Processing /opt/airflow/dags/daily_summary.py took 0.183 seconds
[2025-11-12T17:13:46.276+0000] {processor.py:161} INFO - Started process (PID=181) to work on /opt/airflow/dags/daily_summary.py
[2025-11-12T17:13:46.277+0000] {processor.py:830} INFO - Processing file /opt/airflow/dags/daily_summary.py for tasks to queue
[2025-11-12T17:13:46.278+0000] {logging_mixin.py:188} INFO - [2025-11-12T17:13:46.277+0000] {dagbag.py:538} INFO - Filling up the DagBag from /opt/airflow/dags/daily_summary.py
[2025-11-12T17:13:46.337+0000] {processor.py:840} INFO - DAG(s) 'daily_summary' retrieved from /opt/airflow/dags/daily_summary.py
[2025-11-12T17:13:46.496+0000] {logging_mixin.py:188} INFO - [2025-11-12T17:13:46.496+0000] {dag.py:3036} INFO - Sync 1 DAGs
[2025-11-12T17:13:46.516+0000] {logging_mixin.py:188} INFO - [2025-11-12T17:13:46.515+0000] {dag.py:3823} INFO - Setting next_dagrun for daily_summary to 2025-11-12 00:00:00+00:00, run_after=2025-11-13 00:00:00+00:00
[2025-11-12T17:13:46.534+0000] {processor.py:183} INFO - Processing /opt/airflow/dags/daily_summary.py took 0.261 seconds
[2025-11-12T17:14:16.730+0000] {processor.py:161} INFO - Started process (PID=186) to work on /opt/airflow/dags/daily_summary.py
[2025-11-12T17:14:16.731+0000] {processor.py:830} INFO - Processing file /opt/airflow/dags/daily_summary.py for tasks to queue
[2025-11-12T17:14:16.732+0000] {logging_mixin.py:188} INFO - [2025-11-12T17:14:16.732+0000] {dagbag.py:538} INFO - Filling up the DagBag from /opt/airflow/dags/daily_summary.py
[2025-11-12T17:14:16.795+0000] {processor.py:840} INFO - DAG(s) 'daily_summary' retrieved from /opt/airflow/dags/daily_summary.py
[2025-11-12T17:14:16.820+0000] {logging_mixin.py:188} INFO - [2025-11-12T17:14:16.820+0000] {dag.py:3036} INFO - Sync 1 DAGs
[2025-11-12T17:14:16.840+0000] {logging_mixin.py:188} INFO - [2025-11-12T17:14:16.840+0000] {dag.py:3823} INFO - Setting next_dagrun for daily_summary to 2025-11-12 00:00:00+00:00, run_after=2025-11-13 00:00:00+00:00
[2025-11-12T17:14:16.862+0000] {processor.py:183} INFO - Processing /opt/airflow/dags/daily_summary.py took 0.136 seconds
[2025-11-12T17:14:47.044+0000] {processor.py:161} INFO - Started process (PID=191) to work on /opt/airflow/dags/daily_summary.py
[2025-11-12T17:14:47.045+0000] {processor.py:830} INFO - Processing file /opt/airflow/dags/daily_summary.py for tasks to queue
[2025-11-12T17:14:47.046+0000] {logging_mixin.py:188} INFO - [2025-11-12T17:14:47.046+0000] {dagbag.py:538} INFO - Filling up the DagBag from /opt/airflow/dags/daily_summary.py
[2025-11-12T17:14:47.107+0000] {processor.py:840} INFO - DAG(s) 'daily_summary' retrieved from /opt/airflow/dags/daily_summary.py
[2025-11-12T17:14:47.132+0000] {logging_mixin.py:188} INFO - [2025-11-12T17:14:47.132+0000] {dag.py:3036} INFO - Sync 1 DAGs
[2025-11-12T17:14:47.153+0000] {logging_mixin.py:188} INFO - [2025-11-12T17:14:47.153+0000] {dag.py:3823} INFO - Setting next_dagrun for daily_summary to 2025-11-12 00:00:00+00:00, run_after=2025-11-13 00:00:00+00:00
[2025-11-12T17:14:47.182+0000] {processor.py:183} INFO - Processing /opt/airflow/dags/daily_summary.py took 0.142 seconds
[2025-11-12T17:15:17.328+0000] {processor.py:161} INFO - Started process (PID=196) to work on /opt/airflow/dags/daily_summary.py
[2025-11-12T17:15:17.329+0000] {processor.py:830} INFO - Processing file /opt/airflow/dags/daily_summary.py for tasks to queue
[2025-11-12T17:15:17.330+0000] {logging_mixin.py:188} INFO - [2025-11-12T17:15:17.330+0000] {dagbag.py:538} INFO - Filling up the DagBag from /opt/airflow/dags/daily_summary.py
[2025-11-12T17:15:17.384+0000] {processor.py:840} INFO - DAG(s) 'daily_summary' retrieved from /opt/airflow/dags/daily_summary.py
[2025-11-12T17:15:17.406+0000] {logging_mixin.py:188} INFO - [2025-11-12T17:15:17.406+0000] {dag.py:3036} INFO - Sync 1 DAGs
[2025-11-12T17:15:17.423+0000] {logging_mixin.py:188} INFO - [2025-11-12T17:15:17.423+0000] {dag.py:3823} INFO - Setting next_dagrun for daily_summary to 2025-11-12 00:00:00+00:00, run_after=2025-11-13 00:00:00+00:00
[2025-11-12T17:15:17.442+0000] {processor.py:183} INFO - Processing /opt/airflow/dags/daily_summary.py took 0.117 seconds
[2025-11-12T17:21:49.089+0000] {processor.py:161} INFO - Started process (PID=175) to work on /opt/airflow/dags/daily_summary.py
[2025-11-12T17:21:49.091+0000] {processor.py:830} INFO - Processing file /opt/airflow/dags/daily_summary.py for tasks to queue
[2025-11-12T17:21:49.092+0000] {logging_mixin.py:188} INFO - [2025-11-12T17:21:49.091+0000] {dagbag.py:538} INFO - Filling up the DagBag from /opt/airflow/dags/daily_summary.py
[2025-11-12T17:21:49.161+0000] {processor.py:840} INFO - DAG(s) 'daily_summary' retrieved from /opt/airflow/dags/daily_summary.py
[2025-11-12T17:21:49.186+0000] {logging_mixin.py:188} INFO - [2025-11-12T17:21:49.186+0000] {dag.py:3036} INFO - Sync 1 DAGs
[2025-11-12T17:21:49.221+0000] {logging_mixin.py:188} INFO - [2025-11-12T17:21:49.220+0000] {dag.py:3823} INFO - Setting next_dagrun for daily_summary to 2025-11-12 00:00:00+00:00, run_after=2025-11-13 00:00:00+00:00
[2025-11-12T17:21:49.246+0000] {processor.py:183} INFO - Processing /opt/airflow/dags/daily_summary.py took 0.160 seconds
[2025-11-12T17:22:19.333+0000] {processor.py:161} INFO - Started process (PID=180) to work on /opt/airflow/dags/daily_summary.py
[2025-11-12T17:22:19.334+0000] {processor.py:830} INFO - Processing file /opt/airflow/dags/daily_summary.py for tasks to queue
[2025-11-12T17:22:19.335+0000] {logging_mixin.py:188} INFO - [2025-11-12T17:22:19.335+0000] {dagbag.py:538} INFO - Filling up the DagBag from /opt/airflow/dags/daily_summary.py
[2025-11-12T17:22:19.401+0000] {processor.py:840} INFO - DAG(s) 'daily_summary' retrieved from /opt/airflow/dags/daily_summary.py
[2025-11-12T17:22:19.551+0000] {logging_mixin.py:188} INFO - [2025-11-12T17:22:19.551+0000] {dag.py:3036} INFO - Sync 1 DAGs
[2025-11-12T17:22:19.570+0000] {logging_mixin.py:188} INFO - [2025-11-12T17:22:19.569+0000] {dag.py:3823} INFO - Setting next_dagrun for daily_summary to 2025-11-12 00:00:00+00:00, run_after=2025-11-13 00:00:00+00:00
[2025-11-12T17:22:19.589+0000] {processor.py:183} INFO - Processing /opt/airflow/dags/daily_summary.py took 0.260 seconds
[2025-11-12T17:24:17.587+0000] {processor.py:161} INFO - Started process (PID=175) to work on /opt/airflow/dags/daily_summary.py
[2025-11-12T17:24:17.589+0000] {processor.py:830} INFO - Processing file /opt/airflow/dags/daily_summary.py for tasks to queue
[2025-11-12T17:24:17.590+0000] {logging_mixin.py:188} INFO - [2025-11-12T17:24:17.589+0000] {dagbag.py:538} INFO - Filling up the DagBag from /opt/airflow/dags/daily_summary.py
[2025-11-12T17:24:17.696+0000] {processor.py:840} INFO - DAG(s) 'daily_summary' retrieved from /opt/airflow/dags/daily_summary.py
[2025-11-12T17:24:17.729+0000] {logging_mixin.py:188} INFO - [2025-11-12T17:24:17.728+0000] {dag.py:3036} INFO - Sync 1 DAGs
[2025-11-12T17:24:17.772+0000] {logging_mixin.py:188} INFO - [2025-11-12T17:24:17.772+0000] {dag.py:3823} INFO - Setting next_dagrun for daily_summary to 2025-11-12 00:00:00+00:00, run_after=2025-11-13 00:00:00+00:00
[2025-11-12T17:24:17.808+0000] {processor.py:183} INFO - Processing /opt/airflow/dags/daily_summary.py took 0.226 seconds
[2025-11-12T17:24:48.073+0000] {processor.py:161} INFO - Started process (PID=180) to work on /opt/airflow/dags/daily_summary.py
[2025-11-12T17:24:48.074+0000] {processor.py:830} INFO - Processing file /opt/airflow/dags/daily_summary.py for tasks to queue
[2025-11-12T17:24:48.076+0000] {logging_mixin.py:188} INFO - [2025-11-12T17:24:48.075+0000] {dagbag.py:538} INFO - Filling up the DagBag from /opt/airflow/dags/daily_summary.py
[2025-11-12T17:24:48.139+0000] {processor.py:840} INFO - DAG(s) 'daily_summary' retrieved from /opt/airflow/dags/daily_summary.py
[2025-11-12T17:24:48.289+0000] {logging_mixin.py:188} INFO - [2025-11-12T17:24:48.289+0000] {dag.py:3036} INFO - Sync 1 DAGs
[2025-11-12T17:24:48.306+0000] {logging_mixin.py:188} INFO - [2025-11-12T17:24:48.305+0000] {dag.py:3823} INFO - Setting next_dagrun for daily_summary to 2025-11-12 00:00:00+00:00, run_after=2025-11-13 00:00:00+00:00
[2025-11-12T17:24:48.327+0000] {processor.py:183} INFO - Processing /opt/airflow/dags/daily_summary.py took 0.257 seconds
[2025-11-12T17:25:18.551+0000] {processor.py:161} INFO - Started process (PID=185) to work on /opt/airflow/dags/daily_summary.py
[2025-11-12T17:25:18.552+0000] {processor.py:830} INFO - Processing file /opt/airflow/dags/daily_summary.py for tasks to queue
[2025-11-12T17:25:18.552+0000] {logging_mixin.py:188} INFO - [2025-11-12T17:25:18.552+0000] {dagbag.py:538} INFO - Filling up the DagBag from /opt/airflow/dags/daily_summary.py
[2025-11-12T17:25:18.609+0000] {processor.py:840} INFO - DAG(s) 'daily_summary' retrieved from /opt/airflow/dags/daily_summary.py
[2025-11-12T17:25:18.630+0000] {logging_mixin.py:188} INFO - [2025-11-12T17:25:18.629+0000] {dag.py:3036} INFO - Sync 1 DAGs
[2025-11-12T17:25:18.647+0000] {logging_mixin.py:188} INFO - [2025-11-12T17:25:18.647+0000] {dag.py:3823} INFO - Setting next_dagrun for daily_summary to 2025-11-12 00:00:00+00:00, run_after=2025-11-13 00:00:00+00:00
[2025-11-12T17:25:18.665+0000] {processor.py:183} INFO - Processing /opt/airflow/dags/daily_summary.py took 0.118 seconds
[2025-11-12T17:25:48.787+0000] {processor.py:161} INFO - Started process (PID=190) to work on /opt/airflow/dags/daily_summary.py
[2025-11-12T17:25:48.788+0000] {processor.py:830} INFO - Processing file /opt/airflow/dags/daily_summary.py for tasks to queue
[2025-11-12T17:25:48.789+0000] {logging_mixin.py:188} INFO - [2025-11-12T17:25:48.789+0000] {dagbag.py:538} INFO - Filling up the DagBag from /opt/airflow/dags/daily_summary.py
[2025-11-12T17:25:48.841+0000] {processor.py:840} INFO - DAG(s) 'daily_summary' retrieved from /opt/airflow/dags/daily_summary.py
[2025-11-12T17:25:48.862+0000] {logging_mixin.py:188} INFO - [2025-11-12T17:25:48.862+0000] {dag.py:3036} INFO - Sync 1 DAGs
[2025-11-12T17:25:48.878+0000] {logging_mixin.py:188} INFO - [2025-11-12T17:25:48.878+0000] {dag.py:3823} INFO - Setting next_dagrun for daily_summary to 2025-11-12 00:00:00+00:00, run_after=2025-11-13 00:00:00+00:00
[2025-11-12T17:25:48.906+0000] {processor.py:183} INFO - Processing /opt/airflow/dags/daily_summary.py took 0.121 seconds
[2025-11-12T17:26:19.171+0000] {processor.py:161} INFO - Started process (PID=195) to work on /opt/airflow/dags/daily_summary.py
[2025-11-12T17:26:19.172+0000] {processor.py:830} INFO - Processing file /opt/airflow/dags/daily_summary.py for tasks to queue
[2025-11-12T17:26:19.173+0000] {logging_mixin.py:188} INFO - [2025-11-12T17:26:19.173+0000] {dagbag.py:538} INFO - Filling up the DagBag from /opt/airflow/dags/daily_summary.py
[2025-11-12T17:26:19.235+0000] {processor.py:840} INFO - DAG(s) 'daily_summary' retrieved from /opt/airflow/dags/daily_summary.py
[2025-11-12T17:26:19.257+0000] {logging_mixin.py:188} INFO - [2025-11-12T17:26:19.257+0000] {dag.py:3036} INFO - Sync 1 DAGs
[2025-11-12T17:26:19.278+0000] {logging_mixin.py:188} INFO - [2025-11-12T17:26:19.278+0000] {dag.py:3823} INFO - Setting next_dagrun for daily_summary to 2025-11-12 00:00:00+00:00, run_after=2025-11-13 00:00:00+00:00
[2025-11-12T17:26:19.300+0000] {processor.py:183} INFO - Processing /opt/airflow/dags/daily_summary.py took 0.131 seconds
[2025-11-12T17:26:49.425+0000] {processor.py:161} INFO - Started process (PID=200) to work on /opt/airflow/dags/daily_summary.py
[2025-11-12T17:26:49.426+0000] {processor.py:830} INFO - Processing file /opt/airflow/dags/daily_summary.py for tasks to queue
[2025-11-12T17:26:49.427+0000] {logging_mixin.py:188} INFO - [2025-11-12T17:26:49.427+0000] {dagbag.py:538} INFO - Filling up the DagBag from /opt/airflow/dags/daily_summary.py
[2025-11-12T17:26:49.485+0000] {processor.py:840} INFO - DAG(s) 'daily_summary' retrieved from /opt/airflow/dags/daily_summary.py
[2025-11-12T17:26:49.508+0000] {logging_mixin.py:188} INFO - [2025-11-12T17:26:49.507+0000] {dag.py:3036} INFO - Sync 1 DAGs
[2025-11-12T17:26:49.526+0000] {logging_mixin.py:188} INFO - [2025-11-12T17:26:49.526+0000] {dag.py:3823} INFO - Setting next_dagrun for daily_summary to 2025-11-12 00:00:00+00:00, run_after=2025-11-13 00:00:00+00:00
[2025-11-12T17:26:49.545+0000] {processor.py:183} INFO - Processing /opt/airflow/dags/daily_summary.py took 0.123 seconds
[2025-11-12T17:27:19.769+0000] {processor.py:161} INFO - Started process (PID=205) to work on /opt/airflow/dags/daily_summary.py
[2025-11-12T17:27:19.770+0000] {processor.py:830} INFO - Processing file /opt/airflow/dags/daily_summary.py for tasks to queue
[2025-11-12T17:27:19.771+0000] {logging_mixin.py:188} INFO - [2025-11-12T17:27:19.770+0000] {dagbag.py:538} INFO - Filling up the DagBag from /opt/airflow/dags/daily_summary.py
[2025-11-12T17:27:19.825+0000] {processor.py:840} INFO - DAG(s) 'daily_summary' retrieved from /opt/airflow/dags/daily_summary.py
[2025-11-12T17:27:19.848+0000] {logging_mixin.py:188} INFO - [2025-11-12T17:27:19.848+0000] {dag.py:3036} INFO - Sync 1 DAGs
[2025-11-12T17:27:19.864+0000] {logging_mixin.py:188} INFO - [2025-11-12T17:27:19.864+0000] {dag.py:3823} INFO - Setting next_dagrun for daily_summary to 2025-11-12 00:00:00+00:00, run_after=2025-11-13 00:00:00+00:00
[2025-11-12T17:27:19.891+0000] {processor.py:183} INFO - Processing /opt/airflow/dags/daily_summary.py took 0.124 seconds
[2025-11-12T17:27:50.097+0000] {processor.py:161} INFO - Started process (PID=210) to work on /opt/airflow/dags/daily_summary.py
[2025-11-12T17:27:50.098+0000] {processor.py:830} INFO - Processing file /opt/airflow/dags/daily_summary.py for tasks to queue
[2025-11-12T17:27:50.098+0000] {logging_mixin.py:188} INFO - [2025-11-12T17:27:50.098+0000] {dagbag.py:538} INFO - Filling up the DagBag from /opt/airflow/dags/daily_summary.py
[2025-11-12T17:27:50.153+0000] {processor.py:840} INFO - DAG(s) 'daily_summary' retrieved from /opt/airflow/dags/daily_summary.py
[2025-11-12T17:27:50.174+0000] {logging_mixin.py:188} INFO - [2025-11-12T17:27:50.173+0000] {dag.py:3036} INFO - Sync 1 DAGs
[2025-11-12T17:27:50.192+0000] {logging_mixin.py:188} INFO - [2025-11-12T17:27:50.192+0000] {dag.py:3823} INFO - Setting next_dagrun for daily_summary to 2025-11-12 00:00:00+00:00, run_after=2025-11-13 00:00:00+00:00
[2025-11-12T17:27:50.209+0000] {processor.py:183} INFO - Processing /opt/airflow/dags/daily_summary.py took 0.115 seconds
