[2025-10-24T18:20:16.002+0000] {processor.py:161} INFO - Started process (PID=174) to work on /opt/airflow/dags/daily_summary.py
[2025-10-24T18:20:16.004+0000] {processor.py:830} INFO - Processing file /opt/airflow/dags/daily_summary.py for tasks to queue
[2025-10-24T18:20:16.006+0000] {logging_mixin.py:188} INFO - [2025-10-24T18:20:16.005+0000] {dagbag.py:538} INFO - Filling up the DagBag from /opt/airflow/dags/daily_summary.py
[2025-10-24T18:20:16.069+0000] {logging_mixin.py:188} INFO - [2025-10-24T18:20:16.063+0000] {dagbag.py:348} ERROR - Failed to import: /opt/airflow/dags/daily_summary.py
Traceback (most recent call last):
  File "/home/airflow/.local/lib/python3.8/site-packages/airflow/models/dagbag.py", line 344, in parse
    loader.exec_module(new_module)
  File "<frozen importlib._bootstrap_external>", line 843, in exec_module
  File "<frozen importlib._bootstrap>", line 219, in _call_with_frames_removed
  File "/opt/airflow/dags/daily_summary.py", line 4, in <module>
    from pymongo import MongoClient
ModuleNotFoundError: No module named 'pymongo'
[2025-10-24T18:20:16.072+0000] {processor.py:842} WARNING - No viable dags retrieved from /opt/airflow/dags/daily_summary.py
[2025-10-24T18:20:16.103+0000] {processor.py:183} INFO - Processing /opt/airflow/dags/daily_summary.py took 0.106 seconds
[2025-10-24T18:20:46.267+0000] {processor.py:161} INFO - Started process (PID=179) to work on /opt/airflow/dags/daily_summary.py
[2025-10-24T18:20:46.267+0000] {processor.py:830} INFO - Processing file /opt/airflow/dags/daily_summary.py for tasks to queue
[2025-10-24T18:20:46.268+0000] {logging_mixin.py:188} INFO - [2025-10-24T18:20:46.268+0000] {dagbag.py:538} INFO - Filling up the DagBag from /opt/airflow/dags/daily_summary.py
[2025-10-24T18:20:46.282+0000] {logging_mixin.py:188} INFO - [2025-10-24T18:20:46.280+0000] {dagbag.py:348} ERROR - Failed to import: /opt/airflow/dags/daily_summary.py
Traceback (most recent call last):
  File "/home/airflow/.local/lib/python3.8/site-packages/airflow/models/dagbag.py", line 344, in parse
    loader.exec_module(new_module)
  File "<frozen importlib._bootstrap_external>", line 843, in exec_module
  File "<frozen importlib._bootstrap>", line 219, in _call_with_frames_removed
  File "/opt/airflow/dags/daily_summary.py", line 4, in <module>
    from pymongo import MongoClient
ModuleNotFoundError: No module named 'pymongo'
[2025-10-24T18:20:46.284+0000] {processor.py:842} WARNING - No viable dags retrieved from /opt/airflow/dags/daily_summary.py
[2025-10-24T18:20:46.306+0000] {processor.py:183} INFO - Processing /opt/airflow/dags/daily_summary.py took 0.042 seconds
[2025-10-24T18:21:16.523+0000] {processor.py:161} INFO - Started process (PID=184) to work on /opt/airflow/dags/daily_summary.py
[2025-10-24T18:21:16.523+0000] {processor.py:830} INFO - Processing file /opt/airflow/dags/daily_summary.py for tasks to queue
[2025-10-24T18:21:16.524+0000] {logging_mixin.py:188} INFO - [2025-10-24T18:21:16.524+0000] {dagbag.py:538} INFO - Filling up the DagBag from /opt/airflow/dags/daily_summary.py
[2025-10-24T18:21:16.539+0000] {logging_mixin.py:188} INFO - [2025-10-24T18:21:16.536+0000] {dagbag.py:348} ERROR - Failed to import: /opt/airflow/dags/daily_summary.py
Traceback (most recent call last):
  File "/home/airflow/.local/lib/python3.8/site-packages/airflow/models/dagbag.py", line 344, in parse
    loader.exec_module(new_module)
  File "<frozen importlib._bootstrap_external>", line 843, in exec_module
  File "<frozen importlib._bootstrap>", line 219, in _call_with_frames_removed
  File "/opt/airflow/dags/daily_summary.py", line 4, in <module>
    from pymongo import MongoClient
ModuleNotFoundError: No module named 'pymongo'
[2025-10-24T18:21:16.539+0000] {processor.py:842} WARNING - No viable dags retrieved from /opt/airflow/dags/daily_summary.py
[2025-10-24T18:21:16.566+0000] {processor.py:183} INFO - Processing /opt/airflow/dags/daily_summary.py took 0.046 seconds
[2025-10-24T18:21:46.810+0000] {processor.py:161} INFO - Started process (PID=189) to work on /opt/airflow/dags/daily_summary.py
[2025-10-24T18:21:46.811+0000] {processor.py:830} INFO - Processing file /opt/airflow/dags/daily_summary.py for tasks to queue
[2025-10-24T18:21:46.813+0000] {logging_mixin.py:188} INFO - [2025-10-24T18:21:46.812+0000] {dagbag.py:538} INFO - Filling up the DagBag from /opt/airflow/dags/daily_summary.py
[2025-10-24T18:21:46.828+0000] {logging_mixin.py:188} INFO - [2025-10-24T18:21:46.826+0000] {dagbag.py:348} ERROR - Failed to import: /opt/airflow/dags/daily_summary.py
Traceback (most recent call last):
  File "/home/airflow/.local/lib/python3.8/site-packages/airflow/models/dagbag.py", line 344, in parse
    loader.exec_module(new_module)
  File "<frozen importlib._bootstrap_external>", line 843, in exec_module
  File "<frozen importlib._bootstrap>", line 219, in _call_with_frames_removed
  File "/opt/airflow/dags/daily_summary.py", line 4, in <module>
    from pymongo import MongoClient
ModuleNotFoundError: No module named 'pymongo'
[2025-10-24T18:21:46.829+0000] {processor.py:842} WARNING - No viable dags retrieved from /opt/airflow/dags/daily_summary.py
[2025-10-24T18:21:46.857+0000] {processor.py:183} INFO - Processing /opt/airflow/dags/daily_summary.py took 0.050 seconds
[2025-10-24T18:22:17.117+0000] {processor.py:161} INFO - Started process (PID=194) to work on /opt/airflow/dags/daily_summary.py
[2025-10-24T18:22:17.118+0000] {processor.py:830} INFO - Processing file /opt/airflow/dags/daily_summary.py for tasks to queue
[2025-10-24T18:22:17.119+0000] {logging_mixin.py:188} INFO - [2025-10-24T18:22:17.118+0000] {dagbag.py:538} INFO - Filling up the DagBag from /opt/airflow/dags/daily_summary.py
[2025-10-24T18:22:17.132+0000] {logging_mixin.py:188} INFO - [2025-10-24T18:22:17.130+0000] {dagbag.py:348} ERROR - Failed to import: /opt/airflow/dags/daily_summary.py
Traceback (most recent call last):
  File "/home/airflow/.local/lib/python3.8/site-packages/airflow/models/dagbag.py", line 344, in parse
    loader.exec_module(new_module)
  File "<frozen importlib._bootstrap_external>", line 843, in exec_module
  File "<frozen importlib._bootstrap>", line 219, in _call_with_frames_removed
  File "/opt/airflow/dags/daily_summary.py", line 4, in <module>
    from pymongo import MongoClient
ModuleNotFoundError: No module named 'pymongo'
[2025-10-24T18:22:17.133+0000] {processor.py:842} WARNING - No viable dags retrieved from /opt/airflow/dags/daily_summary.py
[2025-10-24T18:22:17.163+0000] {processor.py:183} INFO - Processing /opt/airflow/dags/daily_summary.py took 0.049 seconds
[2025-10-24T18:22:47.418+0000] {processor.py:161} INFO - Started process (PID=199) to work on /opt/airflow/dags/daily_summary.py
[2025-10-24T18:22:47.419+0000] {processor.py:830} INFO - Processing file /opt/airflow/dags/daily_summary.py for tasks to queue
[2025-10-24T18:22:47.420+0000] {logging_mixin.py:188} INFO - [2025-10-24T18:22:47.420+0000] {dagbag.py:538} INFO - Filling up the DagBag from /opt/airflow/dags/daily_summary.py
[2025-10-24T18:22:47.432+0000] {logging_mixin.py:188} INFO - [2025-10-24T18:22:47.430+0000] {dagbag.py:348} ERROR - Failed to import: /opt/airflow/dags/daily_summary.py
Traceback (most recent call last):
  File "/home/airflow/.local/lib/python3.8/site-packages/airflow/models/dagbag.py", line 344, in parse
    loader.exec_module(new_module)
  File "<frozen importlib._bootstrap_external>", line 843, in exec_module
  File "<frozen importlib._bootstrap>", line 219, in _call_with_frames_removed
  File "/opt/airflow/dags/daily_summary.py", line 4, in <module>
    from pymongo import MongoClient
ModuleNotFoundError: No module named 'pymongo'
[2025-10-24T18:22:47.433+0000] {processor.py:842} WARNING - No viable dags retrieved from /opt/airflow/dags/daily_summary.py
[2025-10-24T18:22:47.458+0000] {processor.py:183} INFO - Processing /opt/airflow/dags/daily_summary.py took 0.042 seconds
[2025-10-24T18:23:17.698+0000] {processor.py:161} INFO - Started process (PID=204) to work on /opt/airflow/dags/daily_summary.py
[2025-10-24T18:23:17.698+0000] {processor.py:830} INFO - Processing file /opt/airflow/dags/daily_summary.py for tasks to queue
[2025-10-24T18:23:17.699+0000] {logging_mixin.py:188} INFO - [2025-10-24T18:23:17.699+0000] {dagbag.py:538} INFO - Filling up the DagBag from /opt/airflow/dags/daily_summary.py
[2025-10-24T18:23:17.713+0000] {logging_mixin.py:188} INFO - [2025-10-24T18:23:17.710+0000] {dagbag.py:348} ERROR - Failed to import: /opt/airflow/dags/daily_summary.py
Traceback (most recent call last):
  File "/home/airflow/.local/lib/python3.8/site-packages/airflow/models/dagbag.py", line 344, in parse
    loader.exec_module(new_module)
  File "<frozen importlib._bootstrap_external>", line 843, in exec_module
  File "<frozen importlib._bootstrap>", line 219, in _call_with_frames_removed
  File "/opt/airflow/dags/daily_summary.py", line 4, in <module>
    from pymongo import MongoClient
ModuleNotFoundError: No module named 'pymongo'
[2025-10-24T18:23:17.713+0000] {processor.py:842} WARNING - No viable dags retrieved from /opt/airflow/dags/daily_summary.py
[2025-10-24T18:23:17.743+0000] {processor.py:183} INFO - Processing /opt/airflow/dags/daily_summary.py took 0.048 seconds
[2025-10-24T18:23:47.989+0000] {processor.py:161} INFO - Started process (PID=209) to work on /opt/airflow/dags/daily_summary.py
[2025-10-24T18:23:47.990+0000] {processor.py:830} INFO - Processing file /opt/airflow/dags/daily_summary.py for tasks to queue
[2025-10-24T18:23:47.991+0000] {logging_mixin.py:188} INFO - [2025-10-24T18:23:47.991+0000] {dagbag.py:538} INFO - Filling up the DagBag from /opt/airflow/dags/daily_summary.py
[2025-10-24T18:23:48.003+0000] {logging_mixin.py:188} INFO - [2025-10-24T18:23:48.001+0000] {dagbag.py:348} ERROR - Failed to import: /opt/airflow/dags/daily_summary.py
Traceback (most recent call last):
  File "/home/airflow/.local/lib/python3.8/site-packages/airflow/models/dagbag.py", line 344, in parse
    loader.exec_module(new_module)
  File "<frozen importlib._bootstrap_external>", line 843, in exec_module
  File "<frozen importlib._bootstrap>", line 219, in _call_with_frames_removed
  File "/opt/airflow/dags/daily_summary.py", line 4, in <module>
    from pymongo import MongoClient
ModuleNotFoundError: No module named 'pymongo'
[2025-10-24T18:23:48.004+0000] {processor.py:842} WARNING - No viable dags retrieved from /opt/airflow/dags/daily_summary.py
[2025-10-24T18:23:48.033+0000] {processor.py:183} INFO - Processing /opt/airflow/dags/daily_summary.py took 0.047 seconds
[2025-10-24T18:24:18.274+0000] {processor.py:161} INFO - Started process (PID=214) to work on /opt/airflow/dags/daily_summary.py
[2025-10-24T18:24:18.275+0000] {processor.py:830} INFO - Processing file /opt/airflow/dags/daily_summary.py for tasks to queue
[2025-10-24T18:24:18.275+0000] {logging_mixin.py:188} INFO - [2025-10-24T18:24:18.275+0000] {dagbag.py:538} INFO - Filling up the DagBag from /opt/airflow/dags/daily_summary.py
[2025-10-24T18:24:18.288+0000] {logging_mixin.py:188} INFO - [2025-10-24T18:24:18.286+0000] {dagbag.py:348} ERROR - Failed to import: /opt/airflow/dags/daily_summary.py
Traceback (most recent call last):
  File "/home/airflow/.local/lib/python3.8/site-packages/airflow/models/dagbag.py", line 344, in parse
    loader.exec_module(new_module)
  File "<frozen importlib._bootstrap_external>", line 843, in exec_module
  File "<frozen importlib._bootstrap>", line 219, in _call_with_frames_removed
  File "/opt/airflow/dags/daily_summary.py", line 4, in <module>
    from pymongo import MongoClient
ModuleNotFoundError: No module named 'pymongo'
[2025-10-24T18:24:18.289+0000] {processor.py:842} WARNING - No viable dags retrieved from /opt/airflow/dags/daily_summary.py
[2025-10-24T18:24:18.306+0000] {processor.py:183} INFO - Processing /opt/airflow/dags/daily_summary.py took 0.035 seconds
[2025-10-24T18:24:48.548+0000] {processor.py:161} INFO - Started process (PID=219) to work on /opt/airflow/dags/daily_summary.py
[2025-10-24T18:24:48.549+0000] {processor.py:830} INFO - Processing file /opt/airflow/dags/daily_summary.py for tasks to queue
[2025-10-24T18:24:48.549+0000] {logging_mixin.py:188} INFO - [2025-10-24T18:24:48.549+0000] {dagbag.py:538} INFO - Filling up the DagBag from /opt/airflow/dags/daily_summary.py
[2025-10-24T18:24:48.563+0000] {logging_mixin.py:188} INFO - [2025-10-24T18:24:48.561+0000] {dagbag.py:348} ERROR - Failed to import: /opt/airflow/dags/daily_summary.py
Traceback (most recent call last):
  File "/home/airflow/.local/lib/python3.8/site-packages/airflow/models/dagbag.py", line 344, in parse
    loader.exec_module(new_module)
  File "<frozen importlib._bootstrap_external>", line 843, in exec_module
  File "<frozen importlib._bootstrap>", line 219, in _call_with_frames_removed
  File "/opt/airflow/dags/daily_summary.py", line 4, in <module>
    from pymongo import MongoClient
ModuleNotFoundError: No module named 'pymongo'
[2025-10-24T18:24:48.564+0000] {processor.py:842} WARNING - No viable dags retrieved from /opt/airflow/dags/daily_summary.py
[2025-10-24T18:24:48.581+0000] {processor.py:183} INFO - Processing /opt/airflow/dags/daily_summary.py took 0.036 seconds
[2025-10-24T18:25:18.830+0000] {processor.py:161} INFO - Started process (PID=224) to work on /opt/airflow/dags/daily_summary.py
[2025-10-24T18:25:18.831+0000] {processor.py:830} INFO - Processing file /opt/airflow/dags/daily_summary.py for tasks to queue
[2025-10-24T18:25:18.832+0000] {logging_mixin.py:188} INFO - [2025-10-24T18:25:18.832+0000] {dagbag.py:538} INFO - Filling up the DagBag from /opt/airflow/dags/daily_summary.py
[2025-10-24T18:25:18.849+0000] {logging_mixin.py:188} INFO - [2025-10-24T18:25:18.846+0000] {dagbag.py:348} ERROR - Failed to import: /opt/airflow/dags/daily_summary.py
Traceback (most recent call last):
  File "/home/airflow/.local/lib/python3.8/site-packages/airflow/models/dagbag.py", line 344, in parse
    loader.exec_module(new_module)
  File "<frozen importlib._bootstrap_external>", line 843, in exec_module
  File "<frozen importlib._bootstrap>", line 219, in _call_with_frames_removed
  File "/opt/airflow/dags/daily_summary.py", line 4, in <module>
    from pymongo import MongoClient
ModuleNotFoundError: No module named 'pymongo'
[2025-10-24T18:25:18.850+0000] {processor.py:842} WARNING - No viable dags retrieved from /opt/airflow/dags/daily_summary.py
[2025-10-24T18:25:18.878+0000] {processor.py:183} INFO - Processing /opt/airflow/dags/daily_summary.py took 0.050 seconds
[2025-10-24T18:25:49.082+0000] {processor.py:161} INFO - Started process (PID=229) to work on /opt/airflow/dags/daily_summary.py
[2025-10-24T18:25:49.083+0000] {processor.py:830} INFO - Processing file /opt/airflow/dags/daily_summary.py for tasks to queue
[2025-10-24T18:25:49.084+0000] {logging_mixin.py:188} INFO - [2025-10-24T18:25:49.084+0000] {dagbag.py:538} INFO - Filling up the DagBag from /opt/airflow/dags/daily_summary.py
[2025-10-24T18:25:49.102+0000] {logging_mixin.py:188} INFO - [2025-10-24T18:25:49.100+0000] {dagbag.py:348} ERROR - Failed to import: /opt/airflow/dags/daily_summary.py
Traceback (most recent call last):
  File "/home/airflow/.local/lib/python3.8/site-packages/airflow/models/dagbag.py", line 344, in parse
    loader.exec_module(new_module)
  File "<frozen importlib._bootstrap_external>", line 843, in exec_module
  File "<frozen importlib._bootstrap>", line 219, in _call_with_frames_removed
  File "/opt/airflow/dags/daily_summary.py", line 4, in <module>
    from pymongo import MongoClient
ModuleNotFoundError: No module named 'pymongo'
[2025-10-24T18:25:49.104+0000] {processor.py:842} WARNING - No viable dags retrieved from /opt/airflow/dags/daily_summary.py
[2025-10-24T18:25:49.129+0000] {processor.py:183} INFO - Processing /opt/airflow/dags/daily_summary.py took 0.049 seconds
[2025-10-24T18:26:19.330+0000] {processor.py:161} INFO - Started process (PID=234) to work on /opt/airflow/dags/daily_summary.py
[2025-10-24T18:26:19.331+0000] {processor.py:830} INFO - Processing file /opt/airflow/dags/daily_summary.py for tasks to queue
[2025-10-24T18:26:19.332+0000] {logging_mixin.py:188} INFO - [2025-10-24T18:26:19.331+0000] {dagbag.py:538} INFO - Filling up the DagBag from /opt/airflow/dags/daily_summary.py
[2025-10-24T18:26:19.345+0000] {logging_mixin.py:188} INFO - [2025-10-24T18:26:19.342+0000] {dagbag.py:348} ERROR - Failed to import: /opt/airflow/dags/daily_summary.py
Traceback (most recent call last):
  File "/home/airflow/.local/lib/python3.8/site-packages/airflow/models/dagbag.py", line 344, in parse
    loader.exec_module(new_module)
  File "<frozen importlib._bootstrap_external>", line 843, in exec_module
  File "<frozen importlib._bootstrap>", line 219, in _call_with_frames_removed
  File "/opt/airflow/dags/daily_summary.py", line 4, in <module>
    from pymongo import MongoClient
ModuleNotFoundError: No module named 'pymongo'
[2025-10-24T18:26:19.346+0000] {processor.py:842} WARNING - No viable dags retrieved from /opt/airflow/dags/daily_summary.py
[2025-10-24T18:26:19.364+0000] {processor.py:183} INFO - Processing /opt/airflow/dags/daily_summary.py took 0.037 seconds
[2025-10-24T18:26:49.639+0000] {processor.py:161} INFO - Started process (PID=239) to work on /opt/airflow/dags/daily_summary.py
[2025-10-24T18:26:49.640+0000] {processor.py:830} INFO - Processing file /opt/airflow/dags/daily_summary.py for tasks to queue
[2025-10-24T18:26:49.641+0000] {logging_mixin.py:188} INFO - [2025-10-24T18:26:49.641+0000] {dagbag.py:538} INFO - Filling up the DagBag from /opt/airflow/dags/daily_summary.py
[2025-10-24T18:26:49.655+0000] {logging_mixin.py:188} INFO - [2025-10-24T18:26:49.652+0000] {dagbag.py:348} ERROR - Failed to import: /opt/airflow/dags/daily_summary.py
Traceback (most recent call last):
  File "/home/airflow/.local/lib/python3.8/site-packages/airflow/models/dagbag.py", line 344, in parse
    loader.exec_module(new_module)
  File "<frozen importlib._bootstrap_external>", line 843, in exec_module
  File "<frozen importlib._bootstrap>", line 219, in _call_with_frames_removed
  File "/opt/airflow/dags/daily_summary.py", line 4, in <module>
    from pymongo import MongoClient
ModuleNotFoundError: No module named 'pymongo'
[2025-10-24T18:26:49.656+0000] {processor.py:842} WARNING - No viable dags retrieved from /opt/airflow/dags/daily_summary.py
[2025-10-24T18:26:49.674+0000] {processor.py:183} INFO - Processing /opt/airflow/dags/daily_summary.py took 0.038 seconds
[2025-10-24T18:29:46.183+0000] {processor.py:161} INFO - Started process (PID=175) to work on /opt/airflow/dags/daily_summary.py
[2025-10-24T18:29:46.184+0000] {processor.py:830} INFO - Processing file /opt/airflow/dags/daily_summary.py for tasks to queue
[2025-10-24T18:29:46.185+0000] {logging_mixin.py:188} INFO - [2025-10-24T18:29:46.185+0000] {dagbag.py:538} INFO - Filling up the DagBag from /opt/airflow/dags/daily_summary.py
[2025-10-24T18:29:46.274+0000] {processor.py:840} INFO - DAG(s) 'daily_summary' retrieved from /opt/airflow/dags/daily_summary.py
[2025-10-24T18:29:46.478+0000] {logging_mixin.py:188} INFO - [2025-10-24T18:29:46.477+0000] {override.py:1769} INFO - Created Permission View: can read on DAG:daily_summary
[2025-10-24T18:29:46.488+0000] {logging_mixin.py:188} INFO - [2025-10-24T18:29:46.487+0000] {override.py:1769} INFO - Created Permission View: can edit on DAG:daily_summary
[2025-10-24T18:29:46.496+0000] {logging_mixin.py:188} INFO - [2025-10-24T18:29:46.495+0000] {override.py:1769} INFO - Created Permission View: can delete on DAG:daily_summary
[2025-10-24T18:29:46.496+0000] {logging_mixin.py:188} INFO - [2025-10-24T18:29:46.496+0000] {dag.py:3036} INFO - Sync 1 DAGs
[2025-10-24T18:29:46.507+0000] {logging_mixin.py:188} INFO - [2025-10-24T18:29:46.507+0000] {dag.py:3058} INFO - Creating ORM DAG for daily_summary
[2025-10-24T18:29:46.520+0000] {logging_mixin.py:188} INFO - [2025-10-24T18:29:46.519+0000] {dag.py:3823} INFO - Setting next_dagrun for daily_summary to 2025-10-23 00:00:00+00:00, run_after=2025-10-24 00:00:00+00:00
[2025-10-24T18:29:46.541+0000] {processor.py:183} INFO - Processing /opt/airflow/dags/daily_summary.py took 0.362 seconds
[2025-10-24T18:30:16.758+0000] {processor.py:161} INFO - Started process (PID=180) to work on /opt/airflow/dags/daily_summary.py
[2025-10-24T18:30:16.759+0000] {processor.py:830} INFO - Processing file /opt/airflow/dags/daily_summary.py for tasks to queue
[2025-10-24T18:30:16.759+0000] {logging_mixin.py:188} INFO - [2025-10-24T18:30:16.759+0000] {dagbag.py:538} INFO - Filling up the DagBag from /opt/airflow/dags/daily_summary.py
[2025-10-24T18:30:16.817+0000] {processor.py:840} INFO - DAG(s) 'daily_summary' retrieved from /opt/airflow/dags/daily_summary.py
[2025-10-24T18:30:16.842+0000] {logging_mixin.py:188} INFO - [2025-10-24T18:30:16.842+0000] {dag.py:3036} INFO - Sync 1 DAGs
[2025-10-24T18:30:16.861+0000] {logging_mixin.py:188} INFO - [2025-10-24T18:30:16.861+0000] {dag.py:3823} INFO - Setting next_dagrun for daily_summary to 2025-10-23 00:00:00+00:00, run_after=2025-10-24 00:00:00+00:00
[2025-10-24T18:30:16.881+0000] {processor.py:183} INFO - Processing /opt/airflow/dags/daily_summary.py took 0.126 seconds
[2025-10-24T18:30:47.010+0000] {processor.py:161} INFO - Started process (PID=185) to work on /opt/airflow/dags/daily_summary.py
[2025-10-24T18:30:47.011+0000] {processor.py:830} INFO - Processing file /opt/airflow/dags/daily_summary.py for tasks to queue
[2025-10-24T18:30:47.012+0000] {logging_mixin.py:188} INFO - [2025-10-24T18:30:47.012+0000] {dagbag.py:538} INFO - Filling up the DagBag from /opt/airflow/dags/daily_summary.py
[2025-10-24T18:30:47.073+0000] {processor.py:840} INFO - DAG(s) 'daily_summary' retrieved from /opt/airflow/dags/daily_summary.py
[2025-10-24T18:30:47.097+0000] {logging_mixin.py:188} INFO - [2025-10-24T18:30:47.097+0000] {dag.py:3036} INFO - Sync 1 DAGs
[2025-10-24T18:30:47.121+0000] {logging_mixin.py:188} INFO - [2025-10-24T18:30:47.121+0000] {dag.py:3823} INFO - Setting next_dagrun for daily_summary to 2025-10-23 00:00:00+00:00, run_after=2025-10-24 00:00:00+00:00
[2025-10-24T18:30:47.139+0000] {processor.py:183} INFO - Processing /opt/airflow/dags/daily_summary.py took 0.132 seconds
[2025-10-24T18:31:17.345+0000] {processor.py:161} INFO - Started process (PID=190) to work on /opt/airflow/dags/daily_summary.py
[2025-10-24T18:31:17.346+0000] {processor.py:830} INFO - Processing file /opt/airflow/dags/daily_summary.py for tasks to queue
[2025-10-24T18:31:17.347+0000] {logging_mixin.py:188} INFO - [2025-10-24T18:31:17.347+0000] {dagbag.py:538} INFO - Filling up the DagBag from /opt/airflow/dags/daily_summary.py
[2025-10-24T18:31:17.407+0000] {processor.py:840} INFO - DAG(s) 'daily_summary' retrieved from /opt/airflow/dags/daily_summary.py
[2025-10-24T18:31:17.430+0000] {logging_mixin.py:188} INFO - [2025-10-24T18:31:17.430+0000] {dag.py:3036} INFO - Sync 1 DAGs
[2025-10-24T18:31:17.447+0000] {logging_mixin.py:188} INFO - [2025-10-24T18:31:17.446+0000] {dag.py:3823} INFO - Setting next_dagrun for daily_summary to 2025-10-23 00:00:00+00:00, run_after=2025-10-24 00:00:00+00:00
[2025-10-24T18:31:17.474+0000] {processor.py:183} INFO - Processing /opt/airflow/dags/daily_summary.py took 0.131 seconds
[2025-10-24T18:31:47.662+0000] {processor.py:161} INFO - Started process (PID=195) to work on /opt/airflow/dags/daily_summary.py
[2025-10-24T18:31:47.663+0000] {processor.py:830} INFO - Processing file /opt/airflow/dags/daily_summary.py for tasks to queue
[2025-10-24T18:31:47.664+0000] {logging_mixin.py:188} INFO - [2025-10-24T18:31:47.663+0000] {dagbag.py:538} INFO - Filling up the DagBag from /opt/airflow/dags/daily_summary.py
[2025-10-24T18:31:47.721+0000] {processor.py:840} INFO - DAG(s) 'daily_summary' retrieved from /opt/airflow/dags/daily_summary.py
[2025-10-24T18:31:47.744+0000] {logging_mixin.py:188} INFO - [2025-10-24T18:31:47.744+0000] {dag.py:3036} INFO - Sync 1 DAGs
[2025-10-24T18:31:47.761+0000] {logging_mixin.py:188} INFO - [2025-10-24T18:31:47.760+0000] {dag.py:3823} INFO - Setting next_dagrun for daily_summary to 2025-10-23 00:00:00+00:00, run_after=2025-10-24 00:00:00+00:00
[2025-10-24T18:31:47.780+0000] {processor.py:183} INFO - Processing /opt/airflow/dags/daily_summary.py took 0.121 seconds
[2025-10-24T18:32:20.881+0000] {processor.py:161} INFO - Started process (PID=176) to work on /opt/airflow/dags/daily_summary.py
[2025-10-24T18:32:20.884+0000] {processor.py:830} INFO - Processing file /opt/airflow/dags/daily_summary.py for tasks to queue
[2025-10-24T18:32:20.886+0000] {logging_mixin.py:188} INFO - [2025-10-24T18:32:20.885+0000] {dagbag.py:538} INFO - Filling up the DagBag from /opt/airflow/dags/daily_summary.py
[2025-10-24T18:32:21.057+0000] {processor.py:840} INFO - DAG(s) 'daily_summary' retrieved from /opt/airflow/dags/daily_summary.py
[2025-10-24T18:32:21.096+0000] {logging_mixin.py:188} INFO - [2025-10-24T18:32:21.096+0000] {dag.py:3036} INFO - Sync 1 DAGs
[2025-10-24T18:32:21.137+0000] {logging_mixin.py:188} INFO - [2025-10-24T18:32:21.137+0000] {dag.py:3823} INFO - Setting next_dagrun for daily_summary to 2025-10-23 00:00:00+00:00, run_after=2025-10-24 00:00:00+00:00
[2025-10-24T18:32:21.171+0000] {processor.py:183} INFO - Processing /opt/airflow/dags/daily_summary.py took 0.295 seconds
[2025-10-24T18:32:51.448+0000] {processor.py:161} INFO - Started process (PID=181) to work on /opt/airflow/dags/daily_summary.py
[2025-10-24T18:32:51.449+0000] {processor.py:830} INFO - Processing file /opt/airflow/dags/daily_summary.py for tasks to queue
[2025-10-24T18:32:51.450+0000] {logging_mixin.py:188} INFO - [2025-10-24T18:32:51.450+0000] {dagbag.py:538} INFO - Filling up the DagBag from /opt/airflow/dags/daily_summary.py
[2025-10-24T18:32:51.508+0000] {processor.py:840} INFO - DAG(s) 'daily_summary' retrieved from /opt/airflow/dags/daily_summary.py
[2025-10-24T18:32:51.654+0000] {logging_mixin.py:188} INFO - [2025-10-24T18:32:51.653+0000] {dag.py:3036} INFO - Sync 1 DAGs
[2025-10-24T18:32:51.670+0000] {logging_mixin.py:188} INFO - [2025-10-24T18:32:51.670+0000] {dag.py:3823} INFO - Setting next_dagrun for daily_summary to 2025-10-23 00:00:00+00:00, run_after=2025-10-24 00:00:00+00:00
[2025-10-24T18:32:51.698+0000] {processor.py:183} INFO - Processing /opt/airflow/dags/daily_summary.py took 0.253 seconds
[2025-10-24T18:33:21.959+0000] {processor.py:161} INFO - Started process (PID=186) to work on /opt/airflow/dags/daily_summary.py
[2025-10-24T18:33:21.960+0000] {processor.py:830} INFO - Processing file /opt/airflow/dags/daily_summary.py for tasks to queue
[2025-10-24T18:33:21.961+0000] {logging_mixin.py:188} INFO - [2025-10-24T18:33:21.961+0000] {dagbag.py:538} INFO - Filling up the DagBag from /opt/airflow/dags/daily_summary.py
[2025-10-24T18:33:22.028+0000] {processor.py:840} INFO - DAG(s) 'daily_summary' retrieved from /opt/airflow/dags/daily_summary.py
[2025-10-24T18:33:22.054+0000] {logging_mixin.py:188} INFO - [2025-10-24T18:33:22.054+0000] {dag.py:3036} INFO - Sync 1 DAGs
[2025-10-24T18:33:22.074+0000] {logging_mixin.py:188} INFO - [2025-10-24T18:33:22.074+0000] {dag.py:3823} INFO - Setting next_dagrun for daily_summary to 2025-10-23 00:00:00+00:00, run_after=2025-10-24 00:00:00+00:00
[2025-10-24T18:33:22.095+0000] {processor.py:183} INFO - Processing /opt/airflow/dags/daily_summary.py took 0.139 seconds
[2025-10-24T18:33:52.189+0000] {processor.py:161} INFO - Started process (PID=191) to work on /opt/airflow/dags/daily_summary.py
[2025-10-24T18:33:52.190+0000] {processor.py:830} INFO - Processing file /opt/airflow/dags/daily_summary.py for tasks to queue
[2025-10-24T18:33:52.191+0000] {logging_mixin.py:188} INFO - [2025-10-24T18:33:52.190+0000] {dagbag.py:538} INFO - Filling up the DagBag from /opt/airflow/dags/daily_summary.py
[2025-10-24T18:33:52.247+0000] {processor.py:840} INFO - DAG(s) 'daily_summary' retrieved from /opt/airflow/dags/daily_summary.py
[2025-10-24T18:33:52.259+0000] {logging_mixin.py:188} INFO - [2025-10-24T18:33:52.259+0000] {dag.py:3036} INFO - Sync 1 DAGs
[2025-10-24T18:33:52.290+0000] {logging_mixin.py:188} INFO - [2025-10-24T18:33:52.290+0000] {dag.py:3823} INFO - Setting next_dagrun for daily_summary to 2025-10-23 00:00:00+00:00, run_after=2025-10-24 00:00:00+00:00
[2025-10-24T18:33:52.353+0000] {processor.py:183} INFO - Processing /opt/airflow/dags/daily_summary.py took 0.166 seconds
[2025-10-24T18:34:22.667+0000] {processor.py:161} INFO - Started process (PID=196) to work on /opt/airflow/dags/daily_summary.py
[2025-10-24T18:34:22.668+0000] {processor.py:830} INFO - Processing file /opt/airflow/dags/daily_summary.py for tasks to queue
[2025-10-24T18:34:22.668+0000] {logging_mixin.py:188} INFO - [2025-10-24T18:34:22.668+0000] {dagbag.py:538} INFO - Filling up the DagBag from /opt/airflow/dags/daily_summary.py
[2025-10-24T18:34:22.724+0000] {processor.py:840} INFO - DAG(s) 'daily_summary' retrieved from /opt/airflow/dags/daily_summary.py
[2025-10-24T18:34:22.798+0000] {logging_mixin.py:188} INFO - [2025-10-24T18:34:22.798+0000] {dag.py:3036} INFO - Sync 1 DAGs
[2025-10-24T18:34:22.813+0000] {logging_mixin.py:188} INFO - [2025-10-24T18:34:22.812+0000] {dag.py:3823} INFO - Setting next_dagrun for daily_summary to 2025-10-23 00:00:00+00:00, run_after=2025-10-24 00:00:00+00:00
[2025-10-24T18:34:22.830+0000] {processor.py:183} INFO - Processing /opt/airflow/dags/daily_summary.py took 0.166 seconds
[2025-10-24T18:34:52.928+0000] {processor.py:161} INFO - Started process (PID=201) to work on /opt/airflow/dags/daily_summary.py
[2025-10-24T18:34:52.929+0000] {processor.py:830} INFO - Processing file /opt/airflow/dags/daily_summary.py for tasks to queue
[2025-10-24T18:34:52.930+0000] {logging_mixin.py:188} INFO - [2025-10-24T18:34:52.930+0000] {dagbag.py:538} INFO - Filling up the DagBag from /opt/airflow/dags/daily_summary.py
[2025-10-24T18:34:52.998+0000] {processor.py:840} INFO - DAG(s) 'daily_summary' retrieved from /opt/airflow/dags/daily_summary.py
[2025-10-24T18:34:53.023+0000] {logging_mixin.py:188} INFO - [2025-10-24T18:34:53.022+0000] {dag.py:3036} INFO - Sync 1 DAGs
[2025-10-24T18:34:53.044+0000] {logging_mixin.py:188} INFO - [2025-10-24T18:34:53.044+0000] {dag.py:3823} INFO - Setting next_dagrun for daily_summary to 2025-10-23 00:00:00+00:00, run_after=2025-10-24 00:00:00+00:00
[2025-10-24T18:34:53.062+0000] {processor.py:183} INFO - Processing /opt/airflow/dags/daily_summary.py took 0.137 seconds
[2025-10-24T18:35:23.316+0000] {processor.py:161} INFO - Started process (PID=206) to work on /opt/airflow/dags/daily_summary.py
[2025-10-24T18:35:23.316+0000] {processor.py:830} INFO - Processing file /opt/airflow/dags/daily_summary.py for tasks to queue
[2025-10-24T18:35:23.317+0000] {logging_mixin.py:188} INFO - [2025-10-24T18:35:23.317+0000] {dagbag.py:538} INFO - Filling up the DagBag from /opt/airflow/dags/daily_summary.py
[2025-10-24T18:35:23.373+0000] {processor.py:840} INFO - DAG(s) 'daily_summary' retrieved from /opt/airflow/dags/daily_summary.py
[2025-10-24T18:35:23.395+0000] {logging_mixin.py:188} INFO - [2025-10-24T18:35:23.395+0000] {dag.py:3036} INFO - Sync 1 DAGs
[2025-10-24T18:35:23.412+0000] {logging_mixin.py:188} INFO - [2025-10-24T18:35:23.412+0000] {dag.py:3823} INFO - Setting next_dagrun for daily_summary to 2025-10-23 00:00:00+00:00, run_after=2025-10-24 00:00:00+00:00
[2025-10-24T18:35:23.431+0000] {processor.py:183} INFO - Processing /opt/airflow/dags/daily_summary.py took 0.118 seconds
[2025-10-24T18:35:53.600+0000] {processor.py:161} INFO - Started process (PID=211) to work on /opt/airflow/dags/daily_summary.py
[2025-10-24T18:35:53.600+0000] {processor.py:830} INFO - Processing file /opt/airflow/dags/daily_summary.py for tasks to queue
[2025-10-24T18:35:53.601+0000] {logging_mixin.py:188} INFO - [2025-10-24T18:35:53.601+0000] {dagbag.py:538} INFO - Filling up the DagBag from /opt/airflow/dags/daily_summary.py
[2025-10-24T18:35:53.665+0000] {processor.py:840} INFO - DAG(s) 'daily_summary' retrieved from /opt/airflow/dags/daily_summary.py
[2025-10-24T18:35:53.693+0000] {logging_mixin.py:188} INFO - [2025-10-24T18:35:53.692+0000] {dag.py:3036} INFO - Sync 1 DAGs
[2025-10-24T18:35:53.714+0000] {logging_mixin.py:188} INFO - [2025-10-24T18:35:53.713+0000] {dag.py:3823} INFO - Setting next_dagrun for daily_summary to 2025-10-23 00:00:00+00:00, run_after=2025-10-24 00:00:00+00:00
[2025-10-24T18:35:53.743+0000] {processor.py:183} INFO - Processing /opt/airflow/dags/daily_summary.py took 0.147 seconds
[2025-10-24T18:36:24.008+0000] {processor.py:161} INFO - Started process (PID=216) to work on /opt/airflow/dags/daily_summary.py
[2025-10-24T18:36:24.009+0000] {processor.py:830} INFO - Processing file /opt/airflow/dags/daily_summary.py for tasks to queue
[2025-10-24T18:36:24.011+0000] {logging_mixin.py:188} INFO - [2025-10-24T18:36:24.010+0000] {dagbag.py:538} INFO - Filling up the DagBag from /opt/airflow/dags/daily_summary.py
[2025-10-24T18:36:24.071+0000] {processor.py:840} INFO - DAG(s) 'daily_summary' retrieved from /opt/airflow/dags/daily_summary.py
[2025-10-24T18:36:24.093+0000] {logging_mixin.py:188} INFO - [2025-10-24T18:36:24.092+0000] {dag.py:3036} INFO - Sync 1 DAGs
[2025-10-24T18:36:24.113+0000] {logging_mixin.py:188} INFO - [2025-10-24T18:36:24.112+0000] {dag.py:3823} INFO - Setting next_dagrun for daily_summary to 2025-10-23 00:00:00+00:00, run_after=2025-10-24 00:00:00+00:00
[2025-10-24T18:36:24.128+0000] {processor.py:183} INFO - Processing /opt/airflow/dags/daily_summary.py took 0.123 seconds
[2025-10-24T18:37:13.909+0000] {processor.py:161} INFO - Started process (PID=175) to work on /opt/airflow/dags/daily_summary.py
[2025-10-24T18:37:13.913+0000] {processor.py:830} INFO - Processing file /opt/airflow/dags/daily_summary.py for tasks to queue
[2025-10-24T18:37:13.914+0000] {logging_mixin.py:188} INFO - [2025-10-24T18:37:13.914+0000] {dagbag.py:538} INFO - Filling up the DagBag from /opt/airflow/dags/daily_summary.py
[2025-10-24T18:37:13.988+0000] {processor.py:840} INFO - DAG(s) 'daily_summary' retrieved from /opt/airflow/dags/daily_summary.py
[2025-10-24T18:37:14.019+0000] {logging_mixin.py:188} INFO - [2025-10-24T18:37:14.018+0000] {dag.py:3036} INFO - Sync 1 DAGs
[2025-10-24T18:37:14.059+0000] {logging_mixin.py:188} INFO - [2025-10-24T18:37:14.058+0000] {dag.py:3823} INFO - Setting next_dagrun for daily_summary to 2025-10-23 00:00:00+00:00, run_after=2025-10-24 00:00:00+00:00
[2025-10-24T18:37:14.095+0000] {processor.py:183} INFO - Processing /opt/airflow/dags/daily_summary.py took 0.189 seconds
[2025-10-24T18:37:44.296+0000] {processor.py:161} INFO - Started process (PID=180) to work on /opt/airflow/dags/daily_summary.py
[2025-10-24T18:37:44.298+0000] {processor.py:830} INFO - Processing file /opt/airflow/dags/daily_summary.py for tasks to queue
[2025-10-24T18:37:44.299+0000] {logging_mixin.py:188} INFO - [2025-10-24T18:37:44.298+0000] {dagbag.py:538} INFO - Filling up the DagBag from /opt/airflow/dags/daily_summary.py
[2025-10-24T18:37:44.365+0000] {processor.py:840} INFO - DAG(s) 'daily_summary' retrieved from /opt/airflow/dags/daily_summary.py
[2025-10-24T18:37:44.536+0000] {logging_mixin.py:188} INFO - [2025-10-24T18:37:44.536+0000] {dag.py:3036} INFO - Sync 1 DAGs
[2025-10-24T18:37:44.557+0000] {logging_mixin.py:188} INFO - [2025-10-24T18:37:44.556+0000] {dag.py:3823} INFO - Setting next_dagrun for daily_summary to 2025-10-23 00:00:00+00:00, run_after=2025-10-24 00:00:00+00:00
[2025-10-24T18:37:44.578+0000] {processor.py:183} INFO - Processing /opt/airflow/dags/daily_summary.py took 0.287 seconds
[2025-10-24T18:38:14.778+0000] {processor.py:161} INFO - Started process (PID=191) to work on /opt/airflow/dags/daily_summary.py
[2025-10-24T18:38:14.779+0000] {processor.py:830} INFO - Processing file /opt/airflow/dags/daily_summary.py for tasks to queue
[2025-10-24T18:38:14.780+0000] {logging_mixin.py:188} INFO - [2025-10-24T18:38:14.780+0000] {dagbag.py:538} INFO - Filling up the DagBag from /opt/airflow/dags/daily_summary.py
[2025-10-24T18:38:14.857+0000] {processor.py:840} INFO - DAG(s) 'daily_summary' retrieved from /opt/airflow/dags/daily_summary.py
[2025-10-24T18:38:14.882+0000] {logging_mixin.py:188} INFO - [2025-10-24T18:38:14.881+0000] {dag.py:3036} INFO - Sync 1 DAGs
[2025-10-24T18:38:14.905+0000] {logging_mixin.py:188} INFO - [2025-10-24T18:38:14.905+0000] {dag.py:3823} INFO - Setting next_dagrun for daily_summary to 2025-10-23 00:00:00+00:00, run_after=2025-10-24 00:00:00+00:00
[2025-10-24T18:38:14.928+0000] {processor.py:183} INFO - Processing /opt/airflow/dags/daily_summary.py took 0.153 seconds
[2025-10-24T18:38:44.978+0000] {processor.py:161} INFO - Started process (PID=196) to work on /opt/airflow/dags/daily_summary.py
[2025-10-24T18:38:44.978+0000] {processor.py:830} INFO - Processing file /opt/airflow/dags/daily_summary.py for tasks to queue
[2025-10-24T18:38:44.980+0000] {logging_mixin.py:188} INFO - [2025-10-24T18:38:44.979+0000] {dagbag.py:538} INFO - Filling up the DagBag from /opt/airflow/dags/daily_summary.py
[2025-10-24T18:38:45.044+0000] {processor.py:840} INFO - DAG(s) 'daily_summary' retrieved from /opt/airflow/dags/daily_summary.py
[2025-10-24T18:38:45.072+0000] {logging_mixin.py:188} INFO - [2025-10-24T18:38:45.071+0000] {dag.py:3036} INFO - Sync 1 DAGs
[2025-10-24T18:38:45.093+0000] {logging_mixin.py:188} INFO - [2025-10-24T18:38:45.093+0000] {dag.py:3823} INFO - Setting next_dagrun for daily_summary to 2025-10-23 00:00:00+00:00, run_after=2025-10-24 00:00:00+00:00
[2025-10-24T18:38:45.115+0000] {processor.py:183} INFO - Processing /opt/airflow/dags/daily_summary.py took 0.140 seconds
[2025-10-24T18:39:15.332+0000] {processor.py:161} INFO - Started process (PID=201) to work on /opt/airflow/dags/daily_summary.py
[2025-10-24T18:39:15.333+0000] {processor.py:830} INFO - Processing file /opt/airflow/dags/daily_summary.py for tasks to queue
[2025-10-24T18:39:15.334+0000] {logging_mixin.py:188} INFO - [2025-10-24T18:39:15.334+0000] {dagbag.py:538} INFO - Filling up the DagBag from /opt/airflow/dags/daily_summary.py
[2025-10-24T18:39:15.394+0000] {processor.py:840} INFO - DAG(s) 'daily_summary' retrieved from /opt/airflow/dags/daily_summary.py
[2025-10-24T18:39:15.417+0000] {logging_mixin.py:188} INFO - [2025-10-24T18:39:15.416+0000] {dag.py:3036} INFO - Sync 1 DAGs
[2025-10-24T18:39:15.434+0000] {logging_mixin.py:188} INFO - [2025-10-24T18:39:15.434+0000] {dag.py:3823} INFO - Setting next_dagrun for daily_summary to 2025-10-23 00:00:00+00:00, run_after=2025-10-24 00:00:00+00:00
[2025-10-24T18:39:15.456+0000] {processor.py:183} INFO - Processing /opt/airflow/dags/daily_summary.py took 0.126 seconds
[2025-10-24T18:39:45.633+0000] {processor.py:161} INFO - Started process (PID=206) to work on /opt/airflow/dags/daily_summary.py
[2025-10-24T18:39:45.634+0000] {processor.py:830} INFO - Processing file /opt/airflow/dags/daily_summary.py for tasks to queue
[2025-10-24T18:39:45.635+0000] {logging_mixin.py:188} INFO - [2025-10-24T18:39:45.635+0000] {dagbag.py:538} INFO - Filling up the DagBag from /opt/airflow/dags/daily_summary.py
[2025-10-24T18:39:45.694+0000] {processor.py:840} INFO - DAG(s) 'daily_summary' retrieved from /opt/airflow/dags/daily_summary.py
[2025-10-24T18:39:45.716+0000] {logging_mixin.py:188} INFO - [2025-10-24T18:39:45.715+0000] {dag.py:3036} INFO - Sync 1 DAGs
[2025-10-24T18:39:45.734+0000] {logging_mixin.py:188} INFO - [2025-10-24T18:39:45.733+0000] {dag.py:3823} INFO - Setting next_dagrun for daily_summary to 2025-10-23 00:00:00+00:00, run_after=2025-10-24 00:00:00+00:00
[2025-10-24T18:39:45.763+0000] {processor.py:183} INFO - Processing /opt/airflow/dags/daily_summary.py took 0.133 seconds
[2025-10-24T18:40:16.065+0000] {processor.py:161} INFO - Started process (PID=211) to work on /opt/airflow/dags/daily_summary.py
[2025-10-24T18:40:16.066+0000] {processor.py:830} INFO - Processing file /opt/airflow/dags/daily_summary.py for tasks to queue
[2025-10-24T18:40:16.067+0000] {logging_mixin.py:188} INFO - [2025-10-24T18:40:16.067+0000] {dagbag.py:538} INFO - Filling up the DagBag from /opt/airflow/dags/daily_summary.py
[2025-10-24T18:40:16.119+0000] {processor.py:840} INFO - DAG(s) 'daily_summary' retrieved from /opt/airflow/dags/daily_summary.py
[2025-10-24T18:40:16.139+0000] {logging_mixin.py:188} INFO - [2025-10-24T18:40:16.139+0000] {dag.py:3036} INFO - Sync 1 DAGs
[2025-10-24T18:40:16.154+0000] {logging_mixin.py:188} INFO - [2025-10-24T18:40:16.154+0000] {dag.py:3823} INFO - Setting next_dagrun for daily_summary to 2025-10-23 00:00:00+00:00, run_after=2025-10-24 00:00:00+00:00
[2025-10-24T18:40:16.180+0000] {processor.py:183} INFO - Processing /opt/airflow/dags/daily_summary.py took 0.117 seconds
[2025-10-24T18:40:46.421+0000] {processor.py:161} INFO - Started process (PID=216) to work on /opt/airflow/dags/daily_summary.py
[2025-10-24T18:40:46.422+0000] {processor.py:830} INFO - Processing file /opt/airflow/dags/daily_summary.py for tasks to queue
[2025-10-24T18:40:46.423+0000] {logging_mixin.py:188} INFO - [2025-10-24T18:40:46.423+0000] {dagbag.py:538} INFO - Filling up the DagBag from /opt/airflow/dags/daily_summary.py
[2025-10-24T18:40:46.475+0000] {processor.py:840} INFO - DAG(s) 'daily_summary' retrieved from /opt/airflow/dags/daily_summary.py
[2025-10-24T18:40:46.496+0000] {logging_mixin.py:188} INFO - [2025-10-24T18:40:46.496+0000] {dag.py:3036} INFO - Sync 1 DAGs
[2025-10-24T18:40:46.513+0000] {logging_mixin.py:188} INFO - [2025-10-24T18:40:46.513+0000] {dag.py:3823} INFO - Setting next_dagrun for daily_summary to 2025-10-23 00:00:00+00:00, run_after=2025-10-24 00:00:00+00:00
[2025-10-24T18:40:46.531+0000] {processor.py:183} INFO - Processing /opt/airflow/dags/daily_summary.py took 0.113 seconds
[2025-10-24T18:41:16.832+0000] {processor.py:161} INFO - Started process (PID=221) to work on /opt/airflow/dags/daily_summary.py
[2025-10-24T18:41:16.833+0000] {processor.py:830} INFO - Processing file /opt/airflow/dags/daily_summary.py for tasks to queue
[2025-10-24T18:41:16.834+0000] {logging_mixin.py:188} INFO - [2025-10-24T18:41:16.833+0000] {dagbag.py:538} INFO - Filling up the DagBag from /opt/airflow/dags/daily_summary.py
[2025-10-24T18:41:16.892+0000] {processor.py:840} INFO - DAG(s) 'daily_summary' retrieved from /opt/airflow/dags/daily_summary.py
[2025-10-24T18:41:16.917+0000] {logging_mixin.py:188} INFO - [2025-10-24T18:41:16.916+0000] {dag.py:3036} INFO - Sync 1 DAGs
[2025-10-24T18:41:16.935+0000] {logging_mixin.py:188} INFO - [2025-10-24T18:41:16.935+0000] {dag.py:3823} INFO - Setting next_dagrun for daily_summary to 2025-10-23 00:00:00+00:00, run_after=2025-10-24 00:00:00+00:00
[2025-10-24T18:41:16.953+0000] {processor.py:183} INFO - Processing /opt/airflow/dags/daily_summary.py took 0.125 seconds
[2025-10-24T18:41:47.137+0000] {processor.py:161} INFO - Started process (PID=226) to work on /opt/airflow/dags/daily_summary.py
[2025-10-24T18:41:47.138+0000] {processor.py:830} INFO - Processing file /opt/airflow/dags/daily_summary.py for tasks to queue
[2025-10-24T18:41:47.139+0000] {logging_mixin.py:188} INFO - [2025-10-24T18:41:47.138+0000] {dagbag.py:538} INFO - Filling up the DagBag from /opt/airflow/dags/daily_summary.py
[2025-10-24T18:41:47.193+0000] {processor.py:840} INFO - DAG(s) 'daily_summary' retrieved from /opt/airflow/dags/daily_summary.py
[2025-10-24T18:41:47.214+0000] {logging_mixin.py:188} INFO - [2025-10-24T18:41:47.214+0000] {dag.py:3036} INFO - Sync 1 DAGs
[2025-10-24T18:41:47.231+0000] {logging_mixin.py:188} INFO - [2025-10-24T18:41:47.231+0000] {dag.py:3823} INFO - Setting next_dagrun for daily_summary to 2025-10-23 00:00:00+00:00, run_after=2025-10-24 00:00:00+00:00
[2025-10-24T18:41:47.249+0000] {processor.py:183} INFO - Processing /opt/airflow/dags/daily_summary.py took 0.115 seconds
[2025-10-24T18:42:17.489+0000] {processor.py:161} INFO - Started process (PID=231) to work on /opt/airflow/dags/daily_summary.py
[2025-10-24T18:42:17.490+0000] {processor.py:830} INFO - Processing file /opt/airflow/dags/daily_summary.py for tasks to queue
[2025-10-24T18:42:17.491+0000] {logging_mixin.py:188} INFO - [2025-10-24T18:42:17.491+0000] {dagbag.py:538} INFO - Filling up the DagBag from /opt/airflow/dags/daily_summary.py
[2025-10-24T18:42:17.545+0000] {processor.py:840} INFO - DAG(s) 'daily_summary' retrieved from /opt/airflow/dags/daily_summary.py
[2025-10-24T18:42:17.567+0000] {logging_mixin.py:188} INFO - [2025-10-24T18:42:17.566+0000] {dag.py:3036} INFO - Sync 1 DAGs
[2025-10-24T18:42:17.582+0000] {logging_mixin.py:188} INFO - [2025-10-24T18:42:17.582+0000] {dag.py:3823} INFO - Setting next_dagrun for daily_summary to 2025-10-23 00:00:00+00:00, run_after=2025-10-24 00:00:00+00:00
[2025-10-24T18:42:17.600+0000] {processor.py:183} INFO - Processing /opt/airflow/dags/daily_summary.py took 0.113 seconds
[2025-10-24T18:42:47.924+0000] {processor.py:161} INFO - Started process (PID=236) to work on /opt/airflow/dags/daily_summary.py
[2025-10-24T18:42:47.925+0000] {processor.py:830} INFO - Processing file /opt/airflow/dags/daily_summary.py for tasks to queue
[2025-10-24T18:42:47.926+0000] {logging_mixin.py:188} INFO - [2025-10-24T18:42:47.926+0000] {dagbag.py:538} INFO - Filling up the DagBag from /opt/airflow/dags/daily_summary.py
[2025-10-24T18:42:47.976+0000] {processor.py:840} INFO - DAG(s) 'daily_summary' retrieved from /opt/airflow/dags/daily_summary.py
[2025-10-24T18:42:47.997+0000] {logging_mixin.py:188} INFO - [2025-10-24T18:42:47.996+0000] {dag.py:3036} INFO - Sync 1 DAGs
[2025-10-24T18:42:48.012+0000] {logging_mixin.py:188} INFO - [2025-10-24T18:42:48.012+0000] {dag.py:3823} INFO - Setting next_dagrun for daily_summary to 2025-10-23 00:00:00+00:00, run_after=2025-10-24 00:00:00+00:00
[2025-10-24T18:42:48.040+0000] {processor.py:183} INFO - Processing /opt/airflow/dags/daily_summary.py took 0.118 seconds
[2025-10-24T18:43:18.273+0000] {processor.py:161} INFO - Started process (PID=241) to work on /opt/airflow/dags/daily_summary.py
[2025-10-24T18:43:18.274+0000] {processor.py:830} INFO - Processing file /opt/airflow/dags/daily_summary.py for tasks to queue
[2025-10-24T18:43:18.275+0000] {logging_mixin.py:188} INFO - [2025-10-24T18:43:18.275+0000] {dagbag.py:538} INFO - Filling up the DagBag from /opt/airflow/dags/daily_summary.py
[2025-10-24T18:43:18.328+0000] {processor.py:840} INFO - DAG(s) 'daily_summary' retrieved from /opt/airflow/dags/daily_summary.py
[2025-10-24T18:43:18.350+0000] {logging_mixin.py:188} INFO - [2025-10-24T18:43:18.349+0000] {dag.py:3036} INFO - Sync 1 DAGs
[2025-10-24T18:43:18.366+0000] {logging_mixin.py:188} INFO - [2025-10-24T18:43:18.366+0000] {dag.py:3823} INFO - Setting next_dagrun for daily_summary to 2025-10-23 00:00:00+00:00, run_after=2025-10-24 00:00:00+00:00
[2025-10-24T18:43:18.392+0000] {processor.py:183} INFO - Processing /opt/airflow/dags/daily_summary.py took 0.122 seconds
[2025-10-24T18:43:48.667+0000] {processor.py:161} INFO - Started process (PID=246) to work on /opt/airflow/dags/daily_summary.py
[2025-10-24T18:43:48.668+0000] {processor.py:830} INFO - Processing file /opt/airflow/dags/daily_summary.py for tasks to queue
[2025-10-24T18:43:48.669+0000] {logging_mixin.py:188} INFO - [2025-10-24T18:43:48.668+0000] {dagbag.py:538} INFO - Filling up the DagBag from /opt/airflow/dags/daily_summary.py
[2025-10-24T18:43:48.720+0000] {processor.py:840} INFO - DAG(s) 'daily_summary' retrieved from /opt/airflow/dags/daily_summary.py
[2025-10-24T18:43:48.741+0000] {logging_mixin.py:188} INFO - [2025-10-24T18:43:48.741+0000] {dag.py:3036} INFO - Sync 1 DAGs
[2025-10-24T18:43:48.757+0000] {logging_mixin.py:188} INFO - [2025-10-24T18:43:48.757+0000] {dag.py:3823} INFO - Setting next_dagrun for daily_summary to 2025-10-23 00:00:00+00:00, run_after=2025-10-24 00:00:00+00:00
[2025-10-24T18:43:48.776+0000] {processor.py:183} INFO - Processing /opt/airflow/dags/daily_summary.py took 0.111 seconds
[2025-10-24T18:44:18.977+0000] {processor.py:161} INFO - Started process (PID=251) to work on /opt/airflow/dags/daily_summary.py
[2025-10-24T18:44:18.977+0000] {processor.py:830} INFO - Processing file /opt/airflow/dags/daily_summary.py for tasks to queue
[2025-10-24T18:44:18.978+0000] {logging_mixin.py:188} INFO - [2025-10-24T18:44:18.978+0000] {dagbag.py:538} INFO - Filling up the DagBag from /opt/airflow/dags/daily_summary.py
[2025-10-24T18:44:19.031+0000] {processor.py:840} INFO - DAG(s) 'daily_summary' retrieved from /opt/airflow/dags/daily_summary.py
[2025-10-24T18:44:19.052+0000] {logging_mixin.py:188} INFO - [2025-10-24T18:44:19.052+0000] {dag.py:3036} INFO - Sync 1 DAGs
[2025-10-24T18:44:19.070+0000] {logging_mixin.py:188} INFO - [2025-10-24T18:44:19.070+0000] {dag.py:3823} INFO - Setting next_dagrun for daily_summary to 2025-10-23 00:00:00+00:00, run_after=2025-10-24 00:00:00+00:00
[2025-10-24T18:44:19.095+0000] {processor.py:183} INFO - Processing /opt/airflow/dags/daily_summary.py took 0.121 seconds
[2025-10-24T18:44:49.369+0000] {processor.py:161} INFO - Started process (PID=256) to work on /opt/airflow/dags/daily_summary.py
[2025-10-24T18:44:49.370+0000] {processor.py:830} INFO - Processing file /opt/airflow/dags/daily_summary.py for tasks to queue
[2025-10-24T18:44:49.370+0000] {logging_mixin.py:188} INFO - [2025-10-24T18:44:49.370+0000] {dagbag.py:538} INFO - Filling up the DagBag from /opt/airflow/dags/daily_summary.py
[2025-10-24T18:44:49.421+0000] {processor.py:840} INFO - DAG(s) 'daily_summary' retrieved from /opt/airflow/dags/daily_summary.py
[2025-10-24T18:44:49.442+0000] {logging_mixin.py:188} INFO - [2025-10-24T18:44:49.442+0000] {dag.py:3036} INFO - Sync 1 DAGs
[2025-10-24T18:44:49.458+0000] {logging_mixin.py:188} INFO - [2025-10-24T18:44:49.457+0000] {dag.py:3823} INFO - Setting next_dagrun for daily_summary to 2025-10-23 00:00:00+00:00, run_after=2025-10-24 00:00:00+00:00
[2025-10-24T18:44:49.484+0000] {processor.py:183} INFO - Processing /opt/airflow/dags/daily_summary.py took 0.118 seconds
[2025-10-24T18:45:19.699+0000] {processor.py:161} INFO - Started process (PID=261) to work on /opt/airflow/dags/daily_summary.py
[2025-10-24T18:45:19.700+0000] {processor.py:830} INFO - Processing file /opt/airflow/dags/daily_summary.py for tasks to queue
[2025-10-24T18:45:19.701+0000] {logging_mixin.py:188} INFO - [2025-10-24T18:45:19.701+0000] {dagbag.py:538} INFO - Filling up the DagBag from /opt/airflow/dags/daily_summary.py
[2025-10-24T18:45:19.757+0000] {processor.py:840} INFO - DAG(s) 'daily_summary' retrieved from /opt/airflow/dags/daily_summary.py
[2025-10-24T18:45:19.778+0000] {logging_mixin.py:188} INFO - [2025-10-24T18:45:19.778+0000] {dag.py:3036} INFO - Sync 1 DAGs
[2025-10-24T18:45:19.794+0000] {logging_mixin.py:188} INFO - [2025-10-24T18:45:19.794+0000] {dag.py:3823} INFO - Setting next_dagrun for daily_summary to 2025-10-23 00:00:00+00:00, run_after=2025-10-24 00:00:00+00:00
[2025-10-24T18:45:19.823+0000] {processor.py:183} INFO - Processing /opt/airflow/dags/daily_summary.py took 0.126 seconds
[2025-10-24T18:45:50.091+0000] {processor.py:161} INFO - Started process (PID=266) to work on /opt/airflow/dags/daily_summary.py
[2025-10-24T18:45:50.091+0000] {processor.py:830} INFO - Processing file /opt/airflow/dags/daily_summary.py for tasks to queue
[2025-10-24T18:45:50.092+0000] {logging_mixin.py:188} INFO - [2025-10-24T18:45:50.092+0000] {dagbag.py:538} INFO - Filling up the DagBag from /opt/airflow/dags/daily_summary.py
[2025-10-24T18:45:50.150+0000] {processor.py:840} INFO - DAG(s) 'daily_summary' retrieved from /opt/airflow/dags/daily_summary.py
[2025-10-24T18:45:50.171+0000] {logging_mixin.py:188} INFO - [2025-10-24T18:45:50.171+0000] {dag.py:3036} INFO - Sync 1 DAGs
[2025-10-24T18:45:50.187+0000] {logging_mixin.py:188} INFO - [2025-10-24T18:45:50.186+0000] {dag.py:3823} INFO - Setting next_dagrun for daily_summary to 2025-10-23 00:00:00+00:00, run_after=2025-10-24 00:00:00+00:00
[2025-10-24T18:45:50.204+0000] {processor.py:183} INFO - Processing /opt/airflow/dags/daily_summary.py took 0.115 seconds
[2025-10-24T18:46:20.395+0000] {processor.py:161} INFO - Started process (PID=271) to work on /opt/airflow/dags/daily_summary.py
[2025-10-24T18:46:20.396+0000] {processor.py:830} INFO - Processing file /opt/airflow/dags/daily_summary.py for tasks to queue
[2025-10-24T18:46:20.397+0000] {logging_mixin.py:188} INFO - [2025-10-24T18:46:20.397+0000] {dagbag.py:538} INFO - Filling up the DagBag from /opt/airflow/dags/daily_summary.py
[2025-10-24T18:46:20.449+0000] {processor.py:840} INFO - DAG(s) 'daily_summary' retrieved from /opt/airflow/dags/daily_summary.py
[2025-10-24T18:46:20.470+0000] {logging_mixin.py:188} INFO - [2025-10-24T18:46:20.470+0000] {dag.py:3036} INFO - Sync 1 DAGs
[2025-10-24T18:46:20.487+0000] {logging_mixin.py:188} INFO - [2025-10-24T18:46:20.486+0000] {dag.py:3823} INFO - Setting next_dagrun for daily_summary to 2025-10-23 00:00:00+00:00, run_after=2025-10-24 00:00:00+00:00
[2025-10-24T18:46:20.506+0000] {processor.py:183} INFO - Processing /opt/airflow/dags/daily_summary.py took 0.114 seconds
[2025-10-24T18:46:50.794+0000] {processor.py:161} INFO - Started process (PID=276) to work on /opt/airflow/dags/daily_summary.py
[2025-10-24T18:46:50.795+0000] {processor.py:830} INFO - Processing file /opt/airflow/dags/daily_summary.py for tasks to queue
[2025-10-24T18:46:50.796+0000] {logging_mixin.py:188} INFO - [2025-10-24T18:46:50.795+0000] {dagbag.py:538} INFO - Filling up the DagBag from /opt/airflow/dags/daily_summary.py
[2025-10-24T18:46:50.846+0000] {processor.py:840} INFO - DAG(s) 'daily_summary' retrieved from /opt/airflow/dags/daily_summary.py
[2025-10-24T18:46:50.866+0000] {logging_mixin.py:188} INFO - [2025-10-24T18:46:50.866+0000] {dag.py:3036} INFO - Sync 1 DAGs
[2025-10-24T18:46:50.882+0000] {logging_mixin.py:188} INFO - [2025-10-24T18:46:50.882+0000] {dag.py:3823} INFO - Setting next_dagrun for daily_summary to 2025-10-23 00:00:00+00:00, run_after=2025-10-24 00:00:00+00:00
[2025-10-24T18:46:50.899+0000] {processor.py:183} INFO - Processing /opt/airflow/dags/daily_summary.py took 0.107 seconds
[2025-10-24T18:47:21.125+0000] {processor.py:161} INFO - Started process (PID=281) to work on /opt/airflow/dags/daily_summary.py
[2025-10-24T18:47:21.126+0000] {processor.py:830} INFO - Processing file /opt/airflow/dags/daily_summary.py for tasks to queue
[2025-10-24T18:47:21.127+0000] {logging_mixin.py:188} INFO - [2025-10-24T18:47:21.127+0000] {dagbag.py:538} INFO - Filling up the DagBag from /opt/airflow/dags/daily_summary.py
[2025-10-24T18:47:21.182+0000] {processor.py:840} INFO - DAG(s) 'daily_summary' retrieved from /opt/airflow/dags/daily_summary.py
[2025-10-24T18:47:21.203+0000] {logging_mixin.py:188} INFO - [2025-10-24T18:47:21.203+0000] {dag.py:3036} INFO - Sync 1 DAGs
[2025-10-24T18:47:21.219+0000] {logging_mixin.py:188} INFO - [2025-10-24T18:47:21.219+0000] {dag.py:3823} INFO - Setting next_dagrun for daily_summary to 2025-10-23 00:00:00+00:00, run_after=2025-10-24 00:00:00+00:00
[2025-10-24T18:47:21.237+0000] {processor.py:183} INFO - Processing /opt/airflow/dags/daily_summary.py took 0.115 seconds
[2025-10-24T18:47:51.369+0000] {processor.py:161} INFO - Started process (PID=286) to work on /opt/airflow/dags/daily_summary.py
[2025-10-24T18:47:51.370+0000] {processor.py:830} INFO - Processing file /opt/airflow/dags/daily_summary.py for tasks to queue
[2025-10-24T18:47:51.371+0000] {logging_mixin.py:188} INFO - [2025-10-24T18:47:51.371+0000] {dagbag.py:538} INFO - Filling up the DagBag from /opt/airflow/dags/daily_summary.py
[2025-10-24T18:47:51.424+0000] {processor.py:840} INFO - DAG(s) 'daily_summary' retrieved from /opt/airflow/dags/daily_summary.py
[2025-10-24T18:47:51.445+0000] {logging_mixin.py:188} INFO - [2025-10-24T18:47:51.445+0000] {dag.py:3036} INFO - Sync 1 DAGs
[2025-10-24T18:47:51.461+0000] {logging_mixin.py:188} INFO - [2025-10-24T18:47:51.461+0000] {dag.py:3823} INFO - Setting next_dagrun for daily_summary to 2025-10-23 00:00:00+00:00, run_after=2025-10-24 00:00:00+00:00
[2025-10-24T18:47:51.479+0000] {processor.py:183} INFO - Processing /opt/airflow/dags/daily_summary.py took 0.113 seconds
[2025-10-24T18:48:21.665+0000] {processor.py:161} INFO - Started process (PID=291) to work on /opt/airflow/dags/daily_summary.py
[2025-10-24T18:48:21.666+0000] {processor.py:830} INFO - Processing file /opt/airflow/dags/daily_summary.py for tasks to queue
[2025-10-24T18:48:21.667+0000] {logging_mixin.py:188} INFO - [2025-10-24T18:48:21.666+0000] {dagbag.py:538} INFO - Filling up the DagBag from /opt/airflow/dags/daily_summary.py
[2025-10-24T18:48:21.718+0000] {processor.py:840} INFO - DAG(s) 'daily_summary' retrieved from /opt/airflow/dags/daily_summary.py
[2025-10-24T18:48:21.739+0000] {logging_mixin.py:188} INFO - [2025-10-24T18:48:21.739+0000] {dag.py:3036} INFO - Sync 1 DAGs
[2025-10-24T18:48:21.755+0000] {logging_mixin.py:188} INFO - [2025-10-24T18:48:21.754+0000] {dag.py:3823} INFO - Setting next_dagrun for daily_summary to 2025-10-23 00:00:00+00:00, run_after=2025-10-24 00:00:00+00:00
[2025-10-24T18:48:21.771+0000] {processor.py:183} INFO - Processing /opt/airflow/dags/daily_summary.py took 0.109 seconds
[2025-10-24T18:48:51.960+0000] {processor.py:161} INFO - Started process (PID=296) to work on /opt/airflow/dags/daily_summary.py
[2025-10-24T18:48:51.961+0000] {processor.py:830} INFO - Processing file /opt/airflow/dags/daily_summary.py for tasks to queue
[2025-10-24T18:48:51.961+0000] {logging_mixin.py:188} INFO - [2025-10-24T18:48:51.961+0000] {dagbag.py:538} INFO - Filling up the DagBag from /opt/airflow/dags/daily_summary.py
[2025-10-24T18:48:52.013+0000] {processor.py:840} INFO - DAG(s) 'daily_summary' retrieved from /opt/airflow/dags/daily_summary.py
[2025-10-24T18:48:52.035+0000] {logging_mixin.py:188} INFO - [2025-10-24T18:48:52.035+0000] {dag.py:3036} INFO - Sync 1 DAGs
[2025-10-24T18:48:52.051+0000] {logging_mixin.py:188} INFO - [2025-10-24T18:48:52.050+0000] {dag.py:3823} INFO - Setting next_dagrun for daily_summary to 2025-10-23 00:00:00+00:00, run_after=2025-10-24 00:00:00+00:00
[2025-10-24T18:48:52.069+0000] {processor.py:183} INFO - Processing /opt/airflow/dags/daily_summary.py took 0.112 seconds
[2025-10-24T18:49:22.409+0000] {processor.py:161} INFO - Started process (PID=301) to work on /opt/airflow/dags/daily_summary.py
[2025-10-24T18:49:22.409+0000] {processor.py:830} INFO - Processing file /opt/airflow/dags/daily_summary.py for tasks to queue
[2025-10-24T18:49:22.410+0000] {logging_mixin.py:188} INFO - [2025-10-24T18:49:22.410+0000] {dagbag.py:538} INFO - Filling up the DagBag from /opt/airflow/dags/daily_summary.py
[2025-10-24T18:49:22.464+0000] {processor.py:840} INFO - DAG(s) 'daily_summary' retrieved from /opt/airflow/dags/daily_summary.py
[2025-10-24T18:49:22.484+0000] {logging_mixin.py:188} INFO - [2025-10-24T18:49:22.483+0000] {dag.py:3036} INFO - Sync 1 DAGs
[2025-10-24T18:49:22.501+0000] {logging_mixin.py:188} INFO - [2025-10-24T18:49:22.501+0000] {dag.py:3823} INFO - Setting next_dagrun for daily_summary to 2025-10-23 00:00:00+00:00, run_after=2025-10-24 00:00:00+00:00
[2025-10-24T18:49:22.517+0000] {processor.py:183} INFO - Processing /opt/airflow/dags/daily_summary.py took 0.111 seconds
[2025-10-24T18:49:52.708+0000] {processor.py:161} INFO - Started process (PID=306) to work on /opt/airflow/dags/daily_summary.py
[2025-10-24T18:49:52.708+0000] {processor.py:830} INFO - Processing file /opt/airflow/dags/daily_summary.py for tasks to queue
[2025-10-24T18:49:52.709+0000] {logging_mixin.py:188} INFO - [2025-10-24T18:49:52.709+0000] {dagbag.py:538} INFO - Filling up the DagBag from /opt/airflow/dags/daily_summary.py
[2025-10-24T18:49:52.764+0000] {processor.py:840} INFO - DAG(s) 'daily_summary' retrieved from /opt/airflow/dags/daily_summary.py
[2025-10-24T18:49:52.784+0000] {logging_mixin.py:188} INFO - [2025-10-24T18:49:52.784+0000] {dag.py:3036} INFO - Sync 1 DAGs
[2025-10-24T18:49:52.801+0000] {logging_mixin.py:188} INFO - [2025-10-24T18:49:52.801+0000] {dag.py:3823} INFO - Setting next_dagrun for daily_summary to 2025-10-23 00:00:00+00:00, run_after=2025-10-24 00:00:00+00:00
[2025-10-24T18:49:52.820+0000] {processor.py:183} INFO - Processing /opt/airflow/dags/daily_summary.py took 0.116 seconds
[2025-10-24T18:50:23.179+0000] {processor.py:161} INFO - Started process (PID=311) to work on /opt/airflow/dags/daily_summary.py
[2025-10-24T18:50:23.180+0000] {processor.py:830} INFO - Processing file /opt/airflow/dags/daily_summary.py for tasks to queue
[2025-10-24T18:50:23.181+0000] {logging_mixin.py:188} INFO - [2025-10-24T18:50:23.180+0000] {dagbag.py:538} INFO - Filling up the DagBag from /opt/airflow/dags/daily_summary.py
[2025-10-24T18:50:23.234+0000] {processor.py:840} INFO - DAG(s) 'daily_summary' retrieved from /opt/airflow/dags/daily_summary.py
[2025-10-24T18:50:23.259+0000] {logging_mixin.py:188} INFO - [2025-10-24T18:50:23.259+0000] {dag.py:3036} INFO - Sync 1 DAGs
[2025-10-24T18:50:23.283+0000] {logging_mixin.py:188} INFO - [2025-10-24T18:50:23.283+0000] {dag.py:3823} INFO - Setting next_dagrun for daily_summary to 2025-10-23 00:00:00+00:00, run_after=2025-10-24 00:00:00+00:00
[2025-10-24T18:50:23.308+0000] {processor.py:183} INFO - Processing /opt/airflow/dags/daily_summary.py took 0.131 seconds
[2025-10-24T18:50:53.480+0000] {processor.py:161} INFO - Started process (PID=316) to work on /opt/airflow/dags/daily_summary.py
[2025-10-24T18:50:53.480+0000] {processor.py:830} INFO - Processing file /opt/airflow/dags/daily_summary.py for tasks to queue
[2025-10-24T18:50:53.481+0000] {logging_mixin.py:188} INFO - [2025-10-24T18:50:53.481+0000] {dagbag.py:538} INFO - Filling up the DagBag from /opt/airflow/dags/daily_summary.py
[2025-10-24T18:50:53.531+0000] {processor.py:840} INFO - DAG(s) 'daily_summary' retrieved from /opt/airflow/dags/daily_summary.py
[2025-10-24T18:50:53.552+0000] {logging_mixin.py:188} INFO - [2025-10-24T18:50:53.551+0000] {dag.py:3036} INFO - Sync 1 DAGs
[2025-10-24T18:50:53.567+0000] {logging_mixin.py:188} INFO - [2025-10-24T18:50:53.567+0000] {dag.py:3823} INFO - Setting next_dagrun for daily_summary to 2025-10-23 00:00:00+00:00, run_after=2025-10-24 00:00:00+00:00
[2025-10-24T18:50:53.593+0000] {processor.py:183} INFO - Processing /opt/airflow/dags/daily_summary.py took 0.116 seconds
[2025-10-24T18:51:23.925+0000] {processor.py:161} INFO - Started process (PID=321) to work on /opt/airflow/dags/daily_summary.py
[2025-10-24T18:51:23.925+0000] {processor.py:830} INFO - Processing file /opt/airflow/dags/daily_summary.py for tasks to queue
[2025-10-24T18:51:23.926+0000] {logging_mixin.py:188} INFO - [2025-10-24T18:51:23.926+0000] {dagbag.py:538} INFO - Filling up the DagBag from /opt/airflow/dags/daily_summary.py
[2025-10-24T18:51:23.978+0000] {processor.py:840} INFO - DAG(s) 'daily_summary' retrieved from /opt/airflow/dags/daily_summary.py
[2025-10-24T18:51:23.998+0000] {logging_mixin.py:188} INFO - [2025-10-24T18:51:23.998+0000] {dag.py:3036} INFO - Sync 1 DAGs
[2025-10-24T18:51:24.014+0000] {logging_mixin.py:188} INFO - [2025-10-24T18:51:24.014+0000] {dag.py:3823} INFO - Setting next_dagrun for daily_summary to 2025-10-23 00:00:00+00:00, run_after=2025-10-24 00:00:00+00:00
[2025-10-24T18:51:24.029+0000] {processor.py:183} INFO - Processing /opt/airflow/dags/daily_summary.py took 0.107 seconds
[2025-10-24T18:51:54.239+0000] {processor.py:161} INFO - Started process (PID=326) to work on /opt/airflow/dags/daily_summary.py
[2025-10-24T18:51:54.240+0000] {processor.py:830} INFO - Processing file /opt/airflow/dags/daily_summary.py for tasks to queue
[2025-10-24T18:51:54.241+0000] {logging_mixin.py:188} INFO - [2025-10-24T18:51:54.240+0000] {dagbag.py:538} INFO - Filling up the DagBag from /opt/airflow/dags/daily_summary.py
[2025-10-24T18:51:54.291+0000] {processor.py:840} INFO - DAG(s) 'daily_summary' retrieved from /opt/airflow/dags/daily_summary.py
[2025-10-24T18:51:54.311+0000] {logging_mixin.py:188} INFO - [2025-10-24T18:51:54.311+0000] {dag.py:3036} INFO - Sync 1 DAGs
[2025-10-24T18:51:54.327+0000] {logging_mixin.py:188} INFO - [2025-10-24T18:51:54.327+0000] {dag.py:3823} INFO - Setting next_dagrun for daily_summary to 2025-10-23 00:00:00+00:00, run_after=2025-10-24 00:00:00+00:00
[2025-10-24T18:51:54.355+0000] {processor.py:183} INFO - Processing /opt/airflow/dags/daily_summary.py took 0.119 seconds
[2025-10-24T18:52:24.648+0000] {processor.py:161} INFO - Started process (PID=331) to work on /opt/airflow/dags/daily_summary.py
[2025-10-24T18:52:24.649+0000] {processor.py:830} INFO - Processing file /opt/airflow/dags/daily_summary.py for tasks to queue
[2025-10-24T18:52:24.649+0000] {logging_mixin.py:188} INFO - [2025-10-24T18:52:24.649+0000] {dagbag.py:538} INFO - Filling up the DagBag from /opt/airflow/dags/daily_summary.py
[2025-10-24T18:52:24.701+0000] {processor.py:840} INFO - DAG(s) 'daily_summary' retrieved from /opt/airflow/dags/daily_summary.py
[2025-10-24T18:52:24.720+0000] {logging_mixin.py:188} INFO - [2025-10-24T18:52:24.720+0000] {dag.py:3036} INFO - Sync 1 DAGs
[2025-10-24T18:52:24.736+0000] {logging_mixin.py:188} INFO - [2025-10-24T18:52:24.736+0000] {dag.py:3823} INFO - Setting next_dagrun for daily_summary to 2025-10-23 00:00:00+00:00, run_after=2025-10-24 00:00:00+00:00
[2025-10-24T18:52:24.763+0000] {processor.py:183} INFO - Processing /opt/airflow/dags/daily_summary.py took 0.117 seconds
[2025-10-24T18:52:54.987+0000] {processor.py:161} INFO - Started process (PID=336) to work on /opt/airflow/dags/daily_summary.py
[2025-10-24T18:52:54.988+0000] {processor.py:830} INFO - Processing file /opt/airflow/dags/daily_summary.py for tasks to queue
[2025-10-24T18:52:54.989+0000] {logging_mixin.py:188} INFO - [2025-10-24T18:52:54.989+0000] {dagbag.py:538} INFO - Filling up the DagBag from /opt/airflow/dags/daily_summary.py
[2025-10-24T18:52:55.048+0000] {processor.py:840} INFO - DAG(s) 'daily_summary' retrieved from /opt/airflow/dags/daily_summary.py
[2025-10-24T18:52:55.071+0000] {logging_mixin.py:188} INFO - [2025-10-24T18:52:55.071+0000] {dag.py:3036} INFO - Sync 1 DAGs
[2025-10-24T18:52:55.090+0000] {logging_mixin.py:188} INFO - [2025-10-24T18:52:55.090+0000] {dag.py:3823} INFO - Setting next_dagrun for daily_summary to 2025-10-23 00:00:00+00:00, run_after=2025-10-24 00:00:00+00:00
[2025-10-24T18:52:55.111+0000] {processor.py:183} INFO - Processing /opt/airflow/dags/daily_summary.py took 0.127 seconds
[2025-10-24T18:53:25.338+0000] {processor.py:161} INFO - Started process (PID=341) to work on /opt/airflow/dags/daily_summary.py
[2025-10-24T18:53:25.339+0000] {processor.py:830} INFO - Processing file /opt/airflow/dags/daily_summary.py for tasks to queue
[2025-10-24T18:53:25.340+0000] {logging_mixin.py:188} INFO - [2025-10-24T18:53:25.340+0000] {dagbag.py:538} INFO - Filling up the DagBag from /opt/airflow/dags/daily_summary.py
[2025-10-24T18:53:25.396+0000] {processor.py:840} INFO - DAG(s) 'daily_summary' retrieved from /opt/airflow/dags/daily_summary.py
[2025-10-24T18:53:25.417+0000] {logging_mixin.py:188} INFO - [2025-10-24T18:53:25.417+0000] {dag.py:3036} INFO - Sync 1 DAGs
[2025-10-24T18:53:25.436+0000] {logging_mixin.py:188} INFO - [2025-10-24T18:53:25.436+0000] {dag.py:3823} INFO - Setting next_dagrun for daily_summary to 2025-10-23 00:00:00+00:00, run_after=2025-10-24 00:00:00+00:00
[2025-10-24T18:53:25.455+0000] {processor.py:183} INFO - Processing /opt/airflow/dags/daily_summary.py took 0.120 seconds
[2025-10-24T18:53:55.716+0000] {processor.py:161} INFO - Started process (PID=346) to work on /opt/airflow/dags/daily_summary.py
[2025-10-24T18:53:55.717+0000] {processor.py:830} INFO - Processing file /opt/airflow/dags/daily_summary.py for tasks to queue
[2025-10-24T18:53:55.718+0000] {logging_mixin.py:188} INFO - [2025-10-24T18:53:55.718+0000] {dagbag.py:538} INFO - Filling up the DagBag from /opt/airflow/dags/daily_summary.py
[2025-10-24T18:53:55.773+0000] {processor.py:840} INFO - DAG(s) 'daily_summary' retrieved from /opt/airflow/dags/daily_summary.py
[2025-10-24T18:53:55.793+0000] {logging_mixin.py:188} INFO - [2025-10-24T18:53:55.793+0000] {dag.py:3036} INFO - Sync 1 DAGs
[2025-10-24T18:53:55.808+0000] {logging_mixin.py:188} INFO - [2025-10-24T18:53:55.808+0000] {dag.py:3823} INFO - Setting next_dagrun for daily_summary to 2025-10-23 00:00:00+00:00, run_after=2025-10-24 00:00:00+00:00
[2025-10-24T18:53:55.828+0000] {processor.py:183} INFO - Processing /opt/airflow/dags/daily_summary.py took 0.114 seconds
[2025-10-24T18:54:26.069+0000] {processor.py:161} INFO - Started process (PID=351) to work on /opt/airflow/dags/daily_summary.py
[2025-10-24T18:54:26.070+0000] {processor.py:830} INFO - Processing file /opt/airflow/dags/daily_summary.py for tasks to queue
[2025-10-24T18:54:26.071+0000] {logging_mixin.py:188} INFO - [2025-10-24T18:54:26.070+0000] {dagbag.py:538} INFO - Filling up the DagBag from /opt/airflow/dags/daily_summary.py
[2025-10-24T18:54:26.126+0000] {processor.py:840} INFO - DAG(s) 'daily_summary' retrieved from /opt/airflow/dags/daily_summary.py
[2025-10-24T18:54:26.147+0000] {logging_mixin.py:188} INFO - [2025-10-24T18:54:26.147+0000] {dag.py:3036} INFO - Sync 1 DAGs
[2025-10-24T18:54:26.163+0000] {logging_mixin.py:188} INFO - [2025-10-24T18:54:26.163+0000] {dag.py:3823} INFO - Setting next_dagrun for daily_summary to 2025-10-23 00:00:00+00:00, run_after=2025-10-24 00:00:00+00:00
[2025-10-24T18:54:26.191+0000] {processor.py:183} INFO - Processing /opt/airflow/dags/daily_summary.py took 0.125 seconds
[2025-10-24T18:54:56.476+0000] {processor.py:161} INFO - Started process (PID=356) to work on /opt/airflow/dags/daily_summary.py
[2025-10-24T18:54:56.477+0000] {processor.py:830} INFO - Processing file /opt/airflow/dags/daily_summary.py for tasks to queue
[2025-10-24T18:54:56.478+0000] {logging_mixin.py:188} INFO - [2025-10-24T18:54:56.478+0000] {dagbag.py:538} INFO - Filling up the DagBag from /opt/airflow/dags/daily_summary.py
[2025-10-24T18:54:56.531+0000] {processor.py:840} INFO - DAG(s) 'daily_summary' retrieved from /opt/airflow/dags/daily_summary.py
[2025-10-24T18:54:56.551+0000] {logging_mixin.py:188} INFO - [2025-10-24T18:54:56.551+0000] {dag.py:3036} INFO - Sync 1 DAGs
[2025-10-24T18:54:56.567+0000] {logging_mixin.py:188} INFO - [2025-10-24T18:54:56.567+0000] {dag.py:3823} INFO - Setting next_dagrun for daily_summary to 2025-10-23 00:00:00+00:00, run_after=2025-10-24 00:00:00+00:00
[2025-10-24T18:54:56.585+0000] {processor.py:183} INFO - Processing /opt/airflow/dags/daily_summary.py took 0.112 seconds
[2025-10-24T18:55:26.772+0000] {processor.py:161} INFO - Started process (PID=361) to work on /opt/airflow/dags/daily_summary.py
[2025-10-24T18:55:26.773+0000] {processor.py:830} INFO - Processing file /opt/airflow/dags/daily_summary.py for tasks to queue
[2025-10-24T18:55:26.774+0000] {logging_mixin.py:188} INFO - [2025-10-24T18:55:26.774+0000] {dagbag.py:538} INFO - Filling up the DagBag from /opt/airflow/dags/daily_summary.py
[2025-10-24T18:55:26.828+0000] {processor.py:840} INFO - DAG(s) 'daily_summary' retrieved from /opt/airflow/dags/daily_summary.py
[2025-10-24T18:55:26.848+0000] {logging_mixin.py:188} INFO - [2025-10-24T18:55:26.848+0000] {dag.py:3036} INFO - Sync 1 DAGs
[2025-10-24T18:55:26.866+0000] {logging_mixin.py:188} INFO - [2025-10-24T18:55:26.866+0000] {dag.py:3823} INFO - Setting next_dagrun for daily_summary to 2025-10-23 00:00:00+00:00, run_after=2025-10-24 00:00:00+00:00
[2025-10-24T18:55:26.884+0000] {processor.py:183} INFO - Processing /opt/airflow/dags/daily_summary.py took 0.114 seconds
[2025-10-24T18:55:57.247+0000] {processor.py:161} INFO - Started process (PID=366) to work on /opt/airflow/dags/daily_summary.py
[2025-10-24T18:55:57.247+0000] {processor.py:830} INFO - Processing file /opt/airflow/dags/daily_summary.py for tasks to queue
[2025-10-24T18:55:57.248+0000] {logging_mixin.py:188} INFO - [2025-10-24T18:55:57.248+0000] {dagbag.py:538} INFO - Filling up the DagBag from /opt/airflow/dags/daily_summary.py
[2025-10-24T18:55:57.301+0000] {processor.py:840} INFO - DAG(s) 'daily_summary' retrieved from /opt/airflow/dags/daily_summary.py
[2025-10-24T18:55:57.323+0000] {logging_mixin.py:188} INFO - [2025-10-24T18:55:57.323+0000] {dag.py:3036} INFO - Sync 1 DAGs
[2025-10-24T18:55:57.342+0000] {logging_mixin.py:188} INFO - [2025-10-24T18:55:57.341+0000] {dag.py:3823} INFO - Setting next_dagrun for daily_summary to 2025-10-23 00:00:00+00:00, run_after=2025-10-24 00:00:00+00:00
[2025-10-24T18:55:57.376+0000] {processor.py:183} INFO - Processing /opt/airflow/dags/daily_summary.py took 0.132 seconds
[2025-10-24T18:56:27.599+0000] {processor.py:161} INFO - Started process (PID=371) to work on /opt/airflow/dags/daily_summary.py
[2025-10-24T18:56:27.601+0000] {processor.py:830} INFO - Processing file /opt/airflow/dags/daily_summary.py for tasks to queue
[2025-10-24T18:56:27.601+0000] {logging_mixin.py:188} INFO - [2025-10-24T18:56:27.601+0000] {dagbag.py:538} INFO - Filling up the DagBag from /opt/airflow/dags/daily_summary.py
[2025-10-24T18:56:27.656+0000] {processor.py:840} INFO - DAG(s) 'daily_summary' retrieved from /opt/airflow/dags/daily_summary.py
[2025-10-24T18:56:27.679+0000] {logging_mixin.py:188} INFO - [2025-10-24T18:56:27.678+0000] {dag.py:3036} INFO - Sync 1 DAGs
[2025-10-24T18:56:27.696+0000] {logging_mixin.py:188} INFO - [2025-10-24T18:56:27.696+0000] {dag.py:3823} INFO - Setting next_dagrun for daily_summary to 2025-10-23 00:00:00+00:00, run_after=2025-10-24 00:00:00+00:00
[2025-10-24T18:56:27.715+0000] {processor.py:183} INFO - Processing /opt/airflow/dags/daily_summary.py took 0.118 seconds
[2025-10-24T18:56:58.041+0000] {processor.py:161} INFO - Started process (PID=376) to work on /opt/airflow/dags/daily_summary.py
[2025-10-24T18:56:58.042+0000] {processor.py:830} INFO - Processing file /opt/airflow/dags/daily_summary.py for tasks to queue
[2025-10-24T18:56:58.042+0000] {logging_mixin.py:188} INFO - [2025-10-24T18:56:58.042+0000] {dagbag.py:538} INFO - Filling up the DagBag from /opt/airflow/dags/daily_summary.py
[2025-10-24T18:56:58.097+0000] {processor.py:840} INFO - DAG(s) 'daily_summary' retrieved from /opt/airflow/dags/daily_summary.py
[2025-10-24T18:56:58.119+0000] {logging_mixin.py:188} INFO - [2025-10-24T18:56:58.119+0000] {dag.py:3036} INFO - Sync 1 DAGs
[2025-10-24T18:56:58.136+0000] {logging_mixin.py:188} INFO - [2025-10-24T18:56:58.136+0000] {dag.py:3823} INFO - Setting next_dagrun for daily_summary to 2025-10-23 00:00:00+00:00, run_after=2025-10-24 00:00:00+00:00
[2025-10-24T18:56:58.156+0000] {processor.py:183} INFO - Processing /opt/airflow/dags/daily_summary.py took 0.118 seconds
[2025-10-24T18:57:28.420+0000] {processor.py:161} INFO - Started process (PID=381) to work on /opt/airflow/dags/daily_summary.py
[2025-10-24T18:57:28.420+0000] {processor.py:830} INFO - Processing file /opt/airflow/dags/daily_summary.py for tasks to queue
[2025-10-24T18:57:28.421+0000] {logging_mixin.py:188} INFO - [2025-10-24T18:57:28.421+0000] {dagbag.py:538} INFO - Filling up the DagBag from /opt/airflow/dags/daily_summary.py
[2025-10-24T18:57:28.478+0000] {processor.py:840} INFO - DAG(s) 'daily_summary' retrieved from /opt/airflow/dags/daily_summary.py
[2025-10-24T18:57:28.498+0000] {logging_mixin.py:188} INFO - [2025-10-24T18:57:28.498+0000] {dag.py:3036} INFO - Sync 1 DAGs
[2025-10-24T18:57:28.514+0000] {logging_mixin.py:188} INFO - [2025-10-24T18:57:28.513+0000] {dag.py:3823} INFO - Setting next_dagrun for daily_summary to 2025-10-23 00:00:00+00:00, run_after=2025-10-24 00:00:00+00:00
[2025-10-24T18:57:28.534+0000] {processor.py:183} INFO - Processing /opt/airflow/dags/daily_summary.py took 0.117 seconds
[2025-10-24T18:57:58.756+0000] {processor.py:161} INFO - Started process (PID=386) to work on /opt/airflow/dags/daily_summary.py
[2025-10-24T18:57:58.757+0000] {processor.py:830} INFO - Processing file /opt/airflow/dags/daily_summary.py for tasks to queue
[2025-10-24T18:57:58.758+0000] {logging_mixin.py:188} INFO - [2025-10-24T18:57:58.757+0000] {dagbag.py:538} INFO - Filling up the DagBag from /opt/airflow/dags/daily_summary.py
[2025-10-24T18:57:58.810+0000] {processor.py:840} INFO - DAG(s) 'daily_summary' retrieved from /opt/airflow/dags/daily_summary.py
[2025-10-24T18:57:58.831+0000] {logging_mixin.py:188} INFO - [2025-10-24T18:57:58.830+0000] {dag.py:3036} INFO - Sync 1 DAGs
[2025-10-24T18:57:58.847+0000] {logging_mixin.py:188} INFO - [2025-10-24T18:57:58.846+0000] {dag.py:3823} INFO - Setting next_dagrun for daily_summary to 2025-10-23 00:00:00+00:00, run_after=2025-10-24 00:00:00+00:00
[2025-10-24T18:57:58.866+0000] {processor.py:183} INFO - Processing /opt/airflow/dags/daily_summary.py took 0.113 seconds
[2025-10-24T18:58:29.144+0000] {processor.py:161} INFO - Started process (PID=391) to work on /opt/airflow/dags/daily_summary.py
[2025-10-24T18:58:29.145+0000] {processor.py:830} INFO - Processing file /opt/airflow/dags/daily_summary.py for tasks to queue
[2025-10-24T18:58:29.146+0000] {logging_mixin.py:188} INFO - [2025-10-24T18:58:29.146+0000] {dagbag.py:538} INFO - Filling up the DagBag from /opt/airflow/dags/daily_summary.py
[2025-10-24T18:58:29.199+0000] {processor.py:840} INFO - DAG(s) 'daily_summary' retrieved from /opt/airflow/dags/daily_summary.py
[2025-10-24T18:58:29.219+0000] {logging_mixin.py:188} INFO - [2025-10-24T18:58:29.219+0000] {dag.py:3036} INFO - Sync 1 DAGs
[2025-10-24T18:58:29.235+0000] {logging_mixin.py:188} INFO - [2025-10-24T18:58:29.235+0000] {dag.py:3823} INFO - Setting next_dagrun for daily_summary to 2025-10-23 00:00:00+00:00, run_after=2025-10-24 00:00:00+00:00
[2025-10-24T18:58:29.252+0000] {processor.py:183} INFO - Processing /opt/airflow/dags/daily_summary.py took 0.111 seconds
[2025-10-24T18:58:59.492+0000] {processor.py:161} INFO - Started process (PID=396) to work on /opt/airflow/dags/daily_summary.py
[2025-10-24T18:58:59.493+0000] {processor.py:830} INFO - Processing file /opt/airflow/dags/daily_summary.py for tasks to queue
[2025-10-24T18:58:59.494+0000] {logging_mixin.py:188} INFO - [2025-10-24T18:58:59.493+0000] {dagbag.py:538} INFO - Filling up the DagBag from /opt/airflow/dags/daily_summary.py
[2025-10-24T18:58:59.546+0000] {processor.py:840} INFO - DAG(s) 'daily_summary' retrieved from /opt/airflow/dags/daily_summary.py
[2025-10-24T18:58:59.569+0000] {logging_mixin.py:188} INFO - [2025-10-24T18:58:59.568+0000] {dag.py:3036} INFO - Sync 1 DAGs
[2025-10-24T18:58:59.585+0000] {logging_mixin.py:188} INFO - [2025-10-24T18:58:59.584+0000] {dag.py:3823} INFO - Setting next_dagrun for daily_summary to 2025-10-23 00:00:00+00:00, run_after=2025-10-24 00:00:00+00:00
[2025-10-24T18:58:59.602+0000] {processor.py:183} INFO - Processing /opt/airflow/dags/daily_summary.py took 0.114 seconds
[2025-10-24T18:59:29.856+0000] {processor.py:161} INFO - Started process (PID=401) to work on /opt/airflow/dags/daily_summary.py
[2025-10-24T18:59:29.857+0000] {processor.py:830} INFO - Processing file /opt/airflow/dags/daily_summary.py for tasks to queue
[2025-10-24T18:59:29.858+0000] {logging_mixin.py:188} INFO - [2025-10-24T18:59:29.858+0000] {dagbag.py:538} INFO - Filling up the DagBag from /opt/airflow/dags/daily_summary.py
[2025-10-24T18:59:29.910+0000] {processor.py:840} INFO - DAG(s) 'daily_summary' retrieved from /opt/airflow/dags/daily_summary.py
[2025-10-24T18:59:29.930+0000] {logging_mixin.py:188} INFO - [2025-10-24T18:59:29.930+0000] {dag.py:3036} INFO - Sync 1 DAGs
[2025-10-24T18:59:29.946+0000] {logging_mixin.py:188} INFO - [2025-10-24T18:59:29.945+0000] {dag.py:3823} INFO - Setting next_dagrun for daily_summary to 2025-10-23 00:00:00+00:00, run_after=2025-10-24 00:00:00+00:00
[2025-10-24T18:59:29.972+0000] {processor.py:183} INFO - Processing /opt/airflow/dags/daily_summary.py took 0.119 seconds
[2025-10-24T19:00:00.219+0000] {processor.py:161} INFO - Started process (PID=406) to work on /opt/airflow/dags/daily_summary.py
[2025-10-24T19:00:00.220+0000] {processor.py:830} INFO - Processing file /opt/airflow/dags/daily_summary.py for tasks to queue
[2025-10-24T19:00:00.221+0000] {logging_mixin.py:188} INFO - [2025-10-24T19:00:00.221+0000] {dagbag.py:538} INFO - Filling up the DagBag from /opt/airflow/dags/daily_summary.py
[2025-10-24T19:00:00.280+0000] {processor.py:840} INFO - DAG(s) 'daily_summary' retrieved from /opt/airflow/dags/daily_summary.py
[2025-10-24T19:00:00.299+0000] {logging_mixin.py:188} INFO - [2025-10-24T19:00:00.299+0000] {dag.py:3036} INFO - Sync 1 DAGs
[2025-10-24T19:00:00.315+0000] {logging_mixin.py:188} INFO - [2025-10-24T19:00:00.315+0000] {dag.py:3823} INFO - Setting next_dagrun for daily_summary to 2025-10-23 00:00:00+00:00, run_after=2025-10-24 00:00:00+00:00
[2025-10-24T19:00:00.335+0000] {processor.py:183} INFO - Processing /opt/airflow/dags/daily_summary.py took 0.118 seconds
[2025-10-24T19:00:30.600+0000] {processor.py:161} INFO - Started process (PID=411) to work on /opt/airflow/dags/daily_summary.py
[2025-10-24T19:00:30.601+0000] {processor.py:830} INFO - Processing file /opt/airflow/dags/daily_summary.py for tasks to queue
[2025-10-24T19:00:30.602+0000] {logging_mixin.py:188} INFO - [2025-10-24T19:00:30.602+0000] {dagbag.py:538} INFO - Filling up the DagBag from /opt/airflow/dags/daily_summary.py
[2025-10-24T19:00:30.655+0000] {processor.py:840} INFO - DAG(s) 'daily_summary' retrieved from /opt/airflow/dags/daily_summary.py
[2025-10-24T19:00:30.677+0000] {logging_mixin.py:188} INFO - [2025-10-24T19:00:30.677+0000] {dag.py:3036} INFO - Sync 1 DAGs
[2025-10-24T19:00:30.695+0000] {logging_mixin.py:188} INFO - [2025-10-24T19:00:30.695+0000] {dag.py:3823} INFO - Setting next_dagrun for daily_summary to 2025-10-23 00:00:00+00:00, run_after=2025-10-24 00:00:00+00:00
[2025-10-24T19:00:30.714+0000] {processor.py:183} INFO - Processing /opt/airflow/dags/daily_summary.py took 0.117 seconds
[2025-10-24T19:01:00.999+0000] {processor.py:161} INFO - Started process (PID=416) to work on /opt/airflow/dags/daily_summary.py
[2025-10-24T19:01:01.000+0000] {processor.py:830} INFO - Processing file /opt/airflow/dags/daily_summary.py for tasks to queue
[2025-10-24T19:01:01.001+0000] {logging_mixin.py:188} INFO - [2025-10-24T19:01:01.001+0000] {dagbag.py:538} INFO - Filling up the DagBag from /opt/airflow/dags/daily_summary.py
[2025-10-24T19:01:01.056+0000] {processor.py:840} INFO - DAG(s) 'daily_summary' retrieved from /opt/airflow/dags/daily_summary.py
[2025-10-24T19:01:01.078+0000] {logging_mixin.py:188} INFO - [2025-10-24T19:01:01.078+0000] {dag.py:3036} INFO - Sync 1 DAGs
[2025-10-24T19:01:01.095+0000] {logging_mixin.py:188} INFO - [2025-10-24T19:01:01.094+0000] {dag.py:3823} INFO - Setting next_dagrun for daily_summary to 2025-10-23 00:00:00+00:00, run_after=2025-10-24 00:00:00+00:00
[2025-10-24T19:01:01.113+0000] {processor.py:183} INFO - Processing /opt/airflow/dags/daily_summary.py took 0.116 seconds
[2025-10-24T19:01:31.293+0000] {processor.py:161} INFO - Started process (PID=421) to work on /opt/airflow/dags/daily_summary.py
[2025-10-24T19:01:31.294+0000] {processor.py:830} INFO - Processing file /opt/airflow/dags/daily_summary.py for tasks to queue
[2025-10-24T19:01:31.295+0000] {logging_mixin.py:188} INFO - [2025-10-24T19:01:31.295+0000] {dagbag.py:538} INFO - Filling up the DagBag from /opt/airflow/dags/daily_summary.py
[2025-10-24T19:01:31.346+0000] {processor.py:840} INFO - DAG(s) 'daily_summary' retrieved from /opt/airflow/dags/daily_summary.py
[2025-10-24T19:01:31.369+0000] {logging_mixin.py:188} INFO - [2025-10-24T19:01:31.368+0000] {dag.py:3036} INFO - Sync 1 DAGs
[2025-10-24T19:01:31.385+0000] {logging_mixin.py:188} INFO - [2025-10-24T19:01:31.385+0000] {dag.py:3823} INFO - Setting next_dagrun for daily_summary to 2025-10-23 00:00:00+00:00, run_after=2025-10-24 00:00:00+00:00
[2025-10-24T19:01:31.403+0000] {processor.py:183} INFO - Processing /opt/airflow/dags/daily_summary.py took 0.113 seconds
[2025-10-24T19:02:01.597+0000] {processor.py:161} INFO - Started process (PID=426) to work on /opt/airflow/dags/daily_summary.py
[2025-10-24T19:02:01.598+0000] {processor.py:830} INFO - Processing file /opt/airflow/dags/daily_summary.py for tasks to queue
[2025-10-24T19:02:01.599+0000] {logging_mixin.py:188} INFO - [2025-10-24T19:02:01.599+0000] {dagbag.py:538} INFO - Filling up the DagBag from /opt/airflow/dags/daily_summary.py
[2025-10-24T19:02:01.657+0000] {processor.py:840} INFO - DAG(s) 'daily_summary' retrieved from /opt/airflow/dags/daily_summary.py
[2025-10-24T19:02:01.680+0000] {logging_mixin.py:188} INFO - [2025-10-24T19:02:01.680+0000] {dag.py:3036} INFO - Sync 1 DAGs
[2025-10-24T19:02:01.697+0000] {logging_mixin.py:188} INFO - [2025-10-24T19:02:01.697+0000] {dag.py:3823} INFO - Setting next_dagrun for daily_summary to 2025-10-23 00:00:00+00:00, run_after=2025-10-24 00:00:00+00:00
[2025-10-24T19:02:01.717+0000] {processor.py:183} INFO - Processing /opt/airflow/dags/daily_summary.py took 0.124 seconds
[2025-10-24T19:02:32.062+0000] {processor.py:161} INFO - Started process (PID=431) to work on /opt/airflow/dags/daily_summary.py
[2025-10-24T19:02:32.063+0000] {processor.py:830} INFO - Processing file /opt/airflow/dags/daily_summary.py for tasks to queue
[2025-10-24T19:02:32.064+0000] {logging_mixin.py:188} INFO - [2025-10-24T19:02:32.063+0000] {dagbag.py:538} INFO - Filling up the DagBag from /opt/airflow/dags/daily_summary.py
[2025-10-24T19:02:32.116+0000] {processor.py:840} INFO - DAG(s) 'daily_summary' retrieved from /opt/airflow/dags/daily_summary.py
[2025-10-24T19:02:32.139+0000] {logging_mixin.py:188} INFO - [2025-10-24T19:02:32.139+0000] {dag.py:3036} INFO - Sync 1 DAGs
[2025-10-24T19:02:32.158+0000] {logging_mixin.py:188} INFO - [2025-10-24T19:02:32.157+0000] {dag.py:3823} INFO - Setting next_dagrun for daily_summary to 2025-10-23 00:00:00+00:00, run_after=2025-10-24 00:00:00+00:00
[2025-10-24T19:02:32.177+0000] {processor.py:183} INFO - Processing /opt/airflow/dags/daily_summary.py took 0.118 seconds
[2025-10-24T19:03:02.380+0000] {processor.py:161} INFO - Started process (PID=436) to work on /opt/airflow/dags/daily_summary.py
[2025-10-24T19:03:02.381+0000] {processor.py:830} INFO - Processing file /opt/airflow/dags/daily_summary.py for tasks to queue
[2025-10-24T19:03:02.382+0000] {logging_mixin.py:188} INFO - [2025-10-24T19:03:02.381+0000] {dagbag.py:538} INFO - Filling up the DagBag from /opt/airflow/dags/daily_summary.py
[2025-10-24T19:03:02.439+0000] {processor.py:840} INFO - DAG(s) 'daily_summary' retrieved from /opt/airflow/dags/daily_summary.py
[2025-10-24T19:03:02.461+0000] {logging_mixin.py:188} INFO - [2025-10-24T19:03:02.461+0000] {dag.py:3036} INFO - Sync 1 DAGs
[2025-10-24T19:03:02.478+0000] {logging_mixin.py:188} INFO - [2025-10-24T19:03:02.478+0000] {dag.py:3823} INFO - Setting next_dagrun for daily_summary to 2025-10-23 00:00:00+00:00, run_after=2025-10-24 00:00:00+00:00
[2025-10-24T19:03:02.498+0000] {processor.py:183} INFO - Processing /opt/airflow/dags/daily_summary.py took 0.122 seconds
[2025-10-24T19:03:32.875+0000] {processor.py:161} INFO - Started process (PID=441) to work on /opt/airflow/dags/daily_summary.py
[2025-10-24T19:03:32.876+0000] {processor.py:830} INFO - Processing file /opt/airflow/dags/daily_summary.py for tasks to queue
[2025-10-24T19:03:32.877+0000] {logging_mixin.py:188} INFO - [2025-10-24T19:03:32.877+0000] {dagbag.py:538} INFO - Filling up the DagBag from /opt/airflow/dags/daily_summary.py
[2025-10-24T19:03:32.928+0000] {processor.py:840} INFO - DAG(s) 'daily_summary' retrieved from /opt/airflow/dags/daily_summary.py
[2025-10-24T19:03:32.949+0000] {logging_mixin.py:188} INFO - [2025-10-24T19:03:32.948+0000] {dag.py:3036} INFO - Sync 1 DAGs
[2025-10-24T19:03:32.965+0000] {logging_mixin.py:188} INFO - [2025-10-24T19:03:32.965+0000] {dag.py:3823} INFO - Setting next_dagrun for daily_summary to 2025-10-23 00:00:00+00:00, run_after=2025-10-24 00:00:00+00:00
[2025-10-24T19:03:32.982+0000] {processor.py:183} INFO - Processing /opt/airflow/dags/daily_summary.py took 0.109 seconds
[2025-10-24T19:04:03.207+0000] {processor.py:161} INFO - Started process (PID=446) to work on /opt/airflow/dags/daily_summary.py
[2025-10-24T19:04:03.208+0000] {processor.py:830} INFO - Processing file /opt/airflow/dags/daily_summary.py for tasks to queue
[2025-10-24T19:04:03.209+0000] {logging_mixin.py:188} INFO - [2025-10-24T19:04:03.209+0000] {dagbag.py:538} INFO - Filling up the DagBag from /opt/airflow/dags/daily_summary.py
[2025-10-24T19:04:03.264+0000] {processor.py:840} INFO - DAG(s) 'daily_summary' retrieved from /opt/airflow/dags/daily_summary.py
[2025-10-24T19:04:03.285+0000] {logging_mixin.py:188} INFO - [2025-10-24T19:04:03.285+0000] {dag.py:3036} INFO - Sync 1 DAGs
[2025-10-24T19:04:03.302+0000] {logging_mixin.py:188} INFO - [2025-10-24T19:04:03.301+0000] {dag.py:3823} INFO - Setting next_dagrun for daily_summary to 2025-10-23 00:00:00+00:00, run_after=2025-10-24 00:00:00+00:00
[2025-10-24T19:04:03.322+0000] {processor.py:183} INFO - Processing /opt/airflow/dags/daily_summary.py took 0.118 seconds
[2025-10-24T19:04:33.646+0000] {processor.py:161} INFO - Started process (PID=451) to work on /opt/airflow/dags/daily_summary.py
[2025-10-24T19:04:33.646+0000] {processor.py:830} INFO - Processing file /opt/airflow/dags/daily_summary.py for tasks to queue
[2025-10-24T19:04:33.647+0000] {logging_mixin.py:188} INFO - [2025-10-24T19:04:33.647+0000] {dagbag.py:538} INFO - Filling up the DagBag from /opt/airflow/dags/daily_summary.py
[2025-10-24T19:04:33.698+0000] {processor.py:840} INFO - DAG(s) 'daily_summary' retrieved from /opt/airflow/dags/daily_summary.py
[2025-10-24T19:04:33.719+0000] {logging_mixin.py:188} INFO - [2025-10-24T19:04:33.719+0000] {dag.py:3036} INFO - Sync 1 DAGs
[2025-10-24T19:04:33.735+0000] {logging_mixin.py:188} INFO - [2025-10-24T19:04:33.735+0000] {dag.py:3823} INFO - Setting next_dagrun for daily_summary to 2025-10-23 00:00:00+00:00, run_after=2025-10-24 00:00:00+00:00
[2025-10-24T19:04:33.753+0000] {processor.py:183} INFO - Processing /opt/airflow/dags/daily_summary.py took 0.110 seconds
[2025-10-24T19:05:03.964+0000] {processor.py:161} INFO - Started process (PID=456) to work on /opt/airflow/dags/daily_summary.py
[2025-10-24T19:05:03.965+0000] {processor.py:830} INFO - Processing file /opt/airflow/dags/daily_summary.py for tasks to queue
[2025-10-24T19:05:03.966+0000] {logging_mixin.py:188} INFO - [2025-10-24T19:05:03.965+0000] {dagbag.py:538} INFO - Filling up the DagBag from /opt/airflow/dags/daily_summary.py
[2025-10-24T19:05:04.021+0000] {processor.py:840} INFO - DAG(s) 'daily_summary' retrieved from /opt/airflow/dags/daily_summary.py
[2025-10-24T19:05:04.041+0000] {logging_mixin.py:188} INFO - [2025-10-24T19:05:04.041+0000] {dag.py:3036} INFO - Sync 1 DAGs
[2025-10-24T19:05:04.058+0000] {logging_mixin.py:188} INFO - [2025-10-24T19:05:04.058+0000] {dag.py:3823} INFO - Setting next_dagrun for daily_summary to 2025-10-23 00:00:00+00:00, run_after=2025-10-24 00:00:00+00:00
[2025-10-24T19:05:04.075+0000] {processor.py:183} INFO - Processing /opt/airflow/dags/daily_summary.py took 0.114 seconds
[2025-10-24T19:05:34.357+0000] {processor.py:161} INFO - Started process (PID=461) to work on /opt/airflow/dags/daily_summary.py
[2025-10-24T19:05:34.358+0000] {processor.py:830} INFO - Processing file /opt/airflow/dags/daily_summary.py for tasks to queue
[2025-10-24T19:05:34.359+0000] {logging_mixin.py:188} INFO - [2025-10-24T19:05:34.359+0000] {dagbag.py:538} INFO - Filling up the DagBag from /opt/airflow/dags/daily_summary.py
[2025-10-24T19:05:34.411+0000] {processor.py:840} INFO - DAG(s) 'daily_summary' retrieved from /opt/airflow/dags/daily_summary.py
[2025-10-24T19:05:34.432+0000] {logging_mixin.py:188} INFO - [2025-10-24T19:05:34.432+0000] {dag.py:3036} INFO - Sync 1 DAGs
[2025-10-24T19:05:34.449+0000] {logging_mixin.py:188} INFO - [2025-10-24T19:05:34.449+0000] {dag.py:3823} INFO - Setting next_dagrun for daily_summary to 2025-10-23 00:00:00+00:00, run_after=2025-10-24 00:00:00+00:00
[2025-10-24T19:05:34.467+0000] {processor.py:183} INFO - Processing /opt/airflow/dags/daily_summary.py took 0.113 seconds
[2025-10-24T19:06:04.753+0000] {processor.py:161} INFO - Started process (PID=466) to work on /opt/airflow/dags/daily_summary.py
[2025-10-24T19:06:04.754+0000] {processor.py:830} INFO - Processing file /opt/airflow/dags/daily_summary.py for tasks to queue
[2025-10-24T19:06:04.755+0000] {logging_mixin.py:188} INFO - [2025-10-24T19:06:04.755+0000] {dagbag.py:538} INFO - Filling up the DagBag from /opt/airflow/dags/daily_summary.py
[2025-10-24T19:06:04.810+0000] {processor.py:840} INFO - DAG(s) 'daily_summary' retrieved from /opt/airflow/dags/daily_summary.py
[2025-10-24T19:06:04.829+0000] {logging_mixin.py:188} INFO - [2025-10-24T19:06:04.829+0000] {dag.py:3036} INFO - Sync 1 DAGs
[2025-10-24T19:06:04.846+0000] {logging_mixin.py:188} INFO - [2025-10-24T19:06:04.846+0000] {dag.py:3823} INFO - Setting next_dagrun for daily_summary to 2025-10-23 00:00:00+00:00, run_after=2025-10-24 00:00:00+00:00
[2025-10-24T19:06:04.873+0000] {processor.py:183} INFO - Processing /opt/airflow/dags/daily_summary.py took 0.123 seconds
[2025-10-24T19:06:35.114+0000] {processor.py:161} INFO - Started process (PID=471) to work on /opt/airflow/dags/daily_summary.py
[2025-10-24T19:06:35.115+0000] {processor.py:830} INFO - Processing file /opt/airflow/dags/daily_summary.py for tasks to queue
[2025-10-24T19:06:35.116+0000] {logging_mixin.py:188} INFO - [2025-10-24T19:06:35.116+0000] {dagbag.py:538} INFO - Filling up the DagBag from /opt/airflow/dags/daily_summary.py
[2025-10-24T19:06:35.168+0000] {processor.py:840} INFO - DAG(s) 'daily_summary' retrieved from /opt/airflow/dags/daily_summary.py
[2025-10-24T19:06:35.189+0000] {logging_mixin.py:188} INFO - [2025-10-24T19:06:35.188+0000] {dag.py:3036} INFO - Sync 1 DAGs
[2025-10-24T19:06:35.205+0000] {logging_mixin.py:188} INFO - [2025-10-24T19:06:35.205+0000] {dag.py:3823} INFO - Setting next_dagrun for daily_summary to 2025-10-23 00:00:00+00:00, run_after=2025-10-24 00:00:00+00:00
[2025-10-24T19:06:35.232+0000] {processor.py:183} INFO - Processing /opt/airflow/dags/daily_summary.py took 0.121 seconds
[2025-10-24T19:07:05.437+0000] {processor.py:161} INFO - Started process (PID=476) to work on /opt/airflow/dags/daily_summary.py
[2025-10-24T19:07:05.438+0000] {processor.py:830} INFO - Processing file /opt/airflow/dags/daily_summary.py for tasks to queue
[2025-10-24T19:07:05.439+0000] {logging_mixin.py:188} INFO - [2025-10-24T19:07:05.439+0000] {dagbag.py:538} INFO - Filling up the DagBag from /opt/airflow/dags/daily_summary.py
[2025-10-24T19:07:05.495+0000] {processor.py:840} INFO - DAG(s) 'daily_summary' retrieved from /opt/airflow/dags/daily_summary.py
[2025-10-24T19:07:05.517+0000] {logging_mixin.py:188} INFO - [2025-10-24T19:07:05.517+0000] {dag.py:3036} INFO - Sync 1 DAGs
[2025-10-24T19:07:05.534+0000] {logging_mixin.py:188} INFO - [2025-10-24T19:07:05.534+0000] {dag.py:3823} INFO - Setting next_dagrun for daily_summary to 2025-10-23 00:00:00+00:00, run_after=2025-10-24 00:00:00+00:00
[2025-10-24T19:07:05.561+0000] {processor.py:183} INFO - Processing /opt/airflow/dags/daily_summary.py took 0.127 seconds
[2025-10-24T19:07:35.882+0000] {processor.py:161} INFO - Started process (PID=481) to work on /opt/airflow/dags/daily_summary.py
[2025-10-24T19:07:35.883+0000] {processor.py:830} INFO - Processing file /opt/airflow/dags/daily_summary.py for tasks to queue
[2025-10-24T19:07:35.883+0000] {logging_mixin.py:188} INFO - [2025-10-24T19:07:35.883+0000] {dagbag.py:538} INFO - Filling up the DagBag from /opt/airflow/dags/daily_summary.py
[2025-10-24T19:07:35.935+0000] {processor.py:840} INFO - DAG(s) 'daily_summary' retrieved from /opt/airflow/dags/daily_summary.py
[2025-10-24T19:07:35.958+0000] {logging_mixin.py:188} INFO - [2025-10-24T19:07:35.958+0000] {dag.py:3036} INFO - Sync 1 DAGs
[2025-10-24T19:07:35.973+0000] {logging_mixin.py:188} INFO - [2025-10-24T19:07:35.973+0000] {dag.py:3823} INFO - Setting next_dagrun for daily_summary to 2025-10-23 00:00:00+00:00, run_after=2025-10-24 00:00:00+00:00
[2025-10-24T19:07:35.992+0000] {processor.py:183} INFO - Processing /opt/airflow/dags/daily_summary.py took 0.113 seconds
[2025-10-24T19:08:06.162+0000] {processor.py:161} INFO - Started process (PID=486) to work on /opt/airflow/dags/daily_summary.py
[2025-10-24T19:08:06.163+0000] {processor.py:830} INFO - Processing file /opt/airflow/dags/daily_summary.py for tasks to queue
[2025-10-24T19:08:06.164+0000] {logging_mixin.py:188} INFO - [2025-10-24T19:08:06.163+0000] {dagbag.py:538} INFO - Filling up the DagBag from /opt/airflow/dags/daily_summary.py
[2025-10-24T19:08:06.216+0000] {processor.py:840} INFO - DAG(s) 'daily_summary' retrieved from /opt/airflow/dags/daily_summary.py
[2025-10-24T19:08:06.237+0000] {logging_mixin.py:188} INFO - [2025-10-24T19:08:06.237+0000] {dag.py:3036} INFO - Sync 1 DAGs
[2025-10-24T19:08:06.254+0000] {logging_mixin.py:188} INFO - [2025-10-24T19:08:06.254+0000] {dag.py:3823} INFO - Setting next_dagrun for daily_summary to 2025-10-23 00:00:00+00:00, run_after=2025-10-24 00:00:00+00:00
[2025-10-24T19:08:06.278+0000] {processor.py:183} INFO - Processing /opt/airflow/dags/daily_summary.py took 0.119 seconds
[2025-10-24T19:08:36.675+0000] {processor.py:161} INFO - Started process (PID=491) to work on /opt/airflow/dags/daily_summary.py
[2025-10-24T19:08:36.676+0000] {processor.py:830} INFO - Processing file /opt/airflow/dags/daily_summary.py for tasks to queue
[2025-10-24T19:08:36.677+0000] {logging_mixin.py:188} INFO - [2025-10-24T19:08:36.677+0000] {dagbag.py:538} INFO - Filling up the DagBag from /opt/airflow/dags/daily_summary.py
[2025-10-24T19:08:36.733+0000] {processor.py:840} INFO - DAG(s) 'daily_summary' retrieved from /opt/airflow/dags/daily_summary.py
[2025-10-24T19:08:36.755+0000] {logging_mixin.py:188} INFO - [2025-10-24T19:08:36.755+0000] {dag.py:3036} INFO - Sync 1 DAGs
[2025-10-24T19:08:36.772+0000] {logging_mixin.py:188} INFO - [2025-10-24T19:08:36.772+0000] {dag.py:3823} INFO - Setting next_dagrun for daily_summary to 2025-10-23 00:00:00+00:00, run_after=2025-10-24 00:00:00+00:00
[2025-10-24T19:08:36.808+0000] {processor.py:183} INFO - Processing /opt/airflow/dags/daily_summary.py took 0.136 seconds
[2025-10-24T19:09:07.019+0000] {processor.py:161} INFO - Started process (PID=496) to work on /opt/airflow/dags/daily_summary.py
[2025-10-24T19:09:07.020+0000] {processor.py:830} INFO - Processing file /opt/airflow/dags/daily_summary.py for tasks to queue
[2025-10-24T19:09:07.021+0000] {logging_mixin.py:188} INFO - [2025-10-24T19:09:07.021+0000] {dagbag.py:538} INFO - Filling up the DagBag from /opt/airflow/dags/daily_summary.py
[2025-10-24T19:09:07.076+0000] {processor.py:840} INFO - DAG(s) 'daily_summary' retrieved from /opt/airflow/dags/daily_summary.py
[2025-10-24T19:09:07.097+0000] {logging_mixin.py:188} INFO - [2025-10-24T19:09:07.097+0000] {dag.py:3036} INFO - Sync 1 DAGs
[2025-10-24T19:09:07.113+0000] {logging_mixin.py:188} INFO - [2025-10-24T19:09:07.113+0000] {dag.py:3823} INFO - Setting next_dagrun for daily_summary to 2025-10-23 00:00:00+00:00, run_after=2025-10-24 00:00:00+00:00
[2025-10-24T19:09:07.134+0000] {processor.py:183} INFO - Processing /opt/airflow/dags/daily_summary.py took 0.117 seconds
[2025-10-24T19:09:37.433+0000] {processor.py:161} INFO - Started process (PID=501) to work on /opt/airflow/dags/daily_summary.py
[2025-10-24T19:09:37.434+0000] {processor.py:830} INFO - Processing file /opt/airflow/dags/daily_summary.py for tasks to queue
[2025-10-24T19:09:37.434+0000] {logging_mixin.py:188} INFO - [2025-10-24T19:09:37.434+0000] {dagbag.py:538} INFO - Filling up the DagBag from /opt/airflow/dags/daily_summary.py
[2025-10-24T19:09:37.486+0000] {processor.py:840} INFO - DAG(s) 'daily_summary' retrieved from /opt/airflow/dags/daily_summary.py
[2025-10-24T19:09:37.508+0000] {logging_mixin.py:188} INFO - [2025-10-24T19:09:37.507+0000] {dag.py:3036} INFO - Sync 1 DAGs
[2025-10-24T19:09:37.525+0000] {logging_mixin.py:188} INFO - [2025-10-24T19:09:37.525+0000] {dag.py:3823} INFO - Setting next_dagrun for daily_summary to 2025-10-23 00:00:00+00:00, run_after=2025-10-24 00:00:00+00:00
[2025-10-24T19:09:37.545+0000] {processor.py:183} INFO - Processing /opt/airflow/dags/daily_summary.py took 0.114 seconds
[2025-10-24T19:10:07.761+0000] {processor.py:161} INFO - Started process (PID=506) to work on /opt/airflow/dags/daily_summary.py
[2025-10-24T19:10:07.762+0000] {processor.py:830} INFO - Processing file /opt/airflow/dags/daily_summary.py for tasks to queue
[2025-10-24T19:10:07.763+0000] {logging_mixin.py:188} INFO - [2025-10-24T19:10:07.763+0000] {dagbag.py:538} INFO - Filling up the DagBag from /opt/airflow/dags/daily_summary.py
[2025-10-24T19:10:07.815+0000] {processor.py:840} INFO - DAG(s) 'daily_summary' retrieved from /opt/airflow/dags/daily_summary.py
[2025-10-24T19:10:07.835+0000] {logging_mixin.py:188} INFO - [2025-10-24T19:10:07.835+0000] {dag.py:3036} INFO - Sync 1 DAGs
[2025-10-24T19:10:07.850+0000] {logging_mixin.py:188} INFO - [2025-10-24T19:10:07.850+0000] {dag.py:3823} INFO - Setting next_dagrun for daily_summary to 2025-10-23 00:00:00+00:00, run_after=2025-10-24 00:00:00+00:00
[2025-10-24T19:10:07.869+0000] {processor.py:183} INFO - Processing /opt/airflow/dags/daily_summary.py took 0.111 seconds
[2025-10-24T19:10:38.181+0000] {processor.py:161} INFO - Started process (PID=511) to work on /opt/airflow/dags/daily_summary.py
[2025-10-24T19:10:38.182+0000] {processor.py:830} INFO - Processing file /opt/airflow/dags/daily_summary.py for tasks to queue
[2025-10-24T19:10:38.183+0000] {logging_mixin.py:188} INFO - [2025-10-24T19:10:38.183+0000] {dagbag.py:538} INFO - Filling up the DagBag from /opt/airflow/dags/daily_summary.py
[2025-10-24T19:10:38.235+0000] {processor.py:840} INFO - DAG(s) 'daily_summary' retrieved from /opt/airflow/dags/daily_summary.py
[2025-10-24T19:10:38.254+0000] {logging_mixin.py:188} INFO - [2025-10-24T19:10:38.254+0000] {dag.py:3036} INFO - Sync 1 DAGs
[2025-10-24T19:10:38.270+0000] {logging_mixin.py:188} INFO - [2025-10-24T19:10:38.270+0000] {dag.py:3823} INFO - Setting next_dagrun for daily_summary to 2025-10-23 00:00:00+00:00, run_after=2025-10-24 00:00:00+00:00
[2025-10-24T19:10:38.288+0000] {processor.py:183} INFO - Processing /opt/airflow/dags/daily_summary.py took 0.109 seconds
[2025-10-24T19:11:08.499+0000] {processor.py:161} INFO - Started process (PID=516) to work on /opt/airflow/dags/daily_summary.py
[2025-10-24T19:11:08.500+0000] {processor.py:830} INFO - Processing file /opt/airflow/dags/daily_summary.py for tasks to queue
[2025-10-24T19:11:08.501+0000] {logging_mixin.py:188} INFO - [2025-10-24T19:11:08.500+0000] {dagbag.py:538} INFO - Filling up the DagBag from /opt/airflow/dags/daily_summary.py
[2025-10-24T19:11:08.552+0000] {processor.py:840} INFO - DAG(s) 'daily_summary' retrieved from /opt/airflow/dags/daily_summary.py
[2025-10-24T19:11:08.575+0000] {logging_mixin.py:188} INFO - [2025-10-24T19:11:08.574+0000] {dag.py:3036} INFO - Sync 1 DAGs
[2025-10-24T19:11:08.590+0000] {logging_mixin.py:188} INFO - [2025-10-24T19:11:08.590+0000] {dag.py:3823} INFO - Setting next_dagrun for daily_summary to 2025-10-23 00:00:00+00:00, run_after=2025-10-24 00:00:00+00:00
[2025-10-24T19:11:08.608+0000] {processor.py:183} INFO - Processing /opt/airflow/dags/daily_summary.py took 0.112 seconds
[2025-10-24T19:11:38.950+0000] {processor.py:161} INFO - Started process (PID=521) to work on /opt/airflow/dags/daily_summary.py
[2025-10-24T19:11:38.951+0000] {processor.py:830} INFO - Processing file /opt/airflow/dags/daily_summary.py for tasks to queue
[2025-10-24T19:11:38.952+0000] {logging_mixin.py:188} INFO - [2025-10-24T19:11:38.952+0000] {dagbag.py:538} INFO - Filling up the DagBag from /opt/airflow/dags/daily_summary.py
[2025-10-24T19:11:39.005+0000] {processor.py:840} INFO - DAG(s) 'daily_summary' retrieved from /opt/airflow/dags/daily_summary.py
[2025-10-24T19:11:39.027+0000] {logging_mixin.py:188} INFO - [2025-10-24T19:11:39.026+0000] {dag.py:3036} INFO - Sync 1 DAGs
[2025-10-24T19:11:39.044+0000] {logging_mixin.py:188} INFO - [2025-10-24T19:11:39.044+0000] {dag.py:3823} INFO - Setting next_dagrun for daily_summary to 2025-10-23 00:00:00+00:00, run_after=2025-10-24 00:00:00+00:00
[2025-10-24T19:11:39.076+0000] {processor.py:183} INFO - Processing /opt/airflow/dags/daily_summary.py took 0.128 seconds
[2025-10-24T19:12:09.308+0000] {processor.py:161} INFO - Started process (PID=526) to work on /opt/airflow/dags/daily_summary.py
[2025-10-24T19:12:09.309+0000] {processor.py:830} INFO - Processing file /opt/airflow/dags/daily_summary.py for tasks to queue
[2025-10-24T19:12:09.309+0000] {logging_mixin.py:188} INFO - [2025-10-24T19:12:09.309+0000] {dagbag.py:538} INFO - Filling up the DagBag from /opt/airflow/dags/daily_summary.py
[2025-10-24T19:12:09.362+0000] {processor.py:840} INFO - DAG(s) 'daily_summary' retrieved from /opt/airflow/dags/daily_summary.py
[2025-10-24T19:12:09.383+0000] {logging_mixin.py:188} INFO - [2025-10-24T19:12:09.383+0000] {dag.py:3036} INFO - Sync 1 DAGs
[2025-10-24T19:12:09.401+0000] {logging_mixin.py:188} INFO - [2025-10-24T19:12:09.400+0000] {dag.py:3823} INFO - Setting next_dagrun for daily_summary to 2025-10-23 00:00:00+00:00, run_after=2025-10-24 00:00:00+00:00
[2025-10-24T19:12:09.429+0000] {processor.py:183} INFO - Processing /opt/airflow/dags/daily_summary.py took 0.124 seconds
[2025-10-24T19:12:39.768+0000] {processor.py:161} INFO - Started process (PID=531) to work on /opt/airflow/dags/daily_summary.py
[2025-10-24T19:12:39.769+0000] {processor.py:830} INFO - Processing file /opt/airflow/dags/daily_summary.py for tasks to queue
[2025-10-24T19:12:39.770+0000] {logging_mixin.py:188} INFO - [2025-10-24T19:12:39.770+0000] {dagbag.py:538} INFO - Filling up the DagBag from /opt/airflow/dags/daily_summary.py
[2025-10-24T19:12:39.820+0000] {processor.py:840} INFO - DAG(s) 'daily_summary' retrieved from /opt/airflow/dags/daily_summary.py
[2025-10-24T19:12:39.840+0000] {logging_mixin.py:188} INFO - [2025-10-24T19:12:39.840+0000] {dag.py:3036} INFO - Sync 1 DAGs
[2025-10-24T19:12:39.857+0000] {logging_mixin.py:188} INFO - [2025-10-24T19:12:39.857+0000] {dag.py:3823} INFO - Setting next_dagrun for daily_summary to 2025-10-23 00:00:00+00:00, run_after=2025-10-24 00:00:00+00:00
[2025-10-24T19:12:39.877+0000] {processor.py:183} INFO - Processing /opt/airflow/dags/daily_summary.py took 0.111 seconds
[2025-10-24T19:13:10.100+0000] {processor.py:161} INFO - Started process (PID=536) to work on /opt/airflow/dags/daily_summary.py
[2025-10-24T19:13:10.101+0000] {processor.py:830} INFO - Processing file /opt/airflow/dags/daily_summary.py for tasks to queue
[2025-10-24T19:13:10.102+0000] {logging_mixin.py:188} INFO - [2025-10-24T19:13:10.102+0000] {dagbag.py:538} INFO - Filling up the DagBag from /opt/airflow/dags/daily_summary.py
[2025-10-24T19:13:10.165+0000] {processor.py:840} INFO - DAG(s) 'daily_summary' retrieved from /opt/airflow/dags/daily_summary.py
[2025-10-24T19:13:10.186+0000] {logging_mixin.py:188} INFO - [2025-10-24T19:13:10.186+0000] {dag.py:3036} INFO - Sync 1 DAGs
[2025-10-24T19:13:10.202+0000] {logging_mixin.py:188} INFO - [2025-10-24T19:13:10.202+0000] {dag.py:3823} INFO - Setting next_dagrun for daily_summary to 2025-10-23 00:00:00+00:00, run_after=2025-10-24 00:00:00+00:00
[2025-10-24T19:13:10.219+0000] {processor.py:183} INFO - Processing /opt/airflow/dags/daily_summary.py took 0.123 seconds
[2025-10-24T19:13:40.523+0000] {processor.py:161} INFO - Started process (PID=541) to work on /opt/airflow/dags/daily_summary.py
[2025-10-24T19:13:40.524+0000] {processor.py:830} INFO - Processing file /opt/airflow/dags/daily_summary.py for tasks to queue
[2025-10-24T19:13:40.525+0000] {logging_mixin.py:188} INFO - [2025-10-24T19:13:40.525+0000] {dagbag.py:538} INFO - Filling up the DagBag from /opt/airflow/dags/daily_summary.py
[2025-10-24T19:13:40.579+0000] {processor.py:840} INFO - DAG(s) 'daily_summary' retrieved from /opt/airflow/dags/daily_summary.py
[2025-10-24T19:13:40.599+0000] {logging_mixin.py:188} INFO - [2025-10-24T19:13:40.599+0000] {dag.py:3036} INFO - Sync 1 DAGs
[2025-10-24T19:13:40.615+0000] {logging_mixin.py:188} INFO - [2025-10-24T19:13:40.614+0000] {dag.py:3823} INFO - Setting next_dagrun for daily_summary to 2025-10-23 00:00:00+00:00, run_after=2025-10-24 00:00:00+00:00
[2025-10-24T19:13:40.637+0000] {processor.py:183} INFO - Processing /opt/airflow/dags/daily_summary.py took 0.116 seconds
[2025-10-24T19:14:10.854+0000] {processor.py:161} INFO - Started process (PID=546) to work on /opt/airflow/dags/daily_summary.py
[2025-10-24T19:14:10.854+0000] {processor.py:830} INFO - Processing file /opt/airflow/dags/daily_summary.py for tasks to queue
[2025-10-24T19:14:10.855+0000] {logging_mixin.py:188} INFO - [2025-10-24T19:14:10.855+0000] {dagbag.py:538} INFO - Filling up the DagBag from /opt/airflow/dags/daily_summary.py
[2025-10-24T19:14:10.908+0000] {processor.py:840} INFO - DAG(s) 'daily_summary' retrieved from /opt/airflow/dags/daily_summary.py
[2025-10-24T19:14:10.929+0000] {logging_mixin.py:188} INFO - [2025-10-24T19:14:10.929+0000] {dag.py:3036} INFO - Sync 1 DAGs
[2025-10-24T19:14:10.945+0000] {logging_mixin.py:188} INFO - [2025-10-24T19:14:10.945+0000] {dag.py:3823} INFO - Setting next_dagrun for daily_summary to 2025-10-23 00:00:00+00:00, run_after=2025-10-24 00:00:00+00:00
[2025-10-24T19:14:10.972+0000] {processor.py:183} INFO - Processing /opt/airflow/dags/daily_summary.py took 0.121 seconds
[2025-10-24T19:14:41.334+0000] {processor.py:161} INFO - Started process (PID=551) to work on /opt/airflow/dags/daily_summary.py
[2025-10-24T19:14:41.335+0000] {processor.py:830} INFO - Processing file /opt/airflow/dags/daily_summary.py for tasks to queue
[2025-10-24T19:14:41.336+0000] {logging_mixin.py:188} INFO - [2025-10-24T19:14:41.336+0000] {dagbag.py:538} INFO - Filling up the DagBag from /opt/airflow/dags/daily_summary.py
[2025-10-24T19:14:41.392+0000] {processor.py:840} INFO - DAG(s) 'daily_summary' retrieved from /opt/airflow/dags/daily_summary.py
[2025-10-24T19:14:41.416+0000] {logging_mixin.py:188} INFO - [2025-10-24T19:14:41.415+0000] {dag.py:3036} INFO - Sync 1 DAGs
[2025-10-24T19:14:41.433+0000] {logging_mixin.py:188} INFO - [2025-10-24T19:14:41.433+0000] {dag.py:3823} INFO - Setting next_dagrun for daily_summary to 2025-10-23 00:00:00+00:00, run_after=2025-10-24 00:00:00+00:00
[2025-10-24T19:14:41.453+0000] {processor.py:183} INFO - Processing /opt/airflow/dags/daily_summary.py took 0.121 seconds
[2025-10-24T19:15:11.655+0000] {processor.py:161} INFO - Started process (PID=556) to work on /opt/airflow/dags/daily_summary.py
[2025-10-24T19:15:11.656+0000] {processor.py:830} INFO - Processing file /opt/airflow/dags/daily_summary.py for tasks to queue
[2025-10-24T19:15:11.657+0000] {logging_mixin.py:188} INFO - [2025-10-24T19:15:11.657+0000] {dagbag.py:538} INFO - Filling up the DagBag from /opt/airflow/dags/daily_summary.py
[2025-10-24T19:15:11.711+0000] {processor.py:840} INFO - DAG(s) 'daily_summary' retrieved from /opt/airflow/dags/daily_summary.py
[2025-10-24T19:15:11.732+0000] {logging_mixin.py:188} INFO - [2025-10-24T19:15:11.732+0000] {dag.py:3036} INFO - Sync 1 DAGs
[2025-10-24T19:15:11.750+0000] {logging_mixin.py:188} INFO - [2025-10-24T19:15:11.750+0000] {dag.py:3823} INFO - Setting next_dagrun for daily_summary to 2025-10-23 00:00:00+00:00, run_after=2025-10-24 00:00:00+00:00
[2025-10-24T19:15:11.768+0000] {processor.py:183} INFO - Processing /opt/airflow/dags/daily_summary.py took 0.116 seconds
[2025-10-24T19:15:42.062+0000] {processor.py:161} INFO - Started process (PID=561) to work on /opt/airflow/dags/daily_summary.py
[2025-10-24T19:15:42.063+0000] {processor.py:830} INFO - Processing file /opt/airflow/dags/daily_summary.py for tasks to queue
[2025-10-24T19:15:42.064+0000] {logging_mixin.py:188} INFO - [2025-10-24T19:15:42.063+0000] {dagbag.py:538} INFO - Filling up the DagBag from /opt/airflow/dags/daily_summary.py
[2025-10-24T19:15:42.117+0000] {processor.py:840} INFO - DAG(s) 'daily_summary' retrieved from /opt/airflow/dags/daily_summary.py
[2025-10-24T19:15:42.137+0000] {logging_mixin.py:188} INFO - [2025-10-24T19:15:42.137+0000] {dag.py:3036} INFO - Sync 1 DAGs
[2025-10-24T19:15:42.153+0000] {logging_mixin.py:188} INFO - [2025-10-24T19:15:42.153+0000] {dag.py:3823} INFO - Setting next_dagrun for daily_summary to 2025-10-23 00:00:00+00:00, run_after=2025-10-24 00:00:00+00:00
[2025-10-24T19:15:42.173+0000] {processor.py:183} INFO - Processing /opt/airflow/dags/daily_summary.py took 0.113 seconds
[2025-10-24T19:16:12.389+0000] {processor.py:161} INFO - Started process (PID=566) to work on /opt/airflow/dags/daily_summary.py
[2025-10-24T19:16:12.390+0000] {processor.py:830} INFO - Processing file /opt/airflow/dags/daily_summary.py for tasks to queue
[2025-10-24T19:16:12.391+0000] {logging_mixin.py:188} INFO - [2025-10-24T19:16:12.391+0000] {dagbag.py:538} INFO - Filling up the DagBag from /opt/airflow/dags/daily_summary.py
[2025-10-24T19:16:12.444+0000] {processor.py:840} INFO - DAG(s) 'daily_summary' retrieved from /opt/airflow/dags/daily_summary.py
[2025-10-24T19:16:12.465+0000] {logging_mixin.py:188} INFO - [2025-10-24T19:16:12.464+0000] {dag.py:3036} INFO - Sync 1 DAGs
[2025-10-24T19:16:12.480+0000] {logging_mixin.py:188} INFO - [2025-10-24T19:16:12.480+0000] {dag.py:3823} INFO - Setting next_dagrun for daily_summary to 2025-10-23 00:00:00+00:00, run_after=2025-10-24 00:00:00+00:00
[2025-10-24T19:16:12.500+0000] {processor.py:183} INFO - Processing /opt/airflow/dags/daily_summary.py took 0.113 seconds
[2025-10-24T19:16:42.793+0000] {processor.py:161} INFO - Started process (PID=571) to work on /opt/airflow/dags/daily_summary.py
[2025-10-24T19:16:42.794+0000] {processor.py:830} INFO - Processing file /opt/airflow/dags/daily_summary.py for tasks to queue
[2025-10-24T19:16:42.795+0000] {logging_mixin.py:188} INFO - [2025-10-24T19:16:42.795+0000] {dagbag.py:538} INFO - Filling up the DagBag from /opt/airflow/dags/daily_summary.py
[2025-10-24T19:16:42.852+0000] {processor.py:840} INFO - DAG(s) 'daily_summary' retrieved from /opt/airflow/dags/daily_summary.py
[2025-10-24T19:16:42.872+0000] {logging_mixin.py:188} INFO - [2025-10-24T19:16:42.871+0000] {dag.py:3036} INFO - Sync 1 DAGs
[2025-10-24T19:16:42.892+0000] {logging_mixin.py:188} INFO - [2025-10-24T19:16:42.892+0000] {dag.py:3823} INFO - Setting next_dagrun for daily_summary to 2025-10-23 00:00:00+00:00, run_after=2025-10-24 00:00:00+00:00
[2025-10-24T19:16:42.921+0000] {processor.py:183} INFO - Processing /opt/airflow/dags/daily_summary.py took 0.131 seconds
[2025-10-24T19:17:13.144+0000] {processor.py:161} INFO - Started process (PID=576) to work on /opt/airflow/dags/daily_summary.py
[2025-10-24T19:17:13.145+0000] {processor.py:830} INFO - Processing file /opt/airflow/dags/daily_summary.py for tasks to queue
[2025-10-24T19:17:13.146+0000] {logging_mixin.py:188} INFO - [2025-10-24T19:17:13.146+0000] {dagbag.py:538} INFO - Filling up the DagBag from /opt/airflow/dags/daily_summary.py
[2025-10-24T19:17:13.196+0000] {processor.py:840} INFO - DAG(s) 'daily_summary' retrieved from /opt/airflow/dags/daily_summary.py
[2025-10-24T19:17:13.216+0000] {logging_mixin.py:188} INFO - [2025-10-24T19:17:13.215+0000] {dag.py:3036} INFO - Sync 1 DAGs
[2025-10-24T19:17:13.234+0000] {logging_mixin.py:188} INFO - [2025-10-24T19:17:13.234+0000] {dag.py:3823} INFO - Setting next_dagrun for daily_summary to 2025-10-23 00:00:00+00:00, run_after=2025-10-24 00:00:00+00:00
[2025-10-24T19:17:13.259+0000] {processor.py:183} INFO - Processing /opt/airflow/dags/daily_summary.py took 0.118 seconds
[2025-10-24T19:17:43.591+0000] {processor.py:161} INFO - Started process (PID=581) to work on /opt/airflow/dags/daily_summary.py
[2025-10-24T19:17:43.592+0000] {processor.py:830} INFO - Processing file /opt/airflow/dags/daily_summary.py for tasks to queue
[2025-10-24T19:17:43.592+0000] {logging_mixin.py:188} INFO - [2025-10-24T19:17:43.592+0000] {dagbag.py:538} INFO - Filling up the DagBag from /opt/airflow/dags/daily_summary.py
[2025-10-24T19:17:43.644+0000] {processor.py:840} INFO - DAG(s) 'daily_summary' retrieved from /opt/airflow/dags/daily_summary.py
[2025-10-24T19:17:43.665+0000] {logging_mixin.py:188} INFO - [2025-10-24T19:17:43.665+0000] {dag.py:3036} INFO - Sync 1 DAGs
[2025-10-24T19:17:43.684+0000] {logging_mixin.py:188} INFO - [2025-10-24T19:17:43.684+0000] {dag.py:3823} INFO - Setting next_dagrun for daily_summary to 2025-10-23 00:00:00+00:00, run_after=2025-10-24 00:00:00+00:00
[2025-10-24T19:17:43.704+0000] {processor.py:183} INFO - Processing /opt/airflow/dags/daily_summary.py took 0.116 seconds
[2025-10-24T19:18:13.928+0000] {processor.py:161} INFO - Started process (PID=586) to work on /opt/airflow/dags/daily_summary.py
[2025-10-24T19:18:13.929+0000] {processor.py:830} INFO - Processing file /opt/airflow/dags/daily_summary.py for tasks to queue
[2025-10-24T19:18:13.929+0000] {logging_mixin.py:188} INFO - [2025-10-24T19:18:13.929+0000] {dagbag.py:538} INFO - Filling up the DagBag from /opt/airflow/dags/daily_summary.py
[2025-10-24T19:18:13.982+0000] {processor.py:840} INFO - DAG(s) 'daily_summary' retrieved from /opt/airflow/dags/daily_summary.py
[2025-10-24T19:18:14.004+0000] {logging_mixin.py:188} INFO - [2025-10-24T19:18:14.004+0000] {dag.py:3036} INFO - Sync 1 DAGs
[2025-10-24T19:18:14.023+0000] {logging_mixin.py:188} INFO - [2025-10-24T19:18:14.022+0000] {dag.py:3823} INFO - Setting next_dagrun for daily_summary to 2025-10-23 00:00:00+00:00, run_after=2025-10-24 00:00:00+00:00
[2025-10-24T19:18:14.051+0000] {processor.py:183} INFO - Processing /opt/airflow/dags/daily_summary.py took 0.123 seconds
[2025-10-24T19:18:44.316+0000] {processor.py:161} INFO - Started process (PID=591) to work on /opt/airflow/dags/daily_summary.py
[2025-10-24T19:18:44.317+0000] {processor.py:830} INFO - Processing file /opt/airflow/dags/daily_summary.py for tasks to queue
[2025-10-24T19:18:44.318+0000] {logging_mixin.py:188} INFO - [2025-10-24T19:18:44.318+0000] {dagbag.py:538} INFO - Filling up the DagBag from /opt/airflow/dags/daily_summary.py
[2025-10-24T19:18:44.368+0000] {processor.py:840} INFO - DAG(s) 'daily_summary' retrieved from /opt/airflow/dags/daily_summary.py
[2025-10-24T19:18:44.389+0000] {logging_mixin.py:188} INFO - [2025-10-24T19:18:44.389+0000] {dag.py:3036} INFO - Sync 1 DAGs
[2025-10-24T19:18:44.406+0000] {logging_mixin.py:188} INFO - [2025-10-24T19:18:44.406+0000] {dag.py:3823} INFO - Setting next_dagrun for daily_summary to 2025-10-23 00:00:00+00:00, run_after=2025-10-24 00:00:00+00:00
[2025-10-24T19:18:44.427+0000] {processor.py:183} INFO - Processing /opt/airflow/dags/daily_summary.py took 0.113 seconds
[2025-10-24T19:19:14.611+0000] {processor.py:161} INFO - Started process (PID=596) to work on /opt/airflow/dags/daily_summary.py
[2025-10-24T19:19:14.612+0000] {processor.py:830} INFO - Processing file /opt/airflow/dags/daily_summary.py for tasks to queue
[2025-10-24T19:19:14.613+0000] {logging_mixin.py:188} INFO - [2025-10-24T19:19:14.613+0000] {dagbag.py:538} INFO - Filling up the DagBag from /opt/airflow/dags/daily_summary.py
[2025-10-24T19:19:14.667+0000] {processor.py:840} INFO - DAG(s) 'daily_summary' retrieved from /opt/airflow/dags/daily_summary.py
[2025-10-24T19:19:14.689+0000] {logging_mixin.py:188} INFO - [2025-10-24T19:19:14.688+0000] {dag.py:3036} INFO - Sync 1 DAGs
[2025-10-24T19:19:14.705+0000] {logging_mixin.py:188} INFO - [2025-10-24T19:19:14.705+0000] {dag.py:3823} INFO - Setting next_dagrun for daily_summary to 2025-10-23 00:00:00+00:00, run_after=2025-10-24 00:00:00+00:00
[2025-10-24T19:19:14.732+0000] {processor.py:183} INFO - Processing /opt/airflow/dags/daily_summary.py took 0.123 seconds
[2025-10-24T19:19:45.071+0000] {processor.py:161} INFO - Started process (PID=601) to work on /opt/airflow/dags/daily_summary.py
[2025-10-24T19:19:45.072+0000] {processor.py:830} INFO - Processing file /opt/airflow/dags/daily_summary.py for tasks to queue
[2025-10-24T19:19:45.073+0000] {logging_mixin.py:188} INFO - [2025-10-24T19:19:45.073+0000] {dagbag.py:538} INFO - Filling up the DagBag from /opt/airflow/dags/daily_summary.py
[2025-10-24T19:19:45.126+0000] {processor.py:840} INFO - DAG(s) 'daily_summary' retrieved from /opt/airflow/dags/daily_summary.py
[2025-10-24T19:19:45.146+0000] {logging_mixin.py:188} INFO - [2025-10-24T19:19:45.146+0000] {dag.py:3036} INFO - Sync 1 DAGs
[2025-10-24T19:19:45.162+0000] {logging_mixin.py:188} INFO - [2025-10-24T19:19:45.162+0000] {dag.py:3823} INFO - Setting next_dagrun for daily_summary to 2025-10-23 00:00:00+00:00, run_after=2025-10-24 00:00:00+00:00
[2025-10-24T19:19:45.183+0000] {processor.py:183} INFO - Processing /opt/airflow/dags/daily_summary.py took 0.115 seconds
[2025-10-24T19:20:15.385+0000] {processor.py:161} INFO - Started process (PID=606) to work on /opt/airflow/dags/daily_summary.py
[2025-10-24T19:20:15.386+0000] {processor.py:830} INFO - Processing file /opt/airflow/dags/daily_summary.py for tasks to queue
[2025-10-24T19:20:15.387+0000] {logging_mixin.py:188} INFO - [2025-10-24T19:20:15.387+0000] {dagbag.py:538} INFO - Filling up the DagBag from /opt/airflow/dags/daily_summary.py
[2025-10-24T19:20:15.441+0000] {processor.py:840} INFO - DAG(s) 'daily_summary' retrieved from /opt/airflow/dags/daily_summary.py
[2025-10-24T19:20:15.465+0000] {logging_mixin.py:188} INFO - [2025-10-24T19:20:15.465+0000] {dag.py:3036} INFO - Sync 1 DAGs
[2025-10-24T19:20:15.483+0000] {logging_mixin.py:188} INFO - [2025-10-24T19:20:15.483+0000] {dag.py:3823} INFO - Setting next_dagrun for daily_summary to 2025-10-23 00:00:00+00:00, run_after=2025-10-24 00:00:00+00:00
[2025-10-24T19:20:15.504+0000] {processor.py:183} INFO - Processing /opt/airflow/dags/daily_summary.py took 0.122 seconds
[2025-10-24T19:20:45.742+0000] {processor.py:161} INFO - Started process (PID=611) to work on /opt/airflow/dags/daily_summary.py
[2025-10-24T19:20:45.743+0000] {processor.py:830} INFO - Processing file /opt/airflow/dags/daily_summary.py for tasks to queue
[2025-10-24T19:20:45.744+0000] {logging_mixin.py:188} INFO - [2025-10-24T19:20:45.744+0000] {dagbag.py:538} INFO - Filling up the DagBag from /opt/airflow/dags/daily_summary.py
[2025-10-24T19:20:45.800+0000] {processor.py:840} INFO - DAG(s) 'daily_summary' retrieved from /opt/airflow/dags/daily_summary.py
[2025-10-24T19:20:45.821+0000] {logging_mixin.py:188} INFO - [2025-10-24T19:20:45.821+0000] {dag.py:3036} INFO - Sync 1 DAGs
[2025-10-24T19:20:45.838+0000] {logging_mixin.py:188} INFO - [2025-10-24T19:20:45.838+0000] {dag.py:3823} INFO - Setting next_dagrun for daily_summary to 2025-10-23 00:00:00+00:00, run_after=2025-10-24 00:00:00+00:00
[2025-10-24T19:20:45.866+0000] {processor.py:183} INFO - Processing /opt/airflow/dags/daily_summary.py took 0.126 seconds
[2025-10-24T19:21:16.046+0000] {processor.py:161} INFO - Started process (PID=616) to work on /opt/airflow/dags/daily_summary.py
[2025-10-24T19:21:16.046+0000] {processor.py:830} INFO - Processing file /opt/airflow/dags/daily_summary.py for tasks to queue
[2025-10-24T19:21:16.047+0000] {logging_mixin.py:188} INFO - [2025-10-24T19:21:16.047+0000] {dagbag.py:538} INFO - Filling up the DagBag from /opt/airflow/dags/daily_summary.py
[2025-10-24T19:21:16.098+0000] {processor.py:840} INFO - DAG(s) 'daily_summary' retrieved from /opt/airflow/dags/daily_summary.py
[2025-10-24T19:21:16.119+0000] {logging_mixin.py:188} INFO - [2025-10-24T19:21:16.119+0000] {dag.py:3036} INFO - Sync 1 DAGs
[2025-10-24T19:21:16.137+0000] {logging_mixin.py:188} INFO - [2025-10-24T19:21:16.137+0000] {dag.py:3823} INFO - Setting next_dagrun for daily_summary to 2025-10-23 00:00:00+00:00, run_after=2025-10-24 00:00:00+00:00
[2025-10-24T19:21:16.175+0000] {processor.py:183} INFO - Processing /opt/airflow/dags/daily_summary.py took 0.132 seconds
[2025-10-24T19:21:46.521+0000] {processor.py:161} INFO - Started process (PID=621) to work on /opt/airflow/dags/daily_summary.py
[2025-10-24T19:21:46.521+0000] {processor.py:830} INFO - Processing file /opt/airflow/dags/daily_summary.py for tasks to queue
[2025-10-24T19:21:46.522+0000] {logging_mixin.py:188} INFO - [2025-10-24T19:21:46.522+0000] {dagbag.py:538} INFO - Filling up the DagBag from /opt/airflow/dags/daily_summary.py
[2025-10-24T19:21:46.575+0000] {processor.py:840} INFO - DAG(s) 'daily_summary' retrieved from /opt/airflow/dags/daily_summary.py
[2025-10-24T19:21:46.596+0000] {logging_mixin.py:188} INFO - [2025-10-24T19:21:46.596+0000] {dag.py:3036} INFO - Sync 1 DAGs
[2025-10-24T19:21:46.611+0000] {logging_mixin.py:188} INFO - [2025-10-24T19:21:46.611+0000] {dag.py:3823} INFO - Setting next_dagrun for daily_summary to 2025-10-23 00:00:00+00:00, run_after=2025-10-24 00:00:00+00:00
[2025-10-24T19:21:46.629+0000] {processor.py:183} INFO - Processing /opt/airflow/dags/daily_summary.py took 0.111 seconds
[2025-10-24T19:22:16.828+0000] {processor.py:161} INFO - Started process (PID=626) to work on /opt/airflow/dags/daily_summary.py
[2025-10-24T19:22:16.829+0000] {processor.py:830} INFO - Processing file /opt/airflow/dags/daily_summary.py for tasks to queue
[2025-10-24T19:22:16.830+0000] {logging_mixin.py:188} INFO - [2025-10-24T19:22:16.830+0000] {dagbag.py:538} INFO - Filling up the DagBag from /opt/airflow/dags/daily_summary.py
[2025-10-24T19:22:16.883+0000] {processor.py:840} INFO - DAG(s) 'daily_summary' retrieved from /opt/airflow/dags/daily_summary.py
[2025-10-24T19:22:16.904+0000] {logging_mixin.py:188} INFO - [2025-10-24T19:22:16.904+0000] {dag.py:3036} INFO - Sync 1 DAGs
[2025-10-24T19:22:16.921+0000] {logging_mixin.py:188} INFO - [2025-10-24T19:22:16.921+0000] {dag.py:3823} INFO - Setting next_dagrun for daily_summary to 2025-10-23 00:00:00+00:00, run_after=2025-10-24 00:00:00+00:00
[2025-10-24T19:22:16.939+0000] {processor.py:183} INFO - Processing /opt/airflow/dags/daily_summary.py took 0.113 seconds
[2025-10-24T19:22:47.252+0000] {processor.py:161} INFO - Started process (PID=631) to work on /opt/airflow/dags/daily_summary.py
[2025-10-24T19:22:47.253+0000] {processor.py:830} INFO - Processing file /opt/airflow/dags/daily_summary.py for tasks to queue
[2025-10-24T19:22:47.254+0000] {logging_mixin.py:188} INFO - [2025-10-24T19:22:47.254+0000] {dagbag.py:538} INFO - Filling up the DagBag from /opt/airflow/dags/daily_summary.py
[2025-10-24T19:22:47.311+0000] {processor.py:840} INFO - DAG(s) 'daily_summary' retrieved from /opt/airflow/dags/daily_summary.py
[2025-10-24T19:22:47.331+0000] {logging_mixin.py:188} INFO - [2025-10-24T19:22:47.331+0000] {dag.py:3036} INFO - Sync 1 DAGs
[2025-10-24T19:22:47.350+0000] {logging_mixin.py:188} INFO - [2025-10-24T19:22:47.349+0000] {dag.py:3823} INFO - Setting next_dagrun for daily_summary to 2025-10-23 00:00:00+00:00, run_after=2025-10-24 00:00:00+00:00
[2025-10-24T19:22:47.369+0000] {processor.py:183} INFO - Processing /opt/airflow/dags/daily_summary.py took 0.119 seconds
[2025-10-24T19:23:17.587+0000] {processor.py:161} INFO - Started process (PID=636) to work on /opt/airflow/dags/daily_summary.py
[2025-10-24T19:23:17.588+0000] {processor.py:830} INFO - Processing file /opt/airflow/dags/daily_summary.py for tasks to queue
[2025-10-24T19:23:17.589+0000] {logging_mixin.py:188} INFO - [2025-10-24T19:23:17.589+0000] {dagbag.py:538} INFO - Filling up the DagBag from /opt/airflow/dags/daily_summary.py
[2025-10-24T19:23:17.642+0000] {processor.py:840} INFO - DAG(s) 'daily_summary' retrieved from /opt/airflow/dags/daily_summary.py
[2025-10-24T19:23:17.665+0000] {logging_mixin.py:188} INFO - [2025-10-24T19:23:17.664+0000] {dag.py:3036} INFO - Sync 1 DAGs
[2025-10-24T19:23:17.683+0000] {logging_mixin.py:188} INFO - [2025-10-24T19:23:17.683+0000] {dag.py:3823} INFO - Setting next_dagrun for daily_summary to 2025-10-23 00:00:00+00:00, run_after=2025-10-24 00:00:00+00:00
[2025-10-24T19:23:17.703+0000] {processor.py:183} INFO - Processing /opt/airflow/dags/daily_summary.py took 0.119 seconds
[2025-10-24T19:23:47.990+0000] {processor.py:161} INFO - Started process (PID=641) to work on /opt/airflow/dags/daily_summary.py
[2025-10-24T19:23:47.991+0000] {processor.py:830} INFO - Processing file /opt/airflow/dags/daily_summary.py for tasks to queue
[2025-10-24T19:23:47.992+0000] {logging_mixin.py:188} INFO - [2025-10-24T19:23:47.991+0000] {dagbag.py:538} INFO - Filling up the DagBag from /opt/airflow/dags/daily_summary.py
[2025-10-24T19:23:48.042+0000] {processor.py:840} INFO - DAG(s) 'daily_summary' retrieved from /opt/airflow/dags/daily_summary.py
[2025-10-24T19:23:48.062+0000] {logging_mixin.py:188} INFO - [2025-10-24T19:23:48.062+0000] {dag.py:3036} INFO - Sync 1 DAGs
[2025-10-24T19:23:48.078+0000] {logging_mixin.py:188} INFO - [2025-10-24T19:23:48.078+0000] {dag.py:3823} INFO - Setting next_dagrun for daily_summary to 2025-10-23 00:00:00+00:00, run_after=2025-10-24 00:00:00+00:00
[2025-10-24T19:23:48.096+0000] {processor.py:183} INFO - Processing /opt/airflow/dags/daily_summary.py took 0.109 seconds
[2025-10-24T19:24:18.318+0000] {processor.py:161} INFO - Started process (PID=646) to work on /opt/airflow/dags/daily_summary.py
[2025-10-24T19:24:18.318+0000] {processor.py:830} INFO - Processing file /opt/airflow/dags/daily_summary.py for tasks to queue
[2025-10-24T19:24:18.319+0000] {logging_mixin.py:188} INFO - [2025-10-24T19:24:18.319+0000] {dagbag.py:538} INFO - Filling up the DagBag from /opt/airflow/dags/daily_summary.py
[2025-10-24T19:24:18.372+0000] {processor.py:840} INFO - DAG(s) 'daily_summary' retrieved from /opt/airflow/dags/daily_summary.py
[2025-10-24T19:24:18.395+0000] {logging_mixin.py:188} INFO - [2025-10-24T19:24:18.395+0000] {dag.py:3036} INFO - Sync 1 DAGs
[2025-10-24T19:24:18.414+0000] {logging_mixin.py:188} INFO - [2025-10-24T19:24:18.414+0000] {dag.py:3823} INFO - Setting next_dagrun for daily_summary to 2025-10-23 00:00:00+00:00, run_after=2025-10-24 00:00:00+00:00
[2025-10-24T19:24:18.434+0000] {processor.py:183} INFO - Processing /opt/airflow/dags/daily_summary.py took 0.120 seconds
[2025-10-24T19:24:48.746+0000] {processor.py:161} INFO - Started process (PID=651) to work on /opt/airflow/dags/daily_summary.py
[2025-10-24T19:24:48.747+0000] {processor.py:830} INFO - Processing file /opt/airflow/dags/daily_summary.py for tasks to queue
[2025-10-24T19:24:48.748+0000] {logging_mixin.py:188} INFO - [2025-10-24T19:24:48.748+0000] {dagbag.py:538} INFO - Filling up the DagBag from /opt/airflow/dags/daily_summary.py
[2025-10-24T19:24:48.798+0000] {processor.py:840} INFO - DAG(s) 'daily_summary' retrieved from /opt/airflow/dags/daily_summary.py
[2025-10-24T19:24:48.822+0000] {logging_mixin.py:188} INFO - [2025-10-24T19:24:48.822+0000] {dag.py:3036} INFO - Sync 1 DAGs
[2025-10-24T19:24:48.840+0000] {logging_mixin.py:188} INFO - [2025-10-24T19:24:48.840+0000] {dag.py:3823} INFO - Setting next_dagrun for daily_summary to 2025-10-23 00:00:00+00:00, run_after=2025-10-24 00:00:00+00:00
[2025-10-24T19:24:48.860+0000] {processor.py:183} INFO - Processing /opt/airflow/dags/daily_summary.py took 0.116 seconds
[2025-10-24T19:25:19.037+0000] {processor.py:161} INFO - Started process (PID=656) to work on /opt/airflow/dags/daily_summary.py
[2025-10-24T19:25:19.038+0000] {processor.py:830} INFO - Processing file /opt/airflow/dags/daily_summary.py for tasks to queue
[2025-10-24T19:25:19.039+0000] {logging_mixin.py:188} INFO - [2025-10-24T19:25:19.039+0000] {dagbag.py:538} INFO - Filling up the DagBag from /opt/airflow/dags/daily_summary.py
[2025-10-24T19:25:19.090+0000] {processor.py:840} INFO - DAG(s) 'daily_summary' retrieved from /opt/airflow/dags/daily_summary.py
[2025-10-24T19:25:19.115+0000] {logging_mixin.py:188} INFO - [2025-10-24T19:25:19.115+0000] {dag.py:3036} INFO - Sync 1 DAGs
[2025-10-24T19:25:19.133+0000] {logging_mixin.py:188} INFO - [2025-10-24T19:25:19.132+0000] {dag.py:3823} INFO - Setting next_dagrun for daily_summary to 2025-10-23 00:00:00+00:00, run_after=2025-10-24 00:00:00+00:00
[2025-10-24T19:25:19.151+0000] {processor.py:183} INFO - Processing /opt/airflow/dags/daily_summary.py took 0.117 seconds
[2025-10-24T19:25:49.434+0000] {processor.py:161} INFO - Started process (PID=661) to work on /opt/airflow/dags/daily_summary.py
[2025-10-24T19:25:49.435+0000] {processor.py:830} INFO - Processing file /opt/airflow/dags/daily_summary.py for tasks to queue
[2025-10-24T19:25:49.436+0000] {logging_mixin.py:188} INFO - [2025-10-24T19:25:49.436+0000] {dagbag.py:538} INFO - Filling up the DagBag from /opt/airflow/dags/daily_summary.py
[2025-10-24T19:25:49.488+0000] {processor.py:840} INFO - DAG(s) 'daily_summary' retrieved from /opt/airflow/dags/daily_summary.py
[2025-10-24T19:25:49.509+0000] {logging_mixin.py:188} INFO - [2025-10-24T19:25:49.509+0000] {dag.py:3036} INFO - Sync 1 DAGs
[2025-10-24T19:25:49.525+0000] {logging_mixin.py:188} INFO - [2025-10-24T19:25:49.525+0000] {dag.py:3823} INFO - Setting next_dagrun for daily_summary to 2025-10-23 00:00:00+00:00, run_after=2025-10-24 00:00:00+00:00
[2025-10-24T19:25:49.546+0000] {processor.py:183} INFO - Processing /opt/airflow/dags/daily_summary.py took 0.114 seconds
[2025-10-24T19:26:19.746+0000] {processor.py:161} INFO - Started process (PID=666) to work on /opt/airflow/dags/daily_summary.py
[2025-10-24T19:26:19.747+0000] {processor.py:830} INFO - Processing file /opt/airflow/dags/daily_summary.py for tasks to queue
[2025-10-24T19:26:19.748+0000] {logging_mixin.py:188} INFO - [2025-10-24T19:26:19.748+0000] {dagbag.py:538} INFO - Filling up the DagBag from /opt/airflow/dags/daily_summary.py
[2025-10-24T19:26:19.800+0000] {processor.py:840} INFO - DAG(s) 'daily_summary' retrieved from /opt/airflow/dags/daily_summary.py
[2025-10-24T19:26:19.821+0000] {logging_mixin.py:188} INFO - [2025-10-24T19:26:19.821+0000] {dag.py:3036} INFO - Sync 1 DAGs
[2025-10-24T19:26:19.837+0000] {logging_mixin.py:188} INFO - [2025-10-24T19:26:19.837+0000] {dag.py:3823} INFO - Setting next_dagrun for daily_summary to 2025-10-23 00:00:00+00:00, run_after=2025-10-24 00:00:00+00:00
[2025-10-24T19:26:19.858+0000] {processor.py:183} INFO - Processing /opt/airflow/dags/daily_summary.py took 0.114 seconds
[2025-10-24T19:26:50.193+0000] {processor.py:161} INFO - Started process (PID=671) to work on /opt/airflow/dags/daily_summary.py
[2025-10-24T19:26:50.194+0000] {processor.py:830} INFO - Processing file /opt/airflow/dags/daily_summary.py for tasks to queue
[2025-10-24T19:26:50.195+0000] {logging_mixin.py:188} INFO - [2025-10-24T19:26:50.195+0000] {dagbag.py:538} INFO - Filling up the DagBag from /opt/airflow/dags/daily_summary.py
[2025-10-24T19:26:50.248+0000] {processor.py:840} INFO - DAG(s) 'daily_summary' retrieved from /opt/airflow/dags/daily_summary.py
[2025-10-24T19:26:50.269+0000] {logging_mixin.py:188} INFO - [2025-10-24T19:26:50.268+0000] {dag.py:3036} INFO - Sync 1 DAGs
[2025-10-24T19:26:50.285+0000] {logging_mixin.py:188} INFO - [2025-10-24T19:26:50.285+0000] {dag.py:3823} INFO - Setting next_dagrun for daily_summary to 2025-10-23 00:00:00+00:00, run_after=2025-10-24 00:00:00+00:00
[2025-10-24T19:26:50.303+0000] {processor.py:183} INFO - Processing /opt/airflow/dags/daily_summary.py took 0.112 seconds
[2025-10-24T19:27:20.553+0000] {processor.py:161} INFO - Started process (PID=676) to work on /opt/airflow/dags/daily_summary.py
[2025-10-24T19:27:20.553+0000] {processor.py:830} INFO - Processing file /opt/airflow/dags/daily_summary.py for tasks to queue
[2025-10-24T19:27:20.554+0000] {logging_mixin.py:188} INFO - [2025-10-24T19:27:20.554+0000] {dagbag.py:538} INFO - Filling up the DagBag from /opt/airflow/dags/daily_summary.py
[2025-10-24T19:27:20.608+0000] {processor.py:840} INFO - DAG(s) 'daily_summary' retrieved from /opt/airflow/dags/daily_summary.py
[2025-10-24T19:27:20.630+0000] {logging_mixin.py:188} INFO - [2025-10-24T19:27:20.629+0000] {dag.py:3036} INFO - Sync 1 DAGs
[2025-10-24T19:27:20.645+0000] {logging_mixin.py:188} INFO - [2025-10-24T19:27:20.645+0000] {dag.py:3823} INFO - Setting next_dagrun for daily_summary to 2025-10-23 00:00:00+00:00, run_after=2025-10-24 00:00:00+00:00
[2025-10-24T19:27:20.672+0000] {processor.py:183} INFO - Processing /opt/airflow/dags/daily_summary.py took 0.123 seconds
[2025-10-24T19:27:50.966+0000] {processor.py:161} INFO - Started process (PID=681) to work on /opt/airflow/dags/daily_summary.py
[2025-10-24T19:27:50.967+0000] {processor.py:830} INFO - Processing file /opt/airflow/dags/daily_summary.py for tasks to queue
[2025-10-24T19:27:50.968+0000] {logging_mixin.py:188} INFO - [2025-10-24T19:27:50.968+0000] {dagbag.py:538} INFO - Filling up the DagBag from /opt/airflow/dags/daily_summary.py
[2025-10-24T19:27:51.023+0000] {processor.py:840} INFO - DAG(s) 'daily_summary' retrieved from /opt/airflow/dags/daily_summary.py
[2025-10-24T19:27:51.044+0000] {logging_mixin.py:188} INFO - [2025-10-24T19:27:51.044+0000] {dag.py:3036} INFO - Sync 1 DAGs
[2025-10-24T19:27:51.059+0000] {logging_mixin.py:188} INFO - [2025-10-24T19:27:51.059+0000] {dag.py:3823} INFO - Setting next_dagrun for daily_summary to 2025-10-23 00:00:00+00:00, run_after=2025-10-24 00:00:00+00:00
[2025-10-24T19:27:51.078+0000] {processor.py:183} INFO - Processing /opt/airflow/dags/daily_summary.py took 0.114 seconds
[2025-10-24T19:28:21.291+0000] {processor.py:161} INFO - Started process (PID=686) to work on /opt/airflow/dags/daily_summary.py
[2025-10-24T19:28:21.292+0000] {processor.py:830} INFO - Processing file /opt/airflow/dags/daily_summary.py for tasks to queue
[2025-10-24T19:28:21.293+0000] {logging_mixin.py:188} INFO - [2025-10-24T19:28:21.293+0000] {dagbag.py:538} INFO - Filling up the DagBag from /opt/airflow/dags/daily_summary.py
[2025-10-24T19:28:21.352+0000] {processor.py:840} INFO - DAG(s) 'daily_summary' retrieved from /opt/airflow/dags/daily_summary.py
[2025-10-24T19:28:21.379+0000] {logging_mixin.py:188} INFO - [2025-10-24T19:28:21.379+0000] {dag.py:3036} INFO - Sync 1 DAGs
[2025-10-24T19:28:21.399+0000] {logging_mixin.py:188} INFO - [2025-10-24T19:28:21.399+0000] {dag.py:3823} INFO - Setting next_dagrun for daily_summary to 2025-10-23 00:00:00+00:00, run_after=2025-10-24 00:00:00+00:00
[2025-10-24T19:28:21.428+0000] {processor.py:183} INFO - Processing /opt/airflow/dags/daily_summary.py took 0.140 seconds
[2025-10-24T19:28:51.763+0000] {processor.py:161} INFO - Started process (PID=691) to work on /opt/airflow/dags/daily_summary.py
[2025-10-24T19:28:51.764+0000] {processor.py:830} INFO - Processing file /opt/airflow/dags/daily_summary.py for tasks to queue
[2025-10-24T19:28:51.765+0000] {logging_mixin.py:188} INFO - [2025-10-24T19:28:51.765+0000] {dagbag.py:538} INFO - Filling up the DagBag from /opt/airflow/dags/daily_summary.py
[2025-10-24T19:28:51.817+0000] {processor.py:840} INFO - DAG(s) 'daily_summary' retrieved from /opt/airflow/dags/daily_summary.py
[2025-10-24T19:28:51.836+0000] {logging_mixin.py:188} INFO - [2025-10-24T19:28:51.836+0000] {dag.py:3036} INFO - Sync 1 DAGs
[2025-10-24T19:28:51.852+0000] {logging_mixin.py:188} INFO - [2025-10-24T19:28:51.852+0000] {dag.py:3823} INFO - Setting next_dagrun for daily_summary to 2025-10-23 00:00:00+00:00, run_after=2025-10-24 00:00:00+00:00
[2025-10-24T19:28:51.870+0000] {processor.py:183} INFO - Processing /opt/airflow/dags/daily_summary.py took 0.110 seconds
[2025-10-24T19:29:22.098+0000] {processor.py:161} INFO - Started process (PID=696) to work on /opt/airflow/dags/daily_summary.py
[2025-10-24T19:29:22.099+0000] {processor.py:830} INFO - Processing file /opt/airflow/dags/daily_summary.py for tasks to queue
[2025-10-24T19:29:22.100+0000] {logging_mixin.py:188} INFO - [2025-10-24T19:29:22.100+0000] {dagbag.py:538} INFO - Filling up the DagBag from /opt/airflow/dags/daily_summary.py
[2025-10-24T19:29:22.154+0000] {processor.py:840} INFO - DAG(s) 'daily_summary' retrieved from /opt/airflow/dags/daily_summary.py
[2025-10-24T19:29:22.177+0000] {logging_mixin.py:188} INFO - [2025-10-24T19:29:22.177+0000] {dag.py:3036} INFO - Sync 1 DAGs
[2025-10-24T19:29:22.195+0000] {logging_mixin.py:188} INFO - [2025-10-24T19:29:22.195+0000] {dag.py:3823} INFO - Setting next_dagrun for daily_summary to 2025-10-23 00:00:00+00:00, run_after=2025-10-24 00:00:00+00:00
[2025-10-24T19:29:22.222+0000] {processor.py:183} INFO - Processing /opt/airflow/dags/daily_summary.py took 0.126 seconds
[2025-10-24T19:29:52.515+0000] {processor.py:161} INFO - Started process (PID=701) to work on /opt/airflow/dags/daily_summary.py
[2025-10-24T19:29:52.516+0000] {processor.py:830} INFO - Processing file /opt/airflow/dags/daily_summary.py for tasks to queue
[2025-10-24T19:29:52.517+0000] {logging_mixin.py:188} INFO - [2025-10-24T19:29:52.517+0000] {dagbag.py:538} INFO - Filling up the DagBag from /opt/airflow/dags/daily_summary.py
[2025-10-24T19:29:52.573+0000] {processor.py:840} INFO - DAG(s) 'daily_summary' retrieved from /opt/airflow/dags/daily_summary.py
[2025-10-24T19:29:52.593+0000] {logging_mixin.py:188} INFO - [2025-10-24T19:29:52.593+0000] {dag.py:3036} INFO - Sync 1 DAGs
[2025-10-24T19:29:52.610+0000] {logging_mixin.py:188} INFO - [2025-10-24T19:29:52.610+0000] {dag.py:3823} INFO - Setting next_dagrun for daily_summary to 2025-10-23 00:00:00+00:00, run_after=2025-10-24 00:00:00+00:00
[2025-10-24T19:29:52.637+0000] {processor.py:183} INFO - Processing /opt/airflow/dags/daily_summary.py took 0.124 seconds
[2025-10-24T19:30:22.835+0000] {processor.py:161} INFO - Started process (PID=706) to work on /opt/airflow/dags/daily_summary.py
[2025-10-24T19:30:22.836+0000] {processor.py:830} INFO - Processing file /opt/airflow/dags/daily_summary.py for tasks to queue
[2025-10-24T19:30:22.837+0000] {logging_mixin.py:188} INFO - [2025-10-24T19:30:22.837+0000] {dagbag.py:538} INFO - Filling up the DagBag from /opt/airflow/dags/daily_summary.py
[2025-10-24T19:30:22.890+0000] {processor.py:840} INFO - DAG(s) 'daily_summary' retrieved from /opt/airflow/dags/daily_summary.py
[2025-10-24T19:30:22.912+0000] {logging_mixin.py:188} INFO - [2025-10-24T19:30:22.911+0000] {dag.py:3036} INFO - Sync 1 DAGs
[2025-10-24T19:30:22.927+0000] {logging_mixin.py:188} INFO - [2025-10-24T19:30:22.927+0000] {dag.py:3823} INFO - Setting next_dagrun for daily_summary to 2025-10-23 00:00:00+00:00, run_after=2025-10-24 00:00:00+00:00
[2025-10-24T19:30:22.944+0000] {processor.py:183} INFO - Processing /opt/airflow/dags/daily_summary.py took 0.111 seconds
[2025-10-24T19:30:53.224+0000] {processor.py:161} INFO - Started process (PID=711) to work on /opt/airflow/dags/daily_summary.py
[2025-10-24T19:30:53.224+0000] {processor.py:830} INFO - Processing file /opt/airflow/dags/daily_summary.py for tasks to queue
[2025-10-24T19:30:53.225+0000] {logging_mixin.py:188} INFO - [2025-10-24T19:30:53.225+0000] {dagbag.py:538} INFO - Filling up the DagBag from /opt/airflow/dags/daily_summary.py
[2025-10-24T19:30:53.277+0000] {processor.py:840} INFO - DAG(s) 'daily_summary' retrieved from /opt/airflow/dags/daily_summary.py
[2025-10-24T19:30:53.304+0000] {logging_mixin.py:188} INFO - [2025-10-24T19:30:53.304+0000] {dag.py:3036} INFO - Sync 1 DAGs
[2025-10-24T19:30:53.323+0000] {logging_mixin.py:188} INFO - [2025-10-24T19:30:53.323+0000] {dag.py:3823} INFO - Setting next_dagrun for daily_summary to 2025-10-23 00:00:00+00:00, run_after=2025-10-24 00:00:00+00:00
[2025-10-24T19:30:53.343+0000] {processor.py:183} INFO - Processing /opt/airflow/dags/daily_summary.py took 0.122 seconds
[2025-10-24T19:31:23.533+0000] {processor.py:161} INFO - Started process (PID=716) to work on /opt/airflow/dags/daily_summary.py
[2025-10-24T19:31:23.534+0000] {processor.py:830} INFO - Processing file /opt/airflow/dags/daily_summary.py for tasks to queue
[2025-10-24T19:31:23.534+0000] {logging_mixin.py:188} INFO - [2025-10-24T19:31:23.534+0000] {dagbag.py:538} INFO - Filling up the DagBag from /opt/airflow/dags/daily_summary.py
[2025-10-24T19:31:23.589+0000] {processor.py:840} INFO - DAG(s) 'daily_summary' retrieved from /opt/airflow/dags/daily_summary.py
[2025-10-24T19:31:23.610+0000] {logging_mixin.py:188} INFO - [2025-10-24T19:31:23.610+0000] {dag.py:3036} INFO - Sync 1 DAGs
[2025-10-24T19:31:23.626+0000] {logging_mixin.py:188} INFO - [2025-10-24T19:31:23.625+0000] {dag.py:3823} INFO - Setting next_dagrun for daily_summary to 2025-10-23 00:00:00+00:00, run_after=2025-10-24 00:00:00+00:00
[2025-10-24T19:31:23.642+0000] {processor.py:183} INFO - Processing /opt/airflow/dags/daily_summary.py took 0.113 seconds
[2025-10-24T19:31:53.965+0000] {processor.py:161} INFO - Started process (PID=721) to work on /opt/airflow/dags/daily_summary.py
[2025-10-24T19:31:53.965+0000] {processor.py:830} INFO - Processing file /opt/airflow/dags/daily_summary.py for tasks to queue
[2025-10-24T19:31:53.966+0000] {logging_mixin.py:188} INFO - [2025-10-24T19:31:53.966+0000] {dagbag.py:538} INFO - Filling up the DagBag from /opt/airflow/dags/daily_summary.py
[2025-10-24T19:31:54.018+0000] {processor.py:840} INFO - DAG(s) 'daily_summary' retrieved from /opt/airflow/dags/daily_summary.py
[2025-10-24T19:31:54.039+0000] {logging_mixin.py:188} INFO - [2025-10-24T19:31:54.039+0000] {dag.py:3036} INFO - Sync 1 DAGs
[2025-10-24T19:31:54.055+0000] {logging_mixin.py:188} INFO - [2025-10-24T19:31:54.055+0000] {dag.py:3823} INFO - Setting next_dagrun for daily_summary to 2025-10-23 00:00:00+00:00, run_after=2025-10-24 00:00:00+00:00
[2025-10-24T19:31:54.085+0000] {processor.py:183} INFO - Processing /opt/airflow/dags/daily_summary.py took 0.123 seconds
[2025-10-24T19:32:24.278+0000] {processor.py:161} INFO - Started process (PID=726) to work on /opt/airflow/dags/daily_summary.py
[2025-10-24T19:32:24.279+0000] {processor.py:830} INFO - Processing file /opt/airflow/dags/daily_summary.py for tasks to queue
[2025-10-24T19:32:24.280+0000] {logging_mixin.py:188} INFO - [2025-10-24T19:32:24.280+0000] {dagbag.py:538} INFO - Filling up the DagBag from /opt/airflow/dags/daily_summary.py
[2025-10-24T19:32:24.334+0000] {processor.py:840} INFO - DAG(s) 'daily_summary' retrieved from /opt/airflow/dags/daily_summary.py
[2025-10-24T19:32:24.354+0000] {logging_mixin.py:188} INFO - [2025-10-24T19:32:24.354+0000] {dag.py:3036} INFO - Sync 1 DAGs
[2025-10-24T19:32:24.370+0000] {logging_mixin.py:188} INFO - [2025-10-24T19:32:24.370+0000] {dag.py:3823} INFO - Setting next_dagrun for daily_summary to 2025-10-23 00:00:00+00:00, run_after=2025-10-24 00:00:00+00:00
[2025-10-24T19:32:24.387+0000] {processor.py:183} INFO - Processing /opt/airflow/dags/daily_summary.py took 0.112 seconds
[2025-10-24T19:32:54.701+0000] {processor.py:161} INFO - Started process (PID=731) to work on /opt/airflow/dags/daily_summary.py
[2025-10-24T19:32:54.702+0000] {processor.py:830} INFO - Processing file /opt/airflow/dags/daily_summary.py for tasks to queue
[2025-10-24T19:32:54.703+0000] {logging_mixin.py:188} INFO - [2025-10-24T19:32:54.703+0000] {dagbag.py:538} INFO - Filling up the DagBag from /opt/airflow/dags/daily_summary.py
[2025-10-24T19:32:54.755+0000] {processor.py:840} INFO - DAG(s) 'daily_summary' retrieved from /opt/airflow/dags/daily_summary.py
[2025-10-24T19:32:54.776+0000] {logging_mixin.py:188} INFO - [2025-10-24T19:32:54.776+0000] {dag.py:3036} INFO - Sync 1 DAGs
[2025-10-24T19:32:54.792+0000] {logging_mixin.py:188} INFO - [2025-10-24T19:32:54.792+0000] {dag.py:3823} INFO - Setting next_dagrun for daily_summary to 2025-10-23 00:00:00+00:00, run_after=2025-10-24 00:00:00+00:00
[2025-10-24T19:32:54.824+0000] {processor.py:183} INFO - Processing /opt/airflow/dags/daily_summary.py took 0.126 seconds
[2025-10-24T19:33:25.069+0000] {processor.py:161} INFO - Started process (PID=736) to work on /opt/airflow/dags/daily_summary.py
[2025-10-24T19:33:25.070+0000] {processor.py:830} INFO - Processing file /opt/airflow/dags/daily_summary.py for tasks to queue
[2025-10-24T19:33:25.071+0000] {logging_mixin.py:188} INFO - [2025-10-24T19:33:25.071+0000] {dagbag.py:538} INFO - Filling up the DagBag from /opt/airflow/dags/daily_summary.py
[2025-10-24T19:33:25.136+0000] {processor.py:840} INFO - DAG(s) 'daily_summary' retrieved from /opt/airflow/dags/daily_summary.py
[2025-10-24T19:33:25.161+0000] {logging_mixin.py:188} INFO - [2025-10-24T19:33:25.161+0000] {dag.py:3036} INFO - Sync 1 DAGs
[2025-10-24T19:33:25.183+0000] {logging_mixin.py:188} INFO - [2025-10-24T19:33:25.183+0000] {dag.py:3823} INFO - Setting next_dagrun for daily_summary to 2025-10-23 00:00:00+00:00, run_after=2025-10-24 00:00:00+00:00
[2025-10-24T19:33:25.203+0000] {processor.py:183} INFO - Processing /opt/airflow/dags/daily_summary.py took 0.137 seconds
[2025-10-24T19:33:55.432+0000] {processor.py:161} INFO - Started process (PID=741) to work on /opt/airflow/dags/daily_summary.py
[2025-10-24T19:33:55.432+0000] {processor.py:830} INFO - Processing file /opt/airflow/dags/daily_summary.py for tasks to queue
[2025-10-24T19:33:55.433+0000] {logging_mixin.py:188} INFO - [2025-10-24T19:33:55.433+0000] {dagbag.py:538} INFO - Filling up the DagBag from /opt/airflow/dags/daily_summary.py
[2025-10-24T19:33:55.485+0000] {processor.py:840} INFO - DAG(s) 'daily_summary' retrieved from /opt/airflow/dags/daily_summary.py
[2025-10-24T19:33:55.504+0000] {logging_mixin.py:188} INFO - [2025-10-24T19:33:55.504+0000] {dag.py:3036} INFO - Sync 1 DAGs
[2025-10-24T19:33:55.520+0000] {logging_mixin.py:188} INFO - [2025-10-24T19:33:55.519+0000] {dag.py:3823} INFO - Setting next_dagrun for daily_summary to 2025-10-23 00:00:00+00:00, run_after=2025-10-24 00:00:00+00:00
[2025-10-24T19:33:55.538+0000] {processor.py:183} INFO - Processing /opt/airflow/dags/daily_summary.py took 0.109 seconds
[2025-10-24T19:34:25.835+0000] {processor.py:161} INFO - Started process (PID=746) to work on /opt/airflow/dags/daily_summary.py
[2025-10-24T19:34:25.836+0000] {processor.py:830} INFO - Processing file /opt/airflow/dags/daily_summary.py for tasks to queue
[2025-10-24T19:34:25.836+0000] {logging_mixin.py:188} INFO - [2025-10-24T19:34:25.836+0000] {dagbag.py:538} INFO - Filling up the DagBag from /opt/airflow/dags/daily_summary.py
[2025-10-24T19:34:25.895+0000] {processor.py:840} INFO - DAG(s) 'daily_summary' retrieved from /opt/airflow/dags/daily_summary.py
[2025-10-24T19:34:25.918+0000] {logging_mixin.py:188} INFO - [2025-10-24T19:34:25.918+0000] {dag.py:3036} INFO - Sync 1 DAGs
[2025-10-24T19:34:25.936+0000] {logging_mixin.py:188} INFO - [2025-10-24T19:34:25.936+0000] {dag.py:3823} INFO - Setting next_dagrun for daily_summary to 2025-10-23 00:00:00+00:00, run_after=2025-10-24 00:00:00+00:00
[2025-10-24T19:34:25.964+0000] {processor.py:183} INFO - Processing /opt/airflow/dags/daily_summary.py took 0.133 seconds
[2025-10-24T19:34:56.175+0000] {processor.py:161} INFO - Started process (PID=751) to work on /opt/airflow/dags/daily_summary.py
[2025-10-24T19:34:56.176+0000] {processor.py:830} INFO - Processing file /opt/airflow/dags/daily_summary.py for tasks to queue
[2025-10-24T19:34:56.177+0000] {logging_mixin.py:188} INFO - [2025-10-24T19:34:56.177+0000] {dagbag.py:538} INFO - Filling up the DagBag from /opt/airflow/dags/daily_summary.py
[2025-10-24T19:34:56.232+0000] {processor.py:840} INFO - DAG(s) 'daily_summary' retrieved from /opt/airflow/dags/daily_summary.py
[2025-10-24T19:34:56.254+0000] {logging_mixin.py:188} INFO - [2025-10-24T19:34:56.254+0000] {dag.py:3036} INFO - Sync 1 DAGs
[2025-10-24T19:34:56.275+0000] {logging_mixin.py:188} INFO - [2025-10-24T19:34:56.274+0000] {dag.py:3823} INFO - Setting next_dagrun for daily_summary to 2025-10-23 00:00:00+00:00, run_after=2025-10-24 00:00:00+00:00
[2025-10-24T19:34:56.292+0000] {processor.py:183} INFO - Processing /opt/airflow/dags/daily_summary.py took 0.120 seconds
[2025-10-24T19:35:26.601+0000] {processor.py:161} INFO - Started process (PID=756) to work on /opt/airflow/dags/daily_summary.py
[2025-10-24T19:35:26.602+0000] {processor.py:830} INFO - Processing file /opt/airflow/dags/daily_summary.py for tasks to queue
[2025-10-24T19:35:26.603+0000] {logging_mixin.py:188} INFO - [2025-10-24T19:35:26.602+0000] {dagbag.py:538} INFO - Filling up the DagBag from /opt/airflow/dags/daily_summary.py
[2025-10-24T19:35:26.655+0000] {processor.py:840} INFO - DAG(s) 'daily_summary' retrieved from /opt/airflow/dags/daily_summary.py
[2025-10-24T19:35:26.679+0000] {logging_mixin.py:188} INFO - [2025-10-24T19:35:26.678+0000] {dag.py:3036} INFO - Sync 1 DAGs
[2025-10-24T19:35:26.698+0000] {logging_mixin.py:188} INFO - [2025-10-24T19:35:26.698+0000] {dag.py:3823} INFO - Setting next_dagrun for daily_summary to 2025-10-23 00:00:00+00:00, run_after=2025-10-24 00:00:00+00:00
[2025-10-24T19:35:26.719+0000] {processor.py:183} INFO - Processing /opt/airflow/dags/daily_summary.py took 0.120 seconds
[2025-10-24T19:35:56.924+0000] {processor.py:161} INFO - Started process (PID=761) to work on /opt/airflow/dags/daily_summary.py
[2025-10-24T19:35:56.924+0000] {processor.py:830} INFO - Processing file /opt/airflow/dags/daily_summary.py for tasks to queue
[2025-10-24T19:35:56.925+0000] {logging_mixin.py:188} INFO - [2025-10-24T19:35:56.925+0000] {dagbag.py:538} INFO - Filling up the DagBag from /opt/airflow/dags/daily_summary.py
[2025-10-24T19:35:56.975+0000] {processor.py:840} INFO - DAG(s) 'daily_summary' retrieved from /opt/airflow/dags/daily_summary.py
[2025-10-24T19:35:56.997+0000] {logging_mixin.py:188} INFO - [2025-10-24T19:35:56.997+0000] {dag.py:3036} INFO - Sync 1 DAGs
[2025-10-24T19:35:57.015+0000] {logging_mixin.py:188} INFO - [2025-10-24T19:35:57.015+0000] {dag.py:3823} INFO - Setting next_dagrun for daily_summary to 2025-10-23 00:00:00+00:00, run_after=2025-10-24 00:00:00+00:00
[2025-10-24T19:35:57.031+0000] {processor.py:183} INFO - Processing /opt/airflow/dags/daily_summary.py took 0.110 seconds
[2025-10-24T19:36:27.285+0000] {processor.py:161} INFO - Started process (PID=766) to work on /opt/airflow/dags/daily_summary.py
[2025-10-24T19:36:27.286+0000] {processor.py:830} INFO - Processing file /opt/airflow/dags/daily_summary.py for tasks to queue
[2025-10-24T19:36:27.287+0000] {logging_mixin.py:188} INFO - [2025-10-24T19:36:27.287+0000] {dagbag.py:538} INFO - Filling up the DagBag from /opt/airflow/dags/daily_summary.py
[2025-10-24T19:36:27.338+0000] {processor.py:840} INFO - DAG(s) 'daily_summary' retrieved from /opt/airflow/dags/daily_summary.py
[2025-10-24T19:36:27.360+0000] {logging_mixin.py:188} INFO - [2025-10-24T19:36:27.360+0000] {dag.py:3036} INFO - Sync 1 DAGs
[2025-10-24T19:36:27.379+0000] {logging_mixin.py:188} INFO - [2025-10-24T19:36:27.379+0000] {dag.py:3823} INFO - Setting next_dagrun for daily_summary to 2025-10-23 00:00:00+00:00, run_after=2025-10-24 00:00:00+00:00
[2025-10-24T19:36:27.404+0000] {processor.py:183} INFO - Processing /opt/airflow/dags/daily_summary.py took 0.121 seconds
[2025-10-24T19:36:57.583+0000] {processor.py:161} INFO - Started process (PID=771) to work on /opt/airflow/dags/daily_summary.py
[2025-10-24T19:36:57.584+0000] {processor.py:830} INFO - Processing file /opt/airflow/dags/daily_summary.py for tasks to queue
[2025-10-24T19:36:57.584+0000] {logging_mixin.py:188} INFO - [2025-10-24T19:36:57.584+0000] {dagbag.py:538} INFO - Filling up the DagBag from /opt/airflow/dags/daily_summary.py
[2025-10-24T19:36:57.640+0000] {processor.py:840} INFO - DAG(s) 'daily_summary' retrieved from /opt/airflow/dags/daily_summary.py
[2025-10-24T19:36:57.663+0000] {logging_mixin.py:188} INFO - [2025-10-24T19:36:57.663+0000] {dag.py:3036} INFO - Sync 1 DAGs
[2025-10-24T19:36:57.681+0000] {logging_mixin.py:188} INFO - [2025-10-24T19:36:57.681+0000] {dag.py:3823} INFO - Setting next_dagrun for daily_summary to 2025-10-23 00:00:00+00:00, run_after=2025-10-24 00:00:00+00:00
[2025-10-24T19:36:57.701+0000] {processor.py:183} INFO - Processing /opt/airflow/dags/daily_summary.py took 0.121 seconds
[2025-10-24T19:37:28.082+0000] {processor.py:161} INFO - Started process (PID=776) to work on /opt/airflow/dags/daily_summary.py
[2025-10-24T19:37:28.083+0000] {processor.py:830} INFO - Processing file /opt/airflow/dags/daily_summary.py for tasks to queue
[2025-10-24T19:37:28.084+0000] {logging_mixin.py:188} INFO - [2025-10-24T19:37:28.083+0000] {dagbag.py:538} INFO - Filling up the DagBag from /opt/airflow/dags/daily_summary.py
[2025-10-24T19:37:28.140+0000] {processor.py:840} INFO - DAG(s) 'daily_summary' retrieved from /opt/airflow/dags/daily_summary.py
[2025-10-24T19:37:28.168+0000] {logging_mixin.py:188} INFO - [2025-10-24T19:37:28.167+0000] {dag.py:3036} INFO - Sync 1 DAGs
[2025-10-24T19:37:28.187+0000] {logging_mixin.py:188} INFO - [2025-10-24T19:37:28.186+0000] {dag.py:3823} INFO - Setting next_dagrun for daily_summary to 2025-10-23 00:00:00+00:00, run_after=2025-10-24 00:00:00+00:00
[2025-10-24T19:37:28.207+0000] {processor.py:183} INFO - Processing /opt/airflow/dags/daily_summary.py took 0.128 seconds
[2025-10-24T19:37:58.397+0000] {processor.py:161} INFO - Started process (PID=781) to work on /opt/airflow/dags/daily_summary.py
[2025-10-24T19:37:58.397+0000] {processor.py:830} INFO - Processing file /opt/airflow/dags/daily_summary.py for tasks to queue
[2025-10-24T19:37:58.398+0000] {logging_mixin.py:188} INFO - [2025-10-24T19:37:58.398+0000] {dagbag.py:538} INFO - Filling up the DagBag from /opt/airflow/dags/daily_summary.py
[2025-10-24T19:37:58.451+0000] {processor.py:840} INFO - DAG(s) 'daily_summary' retrieved from /opt/airflow/dags/daily_summary.py
[2025-10-24T19:37:58.476+0000] {logging_mixin.py:188} INFO - [2025-10-24T19:37:58.476+0000] {dag.py:3036} INFO - Sync 1 DAGs
[2025-10-24T19:37:58.495+0000] {logging_mixin.py:188} INFO - [2025-10-24T19:37:58.494+0000] {dag.py:3823} INFO - Setting next_dagrun for daily_summary to 2025-10-23 00:00:00+00:00, run_after=2025-10-24 00:00:00+00:00
[2025-10-24T19:37:58.513+0000] {processor.py:183} INFO - Processing /opt/airflow/dags/daily_summary.py took 0.120 seconds
[2025-10-24T19:38:28.975+0000] {processor.py:161} INFO - Started process (PID=786) to work on /opt/airflow/dags/daily_summary.py
[2025-10-24T19:38:28.977+0000] {processor.py:830} INFO - Processing file /opt/airflow/dags/daily_summary.py for tasks to queue
[2025-10-24T19:38:28.982+0000] {logging_mixin.py:188} INFO - [2025-10-24T19:38:28.981+0000] {dagbag.py:538} INFO - Filling up the DagBag from /opt/airflow/dags/daily_summary.py
[2025-10-24T19:38:29.268+0000] {processor.py:840} INFO - DAG(s) 'daily_summary' retrieved from /opt/airflow/dags/daily_summary.py
[2025-10-24T19:38:29.337+0000] {logging_mixin.py:188} INFO - [2025-10-24T19:38:29.337+0000] {dag.py:3036} INFO - Sync 1 DAGs
[2025-10-24T19:38:29.400+0000] {logging_mixin.py:188} INFO - [2025-10-24T19:38:29.400+0000] {dag.py:3823} INFO - Setting next_dagrun for daily_summary to 2025-10-23 00:00:00+00:00, run_after=2025-10-24 00:00:00+00:00
[2025-10-24T19:38:29.455+0000] {processor.py:183} INFO - Processing /opt/airflow/dags/daily_summary.py took 0.485 seconds
[2025-10-24T19:38:59.745+0000] {processor.py:161} INFO - Started process (PID=791) to work on /opt/airflow/dags/daily_summary.py
[2025-10-24T19:38:59.746+0000] {processor.py:830} INFO - Processing file /opt/airflow/dags/daily_summary.py for tasks to queue
[2025-10-24T19:38:59.747+0000] {logging_mixin.py:188} INFO - [2025-10-24T19:38:59.747+0000] {dagbag.py:538} INFO - Filling up the DagBag from /opt/airflow/dags/daily_summary.py
[2025-10-24T19:38:59.798+0000] {processor.py:840} INFO - DAG(s) 'daily_summary' retrieved from /opt/airflow/dags/daily_summary.py
[2025-10-24T19:38:59.819+0000] {logging_mixin.py:188} INFO - [2025-10-24T19:38:59.819+0000] {dag.py:3036} INFO - Sync 1 DAGs
[2025-10-24T19:38:59.834+0000] {logging_mixin.py:188} INFO - [2025-10-24T19:38:59.834+0000] {dag.py:3823} INFO - Setting next_dagrun for daily_summary to 2025-10-23 00:00:00+00:00, run_after=2025-10-24 00:00:00+00:00
[2025-10-24T19:38:59.860+0000] {processor.py:183} INFO - Processing /opt/airflow/dags/daily_summary.py took 0.118 seconds
[2025-10-24T19:39:30.056+0000] {processor.py:161} INFO - Started process (PID=796) to work on /opt/airflow/dags/daily_summary.py
[2025-10-24T19:39:30.056+0000] {processor.py:830} INFO - Processing file /opt/airflow/dags/daily_summary.py for tasks to queue
[2025-10-24T19:39:30.057+0000] {logging_mixin.py:188} INFO - [2025-10-24T19:39:30.057+0000] {dagbag.py:538} INFO - Filling up the DagBag from /opt/airflow/dags/daily_summary.py
[2025-10-24T19:39:30.111+0000] {processor.py:840} INFO - DAG(s) 'daily_summary' retrieved from /opt/airflow/dags/daily_summary.py
[2025-10-24T19:39:30.132+0000] {logging_mixin.py:188} INFO - [2025-10-24T19:39:30.132+0000] {dag.py:3036} INFO - Sync 1 DAGs
[2025-10-24T19:39:30.147+0000] {logging_mixin.py:188} INFO - [2025-10-24T19:39:30.147+0000] {dag.py:3823} INFO - Setting next_dagrun for daily_summary to 2025-10-23 00:00:00+00:00, run_after=2025-10-24 00:00:00+00:00
[2025-10-24T19:39:30.165+0000] {processor.py:183} INFO - Processing /opt/airflow/dags/daily_summary.py took 0.112 seconds
[2025-10-24T19:40:00.515+0000] {processor.py:161} INFO - Started process (PID=801) to work on /opt/airflow/dags/daily_summary.py
[2025-10-24T19:40:00.515+0000] {processor.py:830} INFO - Processing file /opt/airflow/dags/daily_summary.py for tasks to queue
[2025-10-24T19:40:00.516+0000] {logging_mixin.py:188} INFO - [2025-10-24T19:40:00.516+0000] {dagbag.py:538} INFO - Filling up the DagBag from /opt/airflow/dags/daily_summary.py
[2025-10-24T19:40:00.572+0000] {processor.py:840} INFO - DAG(s) 'daily_summary' retrieved from /opt/airflow/dags/daily_summary.py
[2025-10-24T19:40:00.594+0000] {logging_mixin.py:188} INFO - [2025-10-24T19:40:00.593+0000] {dag.py:3036} INFO - Sync 1 DAGs
[2025-10-24T19:40:00.610+0000] {logging_mixin.py:188} INFO - [2025-10-24T19:40:00.609+0000] {dag.py:3823} INFO - Setting next_dagrun for daily_summary to 2025-10-23 00:00:00+00:00, run_after=2025-10-24 00:00:00+00:00
[2025-10-24T19:40:00.637+0000] {processor.py:183} INFO - Processing /opt/airflow/dags/daily_summary.py took 0.124 seconds
[2025-10-24T19:40:30.854+0000] {processor.py:161} INFO - Started process (PID=806) to work on /opt/airflow/dags/daily_summary.py
[2025-10-24T19:40:30.855+0000] {processor.py:830} INFO - Processing file /opt/airflow/dags/daily_summary.py for tasks to queue
[2025-10-24T19:40:30.855+0000] {logging_mixin.py:188} INFO - [2025-10-24T19:40:30.855+0000] {dagbag.py:538} INFO - Filling up the DagBag from /opt/airflow/dags/daily_summary.py
[2025-10-24T19:40:30.906+0000] {processor.py:840} INFO - DAG(s) 'daily_summary' retrieved from /opt/airflow/dags/daily_summary.py
[2025-10-24T19:40:30.927+0000] {logging_mixin.py:188} INFO - [2025-10-24T19:40:30.927+0000] {dag.py:3036} INFO - Sync 1 DAGs
[2025-10-24T19:40:30.944+0000] {logging_mixin.py:188} INFO - [2025-10-24T19:40:30.944+0000] {dag.py:3823} INFO - Setting next_dagrun for daily_summary to 2025-10-23 00:00:00+00:00, run_after=2025-10-24 00:00:00+00:00
[2025-10-24T19:40:30.963+0000] {processor.py:183} INFO - Processing /opt/airflow/dags/daily_summary.py took 0.112 seconds
[2025-10-24T19:41:01.267+0000] {processor.py:161} INFO - Started process (PID=811) to work on /opt/airflow/dags/daily_summary.py
[2025-10-24T19:41:01.268+0000] {processor.py:830} INFO - Processing file /opt/airflow/dags/daily_summary.py for tasks to queue
[2025-10-24T19:41:01.269+0000] {logging_mixin.py:188} INFO - [2025-10-24T19:41:01.268+0000] {dagbag.py:538} INFO - Filling up the DagBag from /opt/airflow/dags/daily_summary.py
[2025-10-24T19:41:01.325+0000] {processor.py:840} INFO - DAG(s) 'daily_summary' retrieved from /opt/airflow/dags/daily_summary.py
[2025-10-24T19:41:01.346+0000] {logging_mixin.py:188} INFO - [2025-10-24T19:41:01.345+0000] {dag.py:3036} INFO - Sync 1 DAGs
[2025-10-24T19:41:01.366+0000] {logging_mixin.py:188} INFO - [2025-10-24T19:41:01.366+0000] {dag.py:3823} INFO - Setting next_dagrun for daily_summary to 2025-10-23 00:00:00+00:00, run_after=2025-10-24 00:00:00+00:00
[2025-10-24T19:41:01.387+0000] {processor.py:183} INFO - Processing /opt/airflow/dags/daily_summary.py took 0.123 seconds
[2025-10-24T19:41:31.628+0000] {processor.py:161} INFO - Started process (PID=816) to work on /opt/airflow/dags/daily_summary.py
[2025-10-24T19:41:31.629+0000] {processor.py:830} INFO - Processing file /opt/airflow/dags/daily_summary.py for tasks to queue
[2025-10-24T19:41:31.630+0000] {logging_mixin.py:188} INFO - [2025-10-24T19:41:31.630+0000] {dagbag.py:538} INFO - Filling up the DagBag from /opt/airflow/dags/daily_summary.py
[2025-10-24T19:41:31.688+0000] {processor.py:840} INFO - DAG(s) 'daily_summary' retrieved from /opt/airflow/dags/daily_summary.py
[2025-10-24T19:41:31.711+0000] {logging_mixin.py:188} INFO - [2025-10-24T19:41:31.711+0000] {dag.py:3036} INFO - Sync 1 DAGs
[2025-10-24T19:41:31.728+0000] {logging_mixin.py:188} INFO - [2025-10-24T19:41:31.728+0000] {dag.py:3823} INFO - Setting next_dagrun for daily_summary to 2025-10-23 00:00:00+00:00, run_after=2025-10-24 00:00:00+00:00
[2025-10-24T19:41:31.748+0000] {processor.py:183} INFO - Processing /opt/airflow/dags/daily_summary.py took 0.122 seconds
[2025-10-24T19:42:02.027+0000] {processor.py:161} INFO - Started process (PID=821) to work on /opt/airflow/dags/daily_summary.py
[2025-10-24T19:42:02.028+0000] {processor.py:830} INFO - Processing file /opt/airflow/dags/daily_summary.py for tasks to queue
[2025-10-24T19:42:02.029+0000] {logging_mixin.py:188} INFO - [2025-10-24T19:42:02.028+0000] {dagbag.py:538} INFO - Filling up the DagBag from /opt/airflow/dags/daily_summary.py
[2025-10-24T19:42:02.081+0000] {processor.py:840} INFO - DAG(s) 'daily_summary' retrieved from /opt/airflow/dags/daily_summary.py
[2025-10-24T19:42:02.104+0000] {logging_mixin.py:188} INFO - [2025-10-24T19:42:02.104+0000] {dag.py:3036} INFO - Sync 1 DAGs
[2025-10-24T19:42:02.124+0000] {logging_mixin.py:188} INFO - [2025-10-24T19:42:02.123+0000] {dag.py:3823} INFO - Setting next_dagrun for daily_summary to 2025-10-23 00:00:00+00:00, run_after=2025-10-24 00:00:00+00:00
[2025-10-24T19:42:02.144+0000] {processor.py:183} INFO - Processing /opt/airflow/dags/daily_summary.py took 0.119 seconds
[2025-10-24T19:42:32.355+0000] {processor.py:161} INFO - Started process (PID=826) to work on /opt/airflow/dags/daily_summary.py
[2025-10-24T19:42:32.356+0000] {processor.py:830} INFO - Processing file /opt/airflow/dags/daily_summary.py for tasks to queue
[2025-10-24T19:42:32.357+0000] {logging_mixin.py:188} INFO - [2025-10-24T19:42:32.356+0000] {dagbag.py:538} INFO - Filling up the DagBag from /opt/airflow/dags/daily_summary.py
[2025-10-24T19:42:32.413+0000] {processor.py:840} INFO - DAG(s) 'daily_summary' retrieved from /opt/airflow/dags/daily_summary.py
[2025-10-24T19:42:32.436+0000] {logging_mixin.py:188} INFO - [2025-10-24T19:42:32.436+0000] {dag.py:3036} INFO - Sync 1 DAGs
[2025-10-24T19:42:32.454+0000] {logging_mixin.py:188} INFO - [2025-10-24T19:42:32.454+0000] {dag.py:3823} INFO - Setting next_dagrun for daily_summary to 2025-10-23 00:00:00+00:00, run_after=2025-10-24 00:00:00+00:00
[2025-10-24T19:42:32.480+0000] {processor.py:183} INFO - Processing /opt/airflow/dags/daily_summary.py took 0.128 seconds
[2025-10-24T19:43:02.837+0000] {processor.py:161} INFO - Started process (PID=831) to work on /opt/airflow/dags/daily_summary.py
[2025-10-24T19:43:02.837+0000] {processor.py:830} INFO - Processing file /opt/airflow/dags/daily_summary.py for tasks to queue
[2025-10-24T19:43:02.839+0000] {logging_mixin.py:188} INFO - [2025-10-24T19:43:02.838+0000] {dagbag.py:538} INFO - Filling up the DagBag from /opt/airflow/dags/daily_summary.py
[2025-10-24T19:43:02.895+0000] {processor.py:840} INFO - DAG(s) 'daily_summary' retrieved from /opt/airflow/dags/daily_summary.py
[2025-10-24T19:43:02.916+0000] {logging_mixin.py:188} INFO - [2025-10-24T19:43:02.916+0000] {dag.py:3036} INFO - Sync 1 DAGs
[2025-10-24T19:43:02.935+0000] {logging_mixin.py:188} INFO - [2025-10-24T19:43:02.935+0000] {dag.py:3823} INFO - Setting next_dagrun for daily_summary to 2025-10-23 00:00:00+00:00, run_after=2025-10-24 00:00:00+00:00
[2025-10-24T19:43:02.954+0000] {processor.py:183} INFO - Processing /opt/airflow/dags/daily_summary.py took 0.120 seconds
[2025-10-24T19:43:33.133+0000] {processor.py:161} INFO - Started process (PID=836) to work on /opt/airflow/dags/daily_summary.py
[2025-10-24T19:43:33.133+0000] {processor.py:830} INFO - Processing file /opt/airflow/dags/daily_summary.py for tasks to queue
[2025-10-24T19:43:33.134+0000] {logging_mixin.py:188} INFO - [2025-10-24T19:43:33.134+0000] {dagbag.py:538} INFO - Filling up the DagBag from /opt/airflow/dags/daily_summary.py
[2025-10-24T19:43:33.185+0000] {processor.py:840} INFO - DAG(s) 'daily_summary' retrieved from /opt/airflow/dags/daily_summary.py
[2025-10-24T19:43:33.207+0000] {logging_mixin.py:188} INFO - [2025-10-24T19:43:33.207+0000] {dag.py:3036} INFO - Sync 1 DAGs
[2025-10-24T19:43:33.227+0000] {logging_mixin.py:188} INFO - [2025-10-24T19:43:33.227+0000] {dag.py:3823} INFO - Setting next_dagrun for daily_summary to 2025-10-23 00:00:00+00:00, run_after=2025-10-24 00:00:00+00:00
[2025-10-24T19:43:33.255+0000] {processor.py:183} INFO - Processing /opt/airflow/dags/daily_summary.py took 0.125 seconds
[2025-10-24T19:44:03.587+0000] {processor.py:161} INFO - Started process (PID=841) to work on /opt/airflow/dags/daily_summary.py
[2025-10-24T19:44:03.588+0000] {processor.py:830} INFO - Processing file /opt/airflow/dags/daily_summary.py for tasks to queue
[2025-10-24T19:44:03.589+0000] {logging_mixin.py:188} INFO - [2025-10-24T19:44:03.589+0000] {dagbag.py:538} INFO - Filling up the DagBag from /opt/airflow/dags/daily_summary.py
[2025-10-24T19:44:03.644+0000] {processor.py:840} INFO - DAG(s) 'daily_summary' retrieved from /opt/airflow/dags/daily_summary.py
[2025-10-24T19:44:03.663+0000] {logging_mixin.py:188} INFO - [2025-10-24T19:44:03.663+0000] {dag.py:3036} INFO - Sync 1 DAGs
[2025-10-24T19:44:03.680+0000] {logging_mixin.py:188} INFO - [2025-10-24T19:44:03.680+0000] {dag.py:3823} INFO - Setting next_dagrun for daily_summary to 2025-10-23 00:00:00+00:00, run_after=2025-10-24 00:00:00+00:00
[2025-10-24T19:44:03.699+0000] {processor.py:183} INFO - Processing /opt/airflow/dags/daily_summary.py took 0.114 seconds
[2025-10-24T19:44:33.856+0000] {processor.py:161} INFO - Started process (PID=846) to work on /opt/airflow/dags/daily_summary.py
[2025-10-24T19:44:33.857+0000] {processor.py:830} INFO - Processing file /opt/airflow/dags/daily_summary.py for tasks to queue
[2025-10-24T19:44:33.858+0000] {logging_mixin.py:188} INFO - [2025-10-24T19:44:33.858+0000] {dagbag.py:538} INFO - Filling up the DagBag from /opt/airflow/dags/daily_summary.py
[2025-10-24T19:44:33.910+0000] {processor.py:840} INFO - DAG(s) 'daily_summary' retrieved from /opt/airflow/dags/daily_summary.py
[2025-10-24T19:44:33.930+0000] {logging_mixin.py:188} INFO - [2025-10-24T19:44:33.930+0000] {dag.py:3036} INFO - Sync 1 DAGs
[2025-10-24T19:44:33.946+0000] {logging_mixin.py:188} INFO - [2025-10-24T19:44:33.946+0000] {dag.py:3823} INFO - Setting next_dagrun for daily_summary to 2025-10-23 00:00:00+00:00, run_after=2025-10-24 00:00:00+00:00
[2025-10-24T19:44:33.961+0000] {processor.py:183} INFO - Processing /opt/airflow/dags/daily_summary.py took 0.108 seconds
[2025-10-24T19:45:04.248+0000] {processor.py:161} INFO - Started process (PID=851) to work on /opt/airflow/dags/daily_summary.py
[2025-10-24T19:45:04.249+0000] {processor.py:830} INFO - Processing file /opt/airflow/dags/daily_summary.py for tasks to queue
[2025-10-24T19:45:04.250+0000] {logging_mixin.py:188} INFO - [2025-10-24T19:45:04.249+0000] {dagbag.py:538} INFO - Filling up the DagBag from /opt/airflow/dags/daily_summary.py
[2025-10-24T19:45:04.322+0000] {processor.py:840} INFO - DAG(s) 'daily_summary' retrieved from /opt/airflow/dags/daily_summary.py
[2025-10-24T19:45:04.342+0000] {logging_mixin.py:188} INFO - [2025-10-24T19:45:04.342+0000] {dag.py:3036} INFO - Sync 1 DAGs
[2025-10-24T19:45:04.360+0000] {logging_mixin.py:188} INFO - [2025-10-24T19:45:04.359+0000] {dag.py:3823} INFO - Setting next_dagrun for daily_summary to 2025-10-23 00:00:00+00:00, run_after=2025-10-24 00:00:00+00:00
[2025-10-24T19:45:04.378+0000] {processor.py:183} INFO - Processing /opt/airflow/dags/daily_summary.py took 0.133 seconds
[2025-10-24T19:45:34.561+0000] {processor.py:161} INFO - Started process (PID=856) to work on /opt/airflow/dags/daily_summary.py
[2025-10-24T19:45:34.561+0000] {processor.py:830} INFO - Processing file /opt/airflow/dags/daily_summary.py for tasks to queue
[2025-10-24T19:45:34.562+0000] {logging_mixin.py:188} INFO - [2025-10-24T19:45:34.562+0000] {dagbag.py:538} INFO - Filling up the DagBag from /opt/airflow/dags/daily_summary.py
[2025-10-24T19:45:34.613+0000] {processor.py:840} INFO - DAG(s) 'daily_summary' retrieved from /opt/airflow/dags/daily_summary.py
[2025-10-24T19:45:34.634+0000] {logging_mixin.py:188} INFO - [2025-10-24T19:45:34.634+0000] {dag.py:3036} INFO - Sync 1 DAGs
[2025-10-24T19:45:34.650+0000] {logging_mixin.py:188} INFO - [2025-10-24T19:45:34.649+0000] {dag.py:3823} INFO - Setting next_dagrun for daily_summary to 2025-10-23 00:00:00+00:00, run_after=2025-10-24 00:00:00+00:00
[2025-10-24T19:45:34.677+0000] {processor.py:183} INFO - Processing /opt/airflow/dags/daily_summary.py took 0.118 seconds
[2025-10-24T19:46:05.025+0000] {processor.py:161} INFO - Started process (PID=861) to work on /opt/airflow/dags/daily_summary.py
[2025-10-24T19:46:05.025+0000] {processor.py:830} INFO - Processing file /opt/airflow/dags/daily_summary.py for tasks to queue
[2025-10-24T19:46:05.026+0000] {logging_mixin.py:188} INFO - [2025-10-24T19:46:05.026+0000] {dagbag.py:538} INFO - Filling up the DagBag from /opt/airflow/dags/daily_summary.py
[2025-10-24T19:46:05.083+0000] {processor.py:840} INFO - DAG(s) 'daily_summary' retrieved from /opt/airflow/dags/daily_summary.py
[2025-10-24T19:46:05.103+0000] {logging_mixin.py:188} INFO - [2025-10-24T19:46:05.103+0000] {dag.py:3036} INFO - Sync 1 DAGs
[2025-10-24T19:46:05.119+0000] {logging_mixin.py:188} INFO - [2025-10-24T19:46:05.119+0000] {dag.py:3823} INFO - Setting next_dagrun for daily_summary to 2025-10-23 00:00:00+00:00, run_after=2025-10-24 00:00:00+00:00
[2025-10-24T19:46:05.138+0000] {processor.py:183} INFO - Processing /opt/airflow/dags/daily_summary.py took 0.116 seconds
[2025-10-24T19:46:35.342+0000] {processor.py:161} INFO - Started process (PID=866) to work on /opt/airflow/dags/daily_summary.py
[2025-10-24T19:46:35.342+0000] {processor.py:830} INFO - Processing file /opt/airflow/dags/daily_summary.py for tasks to queue
[2025-10-24T19:46:35.343+0000] {logging_mixin.py:188} INFO - [2025-10-24T19:46:35.343+0000] {dagbag.py:538} INFO - Filling up the DagBag from /opt/airflow/dags/daily_summary.py
[2025-10-24T19:46:35.399+0000] {processor.py:840} INFO - DAG(s) 'daily_summary' retrieved from /opt/airflow/dags/daily_summary.py
[2025-10-24T19:46:35.425+0000] {logging_mixin.py:188} INFO - [2025-10-24T19:46:35.425+0000] {dag.py:3036} INFO - Sync 1 DAGs
[2025-10-24T19:46:35.444+0000] {logging_mixin.py:188} INFO - [2025-10-24T19:46:35.443+0000] {dag.py:3823} INFO - Setting next_dagrun for daily_summary to 2025-10-23 00:00:00+00:00, run_after=2025-10-24 00:00:00+00:00
[2025-10-24T19:46:35.472+0000] {processor.py:183} INFO - Processing /opt/airflow/dags/daily_summary.py took 0.134 seconds
[2025-10-24T19:47:05.812+0000] {processor.py:161} INFO - Started process (PID=871) to work on /opt/airflow/dags/daily_summary.py
[2025-10-24T19:47:05.813+0000] {processor.py:830} INFO - Processing file /opt/airflow/dags/daily_summary.py for tasks to queue
[2025-10-24T19:47:05.814+0000] {logging_mixin.py:188} INFO - [2025-10-24T19:47:05.814+0000] {dagbag.py:538} INFO - Filling up the DagBag from /opt/airflow/dags/daily_summary.py
[2025-10-24T19:47:05.882+0000] {processor.py:840} INFO - DAG(s) 'daily_summary' retrieved from /opt/airflow/dags/daily_summary.py
[2025-10-24T19:47:05.910+0000] {logging_mixin.py:188} INFO - [2025-10-24T19:47:05.910+0000] {dag.py:3036} INFO - Sync 1 DAGs
[2025-10-24T19:47:05.930+0000] {logging_mixin.py:188} INFO - [2025-10-24T19:47:05.930+0000] {dag.py:3823} INFO - Setting next_dagrun for daily_summary to 2025-10-23 00:00:00+00:00, run_after=2025-10-24 00:00:00+00:00
[2025-10-24T19:47:05.948+0000] {processor.py:183} INFO - Processing /opt/airflow/dags/daily_summary.py took 0.138 seconds
[2025-10-24T19:47:36.159+0000] {processor.py:161} INFO - Started process (PID=876) to work on /opt/airflow/dags/daily_summary.py
[2025-10-24T19:47:36.159+0000] {processor.py:830} INFO - Processing file /opt/airflow/dags/daily_summary.py for tasks to queue
[2025-10-24T19:47:36.160+0000] {logging_mixin.py:188} INFO - [2025-10-24T19:47:36.160+0000] {dagbag.py:538} INFO - Filling up the DagBag from /opt/airflow/dags/daily_summary.py
[2025-10-24T19:47:36.210+0000] {processor.py:840} INFO - DAG(s) 'daily_summary' retrieved from /opt/airflow/dags/daily_summary.py
[2025-10-24T19:47:36.233+0000] {logging_mixin.py:188} INFO - [2025-10-24T19:47:36.233+0000] {dag.py:3036} INFO - Sync 1 DAGs
[2025-10-24T19:47:36.250+0000] {logging_mixin.py:188} INFO - [2025-10-24T19:47:36.250+0000] {dag.py:3823} INFO - Setting next_dagrun for daily_summary to 2025-10-23 00:00:00+00:00, run_after=2025-10-24 00:00:00+00:00
[2025-10-24T19:47:36.276+0000] {processor.py:183} INFO - Processing /opt/airflow/dags/daily_summary.py took 0.120 seconds
[2025-10-24T19:48:06.567+0000] {processor.py:161} INFO - Started process (PID=881) to work on /opt/airflow/dags/daily_summary.py
[2025-10-24T19:48:06.567+0000] {processor.py:830} INFO - Processing file /opt/airflow/dags/daily_summary.py for tasks to queue
[2025-10-24T19:48:06.568+0000] {logging_mixin.py:188} INFO - [2025-10-24T19:48:06.568+0000] {dagbag.py:538} INFO - Filling up the DagBag from /opt/airflow/dags/daily_summary.py
[2025-10-24T19:48:06.617+0000] {processor.py:840} INFO - DAG(s) 'daily_summary' retrieved from /opt/airflow/dags/daily_summary.py
[2025-10-24T19:48:06.637+0000] {logging_mixin.py:188} INFO - [2025-10-24T19:48:06.637+0000] {dag.py:3036} INFO - Sync 1 DAGs
[2025-10-24T19:48:06.654+0000] {logging_mixin.py:188} INFO - [2025-10-24T19:48:06.654+0000] {dag.py:3823} INFO - Setting next_dagrun for daily_summary to 2025-10-23 00:00:00+00:00, run_after=2025-10-24 00:00:00+00:00
[2025-10-24T19:48:06.671+0000] {processor.py:183} INFO - Processing /opt/airflow/dags/daily_summary.py took 0.107 seconds
[2025-10-24T19:48:36.864+0000] {processor.py:161} INFO - Started process (PID=886) to work on /opt/airflow/dags/daily_summary.py
[2025-10-24T19:48:36.865+0000] {processor.py:830} INFO - Processing file /opt/airflow/dags/daily_summary.py for tasks to queue
[2025-10-24T19:48:36.866+0000] {logging_mixin.py:188} INFO - [2025-10-24T19:48:36.866+0000] {dagbag.py:538} INFO - Filling up the DagBag from /opt/airflow/dags/daily_summary.py
[2025-10-24T19:48:36.918+0000] {processor.py:840} INFO - DAG(s) 'daily_summary' retrieved from /opt/airflow/dags/daily_summary.py
[2025-10-24T19:48:36.941+0000] {logging_mixin.py:188} INFO - [2025-10-24T19:48:36.941+0000] {dag.py:3036} INFO - Sync 1 DAGs
[2025-10-24T19:48:36.962+0000] {logging_mixin.py:188} INFO - [2025-10-24T19:48:36.961+0000] {dag.py:3823} INFO - Setting next_dagrun for daily_summary to 2025-10-23 00:00:00+00:00, run_after=2025-10-24 00:00:00+00:00
[2025-10-24T19:48:36.979+0000] {processor.py:183} INFO - Processing /opt/airflow/dags/daily_summary.py took 0.118 seconds
[2025-10-24T19:49:07.249+0000] {processor.py:161} INFO - Started process (PID=891) to work on /opt/airflow/dags/daily_summary.py
[2025-10-24T19:49:07.250+0000] {processor.py:830} INFO - Processing file /opt/airflow/dags/daily_summary.py for tasks to queue
[2025-10-24T19:49:07.251+0000] {logging_mixin.py:188} INFO - [2025-10-24T19:49:07.251+0000] {dagbag.py:538} INFO - Filling up the DagBag from /opt/airflow/dags/daily_summary.py
[2025-10-24T19:49:07.310+0000] {processor.py:840} INFO - DAG(s) 'daily_summary' retrieved from /opt/airflow/dags/daily_summary.py
[2025-10-24T19:49:07.333+0000] {logging_mixin.py:188} INFO - [2025-10-24T19:49:07.333+0000] {dag.py:3036} INFO - Sync 1 DAGs
[2025-10-24T19:49:07.351+0000] {logging_mixin.py:188} INFO - [2025-10-24T19:49:07.351+0000] {dag.py:3823} INFO - Setting next_dagrun for daily_summary to 2025-10-23 00:00:00+00:00, run_after=2025-10-24 00:00:00+00:00
[2025-10-24T19:49:07.371+0000] {processor.py:183} INFO - Processing /opt/airflow/dags/daily_summary.py took 0.124 seconds
[2025-10-24T19:49:37.595+0000] {processor.py:161} INFO - Started process (PID=896) to work on /opt/airflow/dags/daily_summary.py
[2025-10-24T19:49:37.596+0000] {processor.py:830} INFO - Processing file /opt/airflow/dags/daily_summary.py for tasks to queue
[2025-10-24T19:49:37.596+0000] {logging_mixin.py:188} INFO - [2025-10-24T19:49:37.596+0000] {dagbag.py:538} INFO - Filling up the DagBag from /opt/airflow/dags/daily_summary.py
[2025-10-24T19:49:37.651+0000] {processor.py:840} INFO - DAG(s) 'daily_summary' retrieved from /opt/airflow/dags/daily_summary.py
[2025-10-24T19:49:37.674+0000] {logging_mixin.py:188} INFO - [2025-10-24T19:49:37.674+0000] {dag.py:3036} INFO - Sync 1 DAGs
[2025-10-24T19:49:37.692+0000] {logging_mixin.py:188} INFO - [2025-10-24T19:49:37.692+0000] {dag.py:3823} INFO - Setting next_dagrun for daily_summary to 2025-10-23 00:00:00+00:00, run_after=2025-10-24 00:00:00+00:00
[2025-10-24T19:49:37.712+0000] {processor.py:183} INFO - Processing /opt/airflow/dags/daily_summary.py took 0.120 seconds
[2025-10-24T19:50:07.982+0000] {processor.py:161} INFO - Started process (PID=901) to work on /opt/airflow/dags/daily_summary.py
[2025-10-24T19:50:07.983+0000] {processor.py:830} INFO - Processing file /opt/airflow/dags/daily_summary.py for tasks to queue
[2025-10-24T19:50:07.984+0000] {logging_mixin.py:188} INFO - [2025-10-24T19:50:07.984+0000] {dagbag.py:538} INFO - Filling up the DagBag from /opt/airflow/dags/daily_summary.py
[2025-10-24T19:50:08.034+0000] {processor.py:840} INFO - DAG(s) 'daily_summary' retrieved from /opt/airflow/dags/daily_summary.py
[2025-10-24T19:50:08.058+0000] {logging_mixin.py:188} INFO - [2025-10-24T19:50:08.057+0000] {dag.py:3036} INFO - Sync 1 DAGs
[2025-10-24T19:50:08.079+0000] {logging_mixin.py:188} INFO - [2025-10-24T19:50:08.079+0000] {dag.py:3823} INFO - Setting next_dagrun for daily_summary to 2025-10-23 00:00:00+00:00, run_after=2025-10-24 00:00:00+00:00
[2025-10-24T19:50:08.104+0000] {processor.py:183} INFO - Processing /opt/airflow/dags/daily_summary.py took 0.124 seconds
[2025-10-24T19:50:38.229+0000] {processor.py:161} INFO - Started process (PID=906) to work on /opt/airflow/dags/daily_summary.py
[2025-10-24T19:50:38.229+0000] {processor.py:830} INFO - Processing file /opt/airflow/dags/daily_summary.py for tasks to queue
[2025-10-24T19:50:38.230+0000] {logging_mixin.py:188} INFO - [2025-10-24T19:50:38.230+0000] {dagbag.py:538} INFO - Filling up the DagBag from /opt/airflow/dags/daily_summary.py
[2025-10-24T19:50:38.284+0000] {processor.py:840} INFO - DAG(s) 'daily_summary' retrieved from /opt/airflow/dags/daily_summary.py
[2025-10-24T19:50:38.307+0000] {logging_mixin.py:188} INFO - [2025-10-24T19:50:38.306+0000] {dag.py:3036} INFO - Sync 1 DAGs
[2025-10-24T19:50:38.323+0000] {logging_mixin.py:188} INFO - [2025-10-24T19:50:38.322+0000] {dag.py:3823} INFO - Setting next_dagrun for daily_summary to 2025-10-23 00:00:00+00:00, run_after=2025-10-24 00:00:00+00:00
[2025-10-24T19:50:38.341+0000] {processor.py:183} INFO - Processing /opt/airflow/dags/daily_summary.py took 0.115 seconds
[2025-10-24T19:51:08.546+0000] {processor.py:161} INFO - Started process (PID=911) to work on /opt/airflow/dags/daily_summary.py
[2025-10-24T19:51:08.547+0000] {processor.py:830} INFO - Processing file /opt/airflow/dags/daily_summary.py for tasks to queue
[2025-10-24T19:51:08.547+0000] {logging_mixin.py:188} INFO - [2025-10-24T19:51:08.547+0000] {dagbag.py:538} INFO - Filling up the DagBag from /opt/airflow/dags/daily_summary.py
[2025-10-24T19:51:08.600+0000] {processor.py:840} INFO - DAG(s) 'daily_summary' retrieved from /opt/airflow/dags/daily_summary.py
[2025-10-24T19:51:08.620+0000] {logging_mixin.py:188} INFO - [2025-10-24T19:51:08.620+0000] {dag.py:3036} INFO - Sync 1 DAGs
[2025-10-24T19:51:08.636+0000] {logging_mixin.py:188} INFO - [2025-10-24T19:51:08.636+0000] {dag.py:3823} INFO - Setting next_dagrun for daily_summary to 2025-10-23 00:00:00+00:00, run_after=2025-10-24 00:00:00+00:00
[2025-10-24T19:51:08.665+0000] {processor.py:183} INFO - Processing /opt/airflow/dags/daily_summary.py took 0.122 seconds
[2025-10-24T19:51:39.015+0000] {processor.py:161} INFO - Started process (PID=916) to work on /opt/airflow/dags/daily_summary.py
[2025-10-24T19:51:39.015+0000] {processor.py:830} INFO - Processing file /opt/airflow/dags/daily_summary.py for tasks to queue
[2025-10-24T19:51:39.016+0000] {logging_mixin.py:188} INFO - [2025-10-24T19:51:39.016+0000] {dagbag.py:538} INFO - Filling up the DagBag from /opt/airflow/dags/daily_summary.py
[2025-10-24T19:51:39.067+0000] {processor.py:840} INFO - DAG(s) 'daily_summary' retrieved from /opt/airflow/dags/daily_summary.py
[2025-10-24T19:51:39.087+0000] {logging_mixin.py:188} INFO - [2025-10-24T19:51:39.086+0000] {dag.py:3036} INFO - Sync 1 DAGs
[2025-10-24T19:51:39.104+0000] {logging_mixin.py:188} INFO - [2025-10-24T19:51:39.104+0000] {dag.py:3823} INFO - Setting next_dagrun for daily_summary to 2025-10-23 00:00:00+00:00, run_after=2025-10-24 00:00:00+00:00
[2025-10-24T19:51:39.133+0000] {processor.py:183} INFO - Processing /opt/airflow/dags/daily_summary.py took 0.120 seconds
[2025-10-24T19:52:09.300+0000] {processor.py:161} INFO - Started process (PID=921) to work on /opt/airflow/dags/daily_summary.py
[2025-10-24T19:52:09.300+0000] {processor.py:830} INFO - Processing file /opt/airflow/dags/daily_summary.py for tasks to queue
[2025-10-24T19:52:09.301+0000] {logging_mixin.py:188} INFO - [2025-10-24T19:52:09.301+0000] {dagbag.py:538} INFO - Filling up the DagBag from /opt/airflow/dags/daily_summary.py
[2025-10-24T19:52:09.352+0000] {processor.py:840} INFO - DAG(s) 'daily_summary' retrieved from /opt/airflow/dags/daily_summary.py
[2025-10-24T19:52:09.373+0000] {logging_mixin.py:188} INFO - [2025-10-24T19:52:09.372+0000] {dag.py:3036} INFO - Sync 1 DAGs
[2025-10-24T19:52:09.389+0000] {logging_mixin.py:188} INFO - [2025-10-24T19:52:09.389+0000] {dag.py:3823} INFO - Setting next_dagrun for daily_summary to 2025-10-23 00:00:00+00:00, run_after=2025-10-24 00:00:00+00:00
[2025-10-24T19:52:09.414+0000] {processor.py:183} INFO - Processing /opt/airflow/dags/daily_summary.py took 0.117 seconds
[2025-10-24T19:52:39.777+0000] {processor.py:161} INFO - Started process (PID=926) to work on /opt/airflow/dags/daily_summary.py
[2025-10-24T19:52:39.778+0000] {processor.py:830} INFO - Processing file /opt/airflow/dags/daily_summary.py for tasks to queue
[2025-10-24T19:52:39.778+0000] {logging_mixin.py:188} INFO - [2025-10-24T19:52:39.778+0000] {dagbag.py:538} INFO - Filling up the DagBag from /opt/airflow/dags/daily_summary.py
[2025-10-24T19:52:39.831+0000] {processor.py:840} INFO - DAG(s) 'daily_summary' retrieved from /opt/airflow/dags/daily_summary.py
[2025-10-24T19:52:39.854+0000] {logging_mixin.py:188} INFO - [2025-10-24T19:52:39.854+0000] {dag.py:3036} INFO - Sync 1 DAGs
[2025-10-24T19:52:39.871+0000] {logging_mixin.py:188} INFO - [2025-10-24T19:52:39.871+0000] {dag.py:3823} INFO - Setting next_dagrun for daily_summary to 2025-10-23 00:00:00+00:00, run_after=2025-10-24 00:00:00+00:00
[2025-10-24T19:52:39.890+0000] {processor.py:183} INFO - Processing /opt/airflow/dags/daily_summary.py took 0.115 seconds
[2025-10-24T19:53:10.088+0000] {processor.py:161} INFO - Started process (PID=931) to work on /opt/airflow/dags/daily_summary.py
[2025-10-24T19:53:10.089+0000] {processor.py:830} INFO - Processing file /opt/airflow/dags/daily_summary.py for tasks to queue
[2025-10-24T19:53:10.090+0000] {logging_mixin.py:188} INFO - [2025-10-24T19:53:10.090+0000] {dagbag.py:538} INFO - Filling up the DagBag from /opt/airflow/dags/daily_summary.py
[2025-10-24T19:53:10.141+0000] {processor.py:840} INFO - DAG(s) 'daily_summary' retrieved from /opt/airflow/dags/daily_summary.py
[2025-10-24T19:53:10.163+0000] {logging_mixin.py:188} INFO - [2025-10-24T19:53:10.163+0000] {dag.py:3036} INFO - Sync 1 DAGs
[2025-10-24T19:53:10.180+0000] {logging_mixin.py:188} INFO - [2025-10-24T19:53:10.180+0000] {dag.py:3823} INFO - Setting next_dagrun for daily_summary to 2025-10-23 00:00:00+00:00, run_after=2025-10-24 00:00:00+00:00
[2025-10-24T19:53:10.199+0000] {processor.py:183} INFO - Processing /opt/airflow/dags/daily_summary.py took 0.114 seconds
[2025-10-24T19:53:40.497+0000] {processor.py:161} INFO - Started process (PID=936) to work on /opt/airflow/dags/daily_summary.py
[2025-10-24T19:53:40.497+0000] {processor.py:830} INFO - Processing file /opt/airflow/dags/daily_summary.py for tasks to queue
[2025-10-24T19:53:40.498+0000] {logging_mixin.py:188} INFO - [2025-10-24T19:53:40.498+0000] {dagbag.py:538} INFO - Filling up the DagBag from /opt/airflow/dags/daily_summary.py
[2025-10-24T19:53:40.549+0000] {processor.py:840} INFO - DAG(s) 'daily_summary' retrieved from /opt/airflow/dags/daily_summary.py
[2025-10-24T19:53:40.570+0000] {logging_mixin.py:188} INFO - [2025-10-24T19:53:40.570+0000] {dag.py:3036} INFO - Sync 1 DAGs
[2025-10-24T19:53:40.588+0000] {logging_mixin.py:188} INFO - [2025-10-24T19:53:40.588+0000] {dag.py:3823} INFO - Setting next_dagrun for daily_summary to 2025-10-23 00:00:00+00:00, run_after=2025-10-24 00:00:00+00:00
[2025-10-24T19:53:40.607+0000] {processor.py:183} INFO - Processing /opt/airflow/dags/daily_summary.py took 0.113 seconds
[2025-10-24T19:54:10.859+0000] {processor.py:161} INFO - Started process (PID=941) to work on /opt/airflow/dags/daily_summary.py
[2025-10-24T19:54:10.860+0000] {processor.py:830} INFO - Processing file /opt/airflow/dags/daily_summary.py for tasks to queue
[2025-10-24T19:54:10.860+0000] {logging_mixin.py:188} INFO - [2025-10-24T19:54:10.860+0000] {dagbag.py:538} INFO - Filling up the DagBag from /opt/airflow/dags/daily_summary.py
[2025-10-24T19:54:10.913+0000] {processor.py:840} INFO - DAG(s) 'daily_summary' retrieved from /opt/airflow/dags/daily_summary.py
[2025-10-24T19:54:10.936+0000] {logging_mixin.py:188} INFO - [2025-10-24T19:54:10.936+0000] {dag.py:3036} INFO - Sync 1 DAGs
[2025-10-24T19:54:10.953+0000] {logging_mixin.py:188} INFO - [2025-10-24T19:54:10.953+0000] {dag.py:3823} INFO - Setting next_dagrun for daily_summary to 2025-10-23 00:00:00+00:00, run_after=2025-10-24 00:00:00+00:00
[2025-10-24T19:54:10.972+0000] {processor.py:183} INFO - Processing /opt/airflow/dags/daily_summary.py took 0.116 seconds
[2025-10-24T19:54:41.197+0000] {processor.py:161} INFO - Started process (PID=946) to work on /opt/airflow/dags/daily_summary.py
[2025-10-24T19:54:41.198+0000] {processor.py:830} INFO - Processing file /opt/airflow/dags/daily_summary.py for tasks to queue
[2025-10-24T19:54:41.199+0000] {logging_mixin.py:188} INFO - [2025-10-24T19:54:41.199+0000] {dagbag.py:538} INFO - Filling up the DagBag from /opt/airflow/dags/daily_summary.py
[2025-10-24T19:54:41.255+0000] {processor.py:840} INFO - DAG(s) 'daily_summary' retrieved from /opt/airflow/dags/daily_summary.py
[2025-10-24T19:54:41.277+0000] {logging_mixin.py:188} INFO - [2025-10-24T19:54:41.277+0000] {dag.py:3036} INFO - Sync 1 DAGs
[2025-10-24T19:54:41.296+0000] {logging_mixin.py:188} INFO - [2025-10-24T19:54:41.295+0000] {dag.py:3823} INFO - Setting next_dagrun for daily_summary to 2025-10-23 00:00:00+00:00, run_after=2025-10-24 00:00:00+00:00
[2025-10-24T19:54:41.314+0000] {processor.py:183} INFO - Processing /opt/airflow/dags/daily_summary.py took 0.119 seconds
[2025-10-24T19:55:11.506+0000] {processor.py:161} INFO - Started process (PID=951) to work on /opt/airflow/dags/daily_summary.py
[2025-10-24T19:55:11.507+0000] {processor.py:830} INFO - Processing file /opt/airflow/dags/daily_summary.py for tasks to queue
[2025-10-24T19:55:11.508+0000] {logging_mixin.py:188} INFO - [2025-10-24T19:55:11.508+0000] {dagbag.py:538} INFO - Filling up the DagBag from /opt/airflow/dags/daily_summary.py
[2025-10-24T19:55:11.560+0000] {processor.py:840} INFO - DAG(s) 'daily_summary' retrieved from /opt/airflow/dags/daily_summary.py
[2025-10-24T19:55:11.586+0000] {logging_mixin.py:188} INFO - [2025-10-24T19:55:11.586+0000] {dag.py:3036} INFO - Sync 1 DAGs
[2025-10-24T19:55:11.605+0000] {logging_mixin.py:188} INFO - [2025-10-24T19:55:11.605+0000] {dag.py:3823} INFO - Setting next_dagrun for daily_summary to 2025-10-23 00:00:00+00:00, run_after=2025-10-24 00:00:00+00:00
[2025-10-24T19:55:11.626+0000] {processor.py:183} INFO - Processing /opt/airflow/dags/daily_summary.py took 0.122 seconds
[2025-10-24T19:55:41.978+0000] {processor.py:161} INFO - Started process (PID=956) to work on /opt/airflow/dags/daily_summary.py
[2025-10-24T19:55:41.979+0000] {processor.py:830} INFO - Processing file /opt/airflow/dags/daily_summary.py for tasks to queue
[2025-10-24T19:55:41.980+0000] {logging_mixin.py:188} INFO - [2025-10-24T19:55:41.980+0000] {dagbag.py:538} INFO - Filling up the DagBag from /opt/airflow/dags/daily_summary.py
[2025-10-24T19:55:42.033+0000] {processor.py:840} INFO - DAG(s) 'daily_summary' retrieved from /opt/airflow/dags/daily_summary.py
[2025-10-24T19:55:42.058+0000] {logging_mixin.py:188} INFO - [2025-10-24T19:55:42.057+0000] {dag.py:3036} INFO - Sync 1 DAGs
[2025-10-24T19:55:42.075+0000] {logging_mixin.py:188} INFO - [2025-10-24T19:55:42.074+0000] {dag.py:3823} INFO - Setting next_dagrun for daily_summary to 2025-10-23 00:00:00+00:00, run_after=2025-10-24 00:00:00+00:00
[2025-10-24T19:55:42.092+0000] {processor.py:183} INFO - Processing /opt/airflow/dags/daily_summary.py took 0.116 seconds
[2025-10-24T19:56:12.320+0000] {processor.py:161} INFO - Started process (PID=961) to work on /opt/airflow/dags/daily_summary.py
[2025-10-24T19:56:12.321+0000] {processor.py:830} INFO - Processing file /opt/airflow/dags/daily_summary.py for tasks to queue
[2025-10-24T19:56:12.321+0000] {logging_mixin.py:188} INFO - [2025-10-24T19:56:12.321+0000] {dagbag.py:538} INFO - Filling up the DagBag from /opt/airflow/dags/daily_summary.py
[2025-10-24T19:56:12.372+0000] {processor.py:840} INFO - DAG(s) 'daily_summary' retrieved from /opt/airflow/dags/daily_summary.py
[2025-10-24T19:56:12.393+0000] {logging_mixin.py:188} INFO - [2025-10-24T19:56:12.393+0000] {dag.py:3036} INFO - Sync 1 DAGs
[2025-10-24T19:56:12.409+0000] {logging_mixin.py:188} INFO - [2025-10-24T19:56:12.409+0000] {dag.py:3823} INFO - Setting next_dagrun for daily_summary to 2025-10-23 00:00:00+00:00, run_after=2025-10-24 00:00:00+00:00
[2025-10-24T19:56:12.435+0000] {processor.py:183} INFO - Processing /opt/airflow/dags/daily_summary.py took 0.118 seconds
[2025-10-24T19:56:42.677+0000] {processor.py:161} INFO - Started process (PID=966) to work on /opt/airflow/dags/daily_summary.py
[2025-10-24T19:56:42.678+0000] {processor.py:830} INFO - Processing file /opt/airflow/dags/daily_summary.py for tasks to queue
[2025-10-24T19:56:42.679+0000] {logging_mixin.py:188} INFO - [2025-10-24T19:56:42.679+0000] {dagbag.py:538} INFO - Filling up the DagBag from /opt/airflow/dags/daily_summary.py
[2025-10-24T19:56:42.733+0000] {processor.py:840} INFO - DAG(s) 'daily_summary' retrieved from /opt/airflow/dags/daily_summary.py
[2025-10-24T19:56:42.751+0000] {logging_mixin.py:188} INFO - [2025-10-24T19:56:42.751+0000] {dag.py:3036} INFO - Sync 1 DAGs
[2025-10-24T19:56:42.767+0000] {logging_mixin.py:188} INFO - [2025-10-24T19:56:42.767+0000] {dag.py:3823} INFO - Setting next_dagrun for daily_summary to 2025-10-23 00:00:00+00:00, run_after=2025-10-24 00:00:00+00:00
[2025-10-24T19:56:42.787+0000] {processor.py:183} INFO - Processing /opt/airflow/dags/daily_summary.py took 0.113 seconds
[2025-10-24T19:57:13.077+0000] {processor.py:161} INFO - Started process (PID=971) to work on /opt/airflow/dags/daily_summary.py
[2025-10-24T19:57:13.078+0000] {processor.py:830} INFO - Processing file /opt/airflow/dags/daily_summary.py for tasks to queue
[2025-10-24T19:57:13.079+0000] {logging_mixin.py:188} INFO - [2025-10-24T19:57:13.078+0000] {dagbag.py:538} INFO - Filling up the DagBag from /opt/airflow/dags/daily_summary.py
[2025-10-24T19:57:13.129+0000] {processor.py:840} INFO - DAG(s) 'daily_summary' retrieved from /opt/airflow/dags/daily_summary.py
[2025-10-24T19:57:13.150+0000] {logging_mixin.py:188} INFO - [2025-10-24T19:57:13.149+0000] {dag.py:3036} INFO - Sync 1 DAGs
[2025-10-24T19:57:13.167+0000] {logging_mixin.py:188} INFO - [2025-10-24T19:57:13.167+0000] {dag.py:3823} INFO - Setting next_dagrun for daily_summary to 2025-10-23 00:00:00+00:00, run_after=2025-10-24 00:00:00+00:00
[2025-10-24T19:57:13.194+0000] {processor.py:183} INFO - Processing /opt/airflow/dags/daily_summary.py took 0.119 seconds
[2025-10-24T19:57:43.433+0000] {processor.py:161} INFO - Started process (PID=976) to work on /opt/airflow/dags/daily_summary.py
[2025-10-24T19:57:43.433+0000] {processor.py:830} INFO - Processing file /opt/airflow/dags/daily_summary.py for tasks to queue
[2025-10-24T19:57:43.434+0000] {logging_mixin.py:188} INFO - [2025-10-24T19:57:43.434+0000] {dagbag.py:538} INFO - Filling up the DagBag from /opt/airflow/dags/daily_summary.py
[2025-10-24T19:57:43.484+0000] {processor.py:840} INFO - DAG(s) 'daily_summary' retrieved from /opt/airflow/dags/daily_summary.py
[2025-10-24T19:57:43.504+0000] {logging_mixin.py:188} INFO - [2025-10-24T19:57:43.504+0000] {dag.py:3036} INFO - Sync 1 DAGs
[2025-10-24T19:57:43.520+0000] {logging_mixin.py:188} INFO - [2025-10-24T19:57:43.520+0000] {dag.py:3823} INFO - Setting next_dagrun for daily_summary to 2025-10-23 00:00:00+00:00, run_after=2025-10-24 00:00:00+00:00
[2025-10-24T19:57:43.536+0000] {processor.py:183} INFO - Processing /opt/airflow/dags/daily_summary.py took 0.106 seconds
[2025-10-24T19:58:13.793+0000] {processor.py:161} INFO - Started process (PID=981) to work on /opt/airflow/dags/daily_summary.py
[2025-10-24T19:58:13.794+0000] {processor.py:830} INFO - Processing file /opt/airflow/dags/daily_summary.py for tasks to queue
[2025-10-24T19:58:13.795+0000] {logging_mixin.py:188} INFO - [2025-10-24T19:58:13.795+0000] {dagbag.py:538} INFO - Filling up the DagBag from /opt/airflow/dags/daily_summary.py
[2025-10-24T19:58:13.857+0000] {processor.py:840} INFO - DAG(s) 'daily_summary' retrieved from /opt/airflow/dags/daily_summary.py
[2025-10-24T19:58:13.884+0000] {logging_mixin.py:188} INFO - [2025-10-24T19:58:13.884+0000] {dag.py:3036} INFO - Sync 1 DAGs
[2025-10-24T19:58:13.903+0000] {logging_mixin.py:188} INFO - [2025-10-24T19:58:13.903+0000] {dag.py:3823} INFO - Setting next_dagrun for daily_summary to 2025-10-23 00:00:00+00:00, run_after=2025-10-24 00:00:00+00:00
[2025-10-24T19:58:13.926+0000] {processor.py:183} INFO - Processing /opt/airflow/dags/daily_summary.py took 0.137 seconds
[2025-10-24T19:58:44.193+0000] {processor.py:161} INFO - Started process (PID=986) to work on /opt/airflow/dags/daily_summary.py
[2025-10-24T19:58:44.194+0000] {processor.py:830} INFO - Processing file /opt/airflow/dags/daily_summary.py for tasks to queue
[2025-10-24T19:58:44.194+0000] {logging_mixin.py:188} INFO - [2025-10-24T19:58:44.194+0000] {dagbag.py:538} INFO - Filling up the DagBag from /opt/airflow/dags/daily_summary.py
[2025-10-24T19:58:44.245+0000] {processor.py:840} INFO - DAG(s) 'daily_summary' retrieved from /opt/airflow/dags/daily_summary.py
[2025-10-24T19:58:44.268+0000] {logging_mixin.py:188} INFO - [2025-10-24T19:58:44.267+0000] {dag.py:3036} INFO - Sync 1 DAGs
[2025-10-24T19:58:44.285+0000] {logging_mixin.py:188} INFO - [2025-10-24T19:58:44.285+0000] {dag.py:3823} INFO - Setting next_dagrun for daily_summary to 2025-10-23 00:00:00+00:00, run_after=2025-10-24 00:00:00+00:00
[2025-10-24T19:58:44.311+0000] {processor.py:183} INFO - Processing /opt/airflow/dags/daily_summary.py took 0.120 seconds
[2025-10-24T19:59:14.490+0000] {processor.py:161} INFO - Started process (PID=991) to work on /opt/airflow/dags/daily_summary.py
[2025-10-24T19:59:14.491+0000] {processor.py:830} INFO - Processing file /opt/airflow/dags/daily_summary.py for tasks to queue
[2025-10-24T19:59:14.492+0000] {logging_mixin.py:188} INFO - [2025-10-24T19:59:14.491+0000] {dagbag.py:538} INFO - Filling up the DagBag from /opt/airflow/dags/daily_summary.py
[2025-10-24T19:59:14.548+0000] {processor.py:840} INFO - DAG(s) 'daily_summary' retrieved from /opt/airflow/dags/daily_summary.py
[2025-10-24T19:59:14.572+0000] {logging_mixin.py:188} INFO - [2025-10-24T19:59:14.572+0000] {dag.py:3036} INFO - Sync 1 DAGs
[2025-10-24T19:59:14.589+0000] {logging_mixin.py:188} INFO - [2025-10-24T19:59:14.589+0000] {dag.py:3823} INFO - Setting next_dagrun for daily_summary to 2025-10-23 00:00:00+00:00, run_after=2025-10-24 00:00:00+00:00
[2025-10-24T19:59:14.606+0000] {processor.py:183} INFO - Processing /opt/airflow/dags/daily_summary.py took 0.119 seconds
[2025-10-24T19:59:44.892+0000] {processor.py:161} INFO - Started process (PID=996) to work on /opt/airflow/dags/daily_summary.py
[2025-10-24T19:59:44.893+0000] {processor.py:830} INFO - Processing file /opt/airflow/dags/daily_summary.py for tasks to queue
[2025-10-24T19:59:44.894+0000] {logging_mixin.py:188} INFO - [2025-10-24T19:59:44.894+0000] {dagbag.py:538} INFO - Filling up the DagBag from /opt/airflow/dags/daily_summary.py
[2025-10-24T19:59:44.948+0000] {processor.py:840} INFO - DAG(s) 'daily_summary' retrieved from /opt/airflow/dags/daily_summary.py
[2025-10-24T19:59:44.969+0000] {logging_mixin.py:188} INFO - [2025-10-24T19:59:44.969+0000] {dag.py:3036} INFO - Sync 1 DAGs
[2025-10-24T19:59:44.987+0000] {logging_mixin.py:188} INFO - [2025-10-24T19:59:44.986+0000] {dag.py:3823} INFO - Setting next_dagrun for daily_summary to 2025-10-23 00:00:00+00:00, run_after=2025-10-24 00:00:00+00:00
[2025-10-24T19:59:45.004+0000] {processor.py:183} INFO - Processing /opt/airflow/dags/daily_summary.py took 0.114 seconds
[2025-10-24T20:00:15.184+0000] {processor.py:161} INFO - Started process (PID=1001) to work on /opt/airflow/dags/daily_summary.py
[2025-10-24T20:00:15.185+0000] {processor.py:830} INFO - Processing file /opt/airflow/dags/daily_summary.py for tasks to queue
[2025-10-24T20:00:15.186+0000] {logging_mixin.py:188} INFO - [2025-10-24T20:00:15.186+0000] {dagbag.py:538} INFO - Filling up the DagBag from /opt/airflow/dags/daily_summary.py
[2025-10-24T20:00:15.241+0000] {processor.py:840} INFO - DAG(s) 'daily_summary' retrieved from /opt/airflow/dags/daily_summary.py
[2025-10-24T20:00:15.263+0000] {logging_mixin.py:188} INFO - [2025-10-24T20:00:15.263+0000] {dag.py:3036} INFO - Sync 1 DAGs
[2025-10-24T20:00:15.280+0000] {logging_mixin.py:188} INFO - [2025-10-24T20:00:15.280+0000] {dag.py:3823} INFO - Setting next_dagrun for daily_summary to 2025-10-23 00:00:00+00:00, run_after=2025-10-24 00:00:00+00:00
[2025-10-24T20:00:15.309+0000] {processor.py:183} INFO - Processing /opt/airflow/dags/daily_summary.py took 0.127 seconds
[2025-10-24T20:00:45.559+0000] {processor.py:161} INFO - Started process (PID=1006) to work on /opt/airflow/dags/daily_summary.py
[2025-10-24T20:00:45.560+0000] {processor.py:830} INFO - Processing file /opt/airflow/dags/daily_summary.py for tasks to queue
[2025-10-24T20:00:45.561+0000] {logging_mixin.py:188} INFO - [2025-10-24T20:00:45.561+0000] {dagbag.py:538} INFO - Filling up the DagBag from /opt/airflow/dags/daily_summary.py
[2025-10-24T20:00:45.610+0000] {processor.py:840} INFO - DAG(s) 'daily_summary' retrieved from /opt/airflow/dags/daily_summary.py
[2025-10-24T20:00:45.631+0000] {logging_mixin.py:188} INFO - [2025-10-24T20:00:45.631+0000] {dag.py:3036} INFO - Sync 1 DAGs
[2025-10-24T20:00:45.649+0000] {logging_mixin.py:188} INFO - [2025-10-24T20:00:45.649+0000] {dag.py:3823} INFO - Setting next_dagrun for daily_summary to 2025-10-23 00:00:00+00:00, run_after=2025-10-24 00:00:00+00:00
[2025-10-24T20:00:45.669+0000] {processor.py:183} INFO - Processing /opt/airflow/dags/daily_summary.py took 0.112 seconds
[2025-10-24T20:01:15.851+0000] {processor.py:161} INFO - Started process (PID=1011) to work on /opt/airflow/dags/daily_summary.py
[2025-10-24T20:01:15.852+0000] {processor.py:830} INFO - Processing file /opt/airflow/dags/daily_summary.py for tasks to queue
[2025-10-24T20:01:15.853+0000] {logging_mixin.py:188} INFO - [2025-10-24T20:01:15.852+0000] {dagbag.py:538} INFO - Filling up the DagBag from /opt/airflow/dags/daily_summary.py
[2025-10-24T20:01:15.905+0000] {processor.py:840} INFO - DAG(s) 'daily_summary' retrieved from /opt/airflow/dags/daily_summary.py
[2025-10-24T20:01:15.929+0000] {logging_mixin.py:188} INFO - [2025-10-24T20:01:15.929+0000] {dag.py:3036} INFO - Sync 1 DAGs
[2025-10-24T20:01:15.947+0000] {logging_mixin.py:188} INFO - [2025-10-24T20:01:15.947+0000] {dag.py:3823} INFO - Setting next_dagrun for daily_summary to 2025-10-23 00:00:00+00:00, run_after=2025-10-24 00:00:00+00:00
[2025-10-24T20:01:15.966+0000] {processor.py:183} INFO - Processing /opt/airflow/dags/daily_summary.py took 0.118 seconds
[2025-10-24T20:01:46.289+0000] {processor.py:161} INFO - Started process (PID=1016) to work on /opt/airflow/dags/daily_summary.py
[2025-10-24T20:01:46.289+0000] {processor.py:830} INFO - Processing file /opt/airflow/dags/daily_summary.py for tasks to queue
[2025-10-24T20:01:46.290+0000] {logging_mixin.py:188} INFO - [2025-10-24T20:01:46.290+0000] {dagbag.py:538} INFO - Filling up the DagBag from /opt/airflow/dags/daily_summary.py
[2025-10-24T20:01:46.339+0000] {processor.py:840} INFO - DAG(s) 'daily_summary' retrieved from /opt/airflow/dags/daily_summary.py
[2025-10-24T20:01:46.362+0000] {logging_mixin.py:188} INFO - [2025-10-24T20:01:46.362+0000] {dag.py:3036} INFO - Sync 1 DAGs
[2025-10-24T20:01:46.379+0000] {logging_mixin.py:188} INFO - [2025-10-24T20:01:46.379+0000] {dag.py:3823} INFO - Setting next_dagrun for daily_summary to 2025-10-23 00:00:00+00:00, run_after=2025-10-24 00:00:00+00:00
[2025-10-24T20:01:46.408+0000] {processor.py:183} INFO - Processing /opt/airflow/dags/daily_summary.py took 0.121 seconds
[2025-10-24T20:02:16.629+0000] {processor.py:161} INFO - Started process (PID=1021) to work on /opt/airflow/dags/daily_summary.py
[2025-10-24T20:02:16.630+0000] {processor.py:830} INFO - Processing file /opt/airflow/dags/daily_summary.py for tasks to queue
[2025-10-24T20:02:16.631+0000] {logging_mixin.py:188} INFO - [2025-10-24T20:02:16.631+0000] {dagbag.py:538} INFO - Filling up the DagBag from /opt/airflow/dags/daily_summary.py
[2025-10-24T20:02:16.698+0000] {processor.py:840} INFO - DAG(s) 'daily_summary' retrieved from /opt/airflow/dags/daily_summary.py
[2025-10-24T20:02:16.721+0000] {logging_mixin.py:188} INFO - [2025-10-24T20:02:16.721+0000] {dag.py:3036} INFO - Sync 1 DAGs
[2025-10-24T20:02:16.739+0000] {logging_mixin.py:188} INFO - [2025-10-24T20:02:16.739+0000] {dag.py:3823} INFO - Setting next_dagrun for daily_summary to 2025-10-23 00:00:00+00:00, run_after=2025-10-24 00:00:00+00:00
[2025-10-24T20:02:16.764+0000] {processor.py:183} INFO - Processing /opt/airflow/dags/daily_summary.py took 0.138 seconds
[2025-10-24T20:02:47.043+0000] {processor.py:161} INFO - Started process (PID=1026) to work on /opt/airflow/dags/daily_summary.py
[2025-10-24T20:02:47.043+0000] {processor.py:830} INFO - Processing file /opt/airflow/dags/daily_summary.py for tasks to queue
[2025-10-24T20:02:47.044+0000] {logging_mixin.py:188} INFO - [2025-10-24T20:02:47.044+0000] {dagbag.py:538} INFO - Filling up the DagBag from /opt/airflow/dags/daily_summary.py
[2025-10-24T20:02:47.095+0000] {processor.py:840} INFO - DAG(s) 'daily_summary' retrieved from /opt/airflow/dags/daily_summary.py
[2025-10-24T20:02:47.115+0000] {logging_mixin.py:188} INFO - [2025-10-24T20:02:47.115+0000] {dag.py:3036} INFO - Sync 1 DAGs
[2025-10-24T20:02:47.131+0000] {logging_mixin.py:188} INFO - [2025-10-24T20:02:47.131+0000] {dag.py:3823} INFO - Setting next_dagrun for daily_summary to 2025-10-23 00:00:00+00:00, run_after=2025-10-24 00:00:00+00:00
[2025-10-24T20:02:47.159+0000] {processor.py:183} INFO - Processing /opt/airflow/dags/daily_summary.py took 0.119 seconds
[2025-10-24T20:03:17.354+0000] {processor.py:161} INFO - Started process (PID=1031) to work on /opt/airflow/dags/daily_summary.py
[2025-10-24T20:03:17.355+0000] {processor.py:830} INFO - Processing file /opt/airflow/dags/daily_summary.py for tasks to queue
[2025-10-24T20:03:17.356+0000] {logging_mixin.py:188} INFO - [2025-10-24T20:03:17.356+0000] {dagbag.py:538} INFO - Filling up the DagBag from /opt/airflow/dags/daily_summary.py
[2025-10-24T20:03:17.407+0000] {processor.py:840} INFO - DAG(s) 'daily_summary' retrieved from /opt/airflow/dags/daily_summary.py
[2025-10-24T20:03:17.427+0000] {logging_mixin.py:188} INFO - [2025-10-24T20:03:17.427+0000] {dag.py:3036} INFO - Sync 1 DAGs
[2025-10-24T20:03:17.443+0000] {logging_mixin.py:188} INFO - [2025-10-24T20:03:17.443+0000] {dag.py:3823} INFO - Setting next_dagrun for daily_summary to 2025-10-23 00:00:00+00:00, run_after=2025-10-24 00:00:00+00:00
[2025-10-24T20:03:17.459+0000] {processor.py:183} INFO - Processing /opt/airflow/dags/daily_summary.py took 0.108 seconds
[2025-10-24T20:03:47.772+0000] {processor.py:161} INFO - Started process (PID=1036) to work on /opt/airflow/dags/daily_summary.py
[2025-10-24T20:03:47.773+0000] {processor.py:830} INFO - Processing file /opt/airflow/dags/daily_summary.py for tasks to queue
[2025-10-24T20:03:47.774+0000] {logging_mixin.py:188} INFO - [2025-10-24T20:03:47.773+0000] {dagbag.py:538} INFO - Filling up the DagBag from /opt/airflow/dags/daily_summary.py
[2025-10-24T20:03:47.824+0000] {processor.py:840} INFO - DAG(s) 'daily_summary' retrieved from /opt/airflow/dags/daily_summary.py
[2025-10-24T20:03:47.845+0000] {logging_mixin.py:188} INFO - [2025-10-24T20:03:47.845+0000] {dag.py:3036} INFO - Sync 1 DAGs
[2025-10-24T20:03:47.861+0000] {logging_mixin.py:188} INFO - [2025-10-24T20:03:47.860+0000] {dag.py:3823} INFO - Setting next_dagrun for daily_summary to 2025-10-23 00:00:00+00:00, run_after=2025-10-24 00:00:00+00:00
[2025-10-24T20:03:47.886+0000] {processor.py:183} INFO - Processing /opt/airflow/dags/daily_summary.py took 0.116 seconds
[2025-10-24T20:04:18.111+0000] {processor.py:161} INFO - Started process (PID=1041) to work on /opt/airflow/dags/daily_summary.py
[2025-10-24T20:04:18.111+0000] {processor.py:830} INFO - Processing file /opt/airflow/dags/daily_summary.py for tasks to queue
[2025-10-24T20:04:18.112+0000] {logging_mixin.py:188} INFO - [2025-10-24T20:04:18.112+0000] {dagbag.py:538} INFO - Filling up the DagBag from /opt/airflow/dags/daily_summary.py
[2025-10-24T20:04:18.162+0000] {processor.py:840} INFO - DAG(s) 'daily_summary' retrieved from /opt/airflow/dags/daily_summary.py
[2025-10-24T20:04:18.183+0000] {logging_mixin.py:188} INFO - [2025-10-24T20:04:18.182+0000] {dag.py:3036} INFO - Sync 1 DAGs
[2025-10-24T20:04:18.199+0000] {logging_mixin.py:188} INFO - [2025-10-24T20:04:18.199+0000] {dag.py:3823} INFO - Setting next_dagrun for daily_summary to 2025-10-23 00:00:00+00:00, run_after=2025-10-24 00:00:00+00:00
[2025-10-24T20:04:18.225+0000] {processor.py:183} INFO - Processing /opt/airflow/dags/daily_summary.py took 0.117 seconds
[2025-10-24T20:04:48.517+0000] {processor.py:161} INFO - Started process (PID=1046) to work on /opt/airflow/dags/daily_summary.py
[2025-10-24T20:04:48.517+0000] {processor.py:830} INFO - Processing file /opt/airflow/dags/daily_summary.py for tasks to queue
[2025-10-24T20:04:48.518+0000] {logging_mixin.py:188} INFO - [2025-10-24T20:04:48.518+0000] {dagbag.py:538} INFO - Filling up the DagBag from /opt/airflow/dags/daily_summary.py
[2025-10-24T20:04:48.567+0000] {processor.py:840} INFO - DAG(s) 'daily_summary' retrieved from /opt/airflow/dags/daily_summary.py
[2025-10-24T20:04:48.587+0000] {logging_mixin.py:188} INFO - [2025-10-24T20:04:48.587+0000] {dag.py:3036} INFO - Sync 1 DAGs
[2025-10-24T20:04:48.605+0000] {logging_mixin.py:188} INFO - [2025-10-24T20:04:48.604+0000] {dag.py:3823} INFO - Setting next_dagrun for daily_summary to 2025-10-23 00:00:00+00:00, run_after=2025-10-24 00:00:00+00:00
[2025-10-24T20:04:48.622+0000] {processor.py:183} INFO - Processing /opt/airflow/dags/daily_summary.py took 0.108 seconds
[2025-10-24T20:05:18.855+0000] {processor.py:161} INFO - Started process (PID=1051) to work on /opt/airflow/dags/daily_summary.py
[2025-10-24T20:05:18.856+0000] {processor.py:830} INFO - Processing file /opt/airflow/dags/daily_summary.py for tasks to queue
[2025-10-24T20:05:18.857+0000] {logging_mixin.py:188} INFO - [2025-10-24T20:05:18.856+0000] {dagbag.py:538} INFO - Filling up the DagBag from /opt/airflow/dags/daily_summary.py
[2025-10-24T20:05:18.911+0000] {processor.py:840} INFO - DAG(s) 'daily_summary' retrieved from /opt/airflow/dags/daily_summary.py
[2025-10-24T20:05:18.934+0000] {logging_mixin.py:188} INFO - [2025-10-24T20:05:18.934+0000] {dag.py:3036} INFO - Sync 1 DAGs
[2025-10-24T20:05:18.951+0000] {logging_mixin.py:188} INFO - [2025-10-24T20:05:18.951+0000] {dag.py:3823} INFO - Setting next_dagrun for daily_summary to 2025-10-23 00:00:00+00:00, run_after=2025-10-24 00:00:00+00:00
[2025-10-24T20:05:18.970+0000] {processor.py:183} INFO - Processing /opt/airflow/dags/daily_summary.py took 0.118 seconds
[2025-10-24T20:05:49.223+0000] {processor.py:161} INFO - Started process (PID=1056) to work on /opt/airflow/dags/daily_summary.py
[2025-10-24T20:05:49.224+0000] {processor.py:830} INFO - Processing file /opt/airflow/dags/daily_summary.py for tasks to queue
[2025-10-24T20:05:49.225+0000] {logging_mixin.py:188} INFO - [2025-10-24T20:05:49.225+0000] {dagbag.py:538} INFO - Filling up the DagBag from /opt/airflow/dags/daily_summary.py
[2025-10-24T20:05:49.277+0000] {processor.py:840} INFO - DAG(s) 'daily_summary' retrieved from /opt/airflow/dags/daily_summary.py
[2025-10-24T20:05:49.300+0000] {logging_mixin.py:188} INFO - [2025-10-24T20:05:49.300+0000] {dag.py:3036} INFO - Sync 1 DAGs
[2025-10-24T20:05:49.317+0000] {logging_mixin.py:188} INFO - [2025-10-24T20:05:49.317+0000] {dag.py:3823} INFO - Setting next_dagrun for daily_summary to 2025-10-23 00:00:00+00:00, run_after=2025-10-24 00:00:00+00:00
[2025-10-24T20:05:49.337+0000] {processor.py:183} INFO - Processing /opt/airflow/dags/daily_summary.py took 0.116 seconds
[2025-10-24T20:06:19.543+0000] {processor.py:161} INFO - Started process (PID=1061) to work on /opt/airflow/dags/daily_summary.py
[2025-10-24T20:06:19.544+0000] {processor.py:830} INFO - Processing file /opt/airflow/dags/daily_summary.py for tasks to queue
[2025-10-24T20:06:19.545+0000] {logging_mixin.py:188} INFO - [2025-10-24T20:06:19.544+0000] {dagbag.py:538} INFO - Filling up the DagBag from /opt/airflow/dags/daily_summary.py
[2025-10-24T20:06:19.601+0000] {processor.py:840} INFO - DAG(s) 'daily_summary' retrieved from /opt/airflow/dags/daily_summary.py
[2025-10-24T20:06:19.626+0000] {logging_mixin.py:188} INFO - [2025-10-24T20:06:19.626+0000] {dag.py:3036} INFO - Sync 1 DAGs
[2025-10-24T20:06:19.645+0000] {logging_mixin.py:188} INFO - [2025-10-24T20:06:19.645+0000] {dag.py:3823} INFO - Setting next_dagrun for daily_summary to 2025-10-23 00:00:00+00:00, run_after=2025-10-24 00:00:00+00:00
[2025-10-24T20:06:19.664+0000] {processor.py:183} INFO - Processing /opt/airflow/dags/daily_summary.py took 0.124 seconds
[2025-10-24T20:06:49.900+0000] {processor.py:161} INFO - Started process (PID=1066) to work on /opt/airflow/dags/daily_summary.py
[2025-10-24T20:06:49.901+0000] {processor.py:830} INFO - Processing file /opt/airflow/dags/daily_summary.py for tasks to queue
[2025-10-24T20:06:49.901+0000] {logging_mixin.py:188} INFO - [2025-10-24T20:06:49.901+0000] {dagbag.py:538} INFO - Filling up the DagBag from /opt/airflow/dags/daily_summary.py
[2025-10-24T20:06:49.957+0000] {processor.py:840} INFO - DAG(s) 'daily_summary' retrieved from /opt/airflow/dags/daily_summary.py
[2025-10-24T20:06:49.980+0000] {logging_mixin.py:188} INFO - [2025-10-24T20:06:49.980+0000] {dag.py:3036} INFO - Sync 1 DAGs
[2025-10-24T20:06:49.997+0000] {logging_mixin.py:188} INFO - [2025-10-24T20:06:49.997+0000] {dag.py:3823} INFO - Setting next_dagrun for daily_summary to 2025-10-23 00:00:00+00:00, run_after=2025-10-24 00:00:00+00:00
[2025-10-24T20:06:50.016+0000] {processor.py:183} INFO - Processing /opt/airflow/dags/daily_summary.py took 0.118 seconds
[2025-10-24T20:07:20.142+0000] {processor.py:161} INFO - Started process (PID=1071) to work on /opt/airflow/dags/daily_summary.py
[2025-10-24T20:07:20.143+0000] {processor.py:830} INFO - Processing file /opt/airflow/dags/daily_summary.py for tasks to queue
[2025-10-24T20:07:20.144+0000] {logging_mixin.py:188} INFO - [2025-10-24T20:07:20.143+0000] {dagbag.py:538} INFO - Filling up the DagBag from /opt/airflow/dags/daily_summary.py
[2025-10-24T20:07:20.199+0000] {processor.py:840} INFO - DAG(s) 'daily_summary' retrieved from /opt/airflow/dags/daily_summary.py
[2025-10-24T20:07:20.224+0000] {logging_mixin.py:188} INFO - [2025-10-24T20:07:20.224+0000] {dag.py:3036} INFO - Sync 1 DAGs
[2025-10-24T20:07:20.242+0000] {logging_mixin.py:188} INFO - [2025-10-24T20:07:20.241+0000] {dag.py:3823} INFO - Setting next_dagrun for daily_summary to 2025-10-23 00:00:00+00:00, run_after=2025-10-24 00:00:00+00:00
[2025-10-24T20:07:20.262+0000] {processor.py:183} INFO - Processing /opt/airflow/dags/daily_summary.py took 0.122 seconds
[2025-10-24T20:07:50.440+0000] {processor.py:161} INFO - Started process (PID=1076) to work on /opt/airflow/dags/daily_summary.py
[2025-10-24T20:07:50.441+0000] {processor.py:830} INFO - Processing file /opt/airflow/dags/daily_summary.py for tasks to queue
[2025-10-24T20:07:50.442+0000] {logging_mixin.py:188} INFO - [2025-10-24T20:07:50.442+0000] {dagbag.py:538} INFO - Filling up the DagBag from /opt/airflow/dags/daily_summary.py
[2025-10-24T20:07:50.492+0000] {processor.py:840} INFO - DAG(s) 'daily_summary' retrieved from /opt/airflow/dags/daily_summary.py
[2025-10-24T20:07:50.513+0000] {logging_mixin.py:188} INFO - [2025-10-24T20:07:50.512+0000] {dag.py:3036} INFO - Sync 1 DAGs
[2025-10-24T20:07:50.528+0000] {logging_mixin.py:188} INFO - [2025-10-24T20:07:50.528+0000] {dag.py:3823} INFO - Setting next_dagrun for daily_summary to 2025-10-23 00:00:00+00:00, run_after=2025-10-24 00:00:00+00:00
[2025-10-24T20:07:50.546+0000] {processor.py:183} INFO - Processing /opt/airflow/dags/daily_summary.py took 0.109 seconds
[2025-10-24T20:08:20.917+0000] {processor.py:161} INFO - Started process (PID=1081) to work on /opt/airflow/dags/daily_summary.py
[2025-10-24T20:08:20.917+0000] {processor.py:830} INFO - Processing file /opt/airflow/dags/daily_summary.py for tasks to queue
[2025-10-24T20:08:20.918+0000] {logging_mixin.py:188} INFO - [2025-10-24T20:08:20.918+0000] {dagbag.py:538} INFO - Filling up the DagBag from /opt/airflow/dags/daily_summary.py
[2025-10-24T20:08:20.974+0000] {processor.py:840} INFO - DAG(s) 'daily_summary' retrieved from /opt/airflow/dags/daily_summary.py
[2025-10-24T20:08:20.995+0000] {logging_mixin.py:188} INFO - [2025-10-24T20:08:20.995+0000] {dag.py:3036} INFO - Sync 1 DAGs
[2025-10-24T20:08:21.011+0000] {logging_mixin.py:188} INFO - [2025-10-24T20:08:21.011+0000] {dag.py:3823} INFO - Setting next_dagrun for daily_summary to 2025-10-23 00:00:00+00:00, run_after=2025-10-24 00:00:00+00:00
[2025-10-24T20:08:21.030+0000] {processor.py:183} INFO - Processing /opt/airflow/dags/daily_summary.py took 0.116 seconds
[2025-10-24T20:08:51.210+0000] {processor.py:161} INFO - Started process (PID=1086) to work on /opt/airflow/dags/daily_summary.py
[2025-10-24T20:08:51.211+0000] {processor.py:830} INFO - Processing file /opt/airflow/dags/daily_summary.py for tasks to queue
[2025-10-24T20:08:51.212+0000] {logging_mixin.py:188} INFO - [2025-10-24T20:08:51.212+0000] {dagbag.py:538} INFO - Filling up the DagBag from /opt/airflow/dags/daily_summary.py
[2025-10-24T20:08:51.264+0000] {processor.py:840} INFO - DAG(s) 'daily_summary' retrieved from /opt/airflow/dags/daily_summary.py
[2025-10-24T20:08:51.285+0000] {logging_mixin.py:188} INFO - [2025-10-24T20:08:51.285+0000] {dag.py:3036} INFO - Sync 1 DAGs
[2025-10-24T20:08:51.301+0000] {logging_mixin.py:188} INFO - [2025-10-24T20:08:51.301+0000] {dag.py:3823} INFO - Setting next_dagrun for daily_summary to 2025-10-23 00:00:00+00:00, run_after=2025-10-24 00:00:00+00:00
[2025-10-24T20:08:51.319+0000] {processor.py:183} INFO - Processing /opt/airflow/dags/daily_summary.py took 0.111 seconds
[2025-10-24T20:09:21.564+0000] {processor.py:161} INFO - Started process (PID=1091) to work on /opt/airflow/dags/daily_summary.py
[2025-10-24T20:09:21.565+0000] {processor.py:830} INFO - Processing file /opt/airflow/dags/daily_summary.py for tasks to queue
[2025-10-24T20:09:21.566+0000] {logging_mixin.py:188} INFO - [2025-10-24T20:09:21.565+0000] {dagbag.py:538} INFO - Filling up the DagBag from /opt/airflow/dags/daily_summary.py
[2025-10-24T20:09:21.617+0000] {processor.py:840} INFO - DAG(s) 'daily_summary' retrieved from /opt/airflow/dags/daily_summary.py
[2025-10-24T20:09:21.637+0000] {logging_mixin.py:188} INFO - [2025-10-24T20:09:21.637+0000] {dag.py:3036} INFO - Sync 1 DAGs
[2025-10-24T20:09:21.654+0000] {logging_mixin.py:188} INFO - [2025-10-24T20:09:21.653+0000] {dag.py:3823} INFO - Setting next_dagrun for daily_summary to 2025-10-23 00:00:00+00:00, run_after=2025-10-24 00:00:00+00:00
[2025-10-24T20:09:21.679+0000] {processor.py:183} INFO - Processing /opt/airflow/dags/daily_summary.py took 0.118 seconds
[2025-10-24T20:09:51.940+0000] {processor.py:161} INFO - Started process (PID=1096) to work on /opt/airflow/dags/daily_summary.py
[2025-10-24T20:09:51.940+0000] {processor.py:830} INFO - Processing file /opt/airflow/dags/daily_summary.py for tasks to queue
[2025-10-24T20:09:51.941+0000] {logging_mixin.py:188} INFO - [2025-10-24T20:09:51.941+0000] {dagbag.py:538} INFO - Filling up the DagBag from /opt/airflow/dags/daily_summary.py
[2025-10-24T20:09:51.991+0000] {processor.py:840} INFO - DAG(s) 'daily_summary' retrieved from /opt/airflow/dags/daily_summary.py
[2025-10-24T20:09:52.013+0000] {logging_mixin.py:188} INFO - [2025-10-24T20:09:52.013+0000] {dag.py:3036} INFO - Sync 1 DAGs
[2025-10-24T20:09:52.031+0000] {logging_mixin.py:188} INFO - [2025-10-24T20:09:52.031+0000] {dag.py:3823} INFO - Setting next_dagrun for daily_summary to 2025-10-23 00:00:00+00:00, run_after=2025-10-24 00:00:00+00:00
[2025-10-24T20:09:52.057+0000] {processor.py:183} INFO - Processing /opt/airflow/dags/daily_summary.py took 0.120 seconds
[2025-10-24T20:10:22.243+0000] {processor.py:161} INFO - Started process (PID=1101) to work on /opt/airflow/dags/daily_summary.py
[2025-10-24T20:10:22.244+0000] {processor.py:830} INFO - Processing file /opt/airflow/dags/daily_summary.py for tasks to queue
[2025-10-24T20:10:22.245+0000] {logging_mixin.py:188} INFO - [2025-10-24T20:10:22.244+0000] {dagbag.py:538} INFO - Filling up the DagBag from /opt/airflow/dags/daily_summary.py
[2025-10-24T20:10:22.297+0000] {processor.py:840} INFO - DAG(s) 'daily_summary' retrieved from /opt/airflow/dags/daily_summary.py
[2025-10-24T20:10:22.320+0000] {logging_mixin.py:188} INFO - [2025-10-24T20:10:22.320+0000] {dag.py:3036} INFO - Sync 1 DAGs
[2025-10-24T20:10:22.338+0000] {logging_mixin.py:188} INFO - [2025-10-24T20:10:22.338+0000] {dag.py:3823} INFO - Setting next_dagrun for daily_summary to 2025-10-23 00:00:00+00:00, run_after=2025-10-24 00:00:00+00:00
[2025-10-24T20:10:22.364+0000] {processor.py:183} INFO - Processing /opt/airflow/dags/daily_summary.py took 0.124 seconds
[2025-10-24T20:10:52.610+0000] {processor.py:161} INFO - Started process (PID=1106) to work on /opt/airflow/dags/daily_summary.py
[2025-10-24T20:10:52.611+0000] {processor.py:830} INFO - Processing file /opt/airflow/dags/daily_summary.py for tasks to queue
[2025-10-24T20:10:52.611+0000] {logging_mixin.py:188} INFO - [2025-10-24T20:10:52.611+0000] {dagbag.py:538} INFO - Filling up the DagBag from /opt/airflow/dags/daily_summary.py
[2025-10-24T20:10:52.662+0000] {processor.py:840} INFO - DAG(s) 'daily_summary' retrieved from /opt/airflow/dags/daily_summary.py
[2025-10-24T20:10:52.685+0000] {logging_mixin.py:188} INFO - [2025-10-24T20:10:52.684+0000] {dag.py:3036} INFO - Sync 1 DAGs
[2025-10-24T20:10:52.702+0000] {logging_mixin.py:188} INFO - [2025-10-24T20:10:52.702+0000] {dag.py:3823} INFO - Setting next_dagrun for daily_summary to 2025-10-23 00:00:00+00:00, run_after=2025-10-24 00:00:00+00:00
[2025-10-24T20:10:52.730+0000] {processor.py:183} INFO - Processing /opt/airflow/dags/daily_summary.py took 0.122 seconds
[2025-10-24T20:11:22.924+0000] {processor.py:161} INFO - Started process (PID=1111) to work on /opt/airflow/dags/daily_summary.py
[2025-10-24T20:11:22.925+0000] {processor.py:830} INFO - Processing file /opt/airflow/dags/daily_summary.py for tasks to queue
[2025-10-24T20:11:22.926+0000] {logging_mixin.py:188} INFO - [2025-10-24T20:11:22.926+0000] {dagbag.py:538} INFO - Filling up the DagBag from /opt/airflow/dags/daily_summary.py
[2025-10-24T20:11:22.979+0000] {processor.py:840} INFO - DAG(s) 'daily_summary' retrieved from /opt/airflow/dags/daily_summary.py
[2025-10-24T20:11:23.005+0000] {logging_mixin.py:188} INFO - [2025-10-24T20:11:23.004+0000] {dag.py:3036} INFO - Sync 1 DAGs
[2025-10-24T20:11:23.022+0000] {logging_mixin.py:188} INFO - [2025-10-24T20:11:23.022+0000] {dag.py:3823} INFO - Setting next_dagrun for daily_summary to 2025-10-23 00:00:00+00:00, run_after=2025-10-24 00:00:00+00:00
[2025-10-24T20:11:23.050+0000] {processor.py:183} INFO - Processing /opt/airflow/dags/daily_summary.py took 0.128 seconds
[2025-10-24T20:11:53.334+0000] {processor.py:161} INFO - Started process (PID=1116) to work on /opt/airflow/dags/daily_summary.py
[2025-10-24T20:11:53.334+0000] {processor.py:830} INFO - Processing file /opt/airflow/dags/daily_summary.py for tasks to queue
[2025-10-24T20:11:53.335+0000] {logging_mixin.py:188} INFO - [2025-10-24T20:11:53.335+0000] {dagbag.py:538} INFO - Filling up the DagBag from /opt/airflow/dags/daily_summary.py
[2025-10-24T20:11:53.386+0000] {processor.py:840} INFO - DAG(s) 'daily_summary' retrieved from /opt/airflow/dags/daily_summary.py
[2025-10-24T20:11:53.407+0000] {logging_mixin.py:188} INFO - [2025-10-24T20:11:53.407+0000] {dag.py:3036} INFO - Sync 1 DAGs
[2025-10-24T20:11:53.425+0000] {logging_mixin.py:188} INFO - [2025-10-24T20:11:53.425+0000] {dag.py:3823} INFO - Setting next_dagrun for daily_summary to 2025-10-23 00:00:00+00:00, run_after=2025-10-24 00:00:00+00:00
[2025-10-24T20:11:53.453+0000] {processor.py:183} INFO - Processing /opt/airflow/dags/daily_summary.py took 0.122 seconds
[2025-10-24T20:12:23.688+0000] {processor.py:161} INFO - Started process (PID=1121) to work on /opt/airflow/dags/daily_summary.py
[2025-10-24T20:12:23.688+0000] {processor.py:830} INFO - Processing file /opt/airflow/dags/daily_summary.py for tasks to queue
[2025-10-24T20:12:23.689+0000] {logging_mixin.py:188} INFO - [2025-10-24T20:12:23.689+0000] {dagbag.py:538} INFO - Filling up the DagBag from /opt/airflow/dags/daily_summary.py
[2025-10-24T20:12:23.740+0000] {processor.py:840} INFO - DAG(s) 'daily_summary' retrieved from /opt/airflow/dags/daily_summary.py
[2025-10-24T20:12:23.760+0000] {logging_mixin.py:188} INFO - [2025-10-24T20:12:23.760+0000] {dag.py:3036} INFO - Sync 1 DAGs
[2025-10-24T20:12:23.776+0000] {logging_mixin.py:188} INFO - [2025-10-24T20:12:23.776+0000] {dag.py:3823} INFO - Setting next_dagrun for daily_summary to 2025-10-23 00:00:00+00:00, run_after=2025-10-24 00:00:00+00:00
[2025-10-24T20:12:23.794+0000] {processor.py:183} INFO - Processing /opt/airflow/dags/daily_summary.py took 0.109 seconds
[2025-10-24T20:12:54.079+0000] {processor.py:161} INFO - Started process (PID=1126) to work on /opt/airflow/dags/daily_summary.py
[2025-10-24T20:12:54.080+0000] {processor.py:830} INFO - Processing file /opt/airflow/dags/daily_summary.py for tasks to queue
[2025-10-24T20:12:54.081+0000] {logging_mixin.py:188} INFO - [2025-10-24T20:12:54.080+0000] {dagbag.py:538} INFO - Filling up the DagBag from /opt/airflow/dags/daily_summary.py
[2025-10-24T20:12:54.130+0000] {processor.py:840} INFO - DAG(s) 'daily_summary' retrieved from /opt/airflow/dags/daily_summary.py
[2025-10-24T20:12:54.151+0000] {logging_mixin.py:188} INFO - [2025-10-24T20:12:54.151+0000] {dag.py:3036} INFO - Sync 1 DAGs
[2025-10-24T20:12:54.167+0000] {logging_mixin.py:188} INFO - [2025-10-24T20:12:54.167+0000] {dag.py:3823} INFO - Setting next_dagrun for daily_summary to 2025-10-23 00:00:00+00:00, run_after=2025-10-24 00:00:00+00:00
[2025-10-24T20:12:54.186+0000] {processor.py:183} INFO - Processing /opt/airflow/dags/daily_summary.py took 0.109 seconds
[2025-10-24T20:13:24.358+0000] {processor.py:161} INFO - Started process (PID=1131) to work on /opt/airflow/dags/daily_summary.py
[2025-10-24T20:13:24.359+0000] {processor.py:830} INFO - Processing file /opt/airflow/dags/daily_summary.py for tasks to queue
[2025-10-24T20:13:24.360+0000] {logging_mixin.py:188} INFO - [2025-10-24T20:13:24.360+0000] {dagbag.py:538} INFO - Filling up the DagBag from /opt/airflow/dags/daily_summary.py
[2025-10-24T20:13:24.412+0000] {processor.py:840} INFO - DAG(s) 'daily_summary' retrieved from /opt/airflow/dags/daily_summary.py
[2025-10-24T20:13:24.432+0000] {logging_mixin.py:188} INFO - [2025-10-24T20:13:24.432+0000] {dag.py:3036} INFO - Sync 1 DAGs
[2025-10-24T20:13:24.448+0000] {logging_mixin.py:188} INFO - [2025-10-24T20:13:24.447+0000] {dag.py:3823} INFO - Setting next_dagrun for daily_summary to 2025-10-23 00:00:00+00:00, run_after=2025-10-24 00:00:00+00:00
[2025-10-24T20:13:24.465+0000] {processor.py:183} INFO - Processing /opt/airflow/dags/daily_summary.py took 0.109 seconds
[2025-10-24T20:13:54.674+0000] {processor.py:161} INFO - Started process (PID=1136) to work on /opt/airflow/dags/daily_summary.py
[2025-10-24T20:13:54.675+0000] {processor.py:830} INFO - Processing file /opt/airflow/dags/daily_summary.py for tasks to queue
[2025-10-24T20:13:54.676+0000] {logging_mixin.py:188} INFO - [2025-10-24T20:13:54.676+0000] {dagbag.py:538} INFO - Filling up the DagBag from /opt/airflow/dags/daily_summary.py
[2025-10-24T20:13:54.730+0000] {processor.py:840} INFO - DAG(s) 'daily_summary' retrieved from /opt/airflow/dags/daily_summary.py
[2025-10-24T20:13:54.751+0000] {logging_mixin.py:188} INFO - [2025-10-24T20:13:54.751+0000] {dag.py:3036} INFO - Sync 1 DAGs
[2025-10-24T20:13:54.767+0000] {logging_mixin.py:188} INFO - [2025-10-24T20:13:54.767+0000] {dag.py:3823} INFO - Setting next_dagrun for daily_summary to 2025-10-23 00:00:00+00:00, run_after=2025-10-24 00:00:00+00:00
[2025-10-24T20:13:54.784+0000] {processor.py:183} INFO - Processing /opt/airflow/dags/daily_summary.py took 0.113 seconds
[2025-10-24T20:14:25.099+0000] {processor.py:161} INFO - Started process (PID=1141) to work on /opt/airflow/dags/daily_summary.py
[2025-10-24T20:14:25.100+0000] {processor.py:830} INFO - Processing file /opt/airflow/dags/daily_summary.py for tasks to queue
[2025-10-24T20:14:25.101+0000] {logging_mixin.py:188} INFO - [2025-10-24T20:14:25.100+0000] {dagbag.py:538} INFO - Filling up the DagBag from /opt/airflow/dags/daily_summary.py
[2025-10-24T20:14:25.151+0000] {processor.py:840} INFO - DAG(s) 'daily_summary' retrieved from /opt/airflow/dags/daily_summary.py
[2025-10-24T20:14:25.171+0000] {logging_mixin.py:188} INFO - [2025-10-24T20:14:25.171+0000] {dag.py:3036} INFO - Sync 1 DAGs
[2025-10-24T20:14:25.187+0000] {logging_mixin.py:188} INFO - [2025-10-24T20:14:25.187+0000] {dag.py:3823} INFO - Setting next_dagrun for daily_summary to 2025-10-23 00:00:00+00:00, run_after=2025-10-24 00:00:00+00:00
[2025-10-24T20:14:25.206+0000] {processor.py:183} INFO - Processing /opt/airflow/dags/daily_summary.py took 0.109 seconds
[2025-10-24T20:14:55.414+0000] {processor.py:161} INFO - Started process (PID=1146) to work on /opt/airflow/dags/daily_summary.py
[2025-10-24T20:14:55.415+0000] {processor.py:830} INFO - Processing file /opt/airflow/dags/daily_summary.py for tasks to queue
[2025-10-24T20:14:55.416+0000] {logging_mixin.py:188} INFO - [2025-10-24T20:14:55.416+0000] {dagbag.py:538} INFO - Filling up the DagBag from /opt/airflow/dags/daily_summary.py
[2025-10-24T20:14:55.468+0000] {processor.py:840} INFO - DAG(s) 'daily_summary' retrieved from /opt/airflow/dags/daily_summary.py
[2025-10-24T20:14:55.489+0000] {logging_mixin.py:188} INFO - [2025-10-24T20:14:55.489+0000] {dag.py:3036} INFO - Sync 1 DAGs
[2025-10-24T20:14:55.506+0000] {logging_mixin.py:188} INFO - [2025-10-24T20:14:55.506+0000] {dag.py:3823} INFO - Setting next_dagrun for daily_summary to 2025-10-23 00:00:00+00:00, run_after=2025-10-24 00:00:00+00:00
[2025-10-24T20:14:55.523+0000] {processor.py:183} INFO - Processing /opt/airflow/dags/daily_summary.py took 0.113 seconds
[2025-10-24T20:15:25.863+0000] {processor.py:161} INFO - Started process (PID=1151) to work on /opt/airflow/dags/daily_summary.py
[2025-10-24T20:15:25.864+0000] {processor.py:830} INFO - Processing file /opt/airflow/dags/daily_summary.py for tasks to queue
[2025-10-24T20:15:25.865+0000] {logging_mixin.py:188} INFO - [2025-10-24T20:15:25.864+0000] {dagbag.py:538} INFO - Filling up the DagBag from /opt/airflow/dags/daily_summary.py
[2025-10-24T20:15:25.924+0000] {processor.py:840} INFO - DAG(s) 'daily_summary' retrieved from /opt/airflow/dags/daily_summary.py
[2025-10-24T20:15:25.947+0000] {logging_mixin.py:188} INFO - [2025-10-24T20:15:25.947+0000] {dag.py:3036} INFO - Sync 1 DAGs
[2025-10-24T20:15:25.965+0000] {logging_mixin.py:188} INFO - [2025-10-24T20:15:25.965+0000] {dag.py:3823} INFO - Setting next_dagrun for daily_summary to 2025-10-23 00:00:00+00:00, run_after=2025-10-24 00:00:00+00:00
[2025-10-24T20:15:25.995+0000] {processor.py:183} INFO - Processing /opt/airflow/dags/daily_summary.py took 0.135 seconds
[2025-10-24T20:15:56.199+0000] {processor.py:161} INFO - Started process (PID=1156) to work on /opt/airflow/dags/daily_summary.py
[2025-10-24T20:15:56.200+0000] {processor.py:830} INFO - Processing file /opt/airflow/dags/daily_summary.py for tasks to queue
[2025-10-24T20:15:56.201+0000] {logging_mixin.py:188} INFO - [2025-10-24T20:15:56.201+0000] {dagbag.py:538} INFO - Filling up the DagBag from /opt/airflow/dags/daily_summary.py
[2025-10-24T20:15:56.257+0000] {processor.py:840} INFO - DAG(s) 'daily_summary' retrieved from /opt/airflow/dags/daily_summary.py
[2025-10-24T20:15:56.282+0000] {logging_mixin.py:188} INFO - [2025-10-24T20:15:56.282+0000] {dag.py:3036} INFO - Sync 1 DAGs
[2025-10-24T20:15:56.301+0000] {logging_mixin.py:188} INFO - [2025-10-24T20:15:56.301+0000] {dag.py:3823} INFO - Setting next_dagrun for daily_summary to 2025-10-23 00:00:00+00:00, run_after=2025-10-24 00:00:00+00:00
[2025-10-24T20:15:56.319+0000] {processor.py:183} INFO - Processing /opt/airflow/dags/daily_summary.py took 0.123 seconds
[2025-10-24T20:16:26.608+0000] {processor.py:161} INFO - Started process (PID=1161) to work on /opt/airflow/dags/daily_summary.py
[2025-10-24T20:16:26.609+0000] {processor.py:830} INFO - Processing file /opt/airflow/dags/daily_summary.py for tasks to queue
[2025-10-24T20:16:26.610+0000] {logging_mixin.py:188} INFO - [2025-10-24T20:16:26.610+0000] {dagbag.py:538} INFO - Filling up the DagBag from /opt/airflow/dags/daily_summary.py
[2025-10-24T20:16:26.662+0000] {processor.py:840} INFO - DAG(s) 'daily_summary' retrieved from /opt/airflow/dags/daily_summary.py
[2025-10-24T20:16:26.684+0000] {logging_mixin.py:188} INFO - [2025-10-24T20:16:26.684+0000] {dag.py:3036} INFO - Sync 1 DAGs
[2025-10-24T20:16:26.701+0000] {logging_mixin.py:188} INFO - [2025-10-24T20:16:26.701+0000] {dag.py:3823} INFO - Setting next_dagrun for daily_summary to 2025-10-23 00:00:00+00:00, run_after=2025-10-24 00:00:00+00:00
[2025-10-24T20:16:26.720+0000] {processor.py:183} INFO - Processing /opt/airflow/dags/daily_summary.py took 0.114 seconds
[2025-10-24T20:16:56.965+0000] {processor.py:161} INFO - Started process (PID=1166) to work on /opt/airflow/dags/daily_summary.py
[2025-10-24T20:16:56.966+0000] {processor.py:830} INFO - Processing file /opt/airflow/dags/daily_summary.py for tasks to queue
[2025-10-24T20:16:56.967+0000] {logging_mixin.py:188} INFO - [2025-10-24T20:16:56.967+0000] {dagbag.py:538} INFO - Filling up the DagBag from /opt/airflow/dags/daily_summary.py
[2025-10-24T20:16:57.025+0000] {processor.py:840} INFO - DAG(s) 'daily_summary' retrieved from /opt/airflow/dags/daily_summary.py
[2025-10-24T20:16:57.046+0000] {logging_mixin.py:188} INFO - [2025-10-24T20:16:57.046+0000] {dag.py:3036} INFO - Sync 1 DAGs
[2025-10-24T20:16:57.064+0000] {logging_mixin.py:188} INFO - [2025-10-24T20:16:57.064+0000] {dag.py:3823} INFO - Setting next_dagrun for daily_summary to 2025-10-23 00:00:00+00:00, run_after=2025-10-24 00:00:00+00:00
[2025-10-24T20:16:57.093+0000] {processor.py:183} INFO - Processing /opt/airflow/dags/daily_summary.py took 0.130 seconds
[2025-10-24T20:17:27.371+0000] {processor.py:161} INFO - Started process (PID=1171) to work on /opt/airflow/dags/daily_summary.py
[2025-10-24T20:17:27.372+0000] {processor.py:830} INFO - Processing file /opt/airflow/dags/daily_summary.py for tasks to queue
[2025-10-24T20:17:27.373+0000] {logging_mixin.py:188} INFO - [2025-10-24T20:17:27.372+0000] {dagbag.py:538} INFO - Filling up the DagBag from /opt/airflow/dags/daily_summary.py
[2025-10-24T20:17:27.427+0000] {processor.py:840} INFO - DAG(s) 'daily_summary' retrieved from /opt/airflow/dags/daily_summary.py
[2025-10-24T20:17:27.447+0000] {logging_mixin.py:188} INFO - [2025-10-24T20:17:27.446+0000] {dag.py:3036} INFO - Sync 1 DAGs
[2025-10-24T20:17:27.463+0000] {logging_mixin.py:188} INFO - [2025-10-24T20:17:27.463+0000] {dag.py:3823} INFO - Setting next_dagrun for daily_summary to 2025-10-23 00:00:00+00:00, run_after=2025-10-24 00:00:00+00:00
[2025-10-24T20:17:27.481+0000] {processor.py:183} INFO - Processing /opt/airflow/dags/daily_summary.py took 0.112 seconds
[2025-10-24T20:17:57.663+0000] {processor.py:161} INFO - Started process (PID=1176) to work on /opt/airflow/dags/daily_summary.py
[2025-10-24T20:17:57.664+0000] {processor.py:830} INFO - Processing file /opt/airflow/dags/daily_summary.py for tasks to queue
[2025-10-24T20:17:57.665+0000] {logging_mixin.py:188} INFO - [2025-10-24T20:17:57.664+0000] {dagbag.py:538} INFO - Filling up the DagBag from /opt/airflow/dags/daily_summary.py
[2025-10-24T20:17:57.716+0000] {processor.py:840} INFO - DAG(s) 'daily_summary' retrieved from /opt/airflow/dags/daily_summary.py
[2025-10-24T20:17:57.736+0000] {logging_mixin.py:188} INFO - [2025-10-24T20:17:57.736+0000] {dag.py:3036} INFO - Sync 1 DAGs
[2025-10-24T20:17:57.753+0000] {logging_mixin.py:188} INFO - [2025-10-24T20:17:57.753+0000] {dag.py:3823} INFO - Setting next_dagrun for daily_summary to 2025-10-23 00:00:00+00:00, run_after=2025-10-24 00:00:00+00:00
[2025-10-24T20:17:57.773+0000] {processor.py:183} INFO - Processing /opt/airflow/dags/daily_summary.py took 0.113 seconds
[2025-10-24T20:18:28.045+0000] {processor.py:161} INFO - Started process (PID=1181) to work on /opt/airflow/dags/daily_summary.py
[2025-10-24T20:18:28.045+0000] {processor.py:830} INFO - Processing file /opt/airflow/dags/daily_summary.py for tasks to queue
[2025-10-24T20:18:28.046+0000] {logging_mixin.py:188} INFO - [2025-10-24T20:18:28.046+0000] {dagbag.py:538} INFO - Filling up the DagBag from /opt/airflow/dags/daily_summary.py
[2025-10-24T20:18:28.098+0000] {processor.py:840} INFO - DAG(s) 'daily_summary' retrieved from /opt/airflow/dags/daily_summary.py
[2025-10-24T20:18:28.118+0000] {logging_mixin.py:188} INFO - [2025-10-24T20:18:28.118+0000] {dag.py:3036} INFO - Sync 1 DAGs
[2025-10-24T20:18:28.134+0000] {logging_mixin.py:188} INFO - [2025-10-24T20:18:28.134+0000] {dag.py:3823} INFO - Setting next_dagrun for daily_summary to 2025-10-23 00:00:00+00:00, run_after=2025-10-24 00:00:00+00:00
[2025-10-24T20:18:28.152+0000] {processor.py:183} INFO - Processing /opt/airflow/dags/daily_summary.py took 0.110 seconds
[2025-10-24T20:18:58.360+0000] {processor.py:161} INFO - Started process (PID=1186) to work on /opt/airflow/dags/daily_summary.py
[2025-10-24T20:18:58.361+0000] {processor.py:830} INFO - Processing file /opt/airflow/dags/daily_summary.py for tasks to queue
[2025-10-24T20:18:58.362+0000] {logging_mixin.py:188} INFO - [2025-10-24T20:18:58.361+0000] {dagbag.py:538} INFO - Filling up the DagBag from /opt/airflow/dags/daily_summary.py
[2025-10-24T20:18:58.412+0000] {processor.py:840} INFO - DAG(s) 'daily_summary' retrieved from /opt/airflow/dags/daily_summary.py
[2025-10-24T20:18:58.432+0000] {logging_mixin.py:188} INFO - [2025-10-24T20:18:58.432+0000] {dag.py:3036} INFO - Sync 1 DAGs
[2025-10-24T20:18:58.449+0000] {logging_mixin.py:188} INFO - [2025-10-24T20:18:58.448+0000] {dag.py:3823} INFO - Setting next_dagrun for daily_summary to 2025-10-23 00:00:00+00:00, run_after=2025-10-24 00:00:00+00:00
[2025-10-24T20:18:58.473+0000] {processor.py:183} INFO - Processing /opt/airflow/dags/daily_summary.py took 0.116 seconds
[2025-10-24T20:19:28.748+0000] {processor.py:161} INFO - Started process (PID=1191) to work on /opt/airflow/dags/daily_summary.py
[2025-10-24T20:19:28.749+0000] {processor.py:830} INFO - Processing file /opt/airflow/dags/daily_summary.py for tasks to queue
[2025-10-24T20:19:28.749+0000] {logging_mixin.py:188} INFO - [2025-10-24T20:19:28.749+0000] {dagbag.py:538} INFO - Filling up the DagBag from /opt/airflow/dags/daily_summary.py
[2025-10-24T20:19:28.800+0000] {processor.py:840} INFO - DAG(s) 'daily_summary' retrieved from /opt/airflow/dags/daily_summary.py
[2025-10-24T20:19:28.822+0000] {logging_mixin.py:188} INFO - [2025-10-24T20:19:28.822+0000] {dag.py:3036} INFO - Sync 1 DAGs
[2025-10-24T20:19:28.839+0000] {logging_mixin.py:188} INFO - [2025-10-24T20:19:28.839+0000] {dag.py:3823} INFO - Setting next_dagrun for daily_summary to 2025-10-23 00:00:00+00:00, run_after=2025-10-24 00:00:00+00:00
[2025-10-24T20:19:28.863+0000] {processor.py:183} INFO - Processing /opt/airflow/dags/daily_summary.py took 0.117 seconds
[2025-10-24T20:19:59.047+0000] {processor.py:161} INFO - Started process (PID=1196) to work on /opt/airflow/dags/daily_summary.py
[2025-10-24T20:19:59.048+0000] {processor.py:830} INFO - Processing file /opt/airflow/dags/daily_summary.py for tasks to queue
[2025-10-24T20:19:59.048+0000] {logging_mixin.py:188} INFO - [2025-10-24T20:19:59.048+0000] {dagbag.py:538} INFO - Filling up the DagBag from /opt/airflow/dags/daily_summary.py
[2025-10-24T20:19:59.100+0000] {processor.py:840} INFO - DAG(s) 'daily_summary' retrieved from /opt/airflow/dags/daily_summary.py
[2025-10-24T20:19:59.125+0000] {logging_mixin.py:188} INFO - [2025-10-24T20:19:59.125+0000] {dag.py:3036} INFO - Sync 1 DAGs
[2025-10-24T20:19:59.143+0000] {logging_mixin.py:188} INFO - [2025-10-24T20:19:59.143+0000] {dag.py:3823} INFO - Setting next_dagrun for daily_summary to 2025-10-23 00:00:00+00:00, run_after=2025-10-24 00:00:00+00:00
[2025-10-24T20:19:59.161+0000] {processor.py:183} INFO - Processing /opt/airflow/dags/daily_summary.py took 0.117 seconds
[2025-10-24T20:20:29.473+0000] {processor.py:161} INFO - Started process (PID=1201) to work on /opt/airflow/dags/daily_summary.py
[2025-10-24T20:20:29.473+0000] {processor.py:830} INFO - Processing file /opt/airflow/dags/daily_summary.py for tasks to queue
[2025-10-24T20:20:29.474+0000] {logging_mixin.py:188} INFO - [2025-10-24T20:20:29.474+0000] {dagbag.py:538} INFO - Filling up the DagBag from /opt/airflow/dags/daily_summary.py
[2025-10-24T20:20:29.529+0000] {processor.py:840} INFO - DAG(s) 'daily_summary' retrieved from /opt/airflow/dags/daily_summary.py
[2025-10-24T20:20:29.554+0000] {logging_mixin.py:188} INFO - [2025-10-24T20:20:29.553+0000] {dag.py:3036} INFO - Sync 1 DAGs
[2025-10-24T20:20:29.573+0000] {logging_mixin.py:188} INFO - [2025-10-24T20:20:29.573+0000] {dag.py:3823} INFO - Setting next_dagrun for daily_summary to 2025-10-23 00:00:00+00:00, run_after=2025-10-24 00:00:00+00:00
[2025-10-24T20:20:29.591+0000] {processor.py:183} INFO - Processing /opt/airflow/dags/daily_summary.py took 0.121 seconds
[2025-10-24T20:20:59.812+0000] {processor.py:161} INFO - Started process (PID=1206) to work on /opt/airflow/dags/daily_summary.py
[2025-10-24T20:20:59.813+0000] {processor.py:830} INFO - Processing file /opt/airflow/dags/daily_summary.py for tasks to queue
[2025-10-24T20:20:59.814+0000] {logging_mixin.py:188} INFO - [2025-10-24T20:20:59.813+0000] {dagbag.py:538} INFO - Filling up the DagBag from /opt/airflow/dags/daily_summary.py
[2025-10-24T20:20:59.865+0000] {processor.py:840} INFO - DAG(s) 'daily_summary' retrieved from /opt/airflow/dags/daily_summary.py
[2025-10-24T20:20:59.887+0000] {logging_mixin.py:188} INFO - [2025-10-24T20:20:59.887+0000] {dag.py:3036} INFO - Sync 1 DAGs
[2025-10-24T20:20:59.903+0000] {logging_mixin.py:188} INFO - [2025-10-24T20:20:59.903+0000] {dag.py:3823} INFO - Setting next_dagrun for daily_summary to 2025-10-23 00:00:00+00:00, run_after=2025-10-24 00:00:00+00:00
[2025-10-24T20:20:59.918+0000] {processor.py:183} INFO - Processing /opt/airflow/dags/daily_summary.py took 0.109 seconds
[2025-10-24T20:21:30.238+0000] {processor.py:161} INFO - Started process (PID=1211) to work on /opt/airflow/dags/daily_summary.py
[2025-10-24T20:21:30.239+0000] {processor.py:830} INFO - Processing file /opt/airflow/dags/daily_summary.py for tasks to queue
[2025-10-24T20:21:30.240+0000] {logging_mixin.py:188} INFO - [2025-10-24T20:21:30.240+0000] {dagbag.py:538} INFO - Filling up the DagBag from /opt/airflow/dags/daily_summary.py
[2025-10-24T20:21:30.298+0000] {processor.py:840} INFO - DAG(s) 'daily_summary' retrieved from /opt/airflow/dags/daily_summary.py
[2025-10-24T20:21:30.325+0000] {logging_mixin.py:188} INFO - [2025-10-24T20:21:30.325+0000] {dag.py:3036} INFO - Sync 1 DAGs
[2025-10-24T20:21:30.345+0000] {logging_mixin.py:188} INFO - [2025-10-24T20:21:30.345+0000] {dag.py:3823} INFO - Setting next_dagrun for daily_summary to 2025-10-23 00:00:00+00:00, run_after=2025-10-24 00:00:00+00:00
[2025-10-24T20:21:30.366+0000] {processor.py:183} INFO - Processing /opt/airflow/dags/daily_summary.py took 0.131 seconds
[2025-10-24T20:22:00.586+0000] {processor.py:161} INFO - Started process (PID=1216) to work on /opt/airflow/dags/daily_summary.py
[2025-10-24T20:22:00.587+0000] {processor.py:830} INFO - Processing file /opt/airflow/dags/daily_summary.py for tasks to queue
[2025-10-24T20:22:00.588+0000] {logging_mixin.py:188} INFO - [2025-10-24T20:22:00.587+0000] {dagbag.py:538} INFO - Filling up the DagBag from /opt/airflow/dags/daily_summary.py
[2025-10-24T20:22:00.639+0000] {processor.py:840} INFO - DAG(s) 'daily_summary' retrieved from /opt/airflow/dags/daily_summary.py
[2025-10-24T20:22:00.659+0000] {logging_mixin.py:188} INFO - [2025-10-24T20:22:00.659+0000] {dag.py:3036} INFO - Sync 1 DAGs
[2025-10-24T20:22:00.676+0000] {logging_mixin.py:188} INFO - [2025-10-24T20:22:00.676+0000] {dag.py:3823} INFO - Setting next_dagrun for daily_summary to 2025-10-23 00:00:00+00:00, run_after=2025-10-24 00:00:00+00:00
[2025-10-24T20:22:00.694+0000] {processor.py:183} INFO - Processing /opt/airflow/dags/daily_summary.py took 0.111 seconds
[2025-10-24T20:22:30.996+0000] {processor.py:161} INFO - Started process (PID=1221) to work on /opt/airflow/dags/daily_summary.py
[2025-10-24T20:22:30.997+0000] {processor.py:830} INFO - Processing file /opt/airflow/dags/daily_summary.py for tasks to queue
[2025-10-24T20:22:30.998+0000] {logging_mixin.py:188} INFO - [2025-10-24T20:22:30.998+0000] {dagbag.py:538} INFO - Filling up the DagBag from /opt/airflow/dags/daily_summary.py
[2025-10-24T20:22:31.049+0000] {processor.py:840} INFO - DAG(s) 'daily_summary' retrieved from /opt/airflow/dags/daily_summary.py
[2025-10-24T20:22:31.090+0000] {logging_mixin.py:188} INFO - [2025-10-24T20:22:31.090+0000] {dag.py:3036} INFO - Sync 1 DAGs
[2025-10-24T20:22:31.108+0000] {logging_mixin.py:188} INFO - [2025-10-24T20:22:31.108+0000] {dag.py:3823} INFO - Setting next_dagrun for daily_summary to 2025-10-23 00:00:00+00:00, run_after=2025-10-24 00:00:00+00:00
[2025-10-24T20:22:31.127+0000] {processor.py:183} INFO - Processing /opt/airflow/dags/daily_summary.py took 0.133 seconds
[2025-10-24T20:23:01.352+0000] {processor.py:161} INFO - Started process (PID=1226) to work on /opt/airflow/dags/daily_summary.py
[2025-10-24T20:23:01.353+0000] {processor.py:830} INFO - Processing file /opt/airflow/dags/daily_summary.py for tasks to queue
[2025-10-24T20:23:01.354+0000] {logging_mixin.py:188} INFO - [2025-10-24T20:23:01.354+0000] {dagbag.py:538} INFO - Filling up the DagBag from /opt/airflow/dags/daily_summary.py
[2025-10-24T20:23:01.403+0000] {processor.py:840} INFO - DAG(s) 'daily_summary' retrieved from /opt/airflow/dags/daily_summary.py
[2025-10-24T20:23:01.425+0000] {logging_mixin.py:188} INFO - [2025-10-24T20:23:01.425+0000] {dag.py:3036} INFO - Sync 1 DAGs
[2025-10-24T20:23:01.444+0000] {logging_mixin.py:188} INFO - [2025-10-24T20:23:01.444+0000] {dag.py:3823} INFO - Setting next_dagrun for daily_summary to 2025-10-23 00:00:00+00:00, run_after=2025-10-24 00:00:00+00:00
[2025-10-24T20:23:01.464+0000] {processor.py:183} INFO - Processing /opt/airflow/dags/daily_summary.py took 0.114 seconds
[2025-10-24T20:23:31.757+0000] {processor.py:161} INFO - Started process (PID=1231) to work on /opt/airflow/dags/daily_summary.py
[2025-10-24T20:23:31.758+0000] {processor.py:830} INFO - Processing file /opt/airflow/dags/daily_summary.py for tasks to queue
[2025-10-24T20:23:31.759+0000] {logging_mixin.py:188} INFO - [2025-10-24T20:23:31.758+0000] {dagbag.py:538} INFO - Filling up the DagBag from /opt/airflow/dags/daily_summary.py
[2025-10-24T20:23:31.810+0000] {processor.py:840} INFO - DAG(s) 'daily_summary' retrieved from /opt/airflow/dags/daily_summary.py
[2025-10-24T20:23:31.833+0000] {logging_mixin.py:188} INFO - [2025-10-24T20:23:31.833+0000] {dag.py:3036} INFO - Sync 1 DAGs
[2025-10-24T20:23:31.851+0000] {logging_mixin.py:188} INFO - [2025-10-24T20:23:31.851+0000] {dag.py:3823} INFO - Setting next_dagrun for daily_summary to 2025-10-23 00:00:00+00:00, run_after=2025-10-24 00:00:00+00:00
[2025-10-24T20:23:31.869+0000] {processor.py:183} INFO - Processing /opt/airflow/dags/daily_summary.py took 0.114 seconds
[2025-10-24T20:24:02.040+0000] {processor.py:161} INFO - Started process (PID=1236) to work on /opt/airflow/dags/daily_summary.py
[2025-10-24T20:24:02.041+0000] {processor.py:830} INFO - Processing file /opt/airflow/dags/daily_summary.py for tasks to queue
[2025-10-24T20:24:02.041+0000] {logging_mixin.py:188} INFO - [2025-10-24T20:24:02.041+0000] {dagbag.py:538} INFO - Filling up the DagBag from /opt/airflow/dags/daily_summary.py
[2025-10-24T20:24:02.093+0000] {processor.py:840} INFO - DAG(s) 'daily_summary' retrieved from /opt/airflow/dags/daily_summary.py
[2025-10-24T20:24:02.116+0000] {logging_mixin.py:188} INFO - [2025-10-24T20:24:02.115+0000] {dag.py:3036} INFO - Sync 1 DAGs
[2025-10-24T20:24:02.131+0000] {logging_mixin.py:188} INFO - [2025-10-24T20:24:02.131+0000] {dag.py:3823} INFO - Setting next_dagrun for daily_summary to 2025-10-23 00:00:00+00:00, run_after=2025-10-24 00:00:00+00:00
[2025-10-24T20:24:02.150+0000] {processor.py:183} INFO - Processing /opt/airflow/dags/daily_summary.py took 0.113 seconds
[2025-10-24T20:24:32.354+0000] {processor.py:161} INFO - Started process (PID=1241) to work on /opt/airflow/dags/daily_summary.py
[2025-10-24T20:24:32.354+0000] {processor.py:830} INFO - Processing file /opt/airflow/dags/daily_summary.py for tasks to queue
[2025-10-24T20:24:32.355+0000] {logging_mixin.py:188} INFO - [2025-10-24T20:24:32.355+0000] {dagbag.py:538} INFO - Filling up the DagBag from /opt/airflow/dags/daily_summary.py
[2025-10-24T20:24:32.406+0000] {processor.py:840} INFO - DAG(s) 'daily_summary' retrieved from /opt/airflow/dags/daily_summary.py
[2025-10-24T20:24:32.429+0000] {logging_mixin.py:188} INFO - [2025-10-24T20:24:32.429+0000] {dag.py:3036} INFO - Sync 1 DAGs
[2025-10-24T20:24:32.445+0000] {logging_mixin.py:188} INFO - [2025-10-24T20:24:32.445+0000] {dag.py:3823} INFO - Setting next_dagrun for daily_summary to 2025-10-23 00:00:00+00:00, run_after=2025-10-24 00:00:00+00:00
[2025-10-24T20:24:32.463+0000] {processor.py:183} INFO - Processing /opt/airflow/dags/daily_summary.py took 0.112 seconds
[2025-10-24T20:25:02.753+0000] {processor.py:161} INFO - Started process (PID=1246) to work on /opt/airflow/dags/daily_summary.py
[2025-10-24T20:25:02.754+0000] {processor.py:830} INFO - Processing file /opt/airflow/dags/daily_summary.py for tasks to queue
[2025-10-24T20:25:02.754+0000] {logging_mixin.py:188} INFO - [2025-10-24T20:25:02.754+0000] {dagbag.py:538} INFO - Filling up the DagBag from /opt/airflow/dags/daily_summary.py
[2025-10-24T20:25:02.805+0000] {processor.py:840} INFO - DAG(s) 'daily_summary' retrieved from /opt/airflow/dags/daily_summary.py
[2025-10-24T20:25:02.826+0000] {logging_mixin.py:188} INFO - [2025-10-24T20:25:02.825+0000] {dag.py:3036} INFO - Sync 1 DAGs
[2025-10-24T20:25:02.841+0000] {logging_mixin.py:188} INFO - [2025-10-24T20:25:02.841+0000] {dag.py:3823} INFO - Setting next_dagrun for daily_summary to 2025-10-23 00:00:00+00:00, run_after=2025-10-24 00:00:00+00:00
[2025-10-24T20:25:02.866+0000] {processor.py:183} INFO - Processing /opt/airflow/dags/daily_summary.py took 0.116 seconds
[2025-10-24T20:25:33.045+0000] {processor.py:161} INFO - Started process (PID=1251) to work on /opt/airflow/dags/daily_summary.py
[2025-10-24T20:25:33.046+0000] {processor.py:830} INFO - Processing file /opt/airflow/dags/daily_summary.py for tasks to queue
[2025-10-24T20:25:33.047+0000] {logging_mixin.py:188} INFO - [2025-10-24T20:25:33.046+0000] {dagbag.py:538} INFO - Filling up the DagBag from /opt/airflow/dags/daily_summary.py
[2025-10-24T20:25:33.098+0000] {processor.py:840} INFO - DAG(s) 'daily_summary' retrieved from /opt/airflow/dags/daily_summary.py
[2025-10-24T20:25:33.119+0000] {logging_mixin.py:188} INFO - [2025-10-24T20:25:33.119+0000] {dag.py:3036} INFO - Sync 1 DAGs
[2025-10-24T20:25:33.135+0000] {logging_mixin.py:188} INFO - [2025-10-24T20:25:33.134+0000] {dag.py:3823} INFO - Setting next_dagrun for daily_summary to 2025-10-23 00:00:00+00:00, run_after=2025-10-24 00:00:00+00:00
[2025-10-24T20:25:33.161+0000] {processor.py:183} INFO - Processing /opt/airflow/dags/daily_summary.py took 0.119 seconds
[2025-10-24T20:26:03.457+0000] {processor.py:161} INFO - Started process (PID=1256) to work on /opt/airflow/dags/daily_summary.py
[2025-10-24T20:26:03.458+0000] {processor.py:830} INFO - Processing file /opt/airflow/dags/daily_summary.py for tasks to queue
[2025-10-24T20:26:03.458+0000] {logging_mixin.py:188} INFO - [2025-10-24T20:26:03.458+0000] {dagbag.py:538} INFO - Filling up the DagBag from /opt/airflow/dags/daily_summary.py
[2025-10-24T20:26:03.509+0000] {processor.py:840} INFO - DAG(s) 'daily_summary' retrieved from /opt/airflow/dags/daily_summary.py
[2025-10-24T20:26:03.529+0000] {logging_mixin.py:188} INFO - [2025-10-24T20:26:03.529+0000] {dag.py:3036} INFO - Sync 1 DAGs
[2025-10-24T20:26:03.545+0000] {logging_mixin.py:188} INFO - [2025-10-24T20:26:03.545+0000] {dag.py:3823} INFO - Setting next_dagrun for daily_summary to 2025-10-23 00:00:00+00:00, run_after=2025-10-24 00:00:00+00:00
[2025-10-24T20:26:03.572+0000] {processor.py:183} INFO - Processing /opt/airflow/dags/daily_summary.py took 0.118 seconds
[2025-10-24T20:26:33.751+0000] {processor.py:161} INFO - Started process (PID=1261) to work on /opt/airflow/dags/daily_summary.py
[2025-10-24T20:26:33.751+0000] {processor.py:830} INFO - Processing file /opt/airflow/dags/daily_summary.py for tasks to queue
[2025-10-24T20:26:33.752+0000] {logging_mixin.py:188} INFO - [2025-10-24T20:26:33.752+0000] {dagbag.py:538} INFO - Filling up the DagBag from /opt/airflow/dags/daily_summary.py
[2025-10-24T20:26:33.806+0000] {processor.py:840} INFO - DAG(s) 'daily_summary' retrieved from /opt/airflow/dags/daily_summary.py
[2025-10-24T20:26:33.826+0000] {logging_mixin.py:188} INFO - [2025-10-24T20:26:33.826+0000] {dag.py:3036} INFO - Sync 1 DAGs
[2025-10-24T20:26:33.842+0000] {logging_mixin.py:188} INFO - [2025-10-24T20:26:33.842+0000] {dag.py:3823} INFO - Setting next_dagrun for daily_summary to 2025-10-23 00:00:00+00:00, run_after=2025-10-24 00:00:00+00:00
[2025-10-24T20:26:33.870+0000] {processor.py:183} INFO - Processing /opt/airflow/dags/daily_summary.py took 0.122 seconds
[2025-10-24T20:27:04.145+0000] {processor.py:161} INFO - Started process (PID=1266) to work on /opt/airflow/dags/daily_summary.py
[2025-10-24T20:27:04.146+0000] {processor.py:830} INFO - Processing file /opt/airflow/dags/daily_summary.py for tasks to queue
[2025-10-24T20:27:04.147+0000] {logging_mixin.py:188} INFO - [2025-10-24T20:27:04.146+0000] {dagbag.py:538} INFO - Filling up the DagBag from /opt/airflow/dags/daily_summary.py
[2025-10-24T20:27:04.197+0000] {processor.py:840} INFO - DAG(s) 'daily_summary' retrieved from /opt/airflow/dags/daily_summary.py
[2025-10-24T20:27:04.220+0000] {logging_mixin.py:188} INFO - [2025-10-24T20:27:04.220+0000] {dag.py:3036} INFO - Sync 1 DAGs
[2025-10-24T20:27:04.236+0000] {logging_mixin.py:188} INFO - [2025-10-24T20:27:04.236+0000] {dag.py:3823} INFO - Setting next_dagrun for daily_summary to 2025-10-23 00:00:00+00:00, run_after=2025-10-24 00:00:00+00:00
[2025-10-24T20:27:04.254+0000] {processor.py:183} INFO - Processing /opt/airflow/dags/daily_summary.py took 0.111 seconds
[2025-10-24T20:27:34.525+0000] {processor.py:161} INFO - Started process (PID=1271) to work on /opt/airflow/dags/daily_summary.py
[2025-10-24T20:27:34.526+0000] {processor.py:830} INFO - Processing file /opt/airflow/dags/daily_summary.py for tasks to queue
[2025-10-24T20:27:34.527+0000] {logging_mixin.py:188} INFO - [2025-10-24T20:27:34.526+0000] {dagbag.py:538} INFO - Filling up the DagBag from /opt/airflow/dags/daily_summary.py
[2025-10-24T20:27:34.579+0000] {processor.py:840} INFO - DAG(s) 'daily_summary' retrieved from /opt/airflow/dags/daily_summary.py
[2025-10-24T20:27:34.599+0000] {logging_mixin.py:188} INFO - [2025-10-24T20:27:34.599+0000] {dag.py:3036} INFO - Sync 1 DAGs
[2025-10-24T20:27:34.614+0000] {logging_mixin.py:188} INFO - [2025-10-24T20:27:34.614+0000] {dag.py:3823} INFO - Setting next_dagrun for daily_summary to 2025-10-23 00:00:00+00:00, run_after=2025-10-24 00:00:00+00:00
[2025-10-24T20:27:34.641+0000] {processor.py:183} INFO - Processing /opt/airflow/dags/daily_summary.py took 0.119 seconds
[2025-10-24T20:28:04.890+0000] {processor.py:161} INFO - Started process (PID=1276) to work on /opt/airflow/dags/daily_summary.py
[2025-10-24T20:28:04.891+0000] {processor.py:830} INFO - Processing file /opt/airflow/dags/daily_summary.py for tasks to queue
[2025-10-24T20:28:04.892+0000] {logging_mixin.py:188} INFO - [2025-10-24T20:28:04.892+0000] {dagbag.py:538} INFO - Filling up the DagBag from /opt/airflow/dags/daily_summary.py
[2025-10-24T20:28:04.944+0000] {processor.py:840} INFO - DAG(s) 'daily_summary' retrieved from /opt/airflow/dags/daily_summary.py
[2025-10-24T20:28:04.968+0000] {logging_mixin.py:188} INFO - [2025-10-24T20:28:04.967+0000] {dag.py:3036} INFO - Sync 1 DAGs
[2025-10-24T20:28:04.983+0000] {logging_mixin.py:188} INFO - [2025-10-24T20:28:04.983+0000] {dag.py:3823} INFO - Setting next_dagrun for daily_summary to 2025-10-23 00:00:00+00:00, run_after=2025-10-24 00:00:00+00:00
[2025-10-24T20:28:05.003+0000] {processor.py:183} INFO - Processing /opt/airflow/dags/daily_summary.py took 0.116 seconds
[2025-10-24T20:28:35.260+0000] {processor.py:161} INFO - Started process (PID=1281) to work on /opt/airflow/dags/daily_summary.py
[2025-10-24T20:28:35.261+0000] {processor.py:830} INFO - Processing file /opt/airflow/dags/daily_summary.py for tasks to queue
[2025-10-24T20:28:35.262+0000] {logging_mixin.py:188} INFO - [2025-10-24T20:28:35.262+0000] {dagbag.py:538} INFO - Filling up the DagBag from /opt/airflow/dags/daily_summary.py
[2025-10-24T20:28:35.315+0000] {processor.py:840} INFO - DAG(s) 'daily_summary' retrieved from /opt/airflow/dags/daily_summary.py
[2025-10-24T20:28:35.335+0000] {logging_mixin.py:188} INFO - [2025-10-24T20:28:35.335+0000] {dag.py:3036} INFO - Sync 1 DAGs
[2025-10-24T20:28:35.351+0000] {logging_mixin.py:188} INFO - [2025-10-24T20:28:35.351+0000] {dag.py:3823} INFO - Setting next_dagrun for daily_summary to 2025-10-23 00:00:00+00:00, run_after=2025-10-24 00:00:00+00:00
[2025-10-24T20:28:35.377+0000] {processor.py:183} INFO - Processing /opt/airflow/dags/daily_summary.py took 0.119 seconds
[2025-10-24T20:29:05.627+0000] {processor.py:161} INFO - Started process (PID=1286) to work on /opt/airflow/dags/daily_summary.py
[2025-10-24T20:29:05.627+0000] {processor.py:830} INFO - Processing file /opt/airflow/dags/daily_summary.py for tasks to queue
[2025-10-24T20:29:05.628+0000] {logging_mixin.py:188} INFO - [2025-10-24T20:29:05.628+0000] {dagbag.py:538} INFO - Filling up the DagBag from /opt/airflow/dags/daily_summary.py
[2025-10-24T20:29:05.681+0000] {processor.py:840} INFO - DAG(s) 'daily_summary' retrieved from /opt/airflow/dags/daily_summary.py
[2025-10-24T20:29:05.701+0000] {logging_mixin.py:188} INFO - [2025-10-24T20:29:05.701+0000] {dag.py:3036} INFO - Sync 1 DAGs
[2025-10-24T20:29:05.718+0000] {logging_mixin.py:188} INFO - [2025-10-24T20:29:05.718+0000] {dag.py:3823} INFO - Setting next_dagrun for daily_summary to 2025-10-23 00:00:00+00:00, run_after=2025-10-24 00:00:00+00:00
[2025-10-24T20:29:05.735+0000] {processor.py:183} INFO - Processing /opt/airflow/dags/daily_summary.py took 0.112 seconds
[2025-10-24T20:29:35.961+0000] {processor.py:161} INFO - Started process (PID=1291) to work on /opt/airflow/dags/daily_summary.py
[2025-10-24T20:29:35.962+0000] {processor.py:830} INFO - Processing file /opt/airflow/dags/daily_summary.py for tasks to queue
[2025-10-24T20:29:35.963+0000] {logging_mixin.py:188} INFO - [2025-10-24T20:29:35.963+0000] {dagbag.py:538} INFO - Filling up the DagBag from /opt/airflow/dags/daily_summary.py
[2025-10-24T20:29:36.020+0000] {processor.py:840} INFO - DAG(s) 'daily_summary' retrieved from /opt/airflow/dags/daily_summary.py
[2025-10-24T20:29:36.041+0000] {logging_mixin.py:188} INFO - [2025-10-24T20:29:36.041+0000] {dag.py:3036} INFO - Sync 1 DAGs
[2025-10-24T20:29:36.058+0000] {logging_mixin.py:188} INFO - [2025-10-24T20:29:36.058+0000] {dag.py:3823} INFO - Setting next_dagrun for daily_summary to 2025-10-23 00:00:00+00:00, run_after=2025-10-24 00:00:00+00:00
[2025-10-24T20:29:36.074+0000] {processor.py:183} INFO - Processing /opt/airflow/dags/daily_summary.py took 0.116 seconds
[2025-10-24T20:30:06.289+0000] {processor.py:161} INFO - Started process (PID=1296) to work on /opt/airflow/dags/daily_summary.py
[2025-10-24T20:30:06.290+0000] {processor.py:830} INFO - Processing file /opt/airflow/dags/daily_summary.py for tasks to queue
[2025-10-24T20:30:06.290+0000] {logging_mixin.py:188} INFO - [2025-10-24T20:30:06.290+0000] {dagbag.py:538} INFO - Filling up the DagBag from /opt/airflow/dags/daily_summary.py
[2025-10-24T20:30:06.344+0000] {processor.py:840} INFO - DAG(s) 'daily_summary' retrieved from /opt/airflow/dags/daily_summary.py
[2025-10-24T20:30:06.365+0000] {logging_mixin.py:188} INFO - [2025-10-24T20:30:06.365+0000] {dag.py:3036} INFO - Sync 1 DAGs
[2025-10-24T20:30:06.381+0000] {logging_mixin.py:188} INFO - [2025-10-24T20:30:06.380+0000] {dag.py:3823} INFO - Setting next_dagrun for daily_summary to 2025-10-23 00:00:00+00:00, run_after=2025-10-24 00:00:00+00:00
[2025-10-24T20:30:06.399+0000] {processor.py:183} INFO - Processing /opt/airflow/dags/daily_summary.py took 0.113 seconds
[2025-10-24T20:30:36.724+0000] {processor.py:161} INFO - Started process (PID=1301) to work on /opt/airflow/dags/daily_summary.py
[2025-10-24T20:30:36.725+0000] {processor.py:830} INFO - Processing file /opt/airflow/dags/daily_summary.py for tasks to queue
[2025-10-24T20:30:36.725+0000] {logging_mixin.py:188} INFO - [2025-10-24T20:30:36.725+0000] {dagbag.py:538} INFO - Filling up the DagBag from /opt/airflow/dags/daily_summary.py
[2025-10-24T20:30:36.777+0000] {processor.py:840} INFO - DAG(s) 'daily_summary' retrieved from /opt/airflow/dags/daily_summary.py
[2025-10-24T20:30:36.797+0000] {logging_mixin.py:188} INFO - [2025-10-24T20:30:36.797+0000] {dag.py:3036} INFO - Sync 1 DAGs
[2025-10-24T20:30:36.813+0000] {logging_mixin.py:188} INFO - [2025-10-24T20:30:36.812+0000] {dag.py:3823} INFO - Setting next_dagrun for daily_summary to 2025-10-23 00:00:00+00:00, run_after=2025-10-24 00:00:00+00:00
[2025-10-24T20:30:36.830+0000] {processor.py:183} INFO - Processing /opt/airflow/dags/daily_summary.py took 0.108 seconds
[2025-10-24T20:31:07.040+0000] {processor.py:161} INFO - Started process (PID=1306) to work on /opt/airflow/dags/daily_summary.py
[2025-10-24T20:31:07.041+0000] {processor.py:830} INFO - Processing file /opt/airflow/dags/daily_summary.py for tasks to queue
[2025-10-24T20:31:07.042+0000] {logging_mixin.py:188} INFO - [2025-10-24T20:31:07.041+0000] {dagbag.py:538} INFO - Filling up the DagBag from /opt/airflow/dags/daily_summary.py
[2025-10-24T20:31:07.096+0000] {processor.py:840} INFO - DAG(s) 'daily_summary' retrieved from /opt/airflow/dags/daily_summary.py
[2025-10-24T20:31:07.116+0000] {logging_mixin.py:188} INFO - [2025-10-24T20:31:07.115+0000] {dag.py:3036} INFO - Sync 1 DAGs
[2025-10-24T20:31:07.131+0000] {logging_mixin.py:188} INFO - [2025-10-24T20:31:07.131+0000] {dag.py:3823} INFO - Setting next_dagrun for daily_summary to 2025-10-23 00:00:00+00:00, run_after=2025-10-24 00:00:00+00:00
[2025-10-24T20:31:07.158+0000] {processor.py:183} INFO - Processing /opt/airflow/dags/daily_summary.py took 0.121 seconds
[2025-10-24T20:31:37.465+0000] {processor.py:161} INFO - Started process (PID=1311) to work on /opt/airflow/dags/daily_summary.py
[2025-10-24T20:31:37.466+0000] {processor.py:830} INFO - Processing file /opt/airflow/dags/daily_summary.py for tasks to queue
[2025-10-24T20:31:37.467+0000] {logging_mixin.py:188} INFO - [2025-10-24T20:31:37.466+0000] {dagbag.py:538} INFO - Filling up the DagBag from /opt/airflow/dags/daily_summary.py
[2025-10-24T20:31:37.518+0000] {processor.py:840} INFO - DAG(s) 'daily_summary' retrieved from /opt/airflow/dags/daily_summary.py
[2025-10-24T20:31:37.538+0000] {logging_mixin.py:188} INFO - [2025-10-24T20:31:37.538+0000] {dag.py:3036} INFO - Sync 1 DAGs
[2025-10-24T20:31:37.558+0000] {logging_mixin.py:188} INFO - [2025-10-24T20:31:37.557+0000] {dag.py:3823} INFO - Setting next_dagrun for daily_summary to 2025-10-23 00:00:00+00:00, run_after=2025-10-24 00:00:00+00:00
[2025-10-24T20:31:37.587+0000] {processor.py:183} INFO - Processing /opt/airflow/dags/daily_summary.py took 0.124 seconds
[2025-10-24T20:32:07.822+0000] {processor.py:161} INFO - Started process (PID=1316) to work on /opt/airflow/dags/daily_summary.py
[2025-10-24T20:32:07.823+0000] {processor.py:830} INFO - Processing file /opt/airflow/dags/daily_summary.py for tasks to queue
[2025-10-24T20:32:07.824+0000] {logging_mixin.py:188} INFO - [2025-10-24T20:32:07.824+0000] {dagbag.py:538} INFO - Filling up the DagBag from /opt/airflow/dags/daily_summary.py
[2025-10-24T20:32:07.874+0000] {processor.py:840} INFO - DAG(s) 'daily_summary' retrieved from /opt/airflow/dags/daily_summary.py
[2025-10-24T20:32:07.895+0000] {logging_mixin.py:188} INFO - [2025-10-24T20:32:07.894+0000] {dag.py:3036} INFO - Sync 1 DAGs
[2025-10-24T20:32:07.911+0000] {logging_mixin.py:188} INFO - [2025-10-24T20:32:07.911+0000] {dag.py:3823} INFO - Setting next_dagrun for daily_summary to 2025-10-23 00:00:00+00:00, run_after=2025-10-24 00:00:00+00:00
[2025-10-24T20:32:07.935+0000] {processor.py:183} INFO - Processing /opt/airflow/dags/daily_summary.py took 0.115 seconds
[2025-10-24T20:32:38.216+0000] {processor.py:161} INFO - Started process (PID=1321) to work on /opt/airflow/dags/daily_summary.py
[2025-10-24T20:32:38.217+0000] {processor.py:830} INFO - Processing file /opt/airflow/dags/daily_summary.py for tasks to queue
[2025-10-24T20:32:38.218+0000] {logging_mixin.py:188} INFO - [2025-10-24T20:32:38.218+0000] {dagbag.py:538} INFO - Filling up the DagBag from /opt/airflow/dags/daily_summary.py
[2025-10-24T20:32:38.269+0000] {processor.py:840} INFO - DAG(s) 'daily_summary' retrieved from /opt/airflow/dags/daily_summary.py
[2025-10-24T20:32:38.288+0000] {logging_mixin.py:188} INFO - [2025-10-24T20:32:38.288+0000] {dag.py:3036} INFO - Sync 1 DAGs
[2025-10-24T20:32:38.305+0000] {logging_mixin.py:188} INFO - [2025-10-24T20:32:38.304+0000] {dag.py:3823} INFO - Setting next_dagrun for daily_summary to 2025-10-23 00:00:00+00:00, run_after=2025-10-24 00:00:00+00:00
[2025-10-24T20:32:38.322+0000] {processor.py:183} INFO - Processing /opt/airflow/dags/daily_summary.py took 0.108 seconds
[2025-10-24T20:33:08.532+0000] {processor.py:161} INFO - Started process (PID=1326) to work on /opt/airflow/dags/daily_summary.py
[2025-10-24T20:33:08.533+0000] {processor.py:830} INFO - Processing file /opt/airflow/dags/daily_summary.py for tasks to queue
[2025-10-24T20:33:08.534+0000] {logging_mixin.py:188} INFO - [2025-10-24T20:33:08.534+0000] {dagbag.py:538} INFO - Filling up the DagBag from /opt/airflow/dags/daily_summary.py
[2025-10-24T20:33:08.587+0000] {processor.py:840} INFO - DAG(s) 'daily_summary' retrieved from /opt/airflow/dags/daily_summary.py
[2025-10-24T20:33:08.607+0000] {logging_mixin.py:188} INFO - [2025-10-24T20:33:08.606+0000] {dag.py:3036} INFO - Sync 1 DAGs
[2025-10-24T20:33:08.622+0000] {logging_mixin.py:188} INFO - [2025-10-24T20:33:08.622+0000] {dag.py:3823} INFO - Setting next_dagrun for daily_summary to 2025-10-23 00:00:00+00:00, run_after=2025-10-24 00:00:00+00:00
[2025-10-24T20:33:08.639+0000] {processor.py:183} INFO - Processing /opt/airflow/dags/daily_summary.py took 0.110 seconds
[2025-10-24T20:33:38.899+0000] {processor.py:161} INFO - Started process (PID=1331) to work on /opt/airflow/dags/daily_summary.py
[2025-10-24T20:33:38.900+0000] {processor.py:830} INFO - Processing file /opt/airflow/dags/daily_summary.py for tasks to queue
[2025-10-24T20:33:38.901+0000] {logging_mixin.py:188} INFO - [2025-10-24T20:33:38.901+0000] {dagbag.py:538} INFO - Filling up the DagBag from /opt/airflow/dags/daily_summary.py
[2025-10-24T20:33:38.957+0000] {processor.py:840} INFO - DAG(s) 'daily_summary' retrieved from /opt/airflow/dags/daily_summary.py
[2025-10-24T20:33:38.978+0000] {logging_mixin.py:188} INFO - [2025-10-24T20:33:38.978+0000] {dag.py:3036} INFO - Sync 1 DAGs
[2025-10-24T20:33:38.996+0000] {logging_mixin.py:188} INFO - [2025-10-24T20:33:38.995+0000] {dag.py:3823} INFO - Setting next_dagrun for daily_summary to 2025-10-23 00:00:00+00:00, run_after=2025-10-24 00:00:00+00:00
[2025-10-24T20:33:39.025+0000] {processor.py:183} INFO - Processing /opt/airflow/dags/daily_summary.py took 0.128 seconds
[2025-10-24T20:34:09.162+0000] {processor.py:161} INFO - Started process (PID=1336) to work on /opt/airflow/dags/daily_summary.py
[2025-10-24T20:34:09.163+0000] {processor.py:830} INFO - Processing file /opt/airflow/dags/daily_summary.py for tasks to queue
[2025-10-24T20:34:09.163+0000] {logging_mixin.py:188} INFO - [2025-10-24T20:34:09.163+0000] {dagbag.py:538} INFO - Filling up the DagBag from /opt/airflow/dags/daily_summary.py
[2025-10-24T20:34:09.219+0000] {processor.py:840} INFO - DAG(s) 'daily_summary' retrieved from /opt/airflow/dags/daily_summary.py
[2025-10-24T20:34:09.243+0000] {logging_mixin.py:188} INFO - [2025-10-24T20:34:09.242+0000] {dag.py:3036} INFO - Sync 1 DAGs
[2025-10-24T20:34:09.261+0000] {logging_mixin.py:188} INFO - [2025-10-24T20:34:09.260+0000] {dag.py:3823} INFO - Setting next_dagrun for daily_summary to 2025-10-23 00:00:00+00:00, run_after=2025-10-24 00:00:00+00:00
[2025-10-24T20:34:09.288+0000] {processor.py:183} INFO - Processing /opt/airflow/dags/daily_summary.py took 0.129 seconds
[2025-10-24T20:34:39.452+0000] {processor.py:161} INFO - Started process (PID=1341) to work on /opt/airflow/dags/daily_summary.py
[2025-10-24T20:34:39.453+0000] {processor.py:830} INFO - Processing file /opt/airflow/dags/daily_summary.py for tasks to queue
[2025-10-24T20:34:39.454+0000] {logging_mixin.py:188} INFO - [2025-10-24T20:34:39.454+0000] {dagbag.py:538} INFO - Filling up the DagBag from /opt/airflow/dags/daily_summary.py
[2025-10-24T20:34:39.503+0000] {processor.py:840} INFO - DAG(s) 'daily_summary' retrieved from /opt/airflow/dags/daily_summary.py
[2025-10-24T20:34:39.523+0000] {logging_mixin.py:188} INFO - [2025-10-24T20:34:39.523+0000] {dag.py:3036} INFO - Sync 1 DAGs
[2025-10-24T20:34:39.540+0000] {logging_mixin.py:188} INFO - [2025-10-24T20:34:39.540+0000] {dag.py:3823} INFO - Setting next_dagrun for daily_summary to 2025-10-23 00:00:00+00:00, run_after=2025-10-24 00:00:00+00:00
[2025-10-24T20:34:39.557+0000] {processor.py:183} INFO - Processing /opt/airflow/dags/daily_summary.py took 0.107 seconds
[2025-10-24T20:35:09.733+0000] {processor.py:161} INFO - Started process (PID=1346) to work on /opt/airflow/dags/daily_summary.py
[2025-10-24T20:35:09.734+0000] {processor.py:830} INFO - Processing file /opt/airflow/dags/daily_summary.py for tasks to queue
[2025-10-24T20:35:09.735+0000] {logging_mixin.py:188} INFO - [2025-10-24T20:35:09.735+0000] {dagbag.py:538} INFO - Filling up the DagBag from /opt/airflow/dags/daily_summary.py
[2025-10-24T20:35:09.791+0000] {processor.py:840} INFO - DAG(s) 'daily_summary' retrieved from /opt/airflow/dags/daily_summary.py
[2025-10-24T20:35:09.813+0000] {logging_mixin.py:188} INFO - [2025-10-24T20:35:09.813+0000] {dag.py:3036} INFO - Sync 1 DAGs
[2025-10-24T20:35:09.829+0000] {logging_mixin.py:188} INFO - [2025-10-24T20:35:09.829+0000] {dag.py:3823} INFO - Setting next_dagrun for daily_summary to 2025-10-23 00:00:00+00:00, run_after=2025-10-24 00:00:00+00:00
[2025-10-24T20:35:09.849+0000] {processor.py:183} INFO - Processing /opt/airflow/dags/daily_summary.py took 0.118 seconds
[2025-10-24T20:35:40.196+0000] {processor.py:161} INFO - Started process (PID=1351) to work on /opt/airflow/dags/daily_summary.py
[2025-10-24T20:35:40.197+0000] {processor.py:830} INFO - Processing file /opt/airflow/dags/daily_summary.py for tasks to queue
[2025-10-24T20:35:40.198+0000] {logging_mixin.py:188} INFO - [2025-10-24T20:35:40.197+0000] {dagbag.py:538} INFO - Filling up the DagBag from /opt/airflow/dags/daily_summary.py
[2025-10-24T20:35:40.251+0000] {processor.py:840} INFO - DAG(s) 'daily_summary' retrieved from /opt/airflow/dags/daily_summary.py
[2025-10-24T20:35:40.272+0000] {logging_mixin.py:188} INFO - [2025-10-24T20:35:40.272+0000] {dag.py:3036} INFO - Sync 1 DAGs
[2025-10-24T20:35:40.289+0000] {logging_mixin.py:188} INFO - [2025-10-24T20:35:40.289+0000] {dag.py:3823} INFO - Setting next_dagrun for daily_summary to 2025-10-23 00:00:00+00:00, run_after=2025-10-24 00:00:00+00:00
[2025-10-24T20:35:40.307+0000] {processor.py:183} INFO - Processing /opt/airflow/dags/daily_summary.py took 0.113 seconds
[2025-10-24T20:36:10.504+0000] {processor.py:161} INFO - Started process (PID=1356) to work on /opt/airflow/dags/daily_summary.py
[2025-10-24T20:36:10.505+0000] {processor.py:830} INFO - Processing file /opt/airflow/dags/daily_summary.py for tasks to queue
[2025-10-24T20:36:10.506+0000] {logging_mixin.py:188} INFO - [2025-10-24T20:36:10.506+0000] {dagbag.py:538} INFO - Filling up the DagBag from /opt/airflow/dags/daily_summary.py
[2025-10-24T20:36:10.557+0000] {processor.py:840} INFO - DAG(s) 'daily_summary' retrieved from /opt/airflow/dags/daily_summary.py
[2025-10-24T20:36:10.578+0000] {logging_mixin.py:188} INFO - [2025-10-24T20:36:10.578+0000] {dag.py:3036} INFO - Sync 1 DAGs
[2025-10-24T20:36:10.594+0000] {logging_mixin.py:188} INFO - [2025-10-24T20:36:10.593+0000] {dag.py:3823} INFO - Setting next_dagrun for daily_summary to 2025-10-23 00:00:00+00:00, run_after=2025-10-24 00:00:00+00:00
[2025-10-24T20:36:10.611+0000] {processor.py:183} INFO - Processing /opt/airflow/dags/daily_summary.py took 0.109 seconds
[2025-10-24T20:36:40.860+0000] {processor.py:161} INFO - Started process (PID=1361) to work on /opt/airflow/dags/daily_summary.py
[2025-10-24T20:36:40.860+0000] {processor.py:830} INFO - Processing file /opt/airflow/dags/daily_summary.py for tasks to queue
[2025-10-24T20:36:40.861+0000] {logging_mixin.py:188} INFO - [2025-10-24T20:36:40.861+0000] {dagbag.py:538} INFO - Filling up the DagBag from /opt/airflow/dags/daily_summary.py
[2025-10-24T20:36:40.914+0000] {processor.py:840} INFO - DAG(s) 'daily_summary' retrieved from /opt/airflow/dags/daily_summary.py
[2025-10-24T20:36:40.938+0000] {logging_mixin.py:188} INFO - [2025-10-24T20:36:40.938+0000] {dag.py:3036} INFO - Sync 1 DAGs
[2025-10-24T20:36:40.954+0000] {logging_mixin.py:188} INFO - [2025-10-24T20:36:40.954+0000] {dag.py:3823} INFO - Setting next_dagrun for daily_summary to 2025-10-23 00:00:00+00:00, run_after=2025-10-24 00:00:00+00:00
[2025-10-24T20:36:40.972+0000] {processor.py:183} INFO - Processing /opt/airflow/dags/daily_summary.py took 0.115 seconds
[2025-10-24T20:37:11.187+0000] {processor.py:161} INFO - Started process (PID=1366) to work on /opt/airflow/dags/daily_summary.py
[2025-10-24T20:37:11.188+0000] {processor.py:830} INFO - Processing file /opt/airflow/dags/daily_summary.py for tasks to queue
[2025-10-24T20:37:11.189+0000] {logging_mixin.py:188} INFO - [2025-10-24T20:37:11.188+0000] {dagbag.py:538} INFO - Filling up the DagBag from /opt/airflow/dags/daily_summary.py
[2025-10-24T20:37:11.241+0000] {processor.py:840} INFO - DAG(s) 'daily_summary' retrieved from /opt/airflow/dags/daily_summary.py
[2025-10-24T20:37:11.262+0000] {logging_mixin.py:188} INFO - [2025-10-24T20:37:11.262+0000] {dag.py:3036} INFO - Sync 1 DAGs
[2025-10-24T20:37:11.279+0000] {logging_mixin.py:188} INFO - [2025-10-24T20:37:11.279+0000] {dag.py:3823} INFO - Setting next_dagrun for daily_summary to 2025-10-23 00:00:00+00:00, run_after=2025-10-24 00:00:00+00:00
[2025-10-24T20:37:11.297+0000] {processor.py:183} INFO - Processing /opt/airflow/dags/daily_summary.py took 0.113 seconds
[2025-10-24T20:37:41.641+0000] {processor.py:161} INFO - Started process (PID=1371) to work on /opt/airflow/dags/daily_summary.py
[2025-10-24T20:37:41.641+0000] {processor.py:830} INFO - Processing file /opt/airflow/dags/daily_summary.py for tasks to queue
[2025-10-24T20:37:41.642+0000] {logging_mixin.py:188} INFO - [2025-10-24T20:37:41.642+0000] {dagbag.py:538} INFO - Filling up the DagBag from /opt/airflow/dags/daily_summary.py
[2025-10-24T20:37:41.693+0000] {processor.py:840} INFO - DAG(s) 'daily_summary' retrieved from /opt/airflow/dags/daily_summary.py
[2025-10-24T20:37:41.716+0000] {logging_mixin.py:188} INFO - [2025-10-24T20:37:41.715+0000] {dag.py:3036} INFO - Sync 1 DAGs
[2025-10-24T20:37:41.732+0000] {logging_mixin.py:188} INFO - [2025-10-24T20:37:41.732+0000] {dag.py:3823} INFO - Setting next_dagrun for daily_summary to 2025-10-23 00:00:00+00:00, run_after=2025-10-24 00:00:00+00:00
[2025-10-24T20:37:41.758+0000] {processor.py:183} INFO - Processing /opt/airflow/dags/daily_summary.py took 0.120 seconds
[2025-10-24T20:38:11.985+0000] {processor.py:161} INFO - Started process (PID=1376) to work on /opt/airflow/dags/daily_summary.py
[2025-10-24T20:38:11.985+0000] {processor.py:830} INFO - Processing file /opt/airflow/dags/daily_summary.py for tasks to queue
[2025-10-24T20:38:11.986+0000] {logging_mixin.py:188} INFO - [2025-10-24T20:38:11.986+0000] {dagbag.py:538} INFO - Filling up the DagBag from /opt/airflow/dags/daily_summary.py
[2025-10-24T20:38:12.037+0000] {processor.py:840} INFO - DAG(s) 'daily_summary' retrieved from /opt/airflow/dags/daily_summary.py
[2025-10-24T20:38:12.057+0000] {logging_mixin.py:188} INFO - [2025-10-24T20:38:12.057+0000] {dag.py:3036} INFO - Sync 1 DAGs
[2025-10-24T20:38:12.073+0000] {logging_mixin.py:188} INFO - [2025-10-24T20:38:12.072+0000] {dag.py:3823} INFO - Setting next_dagrun for daily_summary to 2025-10-23 00:00:00+00:00, run_after=2025-10-24 00:00:00+00:00
[2025-10-24T20:38:12.089+0000] {processor.py:183} INFO - Processing /opt/airflow/dags/daily_summary.py took 0.108 seconds
[2025-10-24T20:38:42.381+0000] {processor.py:161} INFO - Started process (PID=1381) to work on /opt/airflow/dags/daily_summary.py
[2025-10-24T20:38:42.382+0000] {processor.py:830} INFO - Processing file /opt/airflow/dags/daily_summary.py for tasks to queue
[2025-10-24T20:38:42.383+0000] {logging_mixin.py:188} INFO - [2025-10-24T20:38:42.382+0000] {dagbag.py:538} INFO - Filling up the DagBag from /opt/airflow/dags/daily_summary.py
[2025-10-24T20:38:42.433+0000] {processor.py:840} INFO - DAG(s) 'daily_summary' retrieved from /opt/airflow/dags/daily_summary.py
[2025-10-24T20:38:42.453+0000] {logging_mixin.py:188} INFO - [2025-10-24T20:38:42.453+0000] {dag.py:3036} INFO - Sync 1 DAGs
[2025-10-24T20:38:42.469+0000] {logging_mixin.py:188} INFO - [2025-10-24T20:38:42.469+0000] {dag.py:3823} INFO - Setting next_dagrun for daily_summary to 2025-10-23 00:00:00+00:00, run_after=2025-10-24 00:00:00+00:00
[2025-10-24T20:38:42.495+0000] {processor.py:183} INFO - Processing /opt/airflow/dags/daily_summary.py took 0.116 seconds
[2025-10-24T20:39:12.707+0000] {processor.py:161} INFO - Started process (PID=1386) to work on /opt/airflow/dags/daily_summary.py
[2025-10-24T20:39:12.708+0000] {processor.py:830} INFO - Processing file /opt/airflow/dags/daily_summary.py for tasks to queue
[2025-10-24T20:39:12.709+0000] {logging_mixin.py:188} INFO - [2025-10-24T20:39:12.709+0000] {dagbag.py:538} INFO - Filling up the DagBag from /opt/airflow/dags/daily_summary.py
[2025-10-24T20:39:12.765+0000] {processor.py:840} INFO - DAG(s) 'daily_summary' retrieved from /opt/airflow/dags/daily_summary.py
[2025-10-24T20:39:12.787+0000] {logging_mixin.py:188} INFO - [2025-10-24T20:39:12.786+0000] {dag.py:3036} INFO - Sync 1 DAGs
[2025-10-24T20:39:12.803+0000] {logging_mixin.py:188} INFO - [2025-10-24T20:39:12.803+0000] {dag.py:3823} INFO - Setting next_dagrun for daily_summary to 2025-10-23 00:00:00+00:00, run_after=2025-10-24 00:00:00+00:00
[2025-10-24T20:39:12.831+0000] {processor.py:183} INFO - Processing /opt/airflow/dags/daily_summary.py took 0.126 seconds
[2025-10-24T20:39:43.129+0000] {processor.py:161} INFO - Started process (PID=1391) to work on /opt/airflow/dags/daily_summary.py
[2025-10-24T20:39:43.129+0000] {processor.py:830} INFO - Processing file /opt/airflow/dags/daily_summary.py for tasks to queue
[2025-10-24T20:39:43.130+0000] {logging_mixin.py:188} INFO - [2025-10-24T20:39:43.130+0000] {dagbag.py:538} INFO - Filling up the DagBag from /opt/airflow/dags/daily_summary.py
[2025-10-24T20:39:43.189+0000] {processor.py:840} INFO - DAG(s) 'daily_summary' retrieved from /opt/airflow/dags/daily_summary.py
[2025-10-24T20:39:43.212+0000] {logging_mixin.py:188} INFO - [2025-10-24T20:39:43.212+0000] {dag.py:3036} INFO - Sync 1 DAGs
[2025-10-24T20:39:43.230+0000] {logging_mixin.py:188} INFO - [2025-10-24T20:39:43.230+0000] {dag.py:3823} INFO - Setting next_dagrun for daily_summary to 2025-10-23 00:00:00+00:00, run_after=2025-10-24 00:00:00+00:00
[2025-10-24T20:39:43.250+0000] {processor.py:183} INFO - Processing /opt/airflow/dags/daily_summary.py took 0.124 seconds
[2025-10-24T20:40:13.444+0000] {processor.py:161} INFO - Started process (PID=1396) to work on /opt/airflow/dags/daily_summary.py
[2025-10-24T20:40:13.445+0000] {processor.py:830} INFO - Processing file /opt/airflow/dags/daily_summary.py for tasks to queue
[2025-10-24T20:40:13.446+0000] {logging_mixin.py:188} INFO - [2025-10-24T20:40:13.446+0000] {dagbag.py:538} INFO - Filling up the DagBag from /opt/airflow/dags/daily_summary.py
[2025-10-24T20:40:13.497+0000] {processor.py:840} INFO - DAG(s) 'daily_summary' retrieved from /opt/airflow/dags/daily_summary.py
[2025-10-24T20:40:13.518+0000] {logging_mixin.py:188} INFO - [2025-10-24T20:40:13.518+0000] {dag.py:3036} INFO - Sync 1 DAGs
[2025-10-24T20:40:13.535+0000] {logging_mixin.py:188} INFO - [2025-10-24T20:40:13.534+0000] {dag.py:3823} INFO - Setting next_dagrun for daily_summary to 2025-10-23 00:00:00+00:00, run_after=2025-10-24 00:00:00+00:00
[2025-10-24T20:40:13.553+0000] {processor.py:183} INFO - Processing /opt/airflow/dags/daily_summary.py took 0.112 seconds
[2025-10-24T20:40:43.852+0000] {processor.py:161} INFO - Started process (PID=1401) to work on /opt/airflow/dags/daily_summary.py
[2025-10-24T20:40:43.852+0000] {processor.py:830} INFO - Processing file /opt/airflow/dags/daily_summary.py for tasks to queue
[2025-10-24T20:40:43.853+0000] {logging_mixin.py:188} INFO - [2025-10-24T20:40:43.853+0000] {dagbag.py:538} INFO - Filling up the DagBag from /opt/airflow/dags/daily_summary.py
[2025-10-24T20:40:43.904+0000] {processor.py:840} INFO - DAG(s) 'daily_summary' retrieved from /opt/airflow/dags/daily_summary.py
[2025-10-24T20:40:43.924+0000] {logging_mixin.py:188} INFO - [2025-10-24T20:40:43.924+0000] {dag.py:3036} INFO - Sync 1 DAGs
[2025-10-24T20:40:43.940+0000] {logging_mixin.py:188} INFO - [2025-10-24T20:40:43.940+0000] {dag.py:3823} INFO - Setting next_dagrun for daily_summary to 2025-10-23 00:00:00+00:00, run_after=2025-10-24 00:00:00+00:00
[2025-10-24T20:40:43.956+0000] {processor.py:183} INFO - Processing /opt/airflow/dags/daily_summary.py took 0.107 seconds
[2025-10-24T20:41:14.144+0000] {processor.py:161} INFO - Started process (PID=1406) to work on /opt/airflow/dags/daily_summary.py
[2025-10-24T20:41:14.145+0000] {processor.py:830} INFO - Processing file /opt/airflow/dags/daily_summary.py for tasks to queue
[2025-10-24T20:41:14.146+0000] {logging_mixin.py:188} INFO - [2025-10-24T20:41:14.146+0000] {dagbag.py:538} INFO - Filling up the DagBag from /opt/airflow/dags/daily_summary.py
[2025-10-24T20:41:14.198+0000] {processor.py:840} INFO - DAG(s) 'daily_summary' retrieved from /opt/airflow/dags/daily_summary.py
[2025-10-24T20:41:14.219+0000] {logging_mixin.py:188} INFO - [2025-10-24T20:41:14.219+0000] {dag.py:3036} INFO - Sync 1 DAGs
[2025-10-24T20:41:14.238+0000] {logging_mixin.py:188} INFO - [2025-10-24T20:41:14.238+0000] {dag.py:3823} INFO - Setting next_dagrun for daily_summary to 2025-10-23 00:00:00+00:00, run_after=2025-10-24 00:00:00+00:00
[2025-10-24T20:41:14.262+0000] {processor.py:183} INFO - Processing /opt/airflow/dags/daily_summary.py took 0.120 seconds
[2025-10-24T20:41:44.511+0000] {processor.py:161} INFO - Started process (PID=1411) to work on /opt/airflow/dags/daily_summary.py
[2025-10-24T20:41:44.512+0000] {processor.py:830} INFO - Processing file /opt/airflow/dags/daily_summary.py for tasks to queue
[2025-10-24T20:41:44.512+0000] {logging_mixin.py:188} INFO - [2025-10-24T20:41:44.512+0000] {dagbag.py:538} INFO - Filling up the DagBag from /opt/airflow/dags/daily_summary.py
[2025-10-24T20:41:44.563+0000] {processor.py:840} INFO - DAG(s) 'daily_summary' retrieved from /opt/airflow/dags/daily_summary.py
[2025-10-24T20:41:44.584+0000] {logging_mixin.py:188} INFO - [2025-10-24T20:41:44.584+0000] {dag.py:3036} INFO - Sync 1 DAGs
[2025-10-24T20:41:44.600+0000] {logging_mixin.py:188} INFO - [2025-10-24T20:41:44.599+0000] {dag.py:3823} INFO - Setting next_dagrun for daily_summary to 2025-10-23 00:00:00+00:00, run_after=2025-10-24 00:00:00+00:00
[2025-10-24T20:41:44.618+0000] {processor.py:183} INFO - Processing /opt/airflow/dags/daily_summary.py took 0.110 seconds
[2025-10-24T20:42:14.835+0000] {processor.py:161} INFO - Started process (PID=1416) to work on /opt/airflow/dags/daily_summary.py
[2025-10-24T20:42:14.836+0000] {processor.py:830} INFO - Processing file /opt/airflow/dags/daily_summary.py for tasks to queue
[2025-10-24T20:42:14.837+0000] {logging_mixin.py:188} INFO - [2025-10-24T20:42:14.837+0000] {dagbag.py:538} INFO - Filling up the DagBag from /opt/airflow/dags/daily_summary.py
[2025-10-24T20:42:14.888+0000] {processor.py:840} INFO - DAG(s) 'daily_summary' retrieved from /opt/airflow/dags/daily_summary.py
[2025-10-24T20:42:14.906+0000] {logging_mixin.py:188} INFO - [2025-10-24T20:42:14.906+0000] {dag.py:3036} INFO - Sync 1 DAGs
[2025-10-24T20:42:14.921+0000] {logging_mixin.py:188} INFO - [2025-10-24T20:42:14.921+0000] {dag.py:3823} INFO - Setting next_dagrun for daily_summary to 2025-10-23 00:00:00+00:00, run_after=2025-10-24 00:00:00+00:00
[2025-10-24T20:42:14.937+0000] {processor.py:183} INFO - Processing /opt/airflow/dags/daily_summary.py took 0.105 seconds
[2025-10-24T20:42:45.259+0000] {processor.py:161} INFO - Started process (PID=1421) to work on /opt/airflow/dags/daily_summary.py
[2025-10-24T20:42:45.259+0000] {processor.py:830} INFO - Processing file /opt/airflow/dags/daily_summary.py for tasks to queue
[2025-10-24T20:42:45.260+0000] {logging_mixin.py:188} INFO - [2025-10-24T20:42:45.260+0000] {dagbag.py:538} INFO - Filling up the DagBag from /opt/airflow/dags/daily_summary.py
[2025-10-24T20:42:45.310+0000] {processor.py:840} INFO - DAG(s) 'daily_summary' retrieved from /opt/airflow/dags/daily_summary.py
[2025-10-24T20:42:45.331+0000] {logging_mixin.py:188} INFO - [2025-10-24T20:42:45.331+0000] {dag.py:3036} INFO - Sync 1 DAGs
[2025-10-24T20:42:45.347+0000] {logging_mixin.py:188} INFO - [2025-10-24T20:42:45.347+0000] {dag.py:3823} INFO - Setting next_dagrun for daily_summary to 2025-10-23 00:00:00+00:00, run_after=2025-10-24 00:00:00+00:00
[2025-10-24T20:42:45.366+0000] {processor.py:183} INFO - Processing /opt/airflow/dags/daily_summary.py took 0.109 seconds
[2025-10-24T20:43:15.616+0000] {processor.py:161} INFO - Started process (PID=1426) to work on /opt/airflow/dags/daily_summary.py
[2025-10-24T20:43:15.617+0000] {processor.py:830} INFO - Processing file /opt/airflow/dags/daily_summary.py for tasks to queue
[2025-10-24T20:43:15.618+0000] {logging_mixin.py:188} INFO - [2025-10-24T20:43:15.617+0000] {dagbag.py:538} INFO - Filling up the DagBag from /opt/airflow/dags/daily_summary.py
[2025-10-24T20:43:15.670+0000] {processor.py:840} INFO - DAG(s) 'daily_summary' retrieved from /opt/airflow/dags/daily_summary.py
[2025-10-24T20:43:15.690+0000] {logging_mixin.py:188} INFO - [2025-10-24T20:43:15.690+0000] {dag.py:3036} INFO - Sync 1 DAGs
[2025-10-24T20:43:15.706+0000] {logging_mixin.py:188} INFO - [2025-10-24T20:43:15.706+0000] {dag.py:3823} INFO - Setting next_dagrun for daily_summary to 2025-10-23 00:00:00+00:00, run_after=2025-10-24 00:00:00+00:00
[2025-10-24T20:43:15.725+0000] {processor.py:183} INFO - Processing /opt/airflow/dags/daily_summary.py took 0.112 seconds
[2025-10-24T20:43:45.982+0000] {processor.py:161} INFO - Started process (PID=1431) to work on /opt/airflow/dags/daily_summary.py
[2025-10-24T20:43:45.982+0000] {processor.py:830} INFO - Processing file /opt/airflow/dags/daily_summary.py for tasks to queue
[2025-10-24T20:43:45.983+0000] {logging_mixin.py:188} INFO - [2025-10-24T20:43:45.983+0000] {dagbag.py:538} INFO - Filling up the DagBag from /opt/airflow/dags/daily_summary.py
[2025-10-24T20:43:46.036+0000] {processor.py:840} INFO - DAG(s) 'daily_summary' retrieved from /opt/airflow/dags/daily_summary.py
[2025-10-24T20:43:46.057+0000] {logging_mixin.py:188} INFO - [2025-10-24T20:43:46.057+0000] {dag.py:3036} INFO - Sync 1 DAGs
[2025-10-24T20:43:46.072+0000] {logging_mixin.py:188} INFO - [2025-10-24T20:43:46.072+0000] {dag.py:3823} INFO - Setting next_dagrun for daily_summary to 2025-10-23 00:00:00+00:00, run_after=2025-10-24 00:00:00+00:00
[2025-10-24T20:43:46.091+0000] {processor.py:183} INFO - Processing /opt/airflow/dags/daily_summary.py took 0.111 seconds
[2025-10-24T20:44:16.322+0000] {processor.py:161} INFO - Started process (PID=1436) to work on /opt/airflow/dags/daily_summary.py
[2025-10-24T20:44:16.323+0000] {processor.py:830} INFO - Processing file /opt/airflow/dags/daily_summary.py for tasks to queue
[2025-10-24T20:44:16.324+0000] {logging_mixin.py:188} INFO - [2025-10-24T20:44:16.323+0000] {dagbag.py:538} INFO - Filling up the DagBag from /opt/airflow/dags/daily_summary.py
[2025-10-24T20:44:16.376+0000] {processor.py:840} INFO - DAG(s) 'daily_summary' retrieved from /opt/airflow/dags/daily_summary.py
[2025-10-24T20:44:16.397+0000] {logging_mixin.py:188} INFO - [2025-10-24T20:44:16.397+0000] {dag.py:3036} INFO - Sync 1 DAGs
[2025-10-24T20:44:16.413+0000] {logging_mixin.py:188} INFO - [2025-10-24T20:44:16.413+0000] {dag.py:3823} INFO - Setting next_dagrun for daily_summary to 2025-10-23 00:00:00+00:00, run_after=2025-10-24 00:00:00+00:00
[2025-10-24T20:44:16.432+0000] {processor.py:183} INFO - Processing /opt/airflow/dags/daily_summary.py took 0.113 seconds
[2025-10-24T20:44:46.764+0000] {processor.py:161} INFO - Started process (PID=1441) to work on /opt/airflow/dags/daily_summary.py
[2025-10-24T20:44:46.764+0000] {processor.py:830} INFO - Processing file /opt/airflow/dags/daily_summary.py for tasks to queue
[2025-10-24T20:44:46.765+0000] {logging_mixin.py:188} INFO - [2025-10-24T20:44:46.765+0000] {dagbag.py:538} INFO - Filling up the DagBag from /opt/airflow/dags/daily_summary.py
[2025-10-24T20:44:46.820+0000] {processor.py:840} INFO - DAG(s) 'daily_summary' retrieved from /opt/airflow/dags/daily_summary.py
[2025-10-24T20:44:46.839+0000] {logging_mixin.py:188} INFO - [2025-10-24T20:44:46.839+0000] {dag.py:3036} INFO - Sync 1 DAGs
[2025-10-24T20:44:46.857+0000] {logging_mixin.py:188} INFO - [2025-10-24T20:44:46.857+0000] {dag.py:3823} INFO - Setting next_dagrun for daily_summary to 2025-10-23 00:00:00+00:00, run_after=2025-10-24 00:00:00+00:00
[2025-10-24T20:44:46.885+0000] {processor.py:183} INFO - Processing /opt/airflow/dags/daily_summary.py took 0.123 seconds
[2025-10-24T20:45:17.079+0000] {processor.py:161} INFO - Started process (PID=1446) to work on /opt/airflow/dags/daily_summary.py
[2025-10-24T20:45:17.080+0000] {processor.py:830} INFO - Processing file /opt/airflow/dags/daily_summary.py for tasks to queue
[2025-10-24T20:45:17.080+0000] {logging_mixin.py:188} INFO - [2025-10-24T20:45:17.080+0000] {dagbag.py:538} INFO - Filling up the DagBag from /opt/airflow/dags/daily_summary.py
[2025-10-24T20:45:17.132+0000] {processor.py:840} INFO - DAG(s) 'daily_summary' retrieved from /opt/airflow/dags/daily_summary.py
[2025-10-24T20:45:17.153+0000] {logging_mixin.py:188} INFO - [2025-10-24T20:45:17.153+0000] {dag.py:3036} INFO - Sync 1 DAGs
[2025-10-24T20:45:17.169+0000] {logging_mixin.py:188} INFO - [2025-10-24T20:45:17.168+0000] {dag.py:3823} INFO - Setting next_dagrun for daily_summary to 2025-10-23 00:00:00+00:00, run_after=2025-10-24 00:00:00+00:00
[2025-10-24T20:45:17.197+0000] {processor.py:183} INFO - Processing /opt/airflow/dags/daily_summary.py took 0.121 seconds
[2025-10-24T20:45:47.496+0000] {processor.py:161} INFO - Started process (PID=1451) to work on /opt/airflow/dags/daily_summary.py
[2025-10-24T20:45:47.496+0000] {processor.py:830} INFO - Processing file /opt/airflow/dags/daily_summary.py for tasks to queue
[2025-10-24T20:45:47.497+0000] {logging_mixin.py:188} INFO - [2025-10-24T20:45:47.497+0000] {dagbag.py:538} INFO - Filling up the DagBag from /opt/airflow/dags/daily_summary.py
[2025-10-24T20:45:47.550+0000] {processor.py:840} INFO - DAG(s) 'daily_summary' retrieved from /opt/airflow/dags/daily_summary.py
[2025-10-24T20:45:47.570+0000] {logging_mixin.py:188} INFO - [2025-10-24T20:45:47.570+0000] {dag.py:3036} INFO - Sync 1 DAGs
[2025-10-24T20:45:47.586+0000] {logging_mixin.py:188} INFO - [2025-10-24T20:45:47.586+0000] {dag.py:3823} INFO - Setting next_dagrun for daily_summary to 2025-10-23 00:00:00+00:00, run_after=2025-10-24 00:00:00+00:00
[2025-10-24T20:45:47.603+0000] {processor.py:183} INFO - Processing /opt/airflow/dags/daily_summary.py took 0.110 seconds
[2025-10-24T20:46:17.804+0000] {processor.py:161} INFO - Started process (PID=1456) to work on /opt/airflow/dags/daily_summary.py
[2025-10-24T20:46:17.804+0000] {processor.py:830} INFO - Processing file /opt/airflow/dags/daily_summary.py for tasks to queue
[2025-10-24T20:46:17.805+0000] {logging_mixin.py:188} INFO - [2025-10-24T20:46:17.805+0000] {dagbag.py:538} INFO - Filling up the DagBag from /opt/airflow/dags/daily_summary.py
[2025-10-24T20:46:17.863+0000] {processor.py:840} INFO - DAG(s) 'daily_summary' retrieved from /opt/airflow/dags/daily_summary.py
[2025-10-24T20:46:17.883+0000] {logging_mixin.py:188} INFO - [2025-10-24T20:46:17.883+0000] {dag.py:3036} INFO - Sync 1 DAGs
[2025-10-24T20:46:17.900+0000] {logging_mixin.py:188} INFO - [2025-10-24T20:46:17.900+0000] {dag.py:3823} INFO - Setting next_dagrun for daily_summary to 2025-10-23 00:00:00+00:00, run_after=2025-10-24 00:00:00+00:00
[2025-10-24T20:46:17.917+0000] {processor.py:183} INFO - Processing /opt/airflow/dags/daily_summary.py took 0.116 seconds
[2025-10-24T20:46:48.194+0000] {processor.py:161} INFO - Started process (PID=1461) to work on /opt/airflow/dags/daily_summary.py
[2025-10-24T20:46:48.195+0000] {processor.py:830} INFO - Processing file /opt/airflow/dags/daily_summary.py for tasks to queue
[2025-10-24T20:46:48.196+0000] {logging_mixin.py:188} INFO - [2025-10-24T20:46:48.196+0000] {dagbag.py:538} INFO - Filling up the DagBag from /opt/airflow/dags/daily_summary.py
[2025-10-24T20:46:48.248+0000] {processor.py:840} INFO - DAG(s) 'daily_summary' retrieved from /opt/airflow/dags/daily_summary.py
[2025-10-24T20:46:48.271+0000] {logging_mixin.py:188} INFO - [2025-10-24T20:46:48.271+0000] {dag.py:3036} INFO - Sync 1 DAGs
[2025-10-24T20:46:48.287+0000] {logging_mixin.py:188} INFO - [2025-10-24T20:46:48.287+0000] {dag.py:3823} INFO - Setting next_dagrun for daily_summary to 2025-10-23 00:00:00+00:00, run_after=2025-10-24 00:00:00+00:00
[2025-10-24T20:46:48.312+0000] {processor.py:183} INFO - Processing /opt/airflow/dags/daily_summary.py took 0.121 seconds
[2025-10-24T20:47:18.548+0000] {processor.py:161} INFO - Started process (PID=1466) to work on /opt/airflow/dags/daily_summary.py
[2025-10-24T20:47:18.549+0000] {processor.py:830} INFO - Processing file /opt/airflow/dags/daily_summary.py for tasks to queue
[2025-10-24T20:47:18.550+0000] {logging_mixin.py:188} INFO - [2025-10-24T20:47:18.550+0000] {dagbag.py:538} INFO - Filling up the DagBag from /opt/airflow/dags/daily_summary.py
[2025-10-24T20:47:18.599+0000] {processor.py:840} INFO - DAG(s) 'daily_summary' retrieved from /opt/airflow/dags/daily_summary.py
[2025-10-24T20:47:18.619+0000] {logging_mixin.py:188} INFO - [2025-10-24T20:47:18.619+0000] {dag.py:3036} INFO - Sync 1 DAGs
[2025-10-24T20:47:18.635+0000] {logging_mixin.py:188} INFO - [2025-10-24T20:47:18.634+0000] {dag.py:3823} INFO - Setting next_dagrun for daily_summary to 2025-10-23 00:00:00+00:00, run_after=2025-10-24 00:00:00+00:00
[2025-10-24T20:47:18.655+0000] {processor.py:183} INFO - Processing /opt/airflow/dags/daily_summary.py took 0.109 seconds
[2025-10-24T20:47:48.891+0000] {processor.py:161} INFO - Started process (PID=1471) to work on /opt/airflow/dags/daily_summary.py
[2025-10-24T20:47:48.892+0000] {processor.py:830} INFO - Processing file /opt/airflow/dags/daily_summary.py for tasks to queue
[2025-10-24T20:47:48.893+0000] {logging_mixin.py:188} INFO - [2025-10-24T20:47:48.892+0000] {dagbag.py:538} INFO - Filling up the DagBag from /opt/airflow/dags/daily_summary.py
[2025-10-24T20:47:48.964+0000] {processor.py:840} INFO - DAG(s) 'daily_summary' retrieved from /opt/airflow/dags/daily_summary.py
[2025-10-24T20:47:48.984+0000] {logging_mixin.py:188} INFO - [2025-10-24T20:47:48.983+0000] {dag.py:3036} INFO - Sync 1 DAGs
[2025-10-24T20:47:49.000+0000] {logging_mixin.py:188} INFO - [2025-10-24T20:47:49.000+0000] {dag.py:3823} INFO - Setting next_dagrun for daily_summary to 2025-10-23 00:00:00+00:00, run_after=2025-10-24 00:00:00+00:00
[2025-10-24T20:47:49.018+0000] {processor.py:183} INFO - Processing /opt/airflow/dags/daily_summary.py took 0.131 seconds
[2025-10-24T20:48:19.187+0000] {processor.py:161} INFO - Started process (PID=1476) to work on /opt/airflow/dags/daily_summary.py
[2025-10-24T20:48:19.188+0000] {processor.py:830} INFO - Processing file /opt/airflow/dags/daily_summary.py for tasks to queue
[2025-10-24T20:48:19.188+0000] {logging_mixin.py:188} INFO - [2025-10-24T20:48:19.188+0000] {dagbag.py:538} INFO - Filling up the DagBag from /opt/airflow/dags/daily_summary.py
[2025-10-24T20:48:19.240+0000] {processor.py:840} INFO - DAG(s) 'daily_summary' retrieved from /opt/airflow/dags/daily_summary.py
[2025-10-24T20:48:19.262+0000] {logging_mixin.py:188} INFO - [2025-10-24T20:48:19.262+0000] {dag.py:3036} INFO - Sync 1 DAGs
[2025-10-24T20:48:19.280+0000] {logging_mixin.py:188} INFO - [2025-10-24T20:48:19.279+0000] {dag.py:3823} INFO - Setting next_dagrun for daily_summary to 2025-10-23 00:00:00+00:00, run_after=2025-10-24 00:00:00+00:00
[2025-10-24T20:48:19.299+0000] {processor.py:183} INFO - Processing /opt/airflow/dags/daily_summary.py took 0.115 seconds
[2025-10-24T20:48:49.545+0000] {processor.py:161} INFO - Started process (PID=1481) to work on /opt/airflow/dags/daily_summary.py
[2025-10-24T20:48:49.546+0000] {processor.py:830} INFO - Processing file /opt/airflow/dags/daily_summary.py for tasks to queue
[2025-10-24T20:48:49.547+0000] {logging_mixin.py:188} INFO - [2025-10-24T20:48:49.546+0000] {dagbag.py:538} INFO - Filling up the DagBag from /opt/airflow/dags/daily_summary.py
[2025-10-24T20:48:49.596+0000] {processor.py:840} INFO - DAG(s) 'daily_summary' retrieved from /opt/airflow/dags/daily_summary.py
[2025-10-24T20:48:49.617+0000] {logging_mixin.py:188} INFO - [2025-10-24T20:48:49.617+0000] {dag.py:3036} INFO - Sync 1 DAGs
[2025-10-24T20:48:49.633+0000] {logging_mixin.py:188} INFO - [2025-10-24T20:48:49.633+0000] {dag.py:3823} INFO - Setting next_dagrun for daily_summary to 2025-10-23 00:00:00+00:00, run_after=2025-10-24 00:00:00+00:00
[2025-10-24T20:48:49.656+0000] {processor.py:183} INFO - Processing /opt/airflow/dags/daily_summary.py took 0.114 seconds
[2025-10-24T20:49:19.906+0000] {processor.py:161} INFO - Started process (PID=1486) to work on /opt/airflow/dags/daily_summary.py
[2025-10-24T20:49:19.907+0000] {processor.py:830} INFO - Processing file /opt/airflow/dags/daily_summary.py for tasks to queue
[2025-10-24T20:49:19.908+0000] {logging_mixin.py:188} INFO - [2025-10-24T20:49:19.908+0000] {dagbag.py:538} INFO - Filling up the DagBag from /opt/airflow/dags/daily_summary.py
[2025-10-24T20:49:19.962+0000] {processor.py:840} INFO - DAG(s) 'daily_summary' retrieved from /opt/airflow/dags/daily_summary.py
[2025-10-24T20:49:19.990+0000] {logging_mixin.py:188} INFO - [2025-10-24T20:49:19.990+0000] {dag.py:3036} INFO - Sync 1 DAGs
[2025-10-24T20:49:20.010+0000] {logging_mixin.py:188} INFO - [2025-10-24T20:49:20.010+0000] {dag.py:3823} INFO - Setting next_dagrun for daily_summary to 2025-10-23 00:00:00+00:00, run_after=2025-10-24 00:00:00+00:00
[2025-10-24T20:49:20.028+0000] {processor.py:183} INFO - Processing /opt/airflow/dags/daily_summary.py took 0.125 seconds
[2025-10-24T20:49:50.256+0000] {processor.py:161} INFO - Started process (PID=1491) to work on /opt/airflow/dags/daily_summary.py
[2025-10-24T20:49:50.257+0000] {processor.py:830} INFO - Processing file /opt/airflow/dags/daily_summary.py for tasks to queue
[2025-10-24T20:49:50.258+0000] {logging_mixin.py:188} INFO - [2025-10-24T20:49:50.258+0000] {dagbag.py:538} INFO - Filling up the DagBag from /opt/airflow/dags/daily_summary.py
[2025-10-24T20:49:50.311+0000] {processor.py:840} INFO - DAG(s) 'daily_summary' retrieved from /opt/airflow/dags/daily_summary.py
[2025-10-24T20:49:50.333+0000] {logging_mixin.py:188} INFO - [2025-10-24T20:49:50.333+0000] {dag.py:3036} INFO - Sync 1 DAGs
[2025-10-24T20:49:50.349+0000] {logging_mixin.py:188} INFO - [2025-10-24T20:49:50.349+0000] {dag.py:3823} INFO - Setting next_dagrun for daily_summary to 2025-10-23 00:00:00+00:00, run_after=2025-10-24 00:00:00+00:00
[2025-10-24T20:49:50.374+0000] {processor.py:183} INFO - Processing /opt/airflow/dags/daily_summary.py took 0.121 seconds
[2025-10-24T20:50:20.656+0000] {processor.py:161} INFO - Started process (PID=1496) to work on /opt/airflow/dags/daily_summary.py
[2025-10-24T20:50:20.657+0000] {processor.py:830} INFO - Processing file /opt/airflow/dags/daily_summary.py for tasks to queue
[2025-10-24T20:50:20.658+0000] {logging_mixin.py:188} INFO - [2025-10-24T20:50:20.657+0000] {dagbag.py:538} INFO - Filling up the DagBag from /opt/airflow/dags/daily_summary.py
[2025-10-24T20:50:20.711+0000] {processor.py:840} INFO - DAG(s) 'daily_summary' retrieved from /opt/airflow/dags/daily_summary.py
[2025-10-24T20:50:20.734+0000] {logging_mixin.py:188} INFO - [2025-10-24T20:50:20.733+0000] {dag.py:3036} INFO - Sync 1 DAGs
[2025-10-24T20:50:20.752+0000] {logging_mixin.py:188} INFO - [2025-10-24T20:50:20.751+0000] {dag.py:3823} INFO - Setting next_dagrun for daily_summary to 2025-10-23 00:00:00+00:00, run_after=2025-10-24 00:00:00+00:00
[2025-10-24T20:50:20.771+0000] {processor.py:183} INFO - Processing /opt/airflow/dags/daily_summary.py took 0.117 seconds
[2025-10-24T20:50:50.984+0000] {processor.py:161} INFO - Started process (PID=1501) to work on /opt/airflow/dags/daily_summary.py
[2025-10-24T20:50:50.985+0000] {processor.py:830} INFO - Processing file /opt/airflow/dags/daily_summary.py for tasks to queue
[2025-10-24T20:50:50.986+0000] {logging_mixin.py:188} INFO - [2025-10-24T20:50:50.986+0000] {dagbag.py:538} INFO - Filling up the DagBag from /opt/airflow/dags/daily_summary.py
[2025-10-24T20:50:51.040+0000] {processor.py:840} INFO - DAG(s) 'daily_summary' retrieved from /opt/airflow/dags/daily_summary.py
[2025-10-24T20:50:51.069+0000] {logging_mixin.py:188} INFO - [2025-10-24T20:50:51.068+0000] {dag.py:3036} INFO - Sync 1 DAGs
[2025-10-24T20:50:51.089+0000] {logging_mixin.py:188} INFO - [2025-10-24T20:50:51.089+0000] {dag.py:3823} INFO - Setting next_dagrun for daily_summary to 2025-10-23 00:00:00+00:00, run_after=2025-10-24 00:00:00+00:00
[2025-10-24T20:50:51.105+0000] {processor.py:183} INFO - Processing /opt/airflow/dags/daily_summary.py took 0.124 seconds
[2025-10-24T20:51:21.389+0000] {processor.py:161} INFO - Started process (PID=1506) to work on /opt/airflow/dags/daily_summary.py
[2025-10-24T20:51:21.390+0000] {processor.py:830} INFO - Processing file /opt/airflow/dags/daily_summary.py for tasks to queue
[2025-10-24T20:51:21.391+0000] {logging_mixin.py:188} INFO - [2025-10-24T20:51:21.390+0000] {dagbag.py:538} INFO - Filling up the DagBag from /opt/airflow/dags/daily_summary.py
[2025-10-24T20:51:21.441+0000] {processor.py:840} INFO - DAG(s) 'daily_summary' retrieved from /opt/airflow/dags/daily_summary.py
[2025-10-24T20:51:21.464+0000] {logging_mixin.py:188} INFO - [2025-10-24T20:51:21.464+0000] {dag.py:3036} INFO - Sync 1 DAGs
[2025-10-24T20:51:21.481+0000] {logging_mixin.py:188} INFO - [2025-10-24T20:51:21.480+0000] {dag.py:3823} INFO - Setting next_dagrun for daily_summary to 2025-10-23 00:00:00+00:00, run_after=2025-10-24 00:00:00+00:00
[2025-10-24T20:51:21.497+0000] {processor.py:183} INFO - Processing /opt/airflow/dags/daily_summary.py took 0.110 seconds
[2025-10-24T20:51:51.744+0000] {processor.py:161} INFO - Started process (PID=1511) to work on /opt/airflow/dags/daily_summary.py
[2025-10-24T20:51:51.744+0000] {processor.py:830} INFO - Processing file /opt/airflow/dags/daily_summary.py for tasks to queue
[2025-10-24T20:51:51.745+0000] {logging_mixin.py:188} INFO - [2025-10-24T20:51:51.745+0000] {dagbag.py:538} INFO - Filling up the DagBag from /opt/airflow/dags/daily_summary.py
[2025-10-24T20:51:51.804+0000] {processor.py:840} INFO - DAG(s) 'daily_summary' retrieved from /opt/airflow/dags/daily_summary.py
[2025-10-24T20:51:51.830+0000] {logging_mixin.py:188} INFO - [2025-10-24T20:51:51.830+0000] {dag.py:3036} INFO - Sync 1 DAGs
[2025-10-24T20:51:51.849+0000] {logging_mixin.py:188} INFO - [2025-10-24T20:51:51.849+0000] {dag.py:3823} INFO - Setting next_dagrun for daily_summary to 2025-10-23 00:00:00+00:00, run_after=2025-10-24 00:00:00+00:00
[2025-10-24T20:51:51.868+0000] {processor.py:183} INFO - Processing /opt/airflow/dags/daily_summary.py took 0.128 seconds
[2025-10-24T20:52:22.096+0000] {processor.py:161} INFO - Started process (PID=1516) to work on /opt/airflow/dags/daily_summary.py
[2025-10-24T20:52:22.097+0000] {processor.py:830} INFO - Processing file /opt/airflow/dags/daily_summary.py for tasks to queue
[2025-10-24T20:52:22.098+0000] {logging_mixin.py:188} INFO - [2025-10-24T20:52:22.097+0000] {dagbag.py:538} INFO - Filling up the DagBag from /opt/airflow/dags/daily_summary.py
[2025-10-24T20:52:22.152+0000] {processor.py:840} INFO - DAG(s) 'daily_summary' retrieved from /opt/airflow/dags/daily_summary.py
[2025-10-24T20:52:22.179+0000] {logging_mixin.py:188} INFO - [2025-10-24T20:52:22.179+0000] {dag.py:3036} INFO - Sync 1 DAGs
[2025-10-24T20:52:22.198+0000] {logging_mixin.py:188} INFO - [2025-10-24T20:52:22.197+0000] {dag.py:3823} INFO - Setting next_dagrun for daily_summary to 2025-10-23 00:00:00+00:00, run_after=2025-10-24 00:00:00+00:00
[2025-10-24T20:52:22.216+0000] {processor.py:183} INFO - Processing /opt/airflow/dags/daily_summary.py took 0.122 seconds
[2025-10-24T20:52:52.407+0000] {processor.py:161} INFO - Started process (PID=1521) to work on /opt/airflow/dags/daily_summary.py
[2025-10-24T20:52:52.408+0000] {processor.py:830} INFO - Processing file /opt/airflow/dags/daily_summary.py for tasks to queue
[2025-10-24T20:52:52.409+0000] {logging_mixin.py:188} INFO - [2025-10-24T20:52:52.409+0000] {dagbag.py:538} INFO - Filling up the DagBag from /opt/airflow/dags/daily_summary.py
[2025-10-24T20:52:52.464+0000] {processor.py:840} INFO - DAG(s) 'daily_summary' retrieved from /opt/airflow/dags/daily_summary.py
[2025-10-24T20:52:52.491+0000] {logging_mixin.py:188} INFO - [2025-10-24T20:52:52.491+0000] {dag.py:3036} INFO - Sync 1 DAGs
[2025-10-24T20:52:52.509+0000] {logging_mixin.py:188} INFO - [2025-10-24T20:52:52.509+0000] {dag.py:3823} INFO - Setting next_dagrun for daily_summary to 2025-10-23 00:00:00+00:00, run_after=2025-10-24 00:00:00+00:00
[2025-10-24T20:52:52.527+0000] {processor.py:183} INFO - Processing /opt/airflow/dags/daily_summary.py took 0.122 seconds
[2025-10-24T20:53:22.790+0000] {processor.py:161} INFO - Started process (PID=1526) to work on /opt/airflow/dags/daily_summary.py
[2025-10-24T20:53:22.791+0000] {processor.py:830} INFO - Processing file /opt/airflow/dags/daily_summary.py for tasks to queue
[2025-10-24T20:53:22.792+0000] {logging_mixin.py:188} INFO - [2025-10-24T20:53:22.791+0000] {dagbag.py:538} INFO - Filling up the DagBag from /opt/airflow/dags/daily_summary.py
[2025-10-24T20:53:22.842+0000] {processor.py:840} INFO - DAG(s) 'daily_summary' retrieved from /opt/airflow/dags/daily_summary.py
[2025-10-24T20:53:22.869+0000] {logging_mixin.py:188} INFO - [2025-10-24T20:53:22.869+0000] {dag.py:3036} INFO - Sync 1 DAGs
[2025-10-24T20:53:22.886+0000] {logging_mixin.py:188} INFO - [2025-10-24T20:53:22.886+0000] {dag.py:3823} INFO - Setting next_dagrun for daily_summary to 2025-10-23 00:00:00+00:00, run_after=2025-10-24 00:00:00+00:00
[2025-10-24T20:53:22.905+0000] {processor.py:183} INFO - Processing /opt/airflow/dags/daily_summary.py took 0.117 seconds
[2025-10-24T20:53:53.119+0000] {processor.py:161} INFO - Started process (PID=1531) to work on /opt/airflow/dags/daily_summary.py
[2025-10-24T20:53:53.119+0000] {processor.py:830} INFO - Processing file /opt/airflow/dags/daily_summary.py for tasks to queue
[2025-10-24T20:53:53.120+0000] {logging_mixin.py:188} INFO - [2025-10-24T20:53:53.120+0000] {dagbag.py:538} INFO - Filling up the DagBag from /opt/airflow/dags/daily_summary.py
[2025-10-24T20:53:53.171+0000] {processor.py:840} INFO - DAG(s) 'daily_summary' retrieved from /opt/airflow/dags/daily_summary.py
[2025-10-24T20:53:53.195+0000] {logging_mixin.py:188} INFO - [2025-10-24T20:53:53.195+0000] {dag.py:3036} INFO - Sync 1 DAGs
[2025-10-24T20:53:53.213+0000] {logging_mixin.py:188} INFO - [2025-10-24T20:53:53.213+0000] {dag.py:3823} INFO - Setting next_dagrun for daily_summary to 2025-10-23 00:00:00+00:00, run_after=2025-10-24 00:00:00+00:00
[2025-10-24T20:53:53.230+0000] {processor.py:183} INFO - Processing /opt/airflow/dags/daily_summary.py took 0.114 seconds
[2025-10-24T20:54:23.509+0000] {processor.py:161} INFO - Started process (PID=1536) to work on /opt/airflow/dags/daily_summary.py
[2025-10-24T20:54:23.510+0000] {processor.py:830} INFO - Processing file /opt/airflow/dags/daily_summary.py for tasks to queue
[2025-10-24T20:54:23.510+0000] {logging_mixin.py:188} INFO - [2025-10-24T20:54:23.510+0000] {dagbag.py:538} INFO - Filling up the DagBag from /opt/airflow/dags/daily_summary.py
[2025-10-24T20:54:23.562+0000] {processor.py:840} INFO - DAG(s) 'daily_summary' retrieved from /opt/airflow/dags/daily_summary.py
[2025-10-24T20:54:23.585+0000] {logging_mixin.py:188} INFO - [2025-10-24T20:54:23.584+0000] {dag.py:3036} INFO - Sync 1 DAGs
[2025-10-24T20:54:23.602+0000] {logging_mixin.py:188} INFO - [2025-10-24T20:54:23.601+0000] {dag.py:3823} INFO - Setting next_dagrun for daily_summary to 2025-10-23 00:00:00+00:00, run_after=2025-10-24 00:00:00+00:00
[2025-10-24T20:54:23.630+0000] {processor.py:183} INFO - Processing /opt/airflow/dags/daily_summary.py took 0.124 seconds
[2025-10-24T20:54:53.823+0000] {processor.py:161} INFO - Started process (PID=1541) to work on /opt/airflow/dags/daily_summary.py
[2025-10-24T20:54:53.824+0000] {processor.py:830} INFO - Processing file /opt/airflow/dags/daily_summary.py for tasks to queue
[2025-10-24T20:54:53.825+0000] {logging_mixin.py:188} INFO - [2025-10-24T20:54:53.824+0000] {dagbag.py:538} INFO - Filling up the DagBag from /opt/airflow/dags/daily_summary.py
[2025-10-24T20:54:53.876+0000] {processor.py:840} INFO - DAG(s) 'daily_summary' retrieved from /opt/airflow/dags/daily_summary.py
[2025-10-24T20:54:53.899+0000] {logging_mixin.py:188} INFO - [2025-10-24T20:54:53.899+0000] {dag.py:3036} INFO - Sync 1 DAGs
[2025-10-24T20:54:53.919+0000] {logging_mixin.py:188} INFO - [2025-10-24T20:54:53.919+0000] {dag.py:3823} INFO - Setting next_dagrun for daily_summary to 2025-10-23 00:00:00+00:00, run_after=2025-10-24 00:00:00+00:00
[2025-10-24T20:54:53.938+0000] {processor.py:183} INFO - Processing /opt/airflow/dags/daily_summary.py took 0.118 seconds
[2025-10-24T20:55:24.272+0000] {processor.py:161} INFO - Started process (PID=1546) to work on /opt/airflow/dags/daily_summary.py
[2025-10-24T20:55:24.272+0000] {processor.py:830} INFO - Processing file /opt/airflow/dags/daily_summary.py for tasks to queue
[2025-10-24T20:55:24.273+0000] {logging_mixin.py:188} INFO - [2025-10-24T20:55:24.273+0000] {dagbag.py:538} INFO - Filling up the DagBag from /opt/airflow/dags/daily_summary.py
[2025-10-24T20:55:24.329+0000] {processor.py:840} INFO - DAG(s) 'daily_summary' retrieved from /opt/airflow/dags/daily_summary.py
[2025-10-24T20:55:24.350+0000] {logging_mixin.py:188} INFO - [2025-10-24T20:55:24.350+0000] {dag.py:3036} INFO - Sync 1 DAGs
[2025-10-24T20:55:24.369+0000] {logging_mixin.py:188} INFO - [2025-10-24T20:55:24.368+0000] {dag.py:3823} INFO - Setting next_dagrun for daily_summary to 2025-10-23 00:00:00+00:00, run_after=2025-10-24 00:00:00+00:00
[2025-10-24T20:55:24.397+0000] {processor.py:183} INFO - Processing /opt/airflow/dags/daily_summary.py took 0.128 seconds
[2025-10-24T20:55:54.613+0000] {processor.py:161} INFO - Started process (PID=1551) to work on /opt/airflow/dags/daily_summary.py
[2025-10-24T20:55:54.614+0000] {processor.py:830} INFO - Processing file /opt/airflow/dags/daily_summary.py for tasks to queue
[2025-10-24T20:55:54.615+0000] {logging_mixin.py:188} INFO - [2025-10-24T20:55:54.615+0000] {dagbag.py:538} INFO - Filling up the DagBag from /opt/airflow/dags/daily_summary.py
[2025-10-24T20:55:54.666+0000] {processor.py:840} INFO - DAG(s) 'daily_summary' retrieved from /opt/airflow/dags/daily_summary.py
[2025-10-24T20:55:54.687+0000] {logging_mixin.py:188} INFO - [2025-10-24T20:55:54.687+0000] {dag.py:3036} INFO - Sync 1 DAGs
[2025-10-24T20:55:54.703+0000] {logging_mixin.py:188} INFO - [2025-10-24T20:55:54.703+0000] {dag.py:3823} INFO - Setting next_dagrun for daily_summary to 2025-10-23 00:00:00+00:00, run_after=2025-10-24 00:00:00+00:00
[2025-10-24T20:55:54.722+0000] {processor.py:183} INFO - Processing /opt/airflow/dags/daily_summary.py took 0.111 seconds
[2025-10-24T20:56:25.012+0000] {processor.py:161} INFO - Started process (PID=1556) to work on /opt/airflow/dags/daily_summary.py
[2025-10-24T20:56:25.013+0000] {processor.py:830} INFO - Processing file /opt/airflow/dags/daily_summary.py for tasks to queue
[2025-10-24T20:56:25.014+0000] {logging_mixin.py:188} INFO - [2025-10-24T20:56:25.013+0000] {dagbag.py:538} INFO - Filling up the DagBag from /opt/airflow/dags/daily_summary.py
[2025-10-24T20:56:25.066+0000] {processor.py:840} INFO - DAG(s) 'daily_summary' retrieved from /opt/airflow/dags/daily_summary.py
[2025-10-24T20:56:25.086+0000] {logging_mixin.py:188} INFO - [2025-10-24T20:56:25.086+0000] {dag.py:3036} INFO - Sync 1 DAGs
[2025-10-24T20:56:25.102+0000] {logging_mixin.py:188} INFO - [2025-10-24T20:56:25.102+0000] {dag.py:3823} INFO - Setting next_dagrun for daily_summary to 2025-10-23 00:00:00+00:00, run_after=2025-10-24 00:00:00+00:00
[2025-10-24T20:56:25.119+0000] {processor.py:183} INFO - Processing /opt/airflow/dags/daily_summary.py took 0.110 seconds
[2025-10-24T20:56:55.312+0000] {processor.py:161} INFO - Started process (PID=1561) to work on /opt/airflow/dags/daily_summary.py
[2025-10-24T20:56:55.313+0000] {processor.py:830} INFO - Processing file /opt/airflow/dags/daily_summary.py for tasks to queue
[2025-10-24T20:56:55.314+0000] {logging_mixin.py:188} INFO - [2025-10-24T20:56:55.314+0000] {dagbag.py:538} INFO - Filling up the DagBag from /opt/airflow/dags/daily_summary.py
[2025-10-24T20:56:55.365+0000] {processor.py:840} INFO - DAG(s) 'daily_summary' retrieved from /opt/airflow/dags/daily_summary.py
[2025-10-24T20:56:55.385+0000] {logging_mixin.py:188} INFO - [2025-10-24T20:56:55.385+0000] {dag.py:3036} INFO - Sync 1 DAGs
[2025-10-24T20:56:55.402+0000] {logging_mixin.py:188} INFO - [2025-10-24T20:56:55.401+0000] {dag.py:3823} INFO - Setting next_dagrun for daily_summary to 2025-10-23 00:00:00+00:00, run_after=2025-10-24 00:00:00+00:00
[2025-10-24T20:56:55.419+0000] {processor.py:183} INFO - Processing /opt/airflow/dags/daily_summary.py took 0.110 seconds
[2025-10-24T20:57:25.762+0000] {processor.py:161} INFO - Started process (PID=1566) to work on /opt/airflow/dags/daily_summary.py
[2025-10-24T20:57:25.763+0000] {processor.py:830} INFO - Processing file /opt/airflow/dags/daily_summary.py for tasks to queue
[2025-10-24T20:57:25.763+0000] {logging_mixin.py:188} INFO - [2025-10-24T20:57:25.763+0000] {dagbag.py:538} INFO - Filling up the DagBag from /opt/airflow/dags/daily_summary.py
[2025-10-24T20:57:25.817+0000] {processor.py:840} INFO - DAG(s) 'daily_summary' retrieved from /opt/airflow/dags/daily_summary.py
[2025-10-24T20:57:25.836+0000] {logging_mixin.py:188} INFO - [2025-10-24T20:57:25.836+0000] {dag.py:3036} INFO - Sync 1 DAGs
[2025-10-24T20:57:25.852+0000] {logging_mixin.py:188} INFO - [2025-10-24T20:57:25.852+0000] {dag.py:3823} INFO - Setting next_dagrun for daily_summary to 2025-10-23 00:00:00+00:00, run_after=2025-10-24 00:00:00+00:00
[2025-10-24T20:57:25.873+0000] {processor.py:183} INFO - Processing /opt/airflow/dags/daily_summary.py took 0.114 seconds
[2025-10-24T20:57:56.111+0000] {processor.py:161} INFO - Started process (PID=1571) to work on /opt/airflow/dags/daily_summary.py
[2025-10-24T20:57:56.112+0000] {processor.py:830} INFO - Processing file /opt/airflow/dags/daily_summary.py for tasks to queue
[2025-10-24T20:57:56.113+0000] {logging_mixin.py:188} INFO - [2025-10-24T20:57:56.112+0000] {dagbag.py:538} INFO - Filling up the DagBag from /opt/airflow/dags/daily_summary.py
[2025-10-24T20:57:56.180+0000] {processor.py:840} INFO - DAG(s) 'daily_summary' retrieved from /opt/airflow/dags/daily_summary.py
[2025-10-24T20:57:56.204+0000] {logging_mixin.py:188} INFO - [2025-10-24T20:57:56.204+0000] {dag.py:3036} INFO - Sync 1 DAGs
[2025-10-24T20:57:56.223+0000] {logging_mixin.py:188} INFO - [2025-10-24T20:57:56.223+0000] {dag.py:3823} INFO - Setting next_dagrun for daily_summary to 2025-10-23 00:00:00+00:00, run_after=2025-10-24 00:00:00+00:00
[2025-10-24T20:57:56.239+0000] {processor.py:183} INFO - Processing /opt/airflow/dags/daily_summary.py took 0.131 seconds
[2025-10-24T20:58:26.458+0000] {processor.py:161} INFO - Started process (PID=1576) to work on /opt/airflow/dags/daily_summary.py
[2025-10-24T20:58:26.459+0000] {processor.py:830} INFO - Processing file /opt/airflow/dags/daily_summary.py for tasks to queue
[2025-10-24T20:58:26.459+0000] {logging_mixin.py:188} INFO - [2025-10-24T20:58:26.459+0000] {dagbag.py:538} INFO - Filling up the DagBag from /opt/airflow/dags/daily_summary.py
[2025-10-24T20:58:26.512+0000] {processor.py:840} INFO - DAG(s) 'daily_summary' retrieved from /opt/airflow/dags/daily_summary.py
[2025-10-24T20:58:26.533+0000] {logging_mixin.py:188} INFO - [2025-10-24T20:58:26.532+0000] {dag.py:3036} INFO - Sync 1 DAGs
[2025-10-24T20:58:26.550+0000] {logging_mixin.py:188} INFO - [2025-10-24T20:58:26.550+0000] {dag.py:3823} INFO - Setting next_dagrun for daily_summary to 2025-10-23 00:00:00+00:00, run_after=2025-10-24 00:00:00+00:00
[2025-10-24T20:58:26.568+0000] {processor.py:183} INFO - Processing /opt/airflow/dags/daily_summary.py took 0.113 seconds
[2025-10-24T20:58:56.870+0000] {processor.py:161} INFO - Started process (PID=1581) to work on /opt/airflow/dags/daily_summary.py
[2025-10-24T20:58:56.871+0000] {processor.py:830} INFO - Processing file /opt/airflow/dags/daily_summary.py for tasks to queue
[2025-10-24T20:58:56.872+0000] {logging_mixin.py:188} INFO - [2025-10-24T20:58:56.872+0000] {dagbag.py:538} INFO - Filling up the DagBag from /opt/airflow/dags/daily_summary.py
[2025-10-24T20:58:56.928+0000] {processor.py:840} INFO - DAG(s) 'daily_summary' retrieved from /opt/airflow/dags/daily_summary.py
[2025-10-24T20:58:56.947+0000] {logging_mixin.py:188} INFO - [2025-10-24T20:58:56.947+0000] {dag.py:3036} INFO - Sync 1 DAGs
[2025-10-24T20:58:56.963+0000] {logging_mixin.py:188} INFO - [2025-10-24T20:58:56.963+0000] {dag.py:3823} INFO - Setting next_dagrun for daily_summary to 2025-10-23 00:00:00+00:00, run_after=2025-10-24 00:00:00+00:00
[2025-10-24T20:58:56.990+0000] {processor.py:183} INFO - Processing /opt/airflow/dags/daily_summary.py took 0.122 seconds
[2025-10-24T20:59:27.178+0000] {processor.py:161} INFO - Started process (PID=1586) to work on /opt/airflow/dags/daily_summary.py
[2025-10-24T20:59:27.179+0000] {processor.py:830} INFO - Processing file /opt/airflow/dags/daily_summary.py for tasks to queue
[2025-10-24T20:59:27.180+0000] {logging_mixin.py:188} INFO - [2025-10-24T20:59:27.180+0000] {dagbag.py:538} INFO - Filling up the DagBag from /opt/airflow/dags/daily_summary.py
[2025-10-24T20:59:27.235+0000] {processor.py:840} INFO - DAG(s) 'daily_summary' retrieved from /opt/airflow/dags/daily_summary.py
[2025-10-24T20:59:27.255+0000] {logging_mixin.py:188} INFO - [2025-10-24T20:59:27.255+0000] {dag.py:3036} INFO - Sync 1 DAGs
[2025-10-24T20:59:27.271+0000] {logging_mixin.py:188} INFO - [2025-10-24T20:59:27.271+0000] {dag.py:3823} INFO - Setting next_dagrun for daily_summary to 2025-10-23 00:00:00+00:00, run_after=2025-10-24 00:00:00+00:00
[2025-10-24T20:59:27.289+0000] {processor.py:183} INFO - Processing /opt/airflow/dags/daily_summary.py took 0.114 seconds
[2025-10-24T20:59:57.541+0000] {processor.py:161} INFO - Started process (PID=1591) to work on /opt/airflow/dags/daily_summary.py
[2025-10-24T20:59:57.542+0000] {processor.py:830} INFO - Processing file /opt/airflow/dags/daily_summary.py for tasks to queue
[2025-10-24T20:59:57.543+0000] {logging_mixin.py:188} INFO - [2025-10-24T20:59:57.543+0000] {dagbag.py:538} INFO - Filling up the DagBag from /opt/airflow/dags/daily_summary.py
[2025-10-24T20:59:57.597+0000] {processor.py:840} INFO - DAG(s) 'daily_summary' retrieved from /opt/airflow/dags/daily_summary.py
[2025-10-24T20:59:57.622+0000] {logging_mixin.py:188} INFO - [2025-10-24T20:59:57.621+0000] {dag.py:3036} INFO - Sync 1 DAGs
[2025-10-24T20:59:57.638+0000] {logging_mixin.py:188} INFO - [2025-10-24T20:59:57.638+0000] {dag.py:3823} INFO - Setting next_dagrun for daily_summary to 2025-10-23 00:00:00+00:00, run_after=2025-10-24 00:00:00+00:00
[2025-10-24T20:59:57.656+0000] {processor.py:183} INFO - Processing /opt/airflow/dags/daily_summary.py took 0.118 seconds
[2025-10-24T21:00:27.913+0000] {processor.py:161} INFO - Started process (PID=1596) to work on /opt/airflow/dags/daily_summary.py
[2025-10-24T21:00:27.914+0000] {processor.py:830} INFO - Processing file /opt/airflow/dags/daily_summary.py for tasks to queue
[2025-10-24T21:00:27.915+0000] {logging_mixin.py:188} INFO - [2025-10-24T21:00:27.915+0000] {dagbag.py:538} INFO - Filling up the DagBag from /opt/airflow/dags/daily_summary.py
[2025-10-24T21:00:27.972+0000] {processor.py:840} INFO - DAG(s) 'daily_summary' retrieved from /opt/airflow/dags/daily_summary.py
[2025-10-24T21:00:27.996+0000] {logging_mixin.py:188} INFO - [2025-10-24T21:00:27.996+0000] {dag.py:3036} INFO - Sync 1 DAGs
[2025-10-24T21:00:28.015+0000] {logging_mixin.py:188} INFO - [2025-10-24T21:00:28.015+0000] {dag.py:3823} INFO - Setting next_dagrun for daily_summary to 2025-10-23 00:00:00+00:00, run_after=2025-10-24 00:00:00+00:00
[2025-10-24T21:00:28.042+0000] {processor.py:183} INFO - Processing /opt/airflow/dags/daily_summary.py took 0.131 seconds
[2025-10-24T21:00:58.240+0000] {processor.py:161} INFO - Started process (PID=1601) to work on /opt/airflow/dags/daily_summary.py
[2025-10-24T21:00:58.241+0000] {processor.py:830} INFO - Processing file /opt/airflow/dags/daily_summary.py for tasks to queue
[2025-10-24T21:00:58.242+0000] {logging_mixin.py:188} INFO - [2025-10-24T21:00:58.242+0000] {dagbag.py:538} INFO - Filling up the DagBag from /opt/airflow/dags/daily_summary.py
[2025-10-24T21:00:58.295+0000] {processor.py:840} INFO - DAG(s) 'daily_summary' retrieved from /opt/airflow/dags/daily_summary.py
[2025-10-24T21:00:58.316+0000] {logging_mixin.py:188} INFO - [2025-10-24T21:00:58.316+0000] {dag.py:3036} INFO - Sync 1 DAGs
[2025-10-24T21:00:58.332+0000] {logging_mixin.py:188} INFO - [2025-10-24T21:00:58.332+0000] {dag.py:3823} INFO - Setting next_dagrun for daily_summary to 2025-10-23 00:00:00+00:00, run_after=2025-10-24 00:00:00+00:00
[2025-10-24T21:00:58.358+0000] {processor.py:183} INFO - Processing /opt/airflow/dags/daily_summary.py took 0.120 seconds
[2025-10-24T21:01:28.698+0000] {processor.py:161} INFO - Started process (PID=1606) to work on /opt/airflow/dags/daily_summary.py
[2025-10-24T21:01:28.699+0000] {processor.py:830} INFO - Processing file /opt/airflow/dags/daily_summary.py for tasks to queue
[2025-10-24T21:01:28.700+0000] {logging_mixin.py:188} INFO - [2025-10-24T21:01:28.699+0000] {dagbag.py:538} INFO - Filling up the DagBag from /opt/airflow/dags/daily_summary.py
[2025-10-24T21:01:28.755+0000] {processor.py:840} INFO - DAG(s) 'daily_summary' retrieved from /opt/airflow/dags/daily_summary.py
[2025-10-24T21:01:28.776+0000] {logging_mixin.py:188} INFO - [2025-10-24T21:01:28.776+0000] {dag.py:3036} INFO - Sync 1 DAGs
[2025-10-24T21:01:28.794+0000] {logging_mixin.py:188} INFO - [2025-10-24T21:01:28.794+0000] {dag.py:3823} INFO - Setting next_dagrun for daily_summary to 2025-10-23 00:00:00+00:00, run_after=2025-10-24 00:00:00+00:00
[2025-10-24T21:01:28.814+0000] {processor.py:183} INFO - Processing /opt/airflow/dags/daily_summary.py took 0.118 seconds
[2025-10-24T21:01:59.025+0000] {processor.py:161} INFO - Started process (PID=1611) to work on /opt/airflow/dags/daily_summary.py
[2025-10-24T21:01:59.026+0000] {processor.py:830} INFO - Processing file /opt/airflow/dags/daily_summary.py for tasks to queue
[2025-10-24T21:01:59.027+0000] {logging_mixin.py:188} INFO - [2025-10-24T21:01:59.027+0000] {dagbag.py:538} INFO - Filling up the DagBag from /opt/airflow/dags/daily_summary.py
[2025-10-24T21:01:59.082+0000] {processor.py:840} INFO - DAG(s) 'daily_summary' retrieved from /opt/airflow/dags/daily_summary.py
[2025-10-24T21:01:59.103+0000] {logging_mixin.py:188} INFO - [2025-10-24T21:01:59.102+0000] {dag.py:3036} INFO - Sync 1 DAGs
[2025-10-24T21:01:59.118+0000] {logging_mixin.py:188} INFO - [2025-10-24T21:01:59.118+0000] {dag.py:3823} INFO - Setting next_dagrun for daily_summary to 2025-10-23 00:00:00+00:00, run_after=2025-10-24 00:00:00+00:00
[2025-10-24T21:01:59.137+0000] {processor.py:183} INFO - Processing /opt/airflow/dags/daily_summary.py took 0.115 seconds
[2025-10-24T21:02:29.437+0000] {processor.py:161} INFO - Started process (PID=1616) to work on /opt/airflow/dags/daily_summary.py
[2025-10-24T21:02:29.438+0000] {processor.py:830} INFO - Processing file /opt/airflow/dags/daily_summary.py for tasks to queue
[2025-10-24T21:02:29.438+0000] {logging_mixin.py:188} INFO - [2025-10-24T21:02:29.438+0000] {dagbag.py:538} INFO - Filling up the DagBag from /opt/airflow/dags/daily_summary.py
[2025-10-24T21:02:29.499+0000] {processor.py:840} INFO - DAG(s) 'daily_summary' retrieved from /opt/airflow/dags/daily_summary.py
[2025-10-24T21:02:29.524+0000] {logging_mixin.py:188} INFO - [2025-10-24T21:02:29.524+0000] {dag.py:3036} INFO - Sync 1 DAGs
[2025-10-24T21:02:29.549+0000] {logging_mixin.py:188} INFO - [2025-10-24T21:02:29.549+0000] {dag.py:3823} INFO - Setting next_dagrun for daily_summary to 2025-10-23 00:00:00+00:00, run_after=2025-10-24 00:00:00+00:00
[2025-10-24T21:02:29.573+0000] {processor.py:183} INFO - Processing /opt/airflow/dags/daily_summary.py took 0.139 seconds
[2025-10-24T21:02:59.702+0000] {processor.py:161} INFO - Started process (PID=1621) to work on /opt/airflow/dags/daily_summary.py
[2025-10-24T21:02:59.703+0000] {processor.py:830} INFO - Processing file /opt/airflow/dags/daily_summary.py for tasks to queue
[2025-10-24T21:02:59.704+0000] {logging_mixin.py:188} INFO - [2025-10-24T21:02:59.703+0000] {dagbag.py:538} INFO - Filling up the DagBag from /opt/airflow/dags/daily_summary.py
[2025-10-24T21:02:59.757+0000] {processor.py:840} INFO - DAG(s) 'daily_summary' retrieved from /opt/airflow/dags/daily_summary.py
[2025-10-24T21:02:59.777+0000] {logging_mixin.py:188} INFO - [2025-10-24T21:02:59.777+0000] {dag.py:3036} INFO - Sync 1 DAGs
[2025-10-24T21:02:59.793+0000] {logging_mixin.py:188} INFO - [2025-10-24T21:02:59.793+0000] {dag.py:3823} INFO - Setting next_dagrun for daily_summary to 2025-10-23 00:00:00+00:00, run_after=2025-10-24 00:00:00+00:00
[2025-10-24T21:02:59.810+0000] {processor.py:183} INFO - Processing /opt/airflow/dags/daily_summary.py took 0.112 seconds
[2025-10-24T21:03:29.970+0000] {processor.py:161} INFO - Started process (PID=1626) to work on /opt/airflow/dags/daily_summary.py
[2025-10-24T21:03:29.971+0000] {processor.py:830} INFO - Processing file /opt/airflow/dags/daily_summary.py for tasks to queue
[2025-10-24T21:03:29.972+0000] {logging_mixin.py:188} INFO - [2025-10-24T21:03:29.972+0000] {dagbag.py:538} INFO - Filling up the DagBag from /opt/airflow/dags/daily_summary.py
[2025-10-24T21:03:30.036+0000] {processor.py:840} INFO - DAG(s) 'daily_summary' retrieved from /opt/airflow/dags/daily_summary.py
[2025-10-24T21:03:30.057+0000] {logging_mixin.py:188} INFO - [2025-10-24T21:03:30.057+0000] {dag.py:3036} INFO - Sync 1 DAGs
[2025-10-24T21:03:30.073+0000] {logging_mixin.py:188} INFO - [2025-10-24T21:03:30.073+0000] {dag.py:3823} INFO - Setting next_dagrun for daily_summary to 2025-10-23 00:00:00+00:00, run_after=2025-10-24 00:00:00+00:00
[2025-10-24T21:03:30.099+0000] {processor.py:183} INFO - Processing /opt/airflow/dags/daily_summary.py took 0.132 seconds
[2025-10-24T21:04:00.336+0000] {processor.py:161} INFO - Started process (PID=1631) to work on /opt/airflow/dags/daily_summary.py
[2025-10-24T21:04:00.337+0000] {processor.py:830} INFO - Processing file /opt/airflow/dags/daily_summary.py for tasks to queue
[2025-10-24T21:04:00.338+0000] {logging_mixin.py:188} INFO - [2025-10-24T21:04:00.337+0000] {dagbag.py:538} INFO - Filling up the DagBag from /opt/airflow/dags/daily_summary.py
[2025-10-24T21:04:00.391+0000] {processor.py:840} INFO - DAG(s) 'daily_summary' retrieved from /opt/airflow/dags/daily_summary.py
[2025-10-24T21:04:00.414+0000] {logging_mixin.py:188} INFO - [2025-10-24T21:04:00.413+0000] {dag.py:3036} INFO - Sync 1 DAGs
[2025-10-24T21:04:00.434+0000] {logging_mixin.py:188} INFO - [2025-10-24T21:04:00.434+0000] {dag.py:3823} INFO - Setting next_dagrun for daily_summary to 2025-10-23 00:00:00+00:00, run_after=2025-10-24 00:00:00+00:00
[2025-10-24T21:04:00.461+0000] {processor.py:183} INFO - Processing /opt/airflow/dags/daily_summary.py took 0.127 seconds
[2025-10-24T21:04:30.583+0000] {processor.py:161} INFO - Started process (PID=1636) to work on /opt/airflow/dags/daily_summary.py
[2025-10-24T21:04:30.584+0000] {processor.py:830} INFO - Processing file /opt/airflow/dags/daily_summary.py for tasks to queue
[2025-10-24T21:04:30.585+0000] {logging_mixin.py:188} INFO - [2025-10-24T21:04:30.585+0000] {dagbag.py:538} INFO - Filling up the DagBag from /opt/airflow/dags/daily_summary.py
[2025-10-24T21:04:30.640+0000] {processor.py:840} INFO - DAG(s) 'daily_summary' retrieved from /opt/airflow/dags/daily_summary.py
[2025-10-24T21:04:30.664+0000] {logging_mixin.py:188} INFO - [2025-10-24T21:04:30.664+0000] {dag.py:3036} INFO - Sync 1 DAGs
[2025-10-24T21:04:30.682+0000] {logging_mixin.py:188} INFO - [2025-10-24T21:04:30.682+0000] {dag.py:3823} INFO - Setting next_dagrun for daily_summary to 2025-10-23 00:00:00+00:00, run_after=2025-10-24 00:00:00+00:00
[2025-10-24T21:04:30.710+0000] {processor.py:183} INFO - Processing /opt/airflow/dags/daily_summary.py took 0.130 seconds
[2025-10-24T21:05:00.820+0000] {processor.py:161} INFO - Started process (PID=1641) to work on /opt/airflow/dags/daily_summary.py
[2025-10-24T21:05:00.821+0000] {processor.py:830} INFO - Processing file /opt/airflow/dags/daily_summary.py for tasks to queue
[2025-10-24T21:05:00.822+0000] {logging_mixin.py:188} INFO - [2025-10-24T21:05:00.822+0000] {dagbag.py:538} INFO - Filling up the DagBag from /opt/airflow/dags/daily_summary.py
[2025-10-24T21:05:00.877+0000] {processor.py:840} INFO - DAG(s) 'daily_summary' retrieved from /opt/airflow/dags/daily_summary.py
[2025-10-24T21:05:00.899+0000] {logging_mixin.py:188} INFO - [2025-10-24T21:05:00.899+0000] {dag.py:3036} INFO - Sync 1 DAGs
[2025-10-24T21:05:00.915+0000] {logging_mixin.py:188} INFO - [2025-10-24T21:05:00.915+0000] {dag.py:3823} INFO - Setting next_dagrun for daily_summary to 2025-10-23 00:00:00+00:00, run_after=2025-10-24 00:00:00+00:00
[2025-10-24T21:05:00.936+0000] {processor.py:183} INFO - Processing /opt/airflow/dags/daily_summary.py took 0.118 seconds
[2025-10-24T21:05:31.099+0000] {processor.py:161} INFO - Started process (PID=1646) to work on /opt/airflow/dags/daily_summary.py
[2025-10-24T21:05:31.099+0000] {processor.py:830} INFO - Processing file /opt/airflow/dags/daily_summary.py for tasks to queue
[2025-10-24T21:05:31.100+0000] {logging_mixin.py:188} INFO - [2025-10-24T21:05:31.100+0000] {dagbag.py:538} INFO - Filling up the DagBag from /opt/airflow/dags/daily_summary.py
[2025-10-24T21:05:31.159+0000] {processor.py:840} INFO - DAG(s) 'daily_summary' retrieved from /opt/airflow/dags/daily_summary.py
[2025-10-24T21:05:31.182+0000] {logging_mixin.py:188} INFO - [2025-10-24T21:05:31.182+0000] {dag.py:3036} INFO - Sync 1 DAGs
[2025-10-24T21:05:31.200+0000] {logging_mixin.py:188} INFO - [2025-10-24T21:05:31.200+0000] {dag.py:3823} INFO - Setting next_dagrun for daily_summary to 2025-10-23 00:00:00+00:00, run_after=2025-10-24 00:00:00+00:00
[2025-10-24T21:05:31.218+0000] {processor.py:183} INFO - Processing /opt/airflow/dags/daily_summary.py took 0.122 seconds
[2025-10-24T21:06:01.572+0000] {processor.py:161} INFO - Started process (PID=1651) to work on /opt/airflow/dags/daily_summary.py
[2025-10-24T21:06:01.573+0000] {processor.py:830} INFO - Processing file /opt/airflow/dags/daily_summary.py for tasks to queue
[2025-10-24T21:06:01.574+0000] {logging_mixin.py:188} INFO - [2025-10-24T21:06:01.574+0000] {dagbag.py:538} INFO - Filling up the DagBag from /opt/airflow/dags/daily_summary.py
[2025-10-24T21:06:01.626+0000] {processor.py:840} INFO - DAG(s) 'daily_summary' retrieved from /opt/airflow/dags/daily_summary.py
[2025-10-24T21:06:01.648+0000] {logging_mixin.py:188} INFO - [2025-10-24T21:06:01.648+0000] {dag.py:3036} INFO - Sync 1 DAGs
[2025-10-24T21:06:01.666+0000] {logging_mixin.py:188} INFO - [2025-10-24T21:06:01.666+0000] {dag.py:3823} INFO - Setting next_dagrun for daily_summary to 2025-10-23 00:00:00+00:00, run_after=2025-10-24 00:00:00+00:00
[2025-10-24T21:06:01.687+0000] {processor.py:183} INFO - Processing /opt/airflow/dags/daily_summary.py took 0.117 seconds
[2025-10-24T21:06:31.874+0000] {processor.py:161} INFO - Started process (PID=1656) to work on /opt/airflow/dags/daily_summary.py
[2025-10-24T21:06:31.875+0000] {processor.py:830} INFO - Processing file /opt/airflow/dags/daily_summary.py for tasks to queue
[2025-10-24T21:06:31.875+0000] {logging_mixin.py:188} INFO - [2025-10-24T21:06:31.875+0000] {dagbag.py:538} INFO - Filling up the DagBag from /opt/airflow/dags/daily_summary.py
[2025-10-24T21:06:31.931+0000] {processor.py:840} INFO - DAG(s) 'daily_summary' retrieved from /opt/airflow/dags/daily_summary.py
[2025-10-24T21:06:31.957+0000] {logging_mixin.py:188} INFO - [2025-10-24T21:06:31.957+0000] {dag.py:3036} INFO - Sync 1 DAGs
[2025-10-24T21:06:31.975+0000] {logging_mixin.py:188} INFO - [2025-10-24T21:06:31.975+0000] {dag.py:3823} INFO - Setting next_dagrun for daily_summary to 2025-10-23 00:00:00+00:00, run_after=2025-10-24 00:00:00+00:00
[2025-10-24T21:06:32.002+0000] {processor.py:183} INFO - Processing /opt/airflow/dags/daily_summary.py took 0.131 seconds
[2025-10-24T21:07:02.308+0000] {processor.py:161} INFO - Started process (PID=1661) to work on /opt/airflow/dags/daily_summary.py
[2025-10-24T21:07:02.309+0000] {processor.py:830} INFO - Processing file /opt/airflow/dags/daily_summary.py for tasks to queue
[2025-10-24T21:07:02.310+0000] {logging_mixin.py:188} INFO - [2025-10-24T21:07:02.309+0000] {dagbag.py:538} INFO - Filling up the DagBag from /opt/airflow/dags/daily_summary.py
[2025-10-24T21:07:02.362+0000] {processor.py:840} INFO - DAG(s) 'daily_summary' retrieved from /opt/airflow/dags/daily_summary.py
[2025-10-24T21:07:02.384+0000] {logging_mixin.py:188} INFO - [2025-10-24T21:07:02.384+0000] {dag.py:3036} INFO - Sync 1 DAGs
[2025-10-24T21:07:02.402+0000] {logging_mixin.py:188} INFO - [2025-10-24T21:07:02.402+0000] {dag.py:3823} INFO - Setting next_dagrun for daily_summary to 2025-10-23 00:00:00+00:00, run_after=2025-10-24 00:00:00+00:00
[2025-10-24T21:07:02.425+0000] {processor.py:183} INFO - Processing /opt/airflow/dags/daily_summary.py took 0.120 seconds
[2025-10-24T21:07:32.650+0000] {processor.py:161} INFO - Started process (PID=1666) to work on /opt/airflow/dags/daily_summary.py
[2025-10-24T21:07:32.651+0000] {processor.py:830} INFO - Processing file /opt/airflow/dags/daily_summary.py for tasks to queue
[2025-10-24T21:07:32.652+0000] {logging_mixin.py:188} INFO - [2025-10-24T21:07:32.651+0000] {dagbag.py:538} INFO - Filling up the DagBag from /opt/airflow/dags/daily_summary.py
[2025-10-24T21:07:32.706+0000] {processor.py:840} INFO - DAG(s) 'daily_summary' retrieved from /opt/airflow/dags/daily_summary.py
[2025-10-24T21:07:32.726+0000] {logging_mixin.py:188} INFO - [2025-10-24T21:07:32.726+0000] {dag.py:3036} INFO - Sync 1 DAGs
[2025-10-24T21:07:32.742+0000] {logging_mixin.py:188} INFO - [2025-10-24T21:07:32.742+0000] {dag.py:3823} INFO - Setting next_dagrun for daily_summary to 2025-10-23 00:00:00+00:00, run_after=2025-10-24 00:00:00+00:00
[2025-10-24T21:07:32.769+0000] {processor.py:183} INFO - Processing /opt/airflow/dags/daily_summary.py took 0.122 seconds
[2025-10-24T21:08:03.035+0000] {processor.py:161} INFO - Started process (PID=1671) to work on /opt/airflow/dags/daily_summary.py
[2025-10-24T21:08:03.036+0000] {processor.py:830} INFO - Processing file /opt/airflow/dags/daily_summary.py for tasks to queue
[2025-10-24T21:08:03.037+0000] {logging_mixin.py:188} INFO - [2025-10-24T21:08:03.037+0000] {dagbag.py:538} INFO - Filling up the DagBag from /opt/airflow/dags/daily_summary.py
[2025-10-24T21:08:03.095+0000] {processor.py:840} INFO - DAG(s) 'daily_summary' retrieved from /opt/airflow/dags/daily_summary.py
[2025-10-24T21:08:03.116+0000] {logging_mixin.py:188} INFO - [2025-10-24T21:08:03.115+0000] {dag.py:3036} INFO - Sync 1 DAGs
[2025-10-24T21:08:03.132+0000] {logging_mixin.py:188} INFO - [2025-10-24T21:08:03.132+0000] {dag.py:3823} INFO - Setting next_dagrun for daily_summary to 2025-10-23 00:00:00+00:00, run_after=2025-10-24 00:00:00+00:00
[2025-10-24T21:08:03.149+0000] {processor.py:183} INFO - Processing /opt/airflow/dags/daily_summary.py took 0.117 seconds
[2025-10-24T21:08:33.360+0000] {processor.py:161} INFO - Started process (PID=1676) to work on /opt/airflow/dags/daily_summary.py
[2025-10-24T21:08:33.361+0000] {processor.py:830} INFO - Processing file /opt/airflow/dags/daily_summary.py for tasks to queue
[2025-10-24T21:08:33.362+0000] {logging_mixin.py:188} INFO - [2025-10-24T21:08:33.362+0000] {dagbag.py:538} INFO - Filling up the DagBag from /opt/airflow/dags/daily_summary.py
[2025-10-24T21:08:33.418+0000] {processor.py:840} INFO - DAG(s) 'daily_summary' retrieved from /opt/airflow/dags/daily_summary.py
[2025-10-24T21:08:33.438+0000] {logging_mixin.py:188} INFO - [2025-10-24T21:08:33.437+0000] {dag.py:3036} INFO - Sync 1 DAGs
[2025-10-24T21:08:33.454+0000] {logging_mixin.py:188} INFO - [2025-10-24T21:08:33.454+0000] {dag.py:3823} INFO - Setting next_dagrun for daily_summary to 2025-10-23 00:00:00+00:00, run_after=2025-10-24 00:00:00+00:00
[2025-10-24T21:08:33.481+0000] {processor.py:183} INFO - Processing /opt/airflow/dags/daily_summary.py took 0.124 seconds
[2025-10-24T21:09:03.811+0000] {processor.py:161} INFO - Started process (PID=1681) to work on /opt/airflow/dags/daily_summary.py
[2025-10-24T21:09:03.812+0000] {processor.py:830} INFO - Processing file /opt/airflow/dags/daily_summary.py for tasks to queue
[2025-10-24T21:09:03.813+0000] {logging_mixin.py:188} INFO - [2025-10-24T21:09:03.813+0000] {dagbag.py:538} INFO - Filling up the DagBag from /opt/airflow/dags/daily_summary.py
[2025-10-24T21:09:03.867+0000] {processor.py:840} INFO - DAG(s) 'daily_summary' retrieved from /opt/airflow/dags/daily_summary.py
[2025-10-24T21:09:03.887+0000] {logging_mixin.py:188} INFO - [2025-10-24T21:09:03.886+0000] {dag.py:3036} INFO - Sync 1 DAGs
[2025-10-24T21:09:03.902+0000] {logging_mixin.py:188} INFO - [2025-10-24T21:09:03.902+0000] {dag.py:3823} INFO - Setting next_dagrun for daily_summary to 2025-10-23 00:00:00+00:00, run_after=2025-10-24 00:00:00+00:00
[2025-10-24T21:09:03.919+0000] {processor.py:183} INFO - Processing /opt/airflow/dags/daily_summary.py took 0.110 seconds
[2025-10-24T21:09:34.110+0000] {processor.py:161} INFO - Started process (PID=1686) to work on /opt/airflow/dags/daily_summary.py
[2025-10-24T21:09:34.111+0000] {processor.py:830} INFO - Processing file /opt/airflow/dags/daily_summary.py for tasks to queue
[2025-10-24T21:09:34.112+0000] {logging_mixin.py:188} INFO - [2025-10-24T21:09:34.112+0000] {dagbag.py:538} INFO - Filling up the DagBag from /opt/airflow/dags/daily_summary.py
[2025-10-24T21:09:34.176+0000] {processor.py:840} INFO - DAG(s) 'daily_summary' retrieved from /opt/airflow/dags/daily_summary.py
[2025-10-24T21:09:34.198+0000] {logging_mixin.py:188} INFO - [2025-10-24T21:09:34.198+0000] {dag.py:3036} INFO - Sync 1 DAGs
[2025-10-24T21:09:34.216+0000] {logging_mixin.py:188} INFO - [2025-10-24T21:09:34.216+0000] {dag.py:3823} INFO - Setting next_dagrun for daily_summary to 2025-10-23 00:00:00+00:00, run_after=2025-10-24 00:00:00+00:00
[2025-10-24T21:09:34.235+0000] {processor.py:183} INFO - Processing /opt/airflow/dags/daily_summary.py took 0.128 seconds
[2025-10-24T21:10:04.454+0000] {processor.py:161} INFO - Started process (PID=1691) to work on /opt/airflow/dags/daily_summary.py
[2025-10-24T21:10:04.455+0000] {processor.py:830} INFO - Processing file /opt/airflow/dags/daily_summary.py for tasks to queue
[2025-10-24T21:10:04.456+0000] {logging_mixin.py:188} INFO - [2025-10-24T21:10:04.456+0000] {dagbag.py:538} INFO - Filling up the DagBag from /opt/airflow/dags/daily_summary.py
[2025-10-24T21:10:04.509+0000] {processor.py:840} INFO - DAG(s) 'daily_summary' retrieved from /opt/airflow/dags/daily_summary.py
[2025-10-24T21:10:04.531+0000] {logging_mixin.py:188} INFO - [2025-10-24T21:10:04.531+0000] {dag.py:3036} INFO - Sync 1 DAGs
[2025-10-24T21:10:04.546+0000] {logging_mixin.py:188} INFO - [2025-10-24T21:10:04.546+0000] {dag.py:3823} INFO - Setting next_dagrun for daily_summary to 2025-10-23 00:00:00+00:00, run_after=2025-10-24 00:00:00+00:00
[2025-10-24T21:10:04.563+0000] {processor.py:183} INFO - Processing /opt/airflow/dags/daily_summary.py took 0.112 seconds
[2025-10-24T21:10:34.877+0000] {processor.py:161} INFO - Started process (PID=1696) to work on /opt/airflow/dags/daily_summary.py
[2025-10-24T21:10:34.878+0000] {processor.py:830} INFO - Processing file /opt/airflow/dags/daily_summary.py for tasks to queue
[2025-10-24T21:10:34.879+0000] {logging_mixin.py:188} INFO - [2025-10-24T21:10:34.878+0000] {dagbag.py:538} INFO - Filling up the DagBag from /opt/airflow/dags/daily_summary.py
[2025-10-24T21:10:34.935+0000] {processor.py:840} INFO - DAG(s) 'daily_summary' retrieved from /opt/airflow/dags/daily_summary.py
[2025-10-24T21:10:34.958+0000] {logging_mixin.py:188} INFO - [2025-10-24T21:10:34.958+0000] {dag.py:3036} INFO - Sync 1 DAGs
[2025-10-24T21:10:34.975+0000] {logging_mixin.py:188} INFO - [2025-10-24T21:10:34.975+0000] {dag.py:3823} INFO - Setting next_dagrun for daily_summary to 2025-10-23 00:00:00+00:00, run_after=2025-10-24 00:00:00+00:00
[2025-10-24T21:10:34.995+0000] {processor.py:183} INFO - Processing /opt/airflow/dags/daily_summary.py took 0.120 seconds
[2025-10-24T21:11:05.167+0000] {processor.py:161} INFO - Started process (PID=1701) to work on /opt/airflow/dags/daily_summary.py
[2025-10-24T21:11:05.168+0000] {processor.py:830} INFO - Processing file /opt/airflow/dags/daily_summary.py for tasks to queue
[2025-10-24T21:11:05.169+0000] {logging_mixin.py:188} INFO - [2025-10-24T21:11:05.169+0000] {dagbag.py:538} INFO - Filling up the DagBag from /opt/airflow/dags/daily_summary.py
[2025-10-24T21:11:05.223+0000] {processor.py:840} INFO - DAG(s) 'daily_summary' retrieved from /opt/airflow/dags/daily_summary.py
[2025-10-24T21:11:05.247+0000] {logging_mixin.py:188} INFO - [2025-10-24T21:11:05.247+0000] {dag.py:3036} INFO - Sync 1 DAGs
[2025-10-24T21:11:05.265+0000] {logging_mixin.py:188} INFO - [2025-10-24T21:11:05.265+0000] {dag.py:3823} INFO - Setting next_dagrun for daily_summary to 2025-10-23 00:00:00+00:00, run_after=2025-10-24 00:00:00+00:00
[2025-10-24T21:11:05.285+0000] {processor.py:183} INFO - Processing /opt/airflow/dags/daily_summary.py took 0.120 seconds
[2025-10-24T21:11:35.605+0000] {processor.py:161} INFO - Started process (PID=1706) to work on /opt/airflow/dags/daily_summary.py
[2025-10-24T21:11:35.606+0000] {processor.py:830} INFO - Processing file /opt/airflow/dags/daily_summary.py for tasks to queue
[2025-10-24T21:11:35.607+0000] {logging_mixin.py:188} INFO - [2025-10-24T21:11:35.606+0000] {dagbag.py:538} INFO - Filling up the DagBag from /opt/airflow/dags/daily_summary.py
[2025-10-24T21:11:35.662+0000] {processor.py:840} INFO - DAG(s) 'daily_summary' retrieved from /opt/airflow/dags/daily_summary.py
[2025-10-24T21:11:35.683+0000] {logging_mixin.py:188} INFO - [2025-10-24T21:11:35.683+0000] {dag.py:3036} INFO - Sync 1 DAGs
[2025-10-24T21:11:35.701+0000] {logging_mixin.py:188} INFO - [2025-10-24T21:11:35.701+0000] {dag.py:3823} INFO - Setting next_dagrun for daily_summary to 2025-10-23 00:00:00+00:00, run_after=2025-10-24 00:00:00+00:00
[2025-10-24T21:11:35.727+0000] {processor.py:183} INFO - Processing /opt/airflow/dags/daily_summary.py took 0.125 seconds
[2025-10-24T21:12:05.918+0000] {processor.py:161} INFO - Started process (PID=1711) to work on /opt/airflow/dags/daily_summary.py
[2025-10-24T21:12:05.919+0000] {processor.py:830} INFO - Processing file /opt/airflow/dags/daily_summary.py for tasks to queue
[2025-10-24T21:12:05.920+0000] {logging_mixin.py:188} INFO - [2025-10-24T21:12:05.919+0000] {dagbag.py:538} INFO - Filling up the DagBag from /opt/airflow/dags/daily_summary.py
[2025-10-24T21:12:05.973+0000] {processor.py:840} INFO - DAG(s) 'daily_summary' retrieved from /opt/airflow/dags/daily_summary.py
[2025-10-24T21:12:05.995+0000] {logging_mixin.py:188} INFO - [2025-10-24T21:12:05.995+0000] {dag.py:3036} INFO - Sync 1 DAGs
[2025-10-24T21:12:06.010+0000] {logging_mixin.py:188} INFO - [2025-10-24T21:12:06.010+0000] {dag.py:3823} INFO - Setting next_dagrun for daily_summary to 2025-10-23 00:00:00+00:00, run_after=2025-10-24 00:00:00+00:00
[2025-10-24T21:12:06.035+0000] {processor.py:183} INFO - Processing /opt/airflow/dags/daily_summary.py took 0.120 seconds
[2025-10-24T21:12:36.354+0000] {processor.py:161} INFO - Started process (PID=1716) to work on /opt/airflow/dags/daily_summary.py
[2025-10-24T21:12:36.354+0000] {processor.py:830} INFO - Processing file /opt/airflow/dags/daily_summary.py for tasks to queue
[2025-10-24T21:12:36.355+0000] {logging_mixin.py:188} INFO - [2025-10-24T21:12:36.355+0000] {dagbag.py:538} INFO - Filling up the DagBag from /opt/airflow/dags/daily_summary.py
[2025-10-24T21:12:36.410+0000] {processor.py:840} INFO - DAG(s) 'daily_summary' retrieved from /opt/airflow/dags/daily_summary.py
[2025-10-24T21:12:36.430+0000] {logging_mixin.py:188} INFO - [2025-10-24T21:12:36.430+0000] {dag.py:3036} INFO - Sync 1 DAGs
[2025-10-24T21:12:36.446+0000] {logging_mixin.py:188} INFO - [2025-10-24T21:12:36.446+0000] {dag.py:3823} INFO - Setting next_dagrun for daily_summary to 2025-10-23 00:00:00+00:00, run_after=2025-10-24 00:00:00+00:00
[2025-10-24T21:12:36.463+0000] {processor.py:183} INFO - Processing /opt/airflow/dags/daily_summary.py took 0.112 seconds
[2025-10-24T21:13:06.653+0000] {processor.py:161} INFO - Started process (PID=1721) to work on /opt/airflow/dags/daily_summary.py
[2025-10-24T21:13:06.654+0000] {processor.py:830} INFO - Processing file /opt/airflow/dags/daily_summary.py for tasks to queue
[2025-10-24T21:13:06.654+0000] {logging_mixin.py:188} INFO - [2025-10-24T21:13:06.654+0000] {dagbag.py:538} INFO - Filling up the DagBag from /opt/airflow/dags/daily_summary.py
[2025-10-24T21:13:06.709+0000] {processor.py:840} INFO - DAG(s) 'daily_summary' retrieved from /opt/airflow/dags/daily_summary.py
[2025-10-24T21:13:06.728+0000] {logging_mixin.py:188} INFO - [2025-10-24T21:13:06.728+0000] {dag.py:3036} INFO - Sync 1 DAGs
[2025-10-24T21:13:06.744+0000] {logging_mixin.py:188} INFO - [2025-10-24T21:13:06.744+0000] {dag.py:3823} INFO - Setting next_dagrun for daily_summary to 2025-10-23 00:00:00+00:00, run_after=2025-10-24 00:00:00+00:00
[2025-10-24T21:13:06.761+0000] {processor.py:183} INFO - Processing /opt/airflow/dags/daily_summary.py took 0.111 seconds
[2025-10-24T21:13:37.063+0000] {processor.py:161} INFO - Started process (PID=1726) to work on /opt/airflow/dags/daily_summary.py
[2025-10-24T21:13:37.063+0000] {processor.py:830} INFO - Processing file /opt/airflow/dags/daily_summary.py for tasks to queue
[2025-10-24T21:13:37.064+0000] {logging_mixin.py:188} INFO - [2025-10-24T21:13:37.064+0000] {dagbag.py:538} INFO - Filling up the DagBag from /opt/airflow/dags/daily_summary.py
[2025-10-24T21:13:37.117+0000] {processor.py:840} INFO - DAG(s) 'daily_summary' retrieved from /opt/airflow/dags/daily_summary.py
[2025-10-24T21:13:37.139+0000] {logging_mixin.py:188} INFO - [2025-10-24T21:13:37.138+0000] {dag.py:3036} INFO - Sync 1 DAGs
[2025-10-24T21:13:37.157+0000] {logging_mixin.py:188} INFO - [2025-10-24T21:13:37.157+0000] {dag.py:3823} INFO - Setting next_dagrun for daily_summary to 2025-10-23 00:00:00+00:00, run_after=2025-10-24 00:00:00+00:00
[2025-10-24T21:13:37.186+0000] {processor.py:183} INFO - Processing /opt/airflow/dags/daily_summary.py took 0.126 seconds
[2025-10-24T21:14:07.383+0000] {processor.py:161} INFO - Started process (PID=1731) to work on /opt/airflow/dags/daily_summary.py
[2025-10-24T21:14:07.384+0000] {processor.py:830} INFO - Processing file /opt/airflow/dags/daily_summary.py for tasks to queue
[2025-10-24T21:14:07.384+0000] {logging_mixin.py:188} INFO - [2025-10-24T21:14:07.384+0000] {dagbag.py:538} INFO - Filling up the DagBag from /opt/airflow/dags/daily_summary.py
[2025-10-24T21:14:07.438+0000] {processor.py:840} INFO - DAG(s) 'daily_summary' retrieved from /opt/airflow/dags/daily_summary.py
[2025-10-24T21:14:07.459+0000] {logging_mixin.py:188} INFO - [2025-10-24T21:14:07.459+0000] {dag.py:3036} INFO - Sync 1 DAGs
[2025-10-24T21:14:07.476+0000] {logging_mixin.py:188} INFO - [2025-10-24T21:14:07.476+0000] {dag.py:3823} INFO - Setting next_dagrun for daily_summary to 2025-10-23 00:00:00+00:00, run_after=2025-10-24 00:00:00+00:00
[2025-10-24T21:14:07.503+0000] {processor.py:183} INFO - Processing /opt/airflow/dags/daily_summary.py took 0.123 seconds
[2025-10-24T21:14:37.825+0000] {processor.py:161} INFO - Started process (PID=1736) to work on /opt/airflow/dags/daily_summary.py
[2025-10-24T21:14:37.825+0000] {processor.py:830} INFO - Processing file /opt/airflow/dags/daily_summary.py for tasks to queue
[2025-10-24T21:14:37.826+0000] {logging_mixin.py:188} INFO - [2025-10-24T21:14:37.826+0000] {dagbag.py:538} INFO - Filling up the DagBag from /opt/airflow/dags/daily_summary.py
[2025-10-24T21:14:37.879+0000] {processor.py:840} INFO - DAG(s) 'daily_summary' retrieved from /opt/airflow/dags/daily_summary.py
[2025-10-24T21:14:37.900+0000] {logging_mixin.py:188} INFO - [2025-10-24T21:14:37.900+0000] {dag.py:3036} INFO - Sync 1 DAGs
[2025-10-24T21:14:37.918+0000] {logging_mixin.py:188} INFO - [2025-10-24T21:14:37.918+0000] {dag.py:3823} INFO - Setting next_dagrun for daily_summary to 2025-10-23 00:00:00+00:00, run_after=2025-10-24 00:00:00+00:00
[2025-10-24T21:14:37.936+0000] {processor.py:183} INFO - Processing /opt/airflow/dags/daily_summary.py took 0.114 seconds
[2025-10-24T21:15:08.141+0000] {processor.py:161} INFO - Started process (PID=1741) to work on /opt/airflow/dags/daily_summary.py
[2025-10-24T21:15:08.142+0000] {processor.py:830} INFO - Processing file /opt/airflow/dags/daily_summary.py for tasks to queue
[2025-10-24T21:15:08.144+0000] {logging_mixin.py:188} INFO - [2025-10-24T21:15:08.143+0000] {dagbag.py:538} INFO - Filling up the DagBag from /opt/airflow/dags/daily_summary.py
[2025-10-24T21:15:08.204+0000] {processor.py:840} INFO - DAG(s) 'daily_summary' retrieved from /opt/airflow/dags/daily_summary.py
[2025-10-24T21:15:08.223+0000] {logging_mixin.py:188} INFO - [2025-10-24T21:15:08.223+0000] {dag.py:3036} INFO - Sync 1 DAGs
[2025-10-24T21:15:08.239+0000] {logging_mixin.py:188} INFO - [2025-10-24T21:15:08.239+0000] {dag.py:3823} INFO - Setting next_dagrun for daily_summary to 2025-10-23 00:00:00+00:00, run_after=2025-10-24 00:00:00+00:00
[2025-10-24T21:15:08.256+0000] {processor.py:183} INFO - Processing /opt/airflow/dags/daily_summary.py took 0.117 seconds
[2025-10-24T21:15:38.508+0000] {processor.py:161} INFO - Started process (PID=1746) to work on /opt/airflow/dags/daily_summary.py
[2025-10-24T21:15:38.508+0000] {processor.py:830} INFO - Processing file /opt/airflow/dags/daily_summary.py for tasks to queue
[2025-10-24T21:15:38.509+0000] {logging_mixin.py:188} INFO - [2025-10-24T21:15:38.509+0000] {dagbag.py:538} INFO - Filling up the DagBag from /opt/airflow/dags/daily_summary.py
[2025-10-24T21:15:38.571+0000] {processor.py:840} INFO - DAG(s) 'daily_summary' retrieved from /opt/airflow/dags/daily_summary.py
[2025-10-24T21:15:38.596+0000] {logging_mixin.py:188} INFO - [2025-10-24T21:15:38.595+0000] {dag.py:3036} INFO - Sync 1 DAGs
[2025-10-24T21:15:38.613+0000] {logging_mixin.py:188} INFO - [2025-10-24T21:15:38.613+0000] {dag.py:3823} INFO - Setting next_dagrun for daily_summary to 2025-10-23 00:00:00+00:00, run_after=2025-10-24 00:00:00+00:00
[2025-10-24T21:15:38.632+0000] {processor.py:183} INFO - Processing /opt/airflow/dags/daily_summary.py took 0.127 seconds
[2025-10-24T21:16:08.795+0000] {processor.py:161} INFO - Started process (PID=1751) to work on /opt/airflow/dags/daily_summary.py
[2025-10-24T21:16:08.795+0000] {processor.py:830} INFO - Processing file /opt/airflow/dags/daily_summary.py for tasks to queue
[2025-10-24T21:16:08.796+0000] {logging_mixin.py:188} INFO - [2025-10-24T21:16:08.796+0000] {dagbag.py:538} INFO - Filling up the DagBag from /opt/airflow/dags/daily_summary.py
[2025-10-24T21:16:08.849+0000] {processor.py:840} INFO - DAG(s) 'daily_summary' retrieved from /opt/airflow/dags/daily_summary.py
[2025-10-24T21:16:08.871+0000] {logging_mixin.py:188} INFO - [2025-10-24T21:16:08.870+0000] {dag.py:3036} INFO - Sync 1 DAGs
[2025-10-24T21:16:08.887+0000] {logging_mixin.py:188} INFO - [2025-10-24T21:16:08.887+0000] {dag.py:3823} INFO - Setting next_dagrun for daily_summary to 2025-10-23 00:00:00+00:00, run_after=2025-10-24 00:00:00+00:00
[2025-10-24T21:16:08.907+0000] {processor.py:183} INFO - Processing /opt/airflow/dags/daily_summary.py took 0.115 seconds
[2025-10-24T21:16:39.088+0000] {processor.py:161} INFO - Started process (PID=1756) to work on /opt/airflow/dags/daily_summary.py
[2025-10-24T21:16:39.089+0000] {processor.py:830} INFO - Processing file /opt/airflow/dags/daily_summary.py for tasks to queue
[2025-10-24T21:16:39.090+0000] {logging_mixin.py:188} INFO - [2025-10-24T21:16:39.090+0000] {dagbag.py:538} INFO - Filling up the DagBag from /opt/airflow/dags/daily_summary.py
[2025-10-24T21:16:39.143+0000] {processor.py:840} INFO - DAG(s) 'daily_summary' retrieved from /opt/airflow/dags/daily_summary.py
[2025-10-24T21:16:39.164+0000] {logging_mixin.py:188} INFO - [2025-10-24T21:16:39.164+0000] {dag.py:3036} INFO - Sync 1 DAGs
[2025-10-24T21:16:39.182+0000] {logging_mixin.py:188} INFO - [2025-10-24T21:16:39.182+0000] {dag.py:3823} INFO - Setting next_dagrun for daily_summary to 2025-10-23 00:00:00+00:00, run_after=2025-10-24 00:00:00+00:00
[2025-10-24T21:16:39.203+0000] {processor.py:183} INFO - Processing /opt/airflow/dags/daily_summary.py took 0.118 seconds
[2025-10-24T21:17:09.493+0000] {processor.py:161} INFO - Started process (PID=1761) to work on /opt/airflow/dags/daily_summary.py
[2025-10-24T21:17:09.493+0000] {processor.py:830} INFO - Processing file /opt/airflow/dags/daily_summary.py for tasks to queue
[2025-10-24T21:17:09.494+0000] {logging_mixin.py:188} INFO - [2025-10-24T21:17:09.494+0000] {dagbag.py:538} INFO - Filling up the DagBag from /opt/airflow/dags/daily_summary.py
[2025-10-24T21:17:09.547+0000] {processor.py:840} INFO - DAG(s) 'daily_summary' retrieved from /opt/airflow/dags/daily_summary.py
[2025-10-24T21:17:09.569+0000] {logging_mixin.py:188} INFO - [2025-10-24T21:17:09.569+0000] {dag.py:3036} INFO - Sync 1 DAGs
[2025-10-24T21:17:09.587+0000] {logging_mixin.py:188} INFO - [2025-10-24T21:17:09.586+0000] {dag.py:3823} INFO - Setting next_dagrun for daily_summary to 2025-10-23 00:00:00+00:00, run_after=2025-10-24 00:00:00+00:00
[2025-10-24T21:17:09.604+0000] {processor.py:183} INFO - Processing /opt/airflow/dags/daily_summary.py took 0.114 seconds
[2025-10-24T21:17:39.894+0000] {processor.py:161} INFO - Started process (PID=1766) to work on /opt/airflow/dags/daily_summary.py
[2025-10-24T21:17:39.894+0000] {processor.py:830} INFO - Processing file /opt/airflow/dags/daily_summary.py for tasks to queue
[2025-10-24T21:17:39.895+0000] {logging_mixin.py:188} INFO - [2025-10-24T21:17:39.895+0000] {dagbag.py:538} INFO - Filling up the DagBag from /opt/airflow/dags/daily_summary.py
[2025-10-24T21:17:39.949+0000] {processor.py:840} INFO - DAG(s) 'daily_summary' retrieved from /opt/airflow/dags/daily_summary.py
[2025-10-24T21:17:39.982+0000] {logging_mixin.py:188} INFO - [2025-10-24T21:17:39.982+0000] {dag.py:3036} INFO - Sync 1 DAGs
[2025-10-24T21:17:39.999+0000] {logging_mixin.py:188} INFO - [2025-10-24T21:17:39.999+0000] {dag.py:3823} INFO - Setting next_dagrun for daily_summary to 2025-10-23 00:00:00+00:00, run_after=2025-10-24 00:00:00+00:00
[2025-10-24T21:17:40.027+0000] {processor.py:183} INFO - Processing /opt/airflow/dags/daily_summary.py took 0.136 seconds
[2025-10-24T21:18:10.233+0000] {processor.py:161} INFO - Started process (PID=1771) to work on /opt/airflow/dags/daily_summary.py
[2025-10-24T21:18:10.233+0000] {processor.py:830} INFO - Processing file /opt/airflow/dags/daily_summary.py for tasks to queue
[2025-10-24T21:18:10.234+0000] {logging_mixin.py:188} INFO - [2025-10-24T21:18:10.234+0000] {dagbag.py:538} INFO - Filling up the DagBag from /opt/airflow/dags/daily_summary.py
[2025-10-24T21:18:10.290+0000] {processor.py:840} INFO - DAG(s) 'daily_summary' retrieved from /opt/airflow/dags/daily_summary.py
[2025-10-24T21:18:10.315+0000] {logging_mixin.py:188} INFO - [2025-10-24T21:18:10.315+0000] {dag.py:3036} INFO - Sync 1 DAGs
[2025-10-24T21:18:10.340+0000] {logging_mixin.py:188} INFO - [2025-10-24T21:18:10.339+0000] {dag.py:3823} INFO - Setting next_dagrun for daily_summary to 2025-10-23 00:00:00+00:00, run_after=2025-10-24 00:00:00+00:00
[2025-10-24T21:18:10.368+0000] {processor.py:183} INFO - Processing /opt/airflow/dags/daily_summary.py took 0.138 seconds
[2025-10-24T21:18:40.623+0000] {processor.py:161} INFO - Started process (PID=1776) to work on /opt/airflow/dags/daily_summary.py
[2025-10-24T21:18:40.624+0000] {processor.py:830} INFO - Processing file /opt/airflow/dags/daily_summary.py for tasks to queue
[2025-10-24T21:18:40.625+0000] {logging_mixin.py:188} INFO - [2025-10-24T21:18:40.624+0000] {dagbag.py:538} INFO - Filling up the DagBag from /opt/airflow/dags/daily_summary.py
[2025-10-24T21:18:40.680+0000] {processor.py:840} INFO - DAG(s) 'daily_summary' retrieved from /opt/airflow/dags/daily_summary.py
[2025-10-24T21:18:40.702+0000] {logging_mixin.py:188} INFO - [2025-10-24T21:18:40.702+0000] {dag.py:3036} INFO - Sync 1 DAGs
[2025-10-24T21:18:40.719+0000] {logging_mixin.py:188} INFO - [2025-10-24T21:18:40.719+0000] {dag.py:3823} INFO - Setting next_dagrun for daily_summary to 2025-10-23 00:00:00+00:00, run_after=2025-10-24 00:00:00+00:00
[2025-10-24T21:18:40.737+0000] {processor.py:183} INFO - Processing /opt/airflow/dags/daily_summary.py took 0.117 seconds
[2025-10-24T21:19:10.957+0000] {processor.py:161} INFO - Started process (PID=1781) to work on /opt/airflow/dags/daily_summary.py
[2025-10-24T21:19:10.958+0000] {processor.py:830} INFO - Processing file /opt/airflow/dags/daily_summary.py for tasks to queue
[2025-10-24T21:19:10.958+0000] {logging_mixin.py:188} INFO - [2025-10-24T21:19:10.958+0000] {dagbag.py:538} INFO - Filling up the DagBag from /opt/airflow/dags/daily_summary.py
[2025-10-24T21:19:11.014+0000] {processor.py:840} INFO - DAG(s) 'daily_summary' retrieved from /opt/airflow/dags/daily_summary.py
[2025-10-24T21:19:11.036+0000] {logging_mixin.py:188} INFO - [2025-10-24T21:19:11.036+0000] {dag.py:3036} INFO - Sync 1 DAGs
[2025-10-24T21:19:11.052+0000] {logging_mixin.py:188} INFO - [2025-10-24T21:19:11.052+0000] {dag.py:3823} INFO - Setting next_dagrun for daily_summary to 2025-10-23 00:00:00+00:00, run_after=2025-10-24 00:00:00+00:00
[2025-10-24T21:19:11.070+0000] {processor.py:183} INFO - Processing /opt/airflow/dags/daily_summary.py took 0.116 seconds
[2025-10-24T21:19:41.358+0000] {processor.py:161} INFO - Started process (PID=1786) to work on /opt/airflow/dags/daily_summary.py
[2025-10-24T21:19:41.359+0000] {processor.py:830} INFO - Processing file /opt/airflow/dags/daily_summary.py for tasks to queue
[2025-10-24T21:19:41.360+0000] {logging_mixin.py:188} INFO - [2025-10-24T21:19:41.360+0000] {dagbag.py:538} INFO - Filling up the DagBag from /opt/airflow/dags/daily_summary.py
[2025-10-24T21:19:41.418+0000] {processor.py:840} INFO - DAG(s) 'daily_summary' retrieved from /opt/airflow/dags/daily_summary.py
[2025-10-24T21:19:41.441+0000] {logging_mixin.py:188} INFO - [2025-10-24T21:19:41.440+0000] {dag.py:3036} INFO - Sync 1 DAGs
[2025-10-24T21:19:41.460+0000] {logging_mixin.py:188} INFO - [2025-10-24T21:19:41.460+0000] {dag.py:3823} INFO - Setting next_dagrun for daily_summary to 2025-10-23 00:00:00+00:00, run_after=2025-10-24 00:00:00+00:00
[2025-10-24T21:19:41.475+0000] {processor.py:183} INFO - Processing /opt/airflow/dags/daily_summary.py took 0.120 seconds
[2025-10-24T21:20:11.706+0000] {processor.py:161} INFO - Started process (PID=1791) to work on /opt/airflow/dags/daily_summary.py
[2025-10-24T21:20:11.706+0000] {processor.py:830} INFO - Processing file /opt/airflow/dags/daily_summary.py for tasks to queue
[2025-10-24T21:20:11.707+0000] {logging_mixin.py:188} INFO - [2025-10-24T21:20:11.707+0000] {dagbag.py:538} INFO - Filling up the DagBag from /opt/airflow/dags/daily_summary.py
[2025-10-24T21:20:11.762+0000] {processor.py:840} INFO - DAG(s) 'daily_summary' retrieved from /opt/airflow/dags/daily_summary.py
[2025-10-24T21:20:11.782+0000] {logging_mixin.py:188} INFO - [2025-10-24T21:20:11.782+0000] {dag.py:3036} INFO - Sync 1 DAGs
[2025-10-24T21:20:11.800+0000] {logging_mixin.py:188} INFO - [2025-10-24T21:20:11.799+0000] {dag.py:3823} INFO - Setting next_dagrun for daily_summary to 2025-10-23 00:00:00+00:00, run_after=2025-10-24 00:00:00+00:00
[2025-10-24T21:20:11.818+0000] {processor.py:183} INFO - Processing /opt/airflow/dags/daily_summary.py took 0.115 seconds
[2025-10-24T21:20:42.014+0000] {processor.py:161} INFO - Started process (PID=1796) to work on /opt/airflow/dags/daily_summary.py
[2025-10-24T21:20:42.015+0000] {processor.py:830} INFO - Processing file /opt/airflow/dags/daily_summary.py for tasks to queue
[2025-10-24T21:20:42.016+0000] {logging_mixin.py:188} INFO - [2025-10-24T21:20:42.016+0000] {dagbag.py:538} INFO - Filling up the DagBag from /opt/airflow/dags/daily_summary.py
[2025-10-24T21:20:42.069+0000] {processor.py:840} INFO - DAG(s) 'daily_summary' retrieved from /opt/airflow/dags/daily_summary.py
[2025-10-24T21:20:42.091+0000] {logging_mixin.py:188} INFO - [2025-10-24T21:20:42.091+0000] {dag.py:3036} INFO - Sync 1 DAGs
[2025-10-24T21:20:42.107+0000] {logging_mixin.py:188} INFO - [2025-10-24T21:20:42.107+0000] {dag.py:3823} INFO - Setting next_dagrun for daily_summary to 2025-10-23 00:00:00+00:00, run_after=2025-10-24 00:00:00+00:00
[2025-10-24T21:20:42.126+0000] {processor.py:183} INFO - Processing /opt/airflow/dags/daily_summary.py took 0.115 seconds
[2025-10-24T21:21:12.432+0000] {processor.py:161} INFO - Started process (PID=1801) to work on /opt/airflow/dags/daily_summary.py
[2025-10-24T21:21:12.433+0000] {processor.py:830} INFO - Processing file /opt/airflow/dags/daily_summary.py for tasks to queue
[2025-10-24T21:21:12.434+0000] {logging_mixin.py:188} INFO - [2025-10-24T21:21:12.434+0000] {dagbag.py:538} INFO - Filling up the DagBag from /opt/airflow/dags/daily_summary.py
[2025-10-24T21:21:12.487+0000] {processor.py:840} INFO - DAG(s) 'daily_summary' retrieved from /opt/airflow/dags/daily_summary.py
[2025-10-24T21:21:12.518+0000] {logging_mixin.py:188} INFO - [2025-10-24T21:21:12.518+0000] {dag.py:3036} INFO - Sync 1 DAGs
[2025-10-24T21:21:12.533+0000] {logging_mixin.py:188} INFO - [2025-10-24T21:21:12.533+0000] {dag.py:3823} INFO - Setting next_dagrun for daily_summary to 2025-10-23 00:00:00+00:00, run_after=2025-10-24 00:00:00+00:00
[2025-10-24T21:21:12.562+0000] {processor.py:183} INFO - Processing /opt/airflow/dags/daily_summary.py took 0.132 seconds
[2025-10-24T21:21:42.754+0000] {processor.py:161} INFO - Started process (PID=1806) to work on /opt/airflow/dags/daily_summary.py
[2025-10-24T21:21:42.754+0000] {processor.py:830} INFO - Processing file /opt/airflow/dags/daily_summary.py for tasks to queue
[2025-10-24T21:21:42.755+0000] {logging_mixin.py:188} INFO - [2025-10-24T21:21:42.755+0000] {dagbag.py:538} INFO - Filling up the DagBag from /opt/airflow/dags/daily_summary.py
[2025-10-24T21:21:42.814+0000] {processor.py:840} INFO - DAG(s) 'daily_summary' retrieved from /opt/airflow/dags/daily_summary.py
[2025-10-24T21:21:42.839+0000] {logging_mixin.py:188} INFO - [2025-10-24T21:21:42.839+0000] {dag.py:3036} INFO - Sync 1 DAGs
[2025-10-24T21:21:42.856+0000] {logging_mixin.py:188} INFO - [2025-10-24T21:21:42.856+0000] {dag.py:3823} INFO - Setting next_dagrun for daily_summary to 2025-10-23 00:00:00+00:00, run_after=2025-10-24 00:00:00+00:00
[2025-10-24T21:21:42.875+0000] {processor.py:183} INFO - Processing /opt/airflow/dags/daily_summary.py took 0.124 seconds
[2025-10-24T21:22:13.178+0000] {processor.py:161} INFO - Started process (PID=1811) to work on /opt/airflow/dags/daily_summary.py
[2025-10-24T21:22:13.179+0000] {processor.py:830} INFO - Processing file /opt/airflow/dags/daily_summary.py for tasks to queue
[2025-10-24T21:22:13.180+0000] {logging_mixin.py:188} INFO - [2025-10-24T21:22:13.180+0000] {dagbag.py:538} INFO - Filling up the DagBag from /opt/airflow/dags/daily_summary.py
[2025-10-24T21:22:13.242+0000] {processor.py:840} INFO - DAG(s) 'daily_summary' retrieved from /opt/airflow/dags/daily_summary.py
[2025-10-24T21:22:13.266+0000] {logging_mixin.py:188} INFO - [2025-10-24T21:22:13.266+0000] {dag.py:3036} INFO - Sync 1 DAGs
[2025-10-24T21:22:13.285+0000] {logging_mixin.py:188} INFO - [2025-10-24T21:22:13.284+0000] {dag.py:3823} INFO - Setting next_dagrun for daily_summary to 2025-10-23 00:00:00+00:00, run_after=2025-10-24 00:00:00+00:00
[2025-10-24T21:22:13.309+0000] {processor.py:183} INFO - Processing /opt/airflow/dags/daily_summary.py took 0.133 seconds
[2025-10-24T21:22:43.539+0000] {processor.py:161} INFO - Started process (PID=1816) to work on /opt/airflow/dags/daily_summary.py
[2025-10-24T21:22:43.540+0000] {processor.py:830} INFO - Processing file /opt/airflow/dags/daily_summary.py for tasks to queue
[2025-10-24T21:22:43.540+0000] {logging_mixin.py:188} INFO - [2025-10-24T21:22:43.540+0000] {dagbag.py:538} INFO - Filling up the DagBag from /opt/airflow/dags/daily_summary.py
[2025-10-24T21:22:43.598+0000] {processor.py:840} INFO - DAG(s) 'daily_summary' retrieved from /opt/airflow/dags/daily_summary.py
[2025-10-24T21:22:43.622+0000] {logging_mixin.py:188} INFO - [2025-10-24T21:22:43.621+0000] {dag.py:3036} INFO - Sync 1 DAGs
[2025-10-24T21:22:43.640+0000] {logging_mixin.py:188} INFO - [2025-10-24T21:22:43.639+0000] {dag.py:3823} INFO - Setting next_dagrun for daily_summary to 2025-10-23 00:00:00+00:00, run_after=2025-10-24 00:00:00+00:00
[2025-10-24T21:22:43.673+0000] {processor.py:183} INFO - Processing /opt/airflow/dags/daily_summary.py took 0.137 seconds
[2025-10-24T21:23:13.914+0000] {processor.py:161} INFO - Started process (PID=1821) to work on /opt/airflow/dags/daily_summary.py
[2025-10-24T21:23:13.915+0000] {processor.py:830} INFO - Processing file /opt/airflow/dags/daily_summary.py for tasks to queue
[2025-10-24T21:23:13.915+0000] {logging_mixin.py:188} INFO - [2025-10-24T21:23:13.915+0000] {dagbag.py:538} INFO - Filling up the DagBag from /opt/airflow/dags/daily_summary.py
[2025-10-24T21:23:13.974+0000] {processor.py:840} INFO - DAG(s) 'daily_summary' retrieved from /opt/airflow/dags/daily_summary.py
[2025-10-24T21:23:13.997+0000] {logging_mixin.py:188} INFO - [2025-10-24T21:23:13.997+0000] {dag.py:3036} INFO - Sync 1 DAGs
[2025-10-24T21:23:14.015+0000] {logging_mixin.py:188} INFO - [2025-10-24T21:23:14.014+0000] {dag.py:3823} INFO - Setting next_dagrun for daily_summary to 2025-10-23 00:00:00+00:00, run_after=2025-10-24 00:00:00+00:00
[2025-10-24T21:23:14.042+0000] {processor.py:183} INFO - Processing /opt/airflow/dags/daily_summary.py took 0.131 seconds
[2025-10-24T21:23:44.310+0000] {processor.py:161} INFO - Started process (PID=1826) to work on /opt/airflow/dags/daily_summary.py
[2025-10-24T21:23:44.311+0000] {processor.py:830} INFO - Processing file /opt/airflow/dags/daily_summary.py for tasks to queue
[2025-10-24T21:23:44.311+0000] {logging_mixin.py:188} INFO - [2025-10-24T21:23:44.311+0000] {dagbag.py:538} INFO - Filling up the DagBag from /opt/airflow/dags/daily_summary.py
[2025-10-24T21:23:44.364+0000] {processor.py:840} INFO - DAG(s) 'daily_summary' retrieved from /opt/airflow/dags/daily_summary.py
[2025-10-24T21:23:44.388+0000] {logging_mixin.py:188} INFO - [2025-10-24T21:23:44.387+0000] {dag.py:3036} INFO - Sync 1 DAGs
[2025-10-24T21:23:44.405+0000] {logging_mixin.py:188} INFO - [2025-10-24T21:23:44.405+0000] {dag.py:3823} INFO - Setting next_dagrun for daily_summary to 2025-10-23 00:00:00+00:00, run_after=2025-10-24 00:00:00+00:00
[2025-10-24T21:23:44.424+0000] {processor.py:183} INFO - Processing /opt/airflow/dags/daily_summary.py took 0.117 seconds
[2025-10-24T21:24:14.650+0000] {processor.py:161} INFO - Started process (PID=1831) to work on /opt/airflow/dags/daily_summary.py
[2025-10-24T21:24:14.650+0000] {processor.py:830} INFO - Processing file /opt/airflow/dags/daily_summary.py for tasks to queue
[2025-10-24T21:24:14.651+0000] {logging_mixin.py:188} INFO - [2025-10-24T21:24:14.651+0000] {dagbag.py:538} INFO - Filling up the DagBag from /opt/airflow/dags/daily_summary.py
[2025-10-24T21:24:14.708+0000] {processor.py:840} INFO - DAG(s) 'daily_summary' retrieved from /opt/airflow/dags/daily_summary.py
[2025-10-24T21:24:14.729+0000] {logging_mixin.py:188} INFO - [2025-10-24T21:24:14.729+0000] {dag.py:3036} INFO - Sync 1 DAGs
[2025-10-24T21:24:14.746+0000] {logging_mixin.py:188} INFO - [2025-10-24T21:24:14.746+0000] {dag.py:3823} INFO - Setting next_dagrun for daily_summary to 2025-10-23 00:00:00+00:00, run_after=2025-10-24 00:00:00+00:00
[2025-10-24T21:24:14.773+0000] {processor.py:183} INFO - Processing /opt/airflow/dags/daily_summary.py took 0.126 seconds
[2025-10-24T21:24:45.051+0000] {processor.py:161} INFO - Started process (PID=1836) to work on /opt/airflow/dags/daily_summary.py
[2025-10-24T21:24:45.052+0000] {processor.py:830} INFO - Processing file /opt/airflow/dags/daily_summary.py for tasks to queue
[2025-10-24T21:24:45.053+0000] {logging_mixin.py:188} INFO - [2025-10-24T21:24:45.052+0000] {dagbag.py:538} INFO - Filling up the DagBag from /opt/airflow/dags/daily_summary.py
[2025-10-24T21:24:45.106+0000] {processor.py:840} INFO - DAG(s) 'daily_summary' retrieved from /opt/airflow/dags/daily_summary.py
[2025-10-24T21:24:45.128+0000] {logging_mixin.py:188} INFO - [2025-10-24T21:24:45.128+0000] {dag.py:3036} INFO - Sync 1 DAGs
[2025-10-24T21:24:45.146+0000] {logging_mixin.py:188} INFO - [2025-10-24T21:24:45.146+0000] {dag.py:3823} INFO - Setting next_dagrun for daily_summary to 2025-10-23 00:00:00+00:00, run_after=2025-10-24 00:00:00+00:00
[2025-10-24T21:24:45.164+0000] {processor.py:183} INFO - Processing /opt/airflow/dags/daily_summary.py took 0.115 seconds
[2025-10-24T21:25:15.372+0000] {processor.py:161} INFO - Started process (PID=1841) to work on /opt/airflow/dags/daily_summary.py
[2025-10-24T21:25:15.373+0000] {processor.py:830} INFO - Processing file /opt/airflow/dags/daily_summary.py for tasks to queue
[2025-10-24T21:25:15.373+0000] {logging_mixin.py:188} INFO - [2025-10-24T21:25:15.373+0000] {dagbag.py:538} INFO - Filling up the DagBag from /opt/airflow/dags/daily_summary.py
[2025-10-24T21:25:15.427+0000] {processor.py:840} INFO - DAG(s) 'daily_summary' retrieved from /opt/airflow/dags/daily_summary.py
[2025-10-24T21:25:15.447+0000] {logging_mixin.py:188} INFO - [2025-10-24T21:25:15.447+0000] {dag.py:3036} INFO - Sync 1 DAGs
[2025-10-24T21:25:15.463+0000] {logging_mixin.py:188} INFO - [2025-10-24T21:25:15.462+0000] {dag.py:3823} INFO - Setting next_dagrun for daily_summary to 2025-10-23 00:00:00+00:00, run_after=2025-10-24 00:00:00+00:00
[2025-10-24T21:25:15.481+0000] {processor.py:183} INFO - Processing /opt/airflow/dags/daily_summary.py took 0.113 seconds
[2025-10-24T21:25:45.794+0000] {processor.py:161} INFO - Started process (PID=1846) to work on /opt/airflow/dags/daily_summary.py
[2025-10-24T21:25:45.795+0000] {processor.py:830} INFO - Processing file /opt/airflow/dags/daily_summary.py for tasks to queue
[2025-10-24T21:25:45.796+0000] {logging_mixin.py:188} INFO - [2025-10-24T21:25:45.796+0000] {dagbag.py:538} INFO - Filling up the DagBag from /opt/airflow/dags/daily_summary.py
[2025-10-24T21:25:45.851+0000] {processor.py:840} INFO - DAG(s) 'daily_summary' retrieved from /opt/airflow/dags/daily_summary.py
[2025-10-24T21:25:45.871+0000] {logging_mixin.py:188} INFO - [2025-10-24T21:25:45.871+0000] {dag.py:3036} INFO - Sync 1 DAGs
[2025-10-24T21:25:45.889+0000] {logging_mixin.py:188} INFO - [2025-10-24T21:25:45.889+0000] {dag.py:3823} INFO - Setting next_dagrun for daily_summary to 2025-10-23 00:00:00+00:00, run_after=2025-10-24 00:00:00+00:00
[2025-10-24T21:25:45.910+0000] {processor.py:183} INFO - Processing /opt/airflow/dags/daily_summary.py took 0.118 seconds
[2025-10-24T21:26:16.061+0000] {processor.py:161} INFO - Started process (PID=1851) to work on /opt/airflow/dags/daily_summary.py
[2025-10-24T21:26:16.062+0000] {processor.py:830} INFO - Processing file /opt/airflow/dags/daily_summary.py for tasks to queue
[2025-10-24T21:26:16.063+0000] {logging_mixin.py:188} INFO - [2025-10-24T21:26:16.063+0000] {dagbag.py:538} INFO - Filling up the DagBag from /opt/airflow/dags/daily_summary.py
[2025-10-24T21:26:16.117+0000] {processor.py:840} INFO - DAG(s) 'daily_summary' retrieved from /opt/airflow/dags/daily_summary.py
[2025-10-24T21:26:16.137+0000] {logging_mixin.py:188} INFO - [2025-10-24T21:26:16.137+0000] {dag.py:3036} INFO - Sync 1 DAGs
[2025-10-24T21:26:16.152+0000] {logging_mixin.py:188} INFO - [2025-10-24T21:26:16.152+0000] {dag.py:3823} INFO - Setting next_dagrun for daily_summary to 2025-10-23 00:00:00+00:00, run_after=2025-10-24 00:00:00+00:00
[2025-10-24T21:26:16.178+0000] {processor.py:183} INFO - Processing /opt/airflow/dags/daily_summary.py took 0.120 seconds
[2025-10-24T21:26:46.386+0000] {processor.py:161} INFO - Started process (PID=1856) to work on /opt/airflow/dags/daily_summary.py
[2025-10-24T21:26:46.387+0000] {processor.py:830} INFO - Processing file /opt/airflow/dags/daily_summary.py for tasks to queue
[2025-10-24T21:26:46.388+0000] {logging_mixin.py:188} INFO - [2025-10-24T21:26:46.388+0000] {dagbag.py:538} INFO - Filling up the DagBag from /opt/airflow/dags/daily_summary.py
[2025-10-24T21:26:46.445+0000] {processor.py:840} INFO - DAG(s) 'daily_summary' retrieved from /opt/airflow/dags/daily_summary.py
[2025-10-24T21:26:46.466+0000] {logging_mixin.py:188} INFO - [2025-10-24T21:26:46.465+0000] {dag.py:3036} INFO - Sync 1 DAGs
[2025-10-24T21:26:46.481+0000] {logging_mixin.py:188} INFO - [2025-10-24T21:26:46.481+0000] {dag.py:3823} INFO - Setting next_dagrun for daily_summary to 2025-10-23 00:00:00+00:00, run_after=2025-10-24 00:00:00+00:00
[2025-10-24T21:26:46.507+0000] {processor.py:183} INFO - Processing /opt/airflow/dags/daily_summary.py took 0.123 seconds
[2025-10-24T21:27:16.821+0000] {processor.py:161} INFO - Started process (PID=1861) to work on /opt/airflow/dags/daily_summary.py
[2025-10-24T21:27:16.822+0000] {processor.py:830} INFO - Processing file /opt/airflow/dags/daily_summary.py for tasks to queue
[2025-10-24T21:27:16.823+0000] {logging_mixin.py:188} INFO - [2025-10-24T21:27:16.822+0000] {dagbag.py:538} INFO - Filling up the DagBag from /opt/airflow/dags/daily_summary.py
[2025-10-24T21:27:16.877+0000] {processor.py:840} INFO - DAG(s) 'daily_summary' retrieved from /opt/airflow/dags/daily_summary.py
[2025-10-24T21:27:16.896+0000] {logging_mixin.py:188} INFO - [2025-10-24T21:27:16.896+0000] {dag.py:3036} INFO - Sync 1 DAGs
[2025-10-24T21:27:16.912+0000] {logging_mixin.py:188} INFO - [2025-10-24T21:27:16.912+0000] {dag.py:3823} INFO - Setting next_dagrun for daily_summary to 2025-10-23 00:00:00+00:00, run_after=2025-10-24 00:00:00+00:00
[2025-10-24T21:27:16.938+0000] {processor.py:183} INFO - Processing /opt/airflow/dags/daily_summary.py took 0.120 seconds
[2025-10-24T21:27:47.139+0000] {processor.py:161} INFO - Started process (PID=1866) to work on /opt/airflow/dags/daily_summary.py
[2025-10-24T21:27:47.140+0000] {processor.py:830} INFO - Processing file /opt/airflow/dags/daily_summary.py for tasks to queue
[2025-10-24T21:27:47.141+0000] {logging_mixin.py:188} INFO - [2025-10-24T21:27:47.141+0000] {dagbag.py:538} INFO - Filling up the DagBag from /opt/airflow/dags/daily_summary.py
[2025-10-24T21:27:47.198+0000] {processor.py:840} INFO - DAG(s) 'daily_summary' retrieved from /opt/airflow/dags/daily_summary.py
[2025-10-24T21:27:47.222+0000] {logging_mixin.py:188} INFO - [2025-10-24T21:27:47.222+0000] {dag.py:3036} INFO - Sync 1 DAGs
[2025-10-24T21:27:47.240+0000] {logging_mixin.py:188} INFO - [2025-10-24T21:27:47.239+0000] {dag.py:3823} INFO - Setting next_dagrun for daily_summary to 2025-10-23 00:00:00+00:00, run_after=2025-10-24 00:00:00+00:00
[2025-10-24T21:27:47.259+0000] {processor.py:183} INFO - Processing /opt/airflow/dags/daily_summary.py took 0.122 seconds
[2025-10-24T21:28:17.568+0000] {processor.py:161} INFO - Started process (PID=1871) to work on /opt/airflow/dags/daily_summary.py
[2025-10-24T21:28:17.569+0000] {processor.py:830} INFO - Processing file /opt/airflow/dags/daily_summary.py for tasks to queue
[2025-10-24T21:28:17.569+0000] {logging_mixin.py:188} INFO - [2025-10-24T21:28:17.569+0000] {dagbag.py:538} INFO - Filling up the DagBag from /opt/airflow/dags/daily_summary.py
[2025-10-24T21:28:17.619+0000] {processor.py:840} INFO - DAG(s) 'daily_summary' retrieved from /opt/airflow/dags/daily_summary.py
[2025-10-24T21:28:17.639+0000] {logging_mixin.py:188} INFO - [2025-10-24T21:28:17.639+0000] {dag.py:3036} INFO - Sync 1 DAGs
[2025-10-24T21:28:17.655+0000] {logging_mixin.py:188} INFO - [2025-10-24T21:28:17.655+0000] {dag.py:3823} INFO - Setting next_dagrun for daily_summary to 2025-10-23 00:00:00+00:00, run_after=2025-10-24 00:00:00+00:00
[2025-10-24T21:28:17.683+0000] {processor.py:183} INFO - Processing /opt/airflow/dags/daily_summary.py took 0.118 seconds
[2025-10-24T21:28:47.939+0000] {processor.py:161} INFO - Started process (PID=1876) to work on /opt/airflow/dags/daily_summary.py
[2025-10-24T21:28:47.940+0000] {processor.py:830} INFO - Processing file /opt/airflow/dags/daily_summary.py for tasks to queue
[2025-10-24T21:28:47.941+0000] {logging_mixin.py:188} INFO - [2025-10-24T21:28:47.940+0000] {dagbag.py:538} INFO - Filling up the DagBag from /opt/airflow/dags/daily_summary.py
[2025-10-24T21:28:47.997+0000] {processor.py:840} INFO - DAG(s) 'daily_summary' retrieved from /opt/airflow/dags/daily_summary.py
[2025-10-24T21:28:48.021+0000] {logging_mixin.py:188} INFO - [2025-10-24T21:28:48.021+0000] {dag.py:3036} INFO - Sync 1 DAGs
[2025-10-24T21:28:48.041+0000] {logging_mixin.py:188} INFO - [2025-10-24T21:28:48.040+0000] {dag.py:3823} INFO - Setting next_dagrun for daily_summary to 2025-10-23 00:00:00+00:00, run_after=2025-10-24 00:00:00+00:00
[2025-10-24T21:28:48.070+0000] {processor.py:183} INFO - Processing /opt/airflow/dags/daily_summary.py took 0.135 seconds
[2025-10-24T21:29:18.297+0000] {processor.py:161} INFO - Started process (PID=1881) to work on /opt/airflow/dags/daily_summary.py
[2025-10-24T21:29:18.298+0000] {processor.py:830} INFO - Processing file /opt/airflow/dags/daily_summary.py for tasks to queue
[2025-10-24T21:29:18.299+0000] {logging_mixin.py:188} INFO - [2025-10-24T21:29:18.298+0000] {dagbag.py:538} INFO - Filling up the DagBag from /opt/airflow/dags/daily_summary.py
[2025-10-24T21:29:18.354+0000] {processor.py:840} INFO - DAG(s) 'daily_summary' retrieved from /opt/airflow/dags/daily_summary.py
[2025-10-24T21:29:18.375+0000] {logging_mixin.py:188} INFO - [2025-10-24T21:29:18.375+0000] {dag.py:3036} INFO - Sync 1 DAGs
[2025-10-24T21:29:18.391+0000] {logging_mixin.py:188} INFO - [2025-10-24T21:29:18.391+0000] {dag.py:3823} INFO - Setting next_dagrun for daily_summary to 2025-10-23 00:00:00+00:00, run_after=2025-10-24 00:00:00+00:00
[2025-10-24T21:29:18.411+0000] {processor.py:183} INFO - Processing /opt/airflow/dags/daily_summary.py took 0.117 seconds
[2025-10-24T21:29:48.663+0000] {processor.py:161} INFO - Started process (PID=1886) to work on /opt/airflow/dags/daily_summary.py
[2025-10-24T21:29:48.664+0000] {processor.py:830} INFO - Processing file /opt/airflow/dags/daily_summary.py for tasks to queue
[2025-10-24T21:29:48.665+0000] {logging_mixin.py:188} INFO - [2025-10-24T21:29:48.665+0000] {dagbag.py:538} INFO - Filling up the DagBag from /opt/airflow/dags/daily_summary.py
[2025-10-24T21:29:48.725+0000] {processor.py:840} INFO - DAG(s) 'daily_summary' retrieved from /opt/airflow/dags/daily_summary.py
[2025-10-24T21:29:48.747+0000] {logging_mixin.py:188} INFO - [2025-10-24T21:29:48.747+0000] {dag.py:3036} INFO - Sync 1 DAGs
[2025-10-24T21:29:48.767+0000] {logging_mixin.py:188} INFO - [2025-10-24T21:29:48.767+0000] {dag.py:3823} INFO - Setting next_dagrun for daily_summary to 2025-10-23 00:00:00+00:00, run_after=2025-10-24 00:00:00+00:00
[2025-10-24T21:29:48.787+0000] {processor.py:183} INFO - Processing /opt/airflow/dags/daily_summary.py took 0.126 seconds
[2025-10-24T21:30:18.980+0000] {processor.py:161} INFO - Started process (PID=1891) to work on /opt/airflow/dags/daily_summary.py
[2025-10-24T21:30:18.981+0000] {processor.py:830} INFO - Processing file /opt/airflow/dags/daily_summary.py for tasks to queue
[2025-10-24T21:30:18.982+0000] {logging_mixin.py:188} INFO - [2025-10-24T21:30:18.981+0000] {dagbag.py:538} INFO - Filling up the DagBag from /opt/airflow/dags/daily_summary.py
[2025-10-24T21:30:19.038+0000] {processor.py:840} INFO - DAG(s) 'daily_summary' retrieved from /opt/airflow/dags/daily_summary.py
[2025-10-24T21:30:19.061+0000] {logging_mixin.py:188} INFO - [2025-10-24T21:30:19.061+0000] {dag.py:3036} INFO - Sync 1 DAGs
[2025-10-24T21:30:19.079+0000] {logging_mixin.py:188} INFO - [2025-10-24T21:30:19.078+0000] {dag.py:3823} INFO - Setting next_dagrun for daily_summary to 2025-10-23 00:00:00+00:00, run_after=2025-10-24 00:00:00+00:00
[2025-10-24T21:30:19.099+0000] {processor.py:183} INFO - Processing /opt/airflow/dags/daily_summary.py took 0.122 seconds
[2025-10-24T21:30:49.312+0000] {processor.py:161} INFO - Started process (PID=1896) to work on /opt/airflow/dags/daily_summary.py
[2025-10-24T21:30:49.313+0000] {processor.py:830} INFO - Processing file /opt/airflow/dags/daily_summary.py for tasks to queue
[2025-10-24T21:30:49.313+0000] {logging_mixin.py:188} INFO - [2025-10-24T21:30:49.313+0000] {dagbag.py:538} INFO - Filling up the DagBag from /opt/airflow/dags/daily_summary.py
[2025-10-24T21:30:49.368+0000] {processor.py:840} INFO - DAG(s) 'daily_summary' retrieved from /opt/airflow/dags/daily_summary.py
[2025-10-24T21:30:49.392+0000] {logging_mixin.py:188} INFO - [2025-10-24T21:30:49.392+0000] {dag.py:3036} INFO - Sync 1 DAGs
[2025-10-24T21:30:49.410+0000] {logging_mixin.py:188} INFO - [2025-10-24T21:30:49.410+0000] {dag.py:3823} INFO - Setting next_dagrun for daily_summary to 2025-10-23 00:00:00+00:00, run_after=2025-10-24 00:00:00+00:00
[2025-10-24T21:30:49.427+0000] {processor.py:183} INFO - Processing /opt/airflow/dags/daily_summary.py took 0.118 seconds
[2025-10-24T21:31:19.705+0000] {processor.py:161} INFO - Started process (PID=1901) to work on /opt/airflow/dags/daily_summary.py
[2025-10-24T21:31:19.706+0000] {processor.py:830} INFO - Processing file /opt/airflow/dags/daily_summary.py for tasks to queue
[2025-10-24T21:31:19.707+0000] {logging_mixin.py:188} INFO - [2025-10-24T21:31:19.707+0000] {dagbag.py:538} INFO - Filling up the DagBag from /opt/airflow/dags/daily_summary.py
[2025-10-24T21:31:19.760+0000] {processor.py:840} INFO - DAG(s) 'daily_summary' retrieved from /opt/airflow/dags/daily_summary.py
[2025-10-24T21:31:19.782+0000] {logging_mixin.py:188} INFO - [2025-10-24T21:31:19.782+0000] {dag.py:3036} INFO - Sync 1 DAGs
[2025-10-24T21:31:19.800+0000] {logging_mixin.py:188} INFO - [2025-10-24T21:31:19.799+0000] {dag.py:3823} INFO - Setting next_dagrun for daily_summary to 2025-10-23 00:00:00+00:00, run_after=2025-10-24 00:00:00+00:00
[2025-10-24T21:31:19.818+0000] {processor.py:183} INFO - Processing /opt/airflow/dags/daily_summary.py took 0.115 seconds
[2025-10-24T21:31:50.018+0000] {processor.py:161} INFO - Started process (PID=1906) to work on /opt/airflow/dags/daily_summary.py
[2025-10-24T21:31:50.019+0000] {processor.py:830} INFO - Processing file /opt/airflow/dags/daily_summary.py for tasks to queue
[2025-10-24T21:31:50.020+0000] {logging_mixin.py:188} INFO - [2025-10-24T21:31:50.020+0000] {dagbag.py:538} INFO - Filling up the DagBag from /opt/airflow/dags/daily_summary.py
[2025-10-24T21:31:50.075+0000] {processor.py:840} INFO - DAG(s) 'daily_summary' retrieved from /opt/airflow/dags/daily_summary.py
[2025-10-24T21:31:50.099+0000] {logging_mixin.py:188} INFO - [2025-10-24T21:31:50.099+0000] {dag.py:3036} INFO - Sync 1 DAGs
[2025-10-24T21:31:50.116+0000] {logging_mixin.py:188} INFO - [2025-10-24T21:31:50.115+0000] {dag.py:3823} INFO - Setting next_dagrun for daily_summary to 2025-10-23 00:00:00+00:00, run_after=2025-10-24 00:00:00+00:00
[2025-10-24T21:31:50.134+0000] {processor.py:183} INFO - Processing /opt/airflow/dags/daily_summary.py took 0.118 seconds
[2025-10-24T21:32:20.393+0000] {processor.py:161} INFO - Started process (PID=1911) to work on /opt/airflow/dags/daily_summary.py
[2025-10-24T21:32:20.394+0000] {processor.py:830} INFO - Processing file /opt/airflow/dags/daily_summary.py for tasks to queue
[2025-10-24T21:32:20.395+0000] {logging_mixin.py:188} INFO - [2025-10-24T21:32:20.395+0000] {dagbag.py:538} INFO - Filling up the DagBag from /opt/airflow/dags/daily_summary.py
[2025-10-24T21:32:20.460+0000] {processor.py:840} INFO - DAG(s) 'daily_summary' retrieved from /opt/airflow/dags/daily_summary.py
[2025-10-24T21:32:20.485+0000] {logging_mixin.py:188} INFO - [2025-10-24T21:32:20.485+0000] {dag.py:3036} INFO - Sync 1 DAGs
[2025-10-24T21:32:20.501+0000] {logging_mixin.py:188} INFO - [2025-10-24T21:32:20.500+0000] {dag.py:3823} INFO - Setting next_dagrun for daily_summary to 2025-10-23 00:00:00+00:00, run_after=2025-10-24 00:00:00+00:00
[2025-10-24T21:32:20.526+0000] {processor.py:183} INFO - Processing /opt/airflow/dags/daily_summary.py took 0.135 seconds
[2025-10-24T21:32:50.758+0000] {processor.py:161} INFO - Started process (PID=1916) to work on /opt/airflow/dags/daily_summary.py
[2025-10-24T21:32:50.758+0000] {processor.py:830} INFO - Processing file /opt/airflow/dags/daily_summary.py for tasks to queue
[2025-10-24T21:32:50.759+0000] {logging_mixin.py:188} INFO - [2025-10-24T21:32:50.759+0000] {dagbag.py:538} INFO - Filling up the DagBag from /opt/airflow/dags/daily_summary.py
[2025-10-24T21:32:50.814+0000] {processor.py:840} INFO - DAG(s) 'daily_summary' retrieved from /opt/airflow/dags/daily_summary.py
[2025-10-24T21:32:50.834+0000] {logging_mixin.py:188} INFO - [2025-10-24T21:32:50.834+0000] {dag.py:3036} INFO - Sync 1 DAGs
[2025-10-24T21:32:50.850+0000] {logging_mixin.py:188} INFO - [2025-10-24T21:32:50.850+0000] {dag.py:3823} INFO - Setting next_dagrun for daily_summary to 2025-10-23 00:00:00+00:00, run_after=2025-10-24 00:00:00+00:00
[2025-10-24T21:32:50.871+0000] {processor.py:183} INFO - Processing /opt/airflow/dags/daily_summary.py took 0.116 seconds
[2025-10-24T21:33:21.185+0000] {processor.py:161} INFO - Started process (PID=1921) to work on /opt/airflow/dags/daily_summary.py
[2025-10-24T21:33:21.186+0000] {processor.py:830} INFO - Processing file /opt/airflow/dags/daily_summary.py for tasks to queue
[2025-10-24T21:33:21.187+0000] {logging_mixin.py:188} INFO - [2025-10-24T21:33:21.187+0000] {dagbag.py:538} INFO - Filling up the DagBag from /opt/airflow/dags/daily_summary.py
[2025-10-24T21:33:21.268+0000] {processor.py:840} INFO - DAG(s) 'daily_summary' retrieved from /opt/airflow/dags/daily_summary.py
[2025-10-24T21:33:21.292+0000] {logging_mixin.py:188} INFO - [2025-10-24T21:33:21.292+0000] {dag.py:3036} INFO - Sync 1 DAGs
[2025-10-24T21:33:21.310+0000] {logging_mixin.py:188} INFO - [2025-10-24T21:33:21.310+0000] {dag.py:3823} INFO - Setting next_dagrun for daily_summary to 2025-10-23 00:00:00+00:00, run_after=2025-10-24 00:00:00+00:00
[2025-10-24T21:33:21.330+0000] {processor.py:183} INFO - Processing /opt/airflow/dags/daily_summary.py took 0.149 seconds
[2025-10-24T21:33:51.493+0000] {processor.py:161} INFO - Started process (PID=1926) to work on /opt/airflow/dags/daily_summary.py
[2025-10-24T21:33:51.494+0000] {processor.py:830} INFO - Processing file /opt/airflow/dags/daily_summary.py for tasks to queue
[2025-10-24T21:33:51.495+0000] {logging_mixin.py:188} INFO - [2025-10-24T21:33:51.494+0000] {dagbag.py:538} INFO - Filling up the DagBag from /opt/airflow/dags/daily_summary.py
[2025-10-24T21:33:51.548+0000] {processor.py:840} INFO - DAG(s) 'daily_summary' retrieved from /opt/airflow/dags/daily_summary.py
[2025-10-24T21:33:51.568+0000] {logging_mixin.py:188} INFO - [2025-10-24T21:33:51.568+0000] {dag.py:3036} INFO - Sync 1 DAGs
[2025-10-24T21:33:51.586+0000] {logging_mixin.py:188} INFO - [2025-10-24T21:33:51.586+0000] {dag.py:3823} INFO - Setting next_dagrun for daily_summary to 2025-10-23 00:00:00+00:00, run_after=2025-10-24 00:00:00+00:00
[2025-10-24T21:33:51.613+0000] {processor.py:183} INFO - Processing /opt/airflow/dags/daily_summary.py took 0.123 seconds
[2025-10-24T21:34:21.822+0000] {processor.py:161} INFO - Started process (PID=1931) to work on /opt/airflow/dags/daily_summary.py
[2025-10-24T21:34:21.823+0000] {processor.py:830} INFO - Processing file /opt/airflow/dags/daily_summary.py for tasks to queue
[2025-10-24T21:34:21.823+0000] {logging_mixin.py:188} INFO - [2025-10-24T21:34:21.823+0000] {dagbag.py:538} INFO - Filling up the DagBag from /opt/airflow/dags/daily_summary.py
[2025-10-24T21:34:21.875+0000] {processor.py:840} INFO - DAG(s) 'daily_summary' retrieved from /opt/airflow/dags/daily_summary.py
[2025-10-24T21:34:21.899+0000] {logging_mixin.py:188} INFO - [2025-10-24T21:34:21.898+0000] {dag.py:3036} INFO - Sync 1 DAGs
[2025-10-24T21:34:21.917+0000] {logging_mixin.py:188} INFO - [2025-10-24T21:34:21.917+0000] {dag.py:3823} INFO - Setting next_dagrun for daily_summary to 2025-10-23 00:00:00+00:00, run_after=2025-10-24 00:00:00+00:00
[2025-10-24T21:34:21.944+0000] {processor.py:183} INFO - Processing /opt/airflow/dags/daily_summary.py took 0.125 seconds
[2025-10-24T21:34:52.262+0000] {processor.py:161} INFO - Started process (PID=1936) to work on /opt/airflow/dags/daily_summary.py
[2025-10-24T21:34:52.263+0000] {processor.py:830} INFO - Processing file /opt/airflow/dags/daily_summary.py for tasks to queue
[2025-10-24T21:34:52.264+0000] {logging_mixin.py:188} INFO - [2025-10-24T21:34:52.264+0000] {dagbag.py:538} INFO - Filling up the DagBag from /opt/airflow/dags/daily_summary.py
[2025-10-24T21:34:52.320+0000] {processor.py:840} INFO - DAG(s) 'daily_summary' retrieved from /opt/airflow/dags/daily_summary.py
[2025-10-24T21:34:52.340+0000] {logging_mixin.py:188} INFO - [2025-10-24T21:34:52.340+0000] {dag.py:3036} INFO - Sync 1 DAGs
[2025-10-24T21:34:52.355+0000] {logging_mixin.py:188} INFO - [2025-10-24T21:34:52.355+0000] {dag.py:3823} INFO - Setting next_dagrun for daily_summary to 2025-10-23 00:00:00+00:00, run_after=2025-10-24 00:00:00+00:00
[2025-10-24T21:34:52.374+0000] {processor.py:183} INFO - Processing /opt/airflow/dags/daily_summary.py took 0.114 seconds
[2025-10-24T21:35:22.570+0000] {processor.py:161} INFO - Started process (PID=1941) to work on /opt/airflow/dags/daily_summary.py
[2025-10-24T21:35:22.571+0000] {processor.py:830} INFO - Processing file /opt/airflow/dags/daily_summary.py for tasks to queue
[2025-10-24T21:35:22.572+0000] {logging_mixin.py:188} INFO - [2025-10-24T21:35:22.571+0000] {dagbag.py:538} INFO - Filling up the DagBag from /opt/airflow/dags/daily_summary.py
[2025-10-24T21:35:22.625+0000] {processor.py:840} INFO - DAG(s) 'daily_summary' retrieved from /opt/airflow/dags/daily_summary.py
[2025-10-24T21:35:22.646+0000] {logging_mixin.py:188} INFO - [2025-10-24T21:35:22.646+0000] {dag.py:3036} INFO - Sync 1 DAGs
[2025-10-24T21:35:22.663+0000] {logging_mixin.py:188} INFO - [2025-10-24T21:35:22.663+0000] {dag.py:3823} INFO - Setting next_dagrun for daily_summary to 2025-10-23 00:00:00+00:00, run_after=2025-10-24 00:00:00+00:00
[2025-10-24T21:35:22.691+0000] {processor.py:183} INFO - Processing /opt/airflow/dags/daily_summary.py took 0.123 seconds
[2025-10-24T21:35:53.026+0000] {processor.py:161} INFO - Started process (PID=1946) to work on /opt/airflow/dags/daily_summary.py
[2025-10-24T21:35:53.026+0000] {processor.py:830} INFO - Processing file /opt/airflow/dags/daily_summary.py for tasks to queue
[2025-10-24T21:35:53.027+0000] {logging_mixin.py:188} INFO - [2025-10-24T21:35:53.027+0000] {dagbag.py:538} INFO - Filling up the DagBag from /opt/airflow/dags/daily_summary.py
[2025-10-24T21:35:53.080+0000] {processor.py:840} INFO - DAG(s) 'daily_summary' retrieved from /opt/airflow/dags/daily_summary.py
[2025-10-24T21:35:53.103+0000] {logging_mixin.py:188} INFO - [2025-10-24T21:35:53.103+0000] {dag.py:3036} INFO - Sync 1 DAGs
[2025-10-24T21:35:53.121+0000] {logging_mixin.py:188} INFO - [2025-10-24T21:35:53.121+0000] {dag.py:3823} INFO - Setting next_dagrun for daily_summary to 2025-10-23 00:00:00+00:00, run_after=2025-10-24 00:00:00+00:00
[2025-10-24T21:35:53.140+0000] {processor.py:183} INFO - Processing /opt/airflow/dags/daily_summary.py took 0.116 seconds
[2025-10-24T21:36:23.334+0000] {processor.py:161} INFO - Started process (PID=1951) to work on /opt/airflow/dags/daily_summary.py
[2025-10-24T21:36:23.334+0000] {processor.py:830} INFO - Processing file /opt/airflow/dags/daily_summary.py for tasks to queue
[2025-10-24T21:36:23.335+0000] {logging_mixin.py:188} INFO - [2025-10-24T21:36:23.335+0000] {dagbag.py:538} INFO - Filling up the DagBag from /opt/airflow/dags/daily_summary.py
[2025-10-24T21:36:23.389+0000] {processor.py:840} INFO - DAG(s) 'daily_summary' retrieved from /opt/airflow/dags/daily_summary.py
[2025-10-24T21:36:23.421+0000] {logging_mixin.py:188} INFO - [2025-10-24T21:36:23.421+0000] {dag.py:3036} INFO - Sync 1 DAGs
[2025-10-24T21:36:23.441+0000] {logging_mixin.py:188} INFO - [2025-10-24T21:36:23.440+0000] {dag.py:3823} INFO - Setting next_dagrun for daily_summary to 2025-10-23 00:00:00+00:00, run_after=2025-10-24 00:00:00+00:00
[2025-10-24T21:36:23.459+0000] {processor.py:183} INFO - Processing /opt/airflow/dags/daily_summary.py took 0.128 seconds
[2025-10-24T21:36:53.729+0000] {processor.py:161} INFO - Started process (PID=1956) to work on /opt/airflow/dags/daily_summary.py
[2025-10-24T21:36:53.730+0000] {processor.py:830} INFO - Processing file /opt/airflow/dags/daily_summary.py for tasks to queue
[2025-10-24T21:36:53.731+0000] {logging_mixin.py:188} INFO - [2025-10-24T21:36:53.731+0000] {dagbag.py:538} INFO - Filling up the DagBag from /opt/airflow/dags/daily_summary.py
[2025-10-24T21:36:53.787+0000] {processor.py:840} INFO - DAG(s) 'daily_summary' retrieved from /opt/airflow/dags/daily_summary.py
[2025-10-24T21:36:53.808+0000] {logging_mixin.py:188} INFO - [2025-10-24T21:36:53.807+0000] {dag.py:3036} INFO - Sync 1 DAGs
[2025-10-24T21:36:53.826+0000] {logging_mixin.py:188} INFO - [2025-10-24T21:36:53.826+0000] {dag.py:3823} INFO - Setting next_dagrun for daily_summary to 2025-10-23 00:00:00+00:00, run_after=2025-10-24 00:00:00+00:00
[2025-10-24T21:36:53.845+0000] {processor.py:183} INFO - Processing /opt/airflow/dags/daily_summary.py took 0.119 seconds
[2025-10-24T21:37:24.124+0000] {processor.py:161} INFO - Started process (PID=1961) to work on /opt/airflow/dags/daily_summary.py
[2025-10-24T21:37:24.125+0000] {processor.py:830} INFO - Processing file /opt/airflow/dags/daily_summary.py for tasks to queue
[2025-10-24T21:37:24.126+0000] {logging_mixin.py:188} INFO - [2025-10-24T21:37:24.126+0000] {dagbag.py:538} INFO - Filling up the DagBag from /opt/airflow/dags/daily_summary.py
[2025-10-24T21:37:24.183+0000] {processor.py:840} INFO - DAG(s) 'daily_summary' retrieved from /opt/airflow/dags/daily_summary.py
[2025-10-24T21:37:24.204+0000] {logging_mixin.py:188} INFO - [2025-10-24T21:37:24.204+0000] {dag.py:3036} INFO - Sync 1 DAGs
[2025-10-24T21:37:24.222+0000] {logging_mixin.py:188} INFO - [2025-10-24T21:37:24.222+0000] {dag.py:3823} INFO - Setting next_dagrun for daily_summary to 2025-10-23 00:00:00+00:00, run_after=2025-10-24 00:00:00+00:00
[2025-10-24T21:37:24.248+0000] {processor.py:183} INFO - Processing /opt/airflow/dags/daily_summary.py took 0.127 seconds
[2025-10-24T21:37:54.453+0000] {processor.py:161} INFO - Started process (PID=1966) to work on /opt/airflow/dags/daily_summary.py
[2025-10-24T21:37:54.454+0000] {processor.py:830} INFO - Processing file /opt/airflow/dags/daily_summary.py for tasks to queue
[2025-10-24T21:37:54.455+0000] {logging_mixin.py:188} INFO - [2025-10-24T21:37:54.455+0000] {dagbag.py:538} INFO - Filling up the DagBag from /opt/airflow/dags/daily_summary.py
[2025-10-24T21:37:54.517+0000] {processor.py:840} INFO - DAG(s) 'daily_summary' retrieved from /opt/airflow/dags/daily_summary.py
[2025-10-24T21:37:54.539+0000] {logging_mixin.py:188} INFO - [2025-10-24T21:37:54.538+0000] {dag.py:3036} INFO - Sync 1 DAGs
[2025-10-24T21:37:54.555+0000] {logging_mixin.py:188} INFO - [2025-10-24T21:37:54.555+0000] {dag.py:3823} INFO - Setting next_dagrun for daily_summary to 2025-10-23 00:00:00+00:00, run_after=2025-10-24 00:00:00+00:00
[2025-10-24T21:37:54.580+0000] {processor.py:183} INFO - Processing /opt/airflow/dags/daily_summary.py took 0.130 seconds
[2025-10-24T21:38:24.850+0000] {processor.py:161} INFO - Started process (PID=1971) to work on /opt/airflow/dags/daily_summary.py
[2025-10-24T21:38:24.851+0000] {processor.py:830} INFO - Processing file /opt/airflow/dags/daily_summary.py for tasks to queue
[2025-10-24T21:38:24.852+0000] {logging_mixin.py:188} INFO - [2025-10-24T21:38:24.852+0000] {dagbag.py:538} INFO - Filling up the DagBag from /opt/airflow/dags/daily_summary.py
[2025-10-24T21:38:24.908+0000] {processor.py:840} INFO - DAG(s) 'daily_summary' retrieved from /opt/airflow/dags/daily_summary.py
[2025-10-24T21:38:24.928+0000] {logging_mixin.py:188} INFO - [2025-10-24T21:38:24.928+0000] {dag.py:3036} INFO - Sync 1 DAGs
[2025-10-24T21:38:24.944+0000] {logging_mixin.py:188} INFO - [2025-10-24T21:38:24.943+0000] {dag.py:3823} INFO - Setting next_dagrun for daily_summary to 2025-10-23 00:00:00+00:00, run_after=2025-10-24 00:00:00+00:00
[2025-10-24T21:38:24.959+0000] {processor.py:183} INFO - Processing /opt/airflow/dags/daily_summary.py took 0.111 seconds
[2025-10-24T21:38:55.192+0000] {processor.py:161} INFO - Started process (PID=1976) to work on /opt/airflow/dags/daily_summary.py
[2025-10-24T21:38:55.193+0000] {processor.py:830} INFO - Processing file /opt/airflow/dags/daily_summary.py for tasks to queue
[2025-10-24T21:38:55.194+0000] {logging_mixin.py:188} INFO - [2025-10-24T21:38:55.194+0000] {dagbag.py:538} INFO - Filling up the DagBag from /opt/airflow/dags/daily_summary.py
[2025-10-24T21:38:55.272+0000] {processor.py:840} INFO - DAG(s) 'daily_summary' retrieved from /opt/airflow/dags/daily_summary.py
[2025-10-24T21:38:55.296+0000] {logging_mixin.py:188} INFO - [2025-10-24T21:38:55.296+0000] {dag.py:3036} INFO - Sync 1 DAGs
[2025-10-24T21:38:55.315+0000] {logging_mixin.py:188} INFO - [2025-10-24T21:38:55.315+0000] {dag.py:3823} INFO - Setting next_dagrun for daily_summary to 2025-10-23 00:00:00+00:00, run_after=2025-10-24 00:00:00+00:00
[2025-10-24T21:38:55.346+0000] {processor.py:183} INFO - Processing /opt/airflow/dags/daily_summary.py took 0.158 seconds
[2025-10-24T21:39:25.556+0000] {processor.py:161} INFO - Started process (PID=1981) to work on /opt/airflow/dags/daily_summary.py
[2025-10-24T21:39:25.557+0000] {processor.py:830} INFO - Processing file /opt/airflow/dags/daily_summary.py for tasks to queue
[2025-10-24T21:39:25.558+0000] {logging_mixin.py:188} INFO - [2025-10-24T21:39:25.558+0000] {dagbag.py:538} INFO - Filling up the DagBag from /opt/airflow/dags/daily_summary.py
[2025-10-24T21:39:25.612+0000] {processor.py:840} INFO - DAG(s) 'daily_summary' retrieved from /opt/airflow/dags/daily_summary.py
[2025-10-24T21:39:25.632+0000] {logging_mixin.py:188} INFO - [2025-10-24T21:39:25.632+0000] {dag.py:3036} INFO - Sync 1 DAGs
[2025-10-24T21:39:25.650+0000] {logging_mixin.py:188} INFO - [2025-10-24T21:39:25.650+0000] {dag.py:3823} INFO - Setting next_dagrun for daily_summary to 2025-10-23 00:00:00+00:00, run_after=2025-10-24 00:00:00+00:00
[2025-10-24T21:39:25.681+0000] {processor.py:183} INFO - Processing /opt/airflow/dags/daily_summary.py took 0.127 seconds
[2025-10-24T21:39:55.997+0000] {processor.py:161} INFO - Started process (PID=1986) to work on /opt/airflow/dags/daily_summary.py
[2025-10-24T21:39:55.997+0000] {processor.py:830} INFO - Processing file /opt/airflow/dags/daily_summary.py for tasks to queue
[2025-10-24T21:39:55.998+0000] {logging_mixin.py:188} INFO - [2025-10-24T21:39:55.998+0000] {dagbag.py:538} INFO - Filling up the DagBag from /opt/airflow/dags/daily_summary.py
[2025-10-24T21:39:56.054+0000] {processor.py:840} INFO - DAG(s) 'daily_summary' retrieved from /opt/airflow/dags/daily_summary.py
[2025-10-24T21:39:56.076+0000] {logging_mixin.py:188} INFO - [2025-10-24T21:39:56.076+0000] {dag.py:3036} INFO - Sync 1 DAGs
[2025-10-24T21:39:56.094+0000] {logging_mixin.py:188} INFO - [2025-10-24T21:39:56.094+0000] {dag.py:3823} INFO - Setting next_dagrun for daily_summary to 2025-10-23 00:00:00+00:00, run_after=2025-10-24 00:00:00+00:00
[2025-10-24T21:39:56.113+0000] {processor.py:183} INFO - Processing /opt/airflow/dags/daily_summary.py took 0.119 seconds
[2025-10-24T21:40:26.316+0000] {processor.py:161} INFO - Started process (PID=1991) to work on /opt/airflow/dags/daily_summary.py
[2025-10-24T21:40:26.317+0000] {processor.py:830} INFO - Processing file /opt/airflow/dags/daily_summary.py for tasks to queue
[2025-10-24T21:40:26.318+0000] {logging_mixin.py:188} INFO - [2025-10-24T21:40:26.318+0000] {dagbag.py:538} INFO - Filling up the DagBag from /opt/airflow/dags/daily_summary.py
[2025-10-24T21:40:26.373+0000] {processor.py:840} INFO - DAG(s) 'daily_summary' retrieved from /opt/airflow/dags/daily_summary.py
[2025-10-24T21:40:26.395+0000] {logging_mixin.py:188} INFO - [2025-10-24T21:40:26.395+0000] {dag.py:3036} INFO - Sync 1 DAGs
[2025-10-24T21:40:26.412+0000] {logging_mixin.py:188} INFO - [2025-10-24T21:40:26.412+0000] {dag.py:3823} INFO - Setting next_dagrun for daily_summary to 2025-10-23 00:00:00+00:00, run_after=2025-10-24 00:00:00+00:00
[2025-10-24T21:40:26.440+0000] {processor.py:183} INFO - Processing /opt/airflow/dags/daily_summary.py took 0.126 seconds
[2025-10-24T21:40:56.734+0000] {processor.py:161} INFO - Started process (PID=1996) to work on /opt/airflow/dags/daily_summary.py
[2025-10-24T21:40:56.735+0000] {processor.py:830} INFO - Processing file /opt/airflow/dags/daily_summary.py for tasks to queue
[2025-10-24T21:40:56.735+0000] {logging_mixin.py:188} INFO - [2025-10-24T21:40:56.735+0000] {dagbag.py:538} INFO - Filling up the DagBag from /opt/airflow/dags/daily_summary.py
[2025-10-24T21:40:56.789+0000] {processor.py:840} INFO - DAG(s) 'daily_summary' retrieved from /opt/airflow/dags/daily_summary.py
[2025-10-24T21:40:56.811+0000] {logging_mixin.py:188} INFO - [2025-10-24T21:40:56.811+0000] {dag.py:3036} INFO - Sync 1 DAGs
[2025-10-24T21:40:56.828+0000] {logging_mixin.py:188} INFO - [2025-10-24T21:40:56.828+0000] {dag.py:3823} INFO - Setting next_dagrun for daily_summary to 2025-10-23 00:00:00+00:00, run_after=2025-10-24 00:00:00+00:00
[2025-10-24T21:40:56.848+0000] {processor.py:183} INFO - Processing /opt/airflow/dags/daily_summary.py took 0.116 seconds
[2025-10-24T21:41:27.085+0000] {processor.py:161} INFO - Started process (PID=2001) to work on /opt/airflow/dags/daily_summary.py
[2025-10-24T21:41:27.086+0000] {processor.py:830} INFO - Processing file /opt/airflow/dags/daily_summary.py for tasks to queue
[2025-10-24T21:41:27.087+0000] {logging_mixin.py:188} INFO - [2025-10-24T21:41:27.087+0000] {dagbag.py:538} INFO - Filling up the DagBag from /opt/airflow/dags/daily_summary.py
[2025-10-24T21:41:27.142+0000] {processor.py:840} INFO - DAG(s) 'daily_summary' retrieved from /opt/airflow/dags/daily_summary.py
[2025-10-24T21:41:27.164+0000] {logging_mixin.py:188} INFO - [2025-10-24T21:41:27.164+0000] {dag.py:3036} INFO - Sync 1 DAGs
[2025-10-24T21:41:27.182+0000] {logging_mixin.py:188} INFO - [2025-10-24T21:41:27.181+0000] {dag.py:3823} INFO - Setting next_dagrun for daily_summary to 2025-10-23 00:00:00+00:00, run_after=2025-10-24 00:00:00+00:00
[2025-10-24T21:41:27.213+0000] {processor.py:183} INFO - Processing /opt/airflow/dags/daily_summary.py took 0.130 seconds
[2025-10-24T21:41:57.364+0000] {processor.py:161} INFO - Started process (PID=2006) to work on /opt/airflow/dags/daily_summary.py
[2025-10-24T21:41:57.364+0000] {processor.py:830} INFO - Processing file /opt/airflow/dags/daily_summary.py for tasks to queue
[2025-10-24T21:41:57.365+0000] {logging_mixin.py:188} INFO - [2025-10-24T21:41:57.365+0000] {dagbag.py:538} INFO - Filling up the DagBag from /opt/airflow/dags/daily_summary.py
[2025-10-24T21:41:57.418+0000] {processor.py:840} INFO - DAG(s) 'daily_summary' retrieved from /opt/airflow/dags/daily_summary.py
[2025-10-24T21:41:57.439+0000] {logging_mixin.py:188} INFO - [2025-10-24T21:41:57.439+0000] {dag.py:3036} INFO - Sync 1 DAGs
[2025-10-24T21:41:57.456+0000] {logging_mixin.py:188} INFO - [2025-10-24T21:41:57.456+0000] {dag.py:3823} INFO - Setting next_dagrun for daily_summary to 2025-10-23 00:00:00+00:00, run_after=2025-10-24 00:00:00+00:00
[2025-10-24T21:41:57.475+0000] {processor.py:183} INFO - Processing /opt/airflow/dags/daily_summary.py took 0.114 seconds
[2025-10-24T21:42:27.789+0000] {processor.py:161} INFO - Started process (PID=2011) to work on /opt/airflow/dags/daily_summary.py
[2025-10-24T21:42:27.790+0000] {processor.py:830} INFO - Processing file /opt/airflow/dags/daily_summary.py for tasks to queue
[2025-10-24T21:42:27.791+0000] {logging_mixin.py:188} INFO - [2025-10-24T21:42:27.791+0000] {dagbag.py:538} INFO - Filling up the DagBag from /opt/airflow/dags/daily_summary.py
[2025-10-24T21:42:27.842+0000] {processor.py:840} INFO - DAG(s) 'daily_summary' retrieved from /opt/airflow/dags/daily_summary.py
[2025-10-24T21:42:27.864+0000] {logging_mixin.py:188} INFO - [2025-10-24T21:42:27.864+0000] {dag.py:3036} INFO - Sync 1 DAGs
[2025-10-24T21:42:27.882+0000] {logging_mixin.py:188} INFO - [2025-10-24T21:42:27.881+0000] {dag.py:3823} INFO - Setting next_dagrun for daily_summary to 2025-10-23 00:00:00+00:00, run_after=2025-10-24 00:00:00+00:00
[2025-10-24T21:42:27.906+0000] {processor.py:183} INFO - Processing /opt/airflow/dags/daily_summary.py took 0.119 seconds
[2025-10-24T21:42:58.176+0000] {processor.py:161} INFO - Started process (PID=2016) to work on /opt/airflow/dags/daily_summary.py
[2025-10-24T21:42:58.176+0000] {processor.py:830} INFO - Processing file /opt/airflow/dags/daily_summary.py for tasks to queue
[2025-10-24T21:42:58.177+0000] {logging_mixin.py:188} INFO - [2025-10-24T21:42:58.177+0000] {dagbag.py:538} INFO - Filling up the DagBag from /opt/airflow/dags/daily_summary.py
[2025-10-24T21:42:58.232+0000] {processor.py:840} INFO - DAG(s) 'daily_summary' retrieved from /opt/airflow/dags/daily_summary.py
[2025-10-24T21:42:58.251+0000] {logging_mixin.py:188} INFO - [2025-10-24T21:42:58.251+0000] {dag.py:3036} INFO - Sync 1 DAGs
[2025-10-24T21:42:58.267+0000] {logging_mixin.py:188} INFO - [2025-10-24T21:42:58.267+0000] {dag.py:3823} INFO - Setting next_dagrun for daily_summary to 2025-10-23 00:00:00+00:00, run_after=2025-10-24 00:00:00+00:00
[2025-10-24T21:42:58.295+0000] {processor.py:183} INFO - Processing /opt/airflow/dags/daily_summary.py took 0.122 seconds
[2025-10-24T21:43:28.560+0000] {processor.py:161} INFO - Started process (PID=2021) to work on /opt/airflow/dags/daily_summary.py
[2025-10-24T21:43:28.561+0000] {processor.py:830} INFO - Processing file /opt/airflow/dags/daily_summary.py for tasks to queue
[2025-10-24T21:43:28.562+0000] {logging_mixin.py:188} INFO - [2025-10-24T21:43:28.562+0000] {dagbag.py:538} INFO - Filling up the DagBag from /opt/airflow/dags/daily_summary.py
[2025-10-24T21:43:28.616+0000] {processor.py:840} INFO - DAG(s) 'daily_summary' retrieved from /opt/airflow/dags/daily_summary.py
[2025-10-24T21:43:28.636+0000] {logging_mixin.py:188} INFO - [2025-10-24T21:43:28.636+0000] {dag.py:3036} INFO - Sync 1 DAGs
[2025-10-24T21:43:28.654+0000] {logging_mixin.py:188} INFO - [2025-10-24T21:43:28.654+0000] {dag.py:3823} INFO - Setting next_dagrun for daily_summary to 2025-10-23 00:00:00+00:00, run_after=2025-10-24 00:00:00+00:00
[2025-10-24T21:43:28.673+0000] {processor.py:183} INFO - Processing /opt/airflow/dags/daily_summary.py took 0.115 seconds
[2025-10-24T21:43:58.900+0000] {processor.py:161} INFO - Started process (PID=2026) to work on /opt/airflow/dags/daily_summary.py
[2025-10-24T21:43:58.901+0000] {processor.py:830} INFO - Processing file /opt/airflow/dags/daily_summary.py for tasks to queue
[2025-10-24T21:43:58.902+0000] {logging_mixin.py:188} INFO - [2025-10-24T21:43:58.902+0000] {dagbag.py:538} INFO - Filling up the DagBag from /opt/airflow/dags/daily_summary.py
[2025-10-24T21:43:58.956+0000] {processor.py:840} INFO - DAG(s) 'daily_summary' retrieved from /opt/airflow/dags/daily_summary.py
[2025-10-24T21:43:58.976+0000] {logging_mixin.py:188} INFO - [2025-10-24T21:43:58.976+0000] {dag.py:3036} INFO - Sync 1 DAGs
[2025-10-24T21:43:58.991+0000] {logging_mixin.py:188} INFO - [2025-10-24T21:43:58.991+0000] {dag.py:3823} INFO - Setting next_dagrun for daily_summary to 2025-10-23 00:00:00+00:00, run_after=2025-10-24 00:00:00+00:00
[2025-10-24T21:43:59.009+0000] {processor.py:183} INFO - Processing /opt/airflow/dags/daily_summary.py took 0.112 seconds
[2025-10-24T21:44:29.292+0000] {processor.py:161} INFO - Started process (PID=2031) to work on /opt/airflow/dags/daily_summary.py
[2025-10-24T21:44:29.293+0000] {processor.py:830} INFO - Processing file /opt/airflow/dags/daily_summary.py for tasks to queue
[2025-10-24T21:44:29.294+0000] {logging_mixin.py:188} INFO - [2025-10-24T21:44:29.293+0000] {dagbag.py:538} INFO - Filling up the DagBag from /opt/airflow/dags/daily_summary.py
[2025-10-24T21:44:29.351+0000] {processor.py:840} INFO - DAG(s) 'daily_summary' retrieved from /opt/airflow/dags/daily_summary.py
[2025-10-24T21:44:29.378+0000] {logging_mixin.py:188} INFO - [2025-10-24T21:44:29.378+0000] {dag.py:3036} INFO - Sync 1 DAGs
[2025-10-24T21:44:29.393+0000] {logging_mixin.py:188} INFO - [2025-10-24T21:44:29.393+0000] {dag.py:3823} INFO - Setting next_dagrun for daily_summary to 2025-10-23 00:00:00+00:00, run_after=2025-10-24 00:00:00+00:00
[2025-10-24T21:44:29.412+0000] {processor.py:183} INFO - Processing /opt/airflow/dags/daily_summary.py took 0.123 seconds
[2025-10-24T21:44:59.615+0000] {processor.py:161} INFO - Started process (PID=2036) to work on /opt/airflow/dags/daily_summary.py
[2025-10-24T21:44:59.616+0000] {processor.py:830} INFO - Processing file /opt/airflow/dags/daily_summary.py for tasks to queue
[2025-10-24T21:44:59.617+0000] {logging_mixin.py:188} INFO - [2025-10-24T21:44:59.617+0000] {dagbag.py:538} INFO - Filling up the DagBag from /opt/airflow/dags/daily_summary.py
[2025-10-24T21:44:59.681+0000] {processor.py:840} INFO - DAG(s) 'daily_summary' retrieved from /opt/airflow/dags/daily_summary.py
[2025-10-24T21:44:59.706+0000] {logging_mixin.py:188} INFO - [2025-10-24T21:44:59.706+0000] {dag.py:3036} INFO - Sync 1 DAGs
[2025-10-24T21:44:59.726+0000] {logging_mixin.py:188} INFO - [2025-10-24T21:44:59.725+0000] {dag.py:3823} INFO - Setting next_dagrun for daily_summary to 2025-10-23 00:00:00+00:00, run_after=2025-10-24 00:00:00+00:00
[2025-10-24T21:44:59.753+0000] {processor.py:183} INFO - Processing /opt/airflow/dags/daily_summary.py took 0.141 seconds
[2025-10-24T21:45:30.034+0000] {processor.py:161} INFO - Started process (PID=2041) to work on /opt/airflow/dags/daily_summary.py
[2025-10-24T21:45:30.035+0000] {processor.py:830} INFO - Processing file /opt/airflow/dags/daily_summary.py for tasks to queue
[2025-10-24T21:45:30.036+0000] {logging_mixin.py:188} INFO - [2025-10-24T21:45:30.036+0000] {dagbag.py:538} INFO - Filling up the DagBag from /opt/airflow/dags/daily_summary.py
[2025-10-24T21:45:30.093+0000] {processor.py:840} INFO - DAG(s) 'daily_summary' retrieved from /opt/airflow/dags/daily_summary.py
[2025-10-24T21:45:30.115+0000] {logging_mixin.py:188} INFO - [2025-10-24T21:45:30.115+0000] {dag.py:3036} INFO - Sync 1 DAGs
[2025-10-24T21:45:30.134+0000] {logging_mixin.py:188} INFO - [2025-10-24T21:45:30.133+0000] {dag.py:3823} INFO - Setting next_dagrun for daily_summary to 2025-10-23 00:00:00+00:00, run_after=2025-10-24 00:00:00+00:00
[2025-10-24T21:45:30.152+0000] {processor.py:183} INFO - Processing /opt/airflow/dags/daily_summary.py took 0.121 seconds
[2025-10-24T21:46:00.379+0000] {processor.py:161} INFO - Started process (PID=2046) to work on /opt/airflow/dags/daily_summary.py
[2025-10-24T21:46:00.380+0000] {processor.py:830} INFO - Processing file /opt/airflow/dags/daily_summary.py for tasks to queue
[2025-10-24T21:46:00.381+0000] {logging_mixin.py:188} INFO - [2025-10-24T21:46:00.381+0000] {dagbag.py:538} INFO - Filling up the DagBag from /opt/airflow/dags/daily_summary.py
[2025-10-24T21:46:00.435+0000] {processor.py:840} INFO - DAG(s) 'daily_summary' retrieved from /opt/airflow/dags/daily_summary.py
[2025-10-24T21:46:00.454+0000] {logging_mixin.py:188} INFO - [2025-10-24T21:46:00.454+0000] {dag.py:3036} INFO - Sync 1 DAGs
[2025-10-24T21:46:00.470+0000] {logging_mixin.py:188} INFO - [2025-10-24T21:46:00.470+0000] {dag.py:3823} INFO - Setting next_dagrun for daily_summary to 2025-10-23 00:00:00+00:00, run_after=2025-10-24 00:00:00+00:00
[2025-10-24T21:46:00.496+0000] {processor.py:183} INFO - Processing /opt/airflow/dags/daily_summary.py took 0.119 seconds
[2025-10-24T21:46:30.711+0000] {processor.py:161} INFO - Started process (PID=2051) to work on /opt/airflow/dags/daily_summary.py
[2025-10-24T21:46:30.712+0000] {processor.py:830} INFO - Processing file /opt/airflow/dags/daily_summary.py for tasks to queue
[2025-10-24T21:46:30.712+0000] {logging_mixin.py:188} INFO - [2025-10-24T21:46:30.712+0000] {dagbag.py:538} INFO - Filling up the DagBag from /opt/airflow/dags/daily_summary.py
[2025-10-24T21:46:30.765+0000] {processor.py:840} INFO - DAG(s) 'daily_summary' retrieved from /opt/airflow/dags/daily_summary.py
[2025-10-24T21:46:30.787+0000] {logging_mixin.py:188} INFO - [2025-10-24T21:46:30.787+0000] {dag.py:3036} INFO - Sync 1 DAGs
[2025-10-24T21:46:30.804+0000] {logging_mixin.py:188} INFO - [2025-10-24T21:46:30.804+0000] {dag.py:3823} INFO - Setting next_dagrun for daily_summary to 2025-10-23 00:00:00+00:00, run_after=2025-10-24 00:00:00+00:00
[2025-10-24T21:46:30.822+0000] {processor.py:183} INFO - Processing /opt/airflow/dags/daily_summary.py took 0.114 seconds
[2025-10-24T21:47:01.131+0000] {processor.py:161} INFO - Started process (PID=2056) to work on /opt/airflow/dags/daily_summary.py
[2025-10-24T21:47:01.131+0000] {processor.py:830} INFO - Processing file /opt/airflow/dags/daily_summary.py for tasks to queue
[2025-10-24T21:47:01.132+0000] {logging_mixin.py:188} INFO - [2025-10-24T21:47:01.132+0000] {dagbag.py:538} INFO - Filling up the DagBag from /opt/airflow/dags/daily_summary.py
[2025-10-24T21:47:01.188+0000] {processor.py:840} INFO - DAG(s) 'daily_summary' retrieved from /opt/airflow/dags/daily_summary.py
[2025-10-24T21:47:01.208+0000] {logging_mixin.py:188} INFO - [2025-10-24T21:47:01.208+0000] {dag.py:3036} INFO - Sync 1 DAGs
[2025-10-24T21:47:01.223+0000] {logging_mixin.py:188} INFO - [2025-10-24T21:47:01.223+0000] {dag.py:3823} INFO - Setting next_dagrun for daily_summary to 2025-10-23 00:00:00+00:00, run_after=2025-10-24 00:00:00+00:00
[2025-10-24T21:47:01.242+0000] {processor.py:183} INFO - Processing /opt/airflow/dags/daily_summary.py took 0.114 seconds
[2025-10-24T21:47:31.390+0000] {processor.py:161} INFO - Started process (PID=2061) to work on /opt/airflow/dags/daily_summary.py
[2025-10-24T21:47:31.391+0000] {processor.py:830} INFO - Processing file /opt/airflow/dags/daily_summary.py for tasks to queue
[2025-10-24T21:47:31.392+0000] {logging_mixin.py:188} INFO - [2025-10-24T21:47:31.392+0000] {dagbag.py:538} INFO - Filling up the DagBag from /opt/airflow/dags/daily_summary.py
[2025-10-24T21:47:31.449+0000] {processor.py:840} INFO - DAG(s) 'daily_summary' retrieved from /opt/airflow/dags/daily_summary.py
[2025-10-24T21:47:31.473+0000] {logging_mixin.py:188} INFO - [2025-10-24T21:47:31.473+0000] {dag.py:3036} INFO - Sync 1 DAGs
[2025-10-24T21:47:31.490+0000] {logging_mixin.py:188} INFO - [2025-10-24T21:47:31.490+0000] {dag.py:3823} INFO - Setting next_dagrun for daily_summary to 2025-10-23 00:00:00+00:00, run_after=2025-10-24 00:00:00+00:00
[2025-10-24T21:47:31.510+0000] {processor.py:183} INFO - Processing /opt/airflow/dags/daily_summary.py took 0.123 seconds
[2025-10-24T21:48:01.717+0000] {processor.py:161} INFO - Started process (PID=2066) to work on /opt/airflow/dags/daily_summary.py
[2025-10-24T21:48:01.718+0000] {processor.py:830} INFO - Processing file /opt/airflow/dags/daily_summary.py for tasks to queue
[2025-10-24T21:48:01.719+0000] {logging_mixin.py:188} INFO - [2025-10-24T21:48:01.719+0000] {dagbag.py:538} INFO - Filling up the DagBag from /opt/airflow/dags/daily_summary.py
[2025-10-24T21:48:01.773+0000] {processor.py:840} INFO - DAG(s) 'daily_summary' retrieved from /opt/airflow/dags/daily_summary.py
[2025-10-24T21:48:01.797+0000] {logging_mixin.py:188} INFO - [2025-10-24T21:48:01.797+0000] {dag.py:3036} INFO - Sync 1 DAGs
[2025-10-24T21:48:01.815+0000] {logging_mixin.py:188} INFO - [2025-10-24T21:48:01.815+0000] {dag.py:3823} INFO - Setting next_dagrun for daily_summary to 2025-10-23 00:00:00+00:00, run_after=2025-10-24 00:00:00+00:00
[2025-10-24T21:48:01.836+0000] {processor.py:183} INFO - Processing /opt/airflow/dags/daily_summary.py took 0.122 seconds
[2025-10-24T21:48:32.179+0000] {processor.py:161} INFO - Started process (PID=2071) to work on /opt/airflow/dags/daily_summary.py
[2025-10-24T21:48:32.180+0000] {processor.py:830} INFO - Processing file /opt/airflow/dags/daily_summary.py for tasks to queue
[2025-10-24T21:48:32.181+0000] {logging_mixin.py:188} INFO - [2025-10-24T21:48:32.180+0000] {dagbag.py:538} INFO - Filling up the DagBag from /opt/airflow/dags/daily_summary.py
[2025-10-24T21:48:32.238+0000] {processor.py:840} INFO - DAG(s) 'daily_summary' retrieved from /opt/airflow/dags/daily_summary.py
[2025-10-24T21:48:32.260+0000] {logging_mixin.py:188} INFO - [2025-10-24T21:48:32.260+0000] {dag.py:3036} INFO - Sync 1 DAGs
[2025-10-24T21:48:32.276+0000] {logging_mixin.py:188} INFO - [2025-10-24T21:48:32.276+0000] {dag.py:3823} INFO - Setting next_dagrun for daily_summary to 2025-10-23 00:00:00+00:00, run_after=2025-10-24 00:00:00+00:00
[2025-10-24T21:48:32.301+0000] {processor.py:183} INFO - Processing /opt/airflow/dags/daily_summary.py took 0.125 seconds
[2025-10-24T21:49:02.501+0000] {processor.py:161} INFO - Started process (PID=2076) to work on /opt/airflow/dags/daily_summary.py
[2025-10-24T21:49:02.503+0000] {processor.py:830} INFO - Processing file /opt/airflow/dags/daily_summary.py for tasks to queue
[2025-10-24T21:49:02.503+0000] {logging_mixin.py:188} INFO - [2025-10-24T21:49:02.503+0000] {dagbag.py:538} INFO - Filling up the DagBag from /opt/airflow/dags/daily_summary.py
[2025-10-24T21:49:02.564+0000] {processor.py:840} INFO - DAG(s) 'daily_summary' retrieved from /opt/airflow/dags/daily_summary.py
[2025-10-24T21:49:02.585+0000] {logging_mixin.py:188} INFO - [2025-10-24T21:49:02.584+0000] {dag.py:3036} INFO - Sync 1 DAGs
[2025-10-24T21:49:02.602+0000] {logging_mixin.py:188} INFO - [2025-10-24T21:49:02.601+0000] {dag.py:3823} INFO - Setting next_dagrun for daily_summary to 2025-10-23 00:00:00+00:00, run_after=2025-10-24 00:00:00+00:00
[2025-10-24T21:49:02.618+0000] {processor.py:183} INFO - Processing /opt/airflow/dags/daily_summary.py took 0.120 seconds
[2025-10-24T21:49:32.947+0000] {processor.py:161} INFO - Started process (PID=2081) to work on /opt/airflow/dags/daily_summary.py
[2025-10-24T21:49:32.948+0000] {processor.py:830} INFO - Processing file /opt/airflow/dags/daily_summary.py for tasks to queue
[2025-10-24T21:49:32.949+0000] {logging_mixin.py:188} INFO - [2025-10-24T21:49:32.949+0000] {dagbag.py:538} INFO - Filling up the DagBag from /opt/airflow/dags/daily_summary.py
[2025-10-24T21:49:33.007+0000] {processor.py:840} INFO - DAG(s) 'daily_summary' retrieved from /opt/airflow/dags/daily_summary.py
[2025-10-24T21:49:33.031+0000] {logging_mixin.py:188} INFO - [2025-10-24T21:49:33.030+0000] {dag.py:3036} INFO - Sync 1 DAGs
[2025-10-24T21:49:33.048+0000] {logging_mixin.py:188} INFO - [2025-10-24T21:49:33.048+0000] {dag.py:3823} INFO - Setting next_dagrun for daily_summary to 2025-10-23 00:00:00+00:00, run_after=2025-10-24 00:00:00+00:00
[2025-10-24T21:49:33.065+0000] {processor.py:183} INFO - Processing /opt/airflow/dags/daily_summary.py took 0.120 seconds
[2025-10-24T21:50:03.268+0000] {processor.py:161} INFO - Started process (PID=2086) to work on /opt/airflow/dags/daily_summary.py
[2025-10-24T21:50:03.269+0000] {processor.py:830} INFO - Processing file /opt/airflow/dags/daily_summary.py for tasks to queue
[2025-10-24T21:50:03.270+0000] {logging_mixin.py:188} INFO - [2025-10-24T21:50:03.269+0000] {dagbag.py:538} INFO - Filling up the DagBag from /opt/airflow/dags/daily_summary.py
[2025-10-24T21:50:03.323+0000] {processor.py:840} INFO - DAG(s) 'daily_summary' retrieved from /opt/airflow/dags/daily_summary.py
[2025-10-24T21:50:03.344+0000] {logging_mixin.py:188} INFO - [2025-10-24T21:50:03.344+0000] {dag.py:3036} INFO - Sync 1 DAGs
[2025-10-24T21:50:03.361+0000] {logging_mixin.py:188} INFO - [2025-10-24T21:50:03.361+0000] {dag.py:3823} INFO - Setting next_dagrun for daily_summary to 2025-10-23 00:00:00+00:00, run_after=2025-10-24 00:00:00+00:00
[2025-10-24T21:50:03.387+0000] {processor.py:183} INFO - Processing /opt/airflow/dags/daily_summary.py took 0.121 seconds
[2025-10-24T21:50:33.733+0000] {processor.py:161} INFO - Started process (PID=2091) to work on /opt/airflow/dags/daily_summary.py
[2025-10-24T21:50:33.734+0000] {processor.py:830} INFO - Processing file /opt/airflow/dags/daily_summary.py for tasks to queue
[2025-10-24T21:50:33.735+0000] {logging_mixin.py:188} INFO - [2025-10-24T21:50:33.734+0000] {dagbag.py:538} INFO - Filling up the DagBag from /opt/airflow/dags/daily_summary.py
[2025-10-24T21:50:33.791+0000] {processor.py:840} INFO - DAG(s) 'daily_summary' retrieved from /opt/airflow/dags/daily_summary.py
[2025-10-24T21:50:33.810+0000] {logging_mixin.py:188} INFO - [2025-10-24T21:50:33.810+0000] {dag.py:3036} INFO - Sync 1 DAGs
[2025-10-24T21:50:33.826+0000] {logging_mixin.py:188} INFO - [2025-10-24T21:50:33.825+0000] {dag.py:3823} INFO - Setting next_dagrun for daily_summary to 2025-10-23 00:00:00+00:00, run_after=2025-10-24 00:00:00+00:00
[2025-10-24T21:50:33.849+0000] {processor.py:183} INFO - Processing /opt/airflow/dags/daily_summary.py took 0.118 seconds
[2025-10-24T21:51:04.072+0000] {processor.py:161} INFO - Started process (PID=2096) to work on /opt/airflow/dags/daily_summary.py
[2025-10-24T21:51:04.073+0000] {processor.py:830} INFO - Processing file /opt/airflow/dags/daily_summary.py for tasks to queue
[2025-10-24T21:51:04.074+0000] {logging_mixin.py:188} INFO - [2025-10-24T21:51:04.074+0000] {dagbag.py:538} INFO - Filling up the DagBag from /opt/airflow/dags/daily_summary.py
[2025-10-24T21:51:04.136+0000] {processor.py:840} INFO - DAG(s) 'daily_summary' retrieved from /opt/airflow/dags/daily_summary.py
[2025-10-24T21:51:04.159+0000] {logging_mixin.py:188} INFO - [2025-10-24T21:51:04.159+0000] {dag.py:3036} INFO - Sync 1 DAGs
[2025-10-24T21:51:04.179+0000] {logging_mixin.py:188} INFO - [2025-10-24T21:51:04.179+0000] {dag.py:3823} INFO - Setting next_dagrun for daily_summary to 2025-10-23 00:00:00+00:00, run_after=2025-10-24 00:00:00+00:00
[2025-10-24T21:51:04.208+0000] {processor.py:183} INFO - Processing /opt/airflow/dags/daily_summary.py took 0.139 seconds
[2025-10-24T21:51:34.463+0000] {processor.py:161} INFO - Started process (PID=2101) to work on /opt/airflow/dags/daily_summary.py
[2025-10-24T21:51:34.463+0000] {processor.py:830} INFO - Processing file /opt/airflow/dags/daily_summary.py for tasks to queue
[2025-10-24T21:51:34.464+0000] {logging_mixin.py:188} INFO - [2025-10-24T21:51:34.464+0000] {dagbag.py:538} INFO - Filling up the DagBag from /opt/airflow/dags/daily_summary.py
[2025-10-24T21:51:34.516+0000] {processor.py:840} INFO - DAG(s) 'daily_summary' retrieved from /opt/airflow/dags/daily_summary.py
[2025-10-24T21:51:34.539+0000] {logging_mixin.py:188} INFO - [2025-10-24T21:51:34.539+0000] {dag.py:3036} INFO - Sync 1 DAGs
[2025-10-24T21:51:34.557+0000] {logging_mixin.py:188} INFO - [2025-10-24T21:51:34.557+0000] {dag.py:3823} INFO - Setting next_dagrun for daily_summary to 2025-10-23 00:00:00+00:00, run_after=2025-10-24 00:00:00+00:00
[2025-10-24T21:51:34.585+0000] {processor.py:183} INFO - Processing /opt/airflow/dags/daily_summary.py took 0.125 seconds
[2025-10-24T21:52:04.755+0000] {processor.py:161} INFO - Started process (PID=2106) to work on /opt/airflow/dags/daily_summary.py
[2025-10-24T21:52:04.756+0000] {processor.py:830} INFO - Processing file /opt/airflow/dags/daily_summary.py for tasks to queue
[2025-10-24T21:52:04.757+0000] {logging_mixin.py:188} INFO - [2025-10-24T21:52:04.757+0000] {dagbag.py:538} INFO - Filling up the DagBag from /opt/airflow/dags/daily_summary.py
[2025-10-24T21:52:04.817+0000] {processor.py:840} INFO - DAG(s) 'daily_summary' retrieved from /opt/airflow/dags/daily_summary.py
[2025-10-24T21:52:04.842+0000] {logging_mixin.py:188} INFO - [2025-10-24T21:52:04.842+0000] {dag.py:3036} INFO - Sync 1 DAGs
[2025-10-24T21:52:04.861+0000] {logging_mixin.py:188} INFO - [2025-10-24T21:52:04.861+0000] {dag.py:3823} INFO - Setting next_dagrun for daily_summary to 2025-10-23 00:00:00+00:00, run_after=2025-10-24 00:00:00+00:00
[2025-10-24T21:52:04.892+0000] {processor.py:183} INFO - Processing /opt/airflow/dags/daily_summary.py took 0.139 seconds
[2025-10-24T21:52:35.144+0000] {processor.py:161} INFO - Started process (PID=2111) to work on /opt/airflow/dags/daily_summary.py
[2025-10-24T21:52:35.145+0000] {processor.py:830} INFO - Processing file /opt/airflow/dags/daily_summary.py for tasks to queue
[2025-10-24T21:52:35.146+0000] {logging_mixin.py:188} INFO - [2025-10-24T21:52:35.146+0000] {dagbag.py:538} INFO - Filling up the DagBag from /opt/airflow/dags/daily_summary.py
[2025-10-24T21:52:35.202+0000] {processor.py:840} INFO - DAG(s) 'daily_summary' retrieved from /opt/airflow/dags/daily_summary.py
[2025-10-24T21:52:35.227+0000] {logging_mixin.py:188} INFO - [2025-10-24T21:52:35.227+0000] {dag.py:3036} INFO - Sync 1 DAGs
[2025-10-24T21:52:35.245+0000] {logging_mixin.py:188} INFO - [2025-10-24T21:52:35.245+0000] {dag.py:3823} INFO - Setting next_dagrun for daily_summary to 2025-10-23 00:00:00+00:00, run_after=2025-10-24 00:00:00+00:00
[2025-10-24T21:52:35.263+0000] {processor.py:183} INFO - Processing /opt/airflow/dags/daily_summary.py took 0.121 seconds
[2025-10-24T21:53:05.443+0000] {processor.py:161} INFO - Started process (PID=2116) to work on /opt/airflow/dags/daily_summary.py
[2025-10-24T21:53:05.444+0000] {processor.py:830} INFO - Processing file /opt/airflow/dags/daily_summary.py for tasks to queue
[2025-10-24T21:53:05.445+0000] {logging_mixin.py:188} INFO - [2025-10-24T21:53:05.444+0000] {dagbag.py:538} INFO - Filling up the DagBag from /opt/airflow/dags/daily_summary.py
[2025-10-24T21:53:05.496+0000] {processor.py:840} INFO - DAG(s) 'daily_summary' retrieved from /opt/airflow/dags/daily_summary.py
[2025-10-24T21:53:05.518+0000] {logging_mixin.py:188} INFO - [2025-10-24T21:53:05.518+0000] {dag.py:3036} INFO - Sync 1 DAGs
[2025-10-24T21:53:05.536+0000] {logging_mixin.py:188} INFO - [2025-10-24T21:53:05.535+0000] {dag.py:3823} INFO - Setting next_dagrun for daily_summary to 2025-10-23 00:00:00+00:00, run_after=2025-10-24 00:00:00+00:00
[2025-10-24T21:53:05.555+0000] {processor.py:183} INFO - Processing /opt/airflow/dags/daily_summary.py took 0.115 seconds
[2025-10-24T21:53:35.881+0000] {processor.py:161} INFO - Started process (PID=2121) to work on /opt/airflow/dags/daily_summary.py
[2025-10-24T21:53:35.882+0000] {processor.py:830} INFO - Processing file /opt/airflow/dags/daily_summary.py for tasks to queue
[2025-10-24T21:53:35.883+0000] {logging_mixin.py:188} INFO - [2025-10-24T21:53:35.883+0000] {dagbag.py:538} INFO - Filling up the DagBag from /opt/airflow/dags/daily_summary.py
[2025-10-24T21:53:35.940+0000] {processor.py:840} INFO - DAG(s) 'daily_summary' retrieved from /opt/airflow/dags/daily_summary.py
[2025-10-24T21:53:35.963+0000] {logging_mixin.py:188} INFO - [2025-10-24T21:53:35.963+0000] {dag.py:3036} INFO - Sync 1 DAGs
[2025-10-24T21:53:35.981+0000] {logging_mixin.py:188} INFO - [2025-10-24T21:53:35.981+0000] {dag.py:3823} INFO - Setting next_dagrun for daily_summary to 2025-10-23 00:00:00+00:00, run_after=2025-10-24 00:00:00+00:00
[2025-10-24T21:53:36.007+0000] {processor.py:183} INFO - Processing /opt/airflow/dags/daily_summary.py took 0.128 seconds
[2025-10-24T21:54:06.182+0000] {processor.py:161} INFO - Started process (PID=2126) to work on /opt/airflow/dags/daily_summary.py
[2025-10-24T21:54:06.182+0000] {processor.py:830} INFO - Processing file /opt/airflow/dags/daily_summary.py for tasks to queue
[2025-10-24T21:54:06.183+0000] {logging_mixin.py:188} INFO - [2025-10-24T21:54:06.183+0000] {dagbag.py:538} INFO - Filling up the DagBag from /opt/airflow/dags/daily_summary.py
[2025-10-24T21:54:06.236+0000] {processor.py:840} INFO - DAG(s) 'daily_summary' retrieved from /opt/airflow/dags/daily_summary.py
[2025-10-24T21:54:06.257+0000] {logging_mixin.py:188} INFO - [2025-10-24T21:54:06.256+0000] {dag.py:3036} INFO - Sync 1 DAGs
[2025-10-24T21:54:06.273+0000] {logging_mixin.py:188} INFO - [2025-10-24T21:54:06.273+0000] {dag.py:3823} INFO - Setting next_dagrun for daily_summary to 2025-10-23 00:00:00+00:00, run_after=2025-10-24 00:00:00+00:00
[2025-10-24T21:54:06.300+0000] {processor.py:183} INFO - Processing /opt/airflow/dags/daily_summary.py took 0.121 seconds
[2025-10-24T21:54:36.628+0000] {processor.py:161} INFO - Started process (PID=2131) to work on /opt/airflow/dags/daily_summary.py
[2025-10-24T21:54:36.629+0000] {processor.py:830} INFO - Processing file /opt/airflow/dags/daily_summary.py for tasks to queue
[2025-10-24T21:54:36.630+0000] {logging_mixin.py:188} INFO - [2025-10-24T21:54:36.630+0000] {dagbag.py:538} INFO - Filling up the DagBag from /opt/airflow/dags/daily_summary.py
[2025-10-24T21:54:36.682+0000] {processor.py:840} INFO - DAG(s) 'daily_summary' retrieved from /opt/airflow/dags/daily_summary.py
[2025-10-24T21:54:36.703+0000] {logging_mixin.py:188} INFO - [2025-10-24T21:54:36.703+0000] {dag.py:3036} INFO - Sync 1 DAGs
[2025-10-24T21:54:36.721+0000] {logging_mixin.py:188} INFO - [2025-10-24T21:54:36.721+0000] {dag.py:3823} INFO - Setting next_dagrun for daily_summary to 2025-10-23 00:00:00+00:00, run_after=2025-10-24 00:00:00+00:00
[2025-10-24T21:54:36.748+0000] {processor.py:183} INFO - Processing /opt/airflow/dags/daily_summary.py took 0.122 seconds
[2025-10-24T21:55:06.984+0000] {processor.py:161} INFO - Started process (PID=2136) to work on /opt/airflow/dags/daily_summary.py
[2025-10-24T21:55:06.985+0000] {processor.py:830} INFO - Processing file /opt/airflow/dags/daily_summary.py for tasks to queue
[2025-10-24T21:55:06.986+0000] {logging_mixin.py:188} INFO - [2025-10-24T21:55:06.986+0000] {dagbag.py:538} INFO - Filling up the DagBag from /opt/airflow/dags/daily_summary.py
[2025-10-24T21:55:07.046+0000] {processor.py:840} INFO - DAG(s) 'daily_summary' retrieved from /opt/airflow/dags/daily_summary.py
[2025-10-24T21:55:07.068+0000] {logging_mixin.py:188} INFO - [2025-10-24T21:55:07.067+0000] {dag.py:3036} INFO - Sync 1 DAGs
[2025-10-24T21:55:07.083+0000] {logging_mixin.py:188} INFO - [2025-10-24T21:55:07.083+0000] {dag.py:3823} INFO - Setting next_dagrun for daily_summary to 2025-10-23 00:00:00+00:00, run_after=2025-10-24 00:00:00+00:00
[2025-10-24T21:55:07.108+0000] {processor.py:183} INFO - Processing /opt/airflow/dags/daily_summary.py took 0.127 seconds
[2025-10-24T21:55:37.398+0000] {processor.py:161} INFO - Started process (PID=2141) to work on /opt/airflow/dags/daily_summary.py
[2025-10-24T21:55:37.399+0000] {processor.py:830} INFO - Processing file /opt/airflow/dags/daily_summary.py for tasks to queue
[2025-10-24T21:55:37.400+0000] {logging_mixin.py:188} INFO - [2025-10-24T21:55:37.399+0000] {dagbag.py:538} INFO - Filling up the DagBag from /opt/airflow/dags/daily_summary.py
[2025-10-24T21:55:37.465+0000] {processor.py:840} INFO - DAG(s) 'daily_summary' retrieved from /opt/airflow/dags/daily_summary.py
[2025-10-24T21:55:37.489+0000] {logging_mixin.py:188} INFO - [2025-10-24T21:55:37.489+0000] {dag.py:3036} INFO - Sync 1 DAGs
[2025-10-24T21:55:37.505+0000] {logging_mixin.py:188} INFO - [2025-10-24T21:55:37.505+0000] {dag.py:3823} INFO - Setting next_dagrun for daily_summary to 2025-10-23 00:00:00+00:00, run_after=2025-10-24 00:00:00+00:00
[2025-10-24T21:55:37.532+0000] {processor.py:183} INFO - Processing /opt/airflow/dags/daily_summary.py took 0.136 seconds
[2025-10-24T21:56:07.748+0000] {processor.py:161} INFO - Started process (PID=2146) to work on /opt/airflow/dags/daily_summary.py
[2025-10-24T21:56:07.749+0000] {processor.py:830} INFO - Processing file /opt/airflow/dags/daily_summary.py for tasks to queue
[2025-10-24T21:56:07.750+0000] {logging_mixin.py:188} INFO - [2025-10-24T21:56:07.750+0000] {dagbag.py:538} INFO - Filling up the DagBag from /opt/airflow/dags/daily_summary.py
[2025-10-24T21:56:07.808+0000] {processor.py:840} INFO - DAG(s) 'daily_summary' retrieved from /opt/airflow/dags/daily_summary.py
[2025-10-24T21:56:07.829+0000] {logging_mixin.py:188} INFO - [2025-10-24T21:56:07.828+0000] {dag.py:3036} INFO - Sync 1 DAGs
[2025-10-24T21:56:07.844+0000] {logging_mixin.py:188} INFO - [2025-10-24T21:56:07.844+0000] {dag.py:3823} INFO - Setting next_dagrun for daily_summary to 2025-10-23 00:00:00+00:00, run_after=2025-10-24 00:00:00+00:00
[2025-10-24T21:56:07.862+0000] {processor.py:183} INFO - Processing /opt/airflow/dags/daily_summary.py took 0.117 seconds
[2025-10-24T21:56:38.208+0000] {processor.py:161} INFO - Started process (PID=2151) to work on /opt/airflow/dags/daily_summary.py
[2025-10-24T21:56:38.209+0000] {processor.py:830} INFO - Processing file /opt/airflow/dags/daily_summary.py for tasks to queue
[2025-10-24T21:56:38.210+0000] {logging_mixin.py:188} INFO - [2025-10-24T21:56:38.210+0000] {dagbag.py:538} INFO - Filling up the DagBag from /opt/airflow/dags/daily_summary.py
[2025-10-24T21:56:38.262+0000] {processor.py:840} INFO - DAG(s) 'daily_summary' retrieved from /opt/airflow/dags/daily_summary.py
[2025-10-24T21:56:38.283+0000] {logging_mixin.py:188} INFO - [2025-10-24T21:56:38.283+0000] {dag.py:3036} INFO - Sync 1 DAGs
[2025-10-24T21:56:38.300+0000] {logging_mixin.py:188} INFO - [2025-10-24T21:56:38.299+0000] {dag.py:3823} INFO - Setting next_dagrun for daily_summary to 2025-10-23 00:00:00+00:00, run_after=2025-10-24 00:00:00+00:00
[2025-10-24T21:56:38.319+0000] {processor.py:183} INFO - Processing /opt/airflow/dags/daily_summary.py took 0.113 seconds
[2025-10-24T21:57:08.502+0000] {processor.py:161} INFO - Started process (PID=2156) to work on /opt/airflow/dags/daily_summary.py
[2025-10-24T21:57:08.503+0000] {processor.py:830} INFO - Processing file /opt/airflow/dags/daily_summary.py for tasks to queue
[2025-10-24T21:57:08.504+0000] {logging_mixin.py:188} INFO - [2025-10-24T21:57:08.504+0000] {dagbag.py:538} INFO - Filling up the DagBag from /opt/airflow/dags/daily_summary.py
[2025-10-24T21:57:08.561+0000] {processor.py:840} INFO - DAG(s) 'daily_summary' retrieved from /opt/airflow/dags/daily_summary.py
[2025-10-24T21:57:08.585+0000] {logging_mixin.py:188} INFO - [2025-10-24T21:57:08.585+0000] {dag.py:3036} INFO - Sync 1 DAGs
[2025-10-24T21:57:08.603+0000] {logging_mixin.py:188} INFO - [2025-10-24T21:57:08.603+0000] {dag.py:3823} INFO - Setting next_dagrun for daily_summary to 2025-10-23 00:00:00+00:00, run_after=2025-10-24 00:00:00+00:00
[2025-10-24T21:57:08.621+0000] {processor.py:183} INFO - Processing /opt/airflow/dags/daily_summary.py took 0.121 seconds
[2025-10-24T21:57:38.927+0000] {processor.py:161} INFO - Started process (PID=2161) to work on /opt/airflow/dags/daily_summary.py
[2025-10-24T21:57:38.927+0000] {processor.py:830} INFO - Processing file /opt/airflow/dags/daily_summary.py for tasks to queue
[2025-10-24T21:57:38.928+0000] {logging_mixin.py:188} INFO - [2025-10-24T21:57:38.928+0000] {dagbag.py:538} INFO - Filling up the DagBag from /opt/airflow/dags/daily_summary.py
[2025-10-24T21:57:38.981+0000] {processor.py:840} INFO - DAG(s) 'daily_summary' retrieved from /opt/airflow/dags/daily_summary.py
[2025-10-24T21:57:39.002+0000] {logging_mixin.py:188} INFO - [2025-10-24T21:57:39.002+0000] {dag.py:3036} INFO - Sync 1 DAGs
[2025-10-24T21:57:39.020+0000] {logging_mixin.py:188} INFO - [2025-10-24T21:57:39.019+0000] {dag.py:3823} INFO - Setting next_dagrun for daily_summary to 2025-10-23 00:00:00+00:00, run_after=2025-10-24 00:00:00+00:00
[2025-10-24T21:57:39.038+0000] {processor.py:183} INFO - Processing /opt/airflow/dags/daily_summary.py took 0.114 seconds
[2025-10-24T21:58:09.181+0000] {processor.py:161} INFO - Started process (PID=2166) to work on /opt/airflow/dags/daily_summary.py
[2025-10-24T21:58:09.181+0000] {processor.py:830} INFO - Processing file /opt/airflow/dags/daily_summary.py for tasks to queue
[2025-10-24T21:58:09.182+0000] {logging_mixin.py:188} INFO - [2025-10-24T21:58:09.182+0000] {dagbag.py:538} INFO - Filling up the DagBag from /opt/airflow/dags/daily_summary.py
[2025-10-24T21:58:09.237+0000] {processor.py:840} INFO - DAG(s) 'daily_summary' retrieved from /opt/airflow/dags/daily_summary.py
[2025-10-24T21:58:09.256+0000] {logging_mixin.py:188} INFO - [2025-10-24T21:58:09.256+0000] {dag.py:3036} INFO - Sync 1 DAGs
[2025-10-24T21:58:09.273+0000] {logging_mixin.py:188} INFO - [2025-10-24T21:58:09.273+0000] {dag.py:3823} INFO - Setting next_dagrun for daily_summary to 2025-10-23 00:00:00+00:00, run_after=2025-10-24 00:00:00+00:00
[2025-10-24T21:58:09.292+0000] {processor.py:183} INFO - Processing /opt/airflow/dags/daily_summary.py took 0.114 seconds
[2025-10-24T21:58:39.466+0000] {processor.py:161} INFO - Started process (PID=2171) to work on /opt/airflow/dags/daily_summary.py
[2025-10-24T21:58:39.467+0000] {processor.py:830} INFO - Processing file /opt/airflow/dags/daily_summary.py for tasks to queue
[2025-10-24T21:58:39.468+0000] {logging_mixin.py:188} INFO - [2025-10-24T21:58:39.468+0000] {dagbag.py:538} INFO - Filling up the DagBag from /opt/airflow/dags/daily_summary.py
[2025-10-24T21:58:39.526+0000] {processor.py:840} INFO - DAG(s) 'daily_summary' retrieved from /opt/airflow/dags/daily_summary.py
[2025-10-24T21:58:39.546+0000] {logging_mixin.py:188} INFO - [2025-10-24T21:58:39.546+0000] {dag.py:3036} INFO - Sync 1 DAGs
[2025-10-24T21:58:39.562+0000] {logging_mixin.py:188} INFO - [2025-10-24T21:58:39.562+0000] {dag.py:3823} INFO - Setting next_dagrun for daily_summary to 2025-10-23 00:00:00+00:00, run_after=2025-10-24 00:00:00+00:00
[2025-10-24T21:58:39.582+0000] {processor.py:183} INFO - Processing /opt/airflow/dags/daily_summary.py took 0.119 seconds
[2025-10-24T21:59:09.889+0000] {processor.py:161} INFO - Started process (PID=2176) to work on /opt/airflow/dags/daily_summary.py
[2025-10-24T21:59:09.890+0000] {processor.py:830} INFO - Processing file /opt/airflow/dags/daily_summary.py for tasks to queue
[2025-10-24T21:59:09.891+0000] {logging_mixin.py:188} INFO - [2025-10-24T21:59:09.890+0000] {dagbag.py:538} INFO - Filling up the DagBag from /opt/airflow/dags/daily_summary.py
[2025-10-24T21:59:09.945+0000] {processor.py:840} INFO - DAG(s) 'daily_summary' retrieved from /opt/airflow/dags/daily_summary.py
[2025-10-24T21:59:09.966+0000] {logging_mixin.py:188} INFO - [2025-10-24T21:59:09.965+0000] {dag.py:3036} INFO - Sync 1 DAGs
[2025-10-24T21:59:09.983+0000] {logging_mixin.py:188} INFO - [2025-10-24T21:59:09.983+0000] {dag.py:3823} INFO - Setting next_dagrun for daily_summary to 2025-10-23 00:00:00+00:00, run_after=2025-10-24 00:00:00+00:00
[2025-10-24T21:59:10.011+0000] {processor.py:183} INFO - Processing /opt/airflow/dags/daily_summary.py took 0.124 seconds
[2025-10-24T21:59:40.184+0000] {processor.py:161} INFO - Started process (PID=2181) to work on /opt/airflow/dags/daily_summary.py
[2025-10-24T21:59:40.185+0000] {processor.py:830} INFO - Processing file /opt/airflow/dags/daily_summary.py for tasks to queue
[2025-10-24T21:59:40.185+0000] {logging_mixin.py:188} INFO - [2025-10-24T21:59:40.185+0000] {dagbag.py:538} INFO - Filling up the DagBag from /opt/airflow/dags/daily_summary.py
[2025-10-24T21:59:40.240+0000] {processor.py:840} INFO - DAG(s) 'daily_summary' retrieved from /opt/airflow/dags/daily_summary.py
[2025-10-24T21:59:40.262+0000] {logging_mixin.py:188} INFO - [2025-10-24T21:59:40.262+0000] {dag.py:3036} INFO - Sync 1 DAGs
[2025-10-24T21:59:40.282+0000] {logging_mixin.py:188} INFO - [2025-10-24T21:59:40.281+0000] {dag.py:3823} INFO - Setting next_dagrun for daily_summary to 2025-10-23 00:00:00+00:00, run_after=2025-10-24 00:00:00+00:00
[2025-10-24T21:59:40.308+0000] {processor.py:183} INFO - Processing /opt/airflow/dags/daily_summary.py took 0.127 seconds
[2025-10-24T22:00:10.638+0000] {processor.py:161} INFO - Started process (PID=2186) to work on /opt/airflow/dags/daily_summary.py
[2025-10-24T22:00:10.639+0000] {processor.py:830} INFO - Processing file /opt/airflow/dags/daily_summary.py for tasks to queue
[2025-10-24T22:00:10.639+0000] {logging_mixin.py:188} INFO - [2025-10-24T22:00:10.639+0000] {dagbag.py:538} INFO - Filling up the DagBag from /opt/airflow/dags/daily_summary.py
[2025-10-24T22:00:10.692+0000] {processor.py:840} INFO - DAG(s) 'daily_summary' retrieved from /opt/airflow/dags/daily_summary.py
[2025-10-24T22:00:10.712+0000] {logging_mixin.py:188} INFO - [2025-10-24T22:00:10.712+0000] {dag.py:3036} INFO - Sync 1 DAGs
[2025-10-24T22:00:10.729+0000] {logging_mixin.py:188} INFO - [2025-10-24T22:00:10.729+0000] {dag.py:3823} INFO - Setting next_dagrun for daily_summary to 2025-10-23 00:00:00+00:00, run_after=2025-10-24 00:00:00+00:00
[2025-10-24T22:00:10.748+0000] {processor.py:183} INFO - Processing /opt/airflow/dags/daily_summary.py took 0.112 seconds
[2025-10-24T22:00:40.975+0000] {processor.py:161} INFO - Started process (PID=2191) to work on /opt/airflow/dags/daily_summary.py
[2025-10-24T22:00:40.976+0000] {processor.py:830} INFO - Processing file /opt/airflow/dags/daily_summary.py for tasks to queue
[2025-10-24T22:00:40.977+0000] {logging_mixin.py:188} INFO - [2025-10-24T22:00:40.977+0000] {dagbag.py:538} INFO - Filling up the DagBag from /opt/airflow/dags/daily_summary.py
[2025-10-24T22:00:41.031+0000] {processor.py:840} INFO - DAG(s) 'daily_summary' retrieved from /opt/airflow/dags/daily_summary.py
[2025-10-24T22:00:41.052+0000] {logging_mixin.py:188} INFO - [2025-10-24T22:00:41.051+0000] {dag.py:3036} INFO - Sync 1 DAGs
[2025-10-24T22:00:41.069+0000] {logging_mixin.py:188} INFO - [2025-10-24T22:00:41.068+0000] {dag.py:3823} INFO - Setting next_dagrun for daily_summary to 2025-10-23 00:00:00+00:00, run_after=2025-10-24 00:00:00+00:00
[2025-10-24T22:00:41.090+0000] {processor.py:183} INFO - Processing /opt/airflow/dags/daily_summary.py took 0.117 seconds
[2025-10-24T22:01:11.394+0000] {processor.py:161} INFO - Started process (PID=2196) to work on /opt/airflow/dags/daily_summary.py
[2025-10-24T22:01:11.395+0000] {processor.py:830} INFO - Processing file /opt/airflow/dags/daily_summary.py for tasks to queue
[2025-10-24T22:01:11.396+0000] {logging_mixin.py:188} INFO - [2025-10-24T22:01:11.396+0000] {dagbag.py:538} INFO - Filling up the DagBag from /opt/airflow/dags/daily_summary.py
[2025-10-24T22:01:11.448+0000] {processor.py:840} INFO - DAG(s) 'daily_summary' retrieved from /opt/airflow/dags/daily_summary.py
[2025-10-24T22:01:11.468+0000] {logging_mixin.py:188} INFO - [2025-10-24T22:01:11.468+0000] {dag.py:3036} INFO - Sync 1 DAGs
[2025-10-24T22:01:11.484+0000] {logging_mixin.py:188} INFO - [2025-10-24T22:01:11.483+0000] {dag.py:3823} INFO - Setting next_dagrun for daily_summary to 2025-10-23 00:00:00+00:00, run_after=2025-10-24 00:00:00+00:00
[2025-10-24T22:01:11.510+0000] {processor.py:183} INFO - Processing /opt/airflow/dags/daily_summary.py took 0.118 seconds
[2025-10-24T22:01:41.738+0000] {processor.py:161} INFO - Started process (PID=2201) to work on /opt/airflow/dags/daily_summary.py
[2025-10-24T22:01:41.739+0000] {processor.py:830} INFO - Processing file /opt/airflow/dags/daily_summary.py for tasks to queue
[2025-10-24T22:01:41.740+0000] {logging_mixin.py:188} INFO - [2025-10-24T22:01:41.739+0000] {dagbag.py:538} INFO - Filling up the DagBag from /opt/airflow/dags/daily_summary.py
[2025-10-24T22:01:41.793+0000] {processor.py:840} INFO - DAG(s) 'daily_summary' retrieved from /opt/airflow/dags/daily_summary.py
[2025-10-24T22:01:41.812+0000] {logging_mixin.py:188} INFO - [2025-10-24T22:01:41.812+0000] {dag.py:3036} INFO - Sync 1 DAGs
[2025-10-24T22:01:41.829+0000] {logging_mixin.py:188} INFO - [2025-10-24T22:01:41.829+0000] {dag.py:3823} INFO - Setting next_dagrun for daily_summary to 2025-10-23 00:00:00+00:00, run_after=2025-10-24 00:00:00+00:00
[2025-10-24T22:01:41.847+0000] {processor.py:183} INFO - Processing /opt/airflow/dags/daily_summary.py took 0.112 seconds
[2025-10-24T22:02:12.079+0000] {processor.py:161} INFO - Started process (PID=2206) to work on /opt/airflow/dags/daily_summary.py
[2025-10-24T22:02:12.080+0000] {processor.py:830} INFO - Processing file /opt/airflow/dags/daily_summary.py for tasks to queue
[2025-10-24T22:02:12.081+0000] {logging_mixin.py:188} INFO - [2025-10-24T22:02:12.080+0000] {dagbag.py:538} INFO - Filling up the DagBag from /opt/airflow/dags/daily_summary.py
[2025-10-24T22:02:12.137+0000] {processor.py:840} INFO - DAG(s) 'daily_summary' retrieved from /opt/airflow/dags/daily_summary.py
[2025-10-24T22:02:12.156+0000] {logging_mixin.py:188} INFO - [2025-10-24T22:02:12.156+0000] {dag.py:3036} INFO - Sync 1 DAGs
[2025-10-24T22:02:12.172+0000] {logging_mixin.py:188} INFO - [2025-10-24T22:02:12.172+0000] {dag.py:3823} INFO - Setting next_dagrun for daily_summary to 2025-10-23 00:00:00+00:00, run_after=2025-10-24 00:00:00+00:00
[2025-10-24T22:02:12.199+0000] {processor.py:183} INFO - Processing /opt/airflow/dags/daily_summary.py took 0.123 seconds
[2025-10-24T22:02:42.504+0000] {processor.py:161} INFO - Started process (PID=2211) to work on /opt/airflow/dags/daily_summary.py
[2025-10-24T22:02:42.505+0000] {processor.py:830} INFO - Processing file /opt/airflow/dags/daily_summary.py for tasks to queue
[2025-10-24T22:02:42.506+0000] {logging_mixin.py:188} INFO - [2025-10-24T22:02:42.505+0000] {dagbag.py:538} INFO - Filling up the DagBag from /opt/airflow/dags/daily_summary.py
[2025-10-24T22:02:42.567+0000] {processor.py:840} INFO - DAG(s) 'daily_summary' retrieved from /opt/airflow/dags/daily_summary.py
[2025-10-24T22:02:42.593+0000] {logging_mixin.py:188} INFO - [2025-10-24T22:02:42.593+0000] {dag.py:3036} INFO - Sync 1 DAGs
[2025-10-24T22:02:42.616+0000] {logging_mixin.py:188} INFO - [2025-10-24T22:02:42.615+0000] {dag.py:3823} INFO - Setting next_dagrun for daily_summary to 2025-10-23 00:00:00+00:00, run_after=2025-10-24 00:00:00+00:00
[2025-10-24T22:02:42.637+0000] {processor.py:183} INFO - Processing /opt/airflow/dags/daily_summary.py took 0.136 seconds
[2025-10-24T22:03:12.828+0000] {processor.py:161} INFO - Started process (PID=2216) to work on /opt/airflow/dags/daily_summary.py
[2025-10-24T22:03:12.828+0000] {processor.py:830} INFO - Processing file /opt/airflow/dags/daily_summary.py for tasks to queue
[2025-10-24T22:03:12.829+0000] {logging_mixin.py:188} INFO - [2025-10-24T22:03:12.829+0000] {dagbag.py:538} INFO - Filling up the DagBag from /opt/airflow/dags/daily_summary.py
[2025-10-24T22:03:12.884+0000] {processor.py:840} INFO - DAG(s) 'daily_summary' retrieved from /opt/airflow/dags/daily_summary.py
[2025-10-24T22:03:12.907+0000] {logging_mixin.py:188} INFO - [2025-10-24T22:03:12.907+0000] {dag.py:3036} INFO - Sync 1 DAGs
[2025-10-24T22:03:12.925+0000] {logging_mixin.py:188} INFO - [2025-10-24T22:03:12.924+0000] {dag.py:3823} INFO - Setting next_dagrun for daily_summary to 2025-10-23 00:00:00+00:00, run_after=2025-10-24 00:00:00+00:00
[2025-10-24T22:03:12.955+0000] {processor.py:183} INFO - Processing /opt/airflow/dags/daily_summary.py took 0.130 seconds
[2025-10-24T22:03:43.244+0000] {processor.py:161} INFO - Started process (PID=2221) to work on /opt/airflow/dags/daily_summary.py
[2025-10-24T22:03:43.244+0000] {processor.py:830} INFO - Processing file /opt/airflow/dags/daily_summary.py for tasks to queue
[2025-10-24T22:03:43.245+0000] {logging_mixin.py:188} INFO - [2025-10-24T22:03:43.245+0000] {dagbag.py:538} INFO - Filling up the DagBag from /opt/airflow/dags/daily_summary.py
[2025-10-24T22:03:43.304+0000] {processor.py:840} INFO - DAG(s) 'daily_summary' retrieved from /opt/airflow/dags/daily_summary.py
[2025-10-24T22:03:43.327+0000] {logging_mixin.py:188} INFO - [2025-10-24T22:03:43.327+0000] {dag.py:3036} INFO - Sync 1 DAGs
[2025-10-24T22:03:43.346+0000] {logging_mixin.py:188} INFO - [2025-10-24T22:03:43.346+0000] {dag.py:3823} INFO - Setting next_dagrun for daily_summary to 2025-10-23 00:00:00+00:00, run_after=2025-10-24 00:00:00+00:00
[2025-10-24T22:03:43.365+0000] {processor.py:183} INFO - Processing /opt/airflow/dags/daily_summary.py took 0.124 seconds
[2025-10-24T22:04:13.565+0000] {processor.py:161} INFO - Started process (PID=2226) to work on /opt/airflow/dags/daily_summary.py
[2025-10-24T22:04:13.566+0000] {processor.py:830} INFO - Processing file /opt/airflow/dags/daily_summary.py for tasks to queue
[2025-10-24T22:04:13.567+0000] {logging_mixin.py:188} INFO - [2025-10-24T22:04:13.567+0000] {dagbag.py:538} INFO - Filling up the DagBag from /opt/airflow/dags/daily_summary.py
[2025-10-24T22:04:13.626+0000] {processor.py:840} INFO - DAG(s) 'daily_summary' retrieved from /opt/airflow/dags/daily_summary.py
[2025-10-24T22:04:13.649+0000] {logging_mixin.py:188} INFO - [2025-10-24T22:04:13.649+0000] {dag.py:3036} INFO - Sync 1 DAGs
[2025-10-24T22:04:13.667+0000] {logging_mixin.py:188} INFO - [2025-10-24T22:04:13.666+0000] {dag.py:3823} INFO - Setting next_dagrun for daily_summary to 2025-10-23 00:00:00+00:00, run_after=2025-10-24 00:00:00+00:00
[2025-10-24T22:04:13.687+0000] {processor.py:183} INFO - Processing /opt/airflow/dags/daily_summary.py took 0.124 seconds
[2025-10-24T22:04:43.953+0000] {processor.py:161} INFO - Started process (PID=2231) to work on /opt/airflow/dags/daily_summary.py
[2025-10-24T22:04:43.954+0000] {processor.py:830} INFO - Processing file /opt/airflow/dags/daily_summary.py for tasks to queue
[2025-10-24T22:04:43.955+0000] {logging_mixin.py:188} INFO - [2025-10-24T22:04:43.954+0000] {dagbag.py:538} INFO - Filling up the DagBag from /opt/airflow/dags/daily_summary.py
[2025-10-24T22:04:44.014+0000] {processor.py:840} INFO - DAG(s) 'daily_summary' retrieved from /opt/airflow/dags/daily_summary.py
[2025-10-24T22:04:44.033+0000] {logging_mixin.py:188} INFO - [2025-10-24T22:04:44.033+0000] {dag.py:3036} INFO - Sync 1 DAGs
[2025-10-24T22:04:44.052+0000] {logging_mixin.py:188} INFO - [2025-10-24T22:04:44.052+0000] {dag.py:3823} INFO - Setting next_dagrun for daily_summary to 2025-10-23 00:00:00+00:00, run_after=2025-10-24 00:00:00+00:00
[2025-10-24T22:04:44.073+0000] {processor.py:183} INFO - Processing /opt/airflow/dags/daily_summary.py took 0.123 seconds
[2025-10-24T22:05:14.266+0000] {processor.py:161} INFO - Started process (PID=2236) to work on /opt/airflow/dags/daily_summary.py
[2025-10-24T22:05:14.267+0000] {processor.py:830} INFO - Processing file /opt/airflow/dags/daily_summary.py for tasks to queue
[2025-10-24T22:05:14.268+0000] {logging_mixin.py:188} INFO - [2025-10-24T22:05:14.267+0000] {dagbag.py:538} INFO - Filling up the DagBag from /opt/airflow/dags/daily_summary.py
[2025-10-24T22:05:14.322+0000] {processor.py:840} INFO - DAG(s) 'daily_summary' retrieved from /opt/airflow/dags/daily_summary.py
[2025-10-24T22:05:14.345+0000] {logging_mixin.py:188} INFO - [2025-10-24T22:05:14.345+0000] {dag.py:3036} INFO - Sync 1 DAGs
[2025-10-24T22:05:14.363+0000] {logging_mixin.py:188} INFO - [2025-10-24T22:05:14.363+0000] {dag.py:3823} INFO - Setting next_dagrun for daily_summary to 2025-10-23 00:00:00+00:00, run_after=2025-10-24 00:00:00+00:00
[2025-10-24T22:05:14.382+0000] {processor.py:183} INFO - Processing /opt/airflow/dags/daily_summary.py took 0.119 seconds
[2025-10-24T22:05:44.651+0000] {processor.py:161} INFO - Started process (PID=2241) to work on /opt/airflow/dags/daily_summary.py
[2025-10-24T22:05:44.652+0000] {processor.py:830} INFO - Processing file /opt/airflow/dags/daily_summary.py for tasks to queue
[2025-10-24T22:05:44.653+0000] {logging_mixin.py:188} INFO - [2025-10-24T22:05:44.653+0000] {dagbag.py:538} INFO - Filling up the DagBag from /opt/airflow/dags/daily_summary.py
[2025-10-24T22:05:44.714+0000] {processor.py:840} INFO - DAG(s) 'daily_summary' retrieved from /opt/airflow/dags/daily_summary.py
[2025-10-24T22:05:44.739+0000] {logging_mixin.py:188} INFO - [2025-10-24T22:05:44.739+0000] {dag.py:3036} INFO - Sync 1 DAGs
[2025-10-24T22:05:44.759+0000] {logging_mixin.py:188} INFO - [2025-10-24T22:05:44.759+0000] {dag.py:3823} INFO - Setting next_dagrun for daily_summary to 2025-10-23 00:00:00+00:00, run_after=2025-10-24 00:00:00+00:00
[2025-10-24T22:05:44.787+0000] {processor.py:183} INFO - Processing /opt/airflow/dags/daily_summary.py took 0.139 seconds
[2025-10-24T22:06:14.978+0000] {processor.py:161} INFO - Started process (PID=2246) to work on /opt/airflow/dags/daily_summary.py
[2025-10-24T22:06:14.979+0000] {processor.py:830} INFO - Processing file /opt/airflow/dags/daily_summary.py for tasks to queue
[2025-10-24T22:06:14.980+0000] {logging_mixin.py:188} INFO - [2025-10-24T22:06:14.979+0000] {dagbag.py:538} INFO - Filling up the DagBag from /opt/airflow/dags/daily_summary.py
[2025-10-24T22:06:15.035+0000] {processor.py:840} INFO - DAG(s) 'daily_summary' retrieved from /opt/airflow/dags/daily_summary.py
[2025-10-24T22:06:15.055+0000] {logging_mixin.py:188} INFO - [2025-10-24T22:06:15.055+0000] {dag.py:3036} INFO - Sync 1 DAGs
[2025-10-24T22:06:15.073+0000] {logging_mixin.py:188} INFO - [2025-10-24T22:06:15.072+0000] {dag.py:3823} INFO - Setting next_dagrun for daily_summary to 2025-10-23 00:00:00+00:00, run_after=2025-10-24 00:00:00+00:00
[2025-10-24T22:06:15.091+0000] {processor.py:183} INFO - Processing /opt/airflow/dags/daily_summary.py took 0.116 seconds
[2025-10-24T22:06:45.382+0000] {processor.py:161} INFO - Started process (PID=2251) to work on /opt/airflow/dags/daily_summary.py
[2025-10-24T22:06:45.382+0000] {processor.py:830} INFO - Processing file /opt/airflow/dags/daily_summary.py for tasks to queue
[2025-10-24T22:06:45.383+0000] {logging_mixin.py:188} INFO - [2025-10-24T22:06:45.383+0000] {dagbag.py:538} INFO - Filling up the DagBag from /opt/airflow/dags/daily_summary.py
[2025-10-24T22:06:45.439+0000] {processor.py:840} INFO - DAG(s) 'daily_summary' retrieved from /opt/airflow/dags/daily_summary.py
[2025-10-24T22:06:45.464+0000] {logging_mixin.py:188} INFO - [2025-10-24T22:06:45.464+0000] {dag.py:3036} INFO - Sync 1 DAGs
[2025-10-24T22:06:45.483+0000] {logging_mixin.py:188} INFO - [2025-10-24T22:06:45.482+0000] {dag.py:3823} INFO - Setting next_dagrun for daily_summary to 2025-10-23 00:00:00+00:00, run_after=2025-10-24 00:00:00+00:00
[2025-10-24T22:06:45.501+0000] {processor.py:183} INFO - Processing /opt/airflow/dags/daily_summary.py took 0.121 seconds
[2025-10-24T22:07:15.709+0000] {processor.py:161} INFO - Started process (PID=2256) to work on /opt/airflow/dags/daily_summary.py
[2025-10-24T22:07:15.710+0000] {processor.py:830} INFO - Processing file /opt/airflow/dags/daily_summary.py for tasks to queue
[2025-10-24T22:07:15.711+0000] {logging_mixin.py:188} INFO - [2025-10-24T22:07:15.710+0000] {dagbag.py:538} INFO - Filling up the DagBag from /opt/airflow/dags/daily_summary.py
[2025-10-24T22:07:15.766+0000] {processor.py:840} INFO - DAG(s) 'daily_summary' retrieved from /opt/airflow/dags/daily_summary.py
[2025-10-24T22:07:15.787+0000] {logging_mixin.py:188} INFO - [2025-10-24T22:07:15.786+0000] {dag.py:3036} INFO - Sync 1 DAGs
[2025-10-24T22:07:15.804+0000] {logging_mixin.py:188} INFO - [2025-10-24T22:07:15.803+0000] {dag.py:3823} INFO - Setting next_dagrun for daily_summary to 2025-10-23 00:00:00+00:00, run_after=2025-10-24 00:00:00+00:00
[2025-10-24T22:07:15.832+0000] {processor.py:183} INFO - Processing /opt/airflow/dags/daily_summary.py took 0.126 seconds
[2025-10-24T22:07:46.150+0000] {processor.py:161} INFO - Started process (PID=2261) to work on /opt/airflow/dags/daily_summary.py
[2025-10-24T22:07:46.151+0000] {processor.py:830} INFO - Processing file /opt/airflow/dags/daily_summary.py for tasks to queue
[2025-10-24T22:07:46.152+0000] {logging_mixin.py:188} INFO - [2025-10-24T22:07:46.152+0000] {dagbag.py:538} INFO - Filling up the DagBag from /opt/airflow/dags/daily_summary.py
[2025-10-24T22:07:46.205+0000] {processor.py:840} INFO - DAG(s) 'daily_summary' retrieved from /opt/airflow/dags/daily_summary.py
[2025-10-24T22:07:46.228+0000] {logging_mixin.py:188} INFO - [2025-10-24T22:07:46.228+0000] {dag.py:3036} INFO - Sync 1 DAGs
[2025-10-24T22:07:46.246+0000] {logging_mixin.py:188} INFO - [2025-10-24T22:07:46.246+0000] {dag.py:3823} INFO - Setting next_dagrun for daily_summary to 2025-10-23 00:00:00+00:00, run_after=2025-10-24 00:00:00+00:00
[2025-10-24T22:07:46.270+0000] {processor.py:183} INFO - Processing /opt/airflow/dags/daily_summary.py took 0.122 seconds
[2025-10-24T22:08:16.463+0000] {processor.py:161} INFO - Started process (PID=2266) to work on /opt/airflow/dags/daily_summary.py
[2025-10-24T22:08:16.464+0000] {processor.py:830} INFO - Processing file /opt/airflow/dags/daily_summary.py for tasks to queue
[2025-10-24T22:08:16.465+0000] {logging_mixin.py:188} INFO - [2025-10-24T22:08:16.465+0000] {dagbag.py:538} INFO - Filling up the DagBag from /opt/airflow/dags/daily_summary.py
[2025-10-24T22:08:16.521+0000] {processor.py:840} INFO - DAG(s) 'daily_summary' retrieved from /opt/airflow/dags/daily_summary.py
[2025-10-24T22:08:16.541+0000] {logging_mixin.py:188} INFO - [2025-10-24T22:08:16.541+0000] {dag.py:3036} INFO - Sync 1 DAGs
[2025-10-24T22:08:16.558+0000] {logging_mixin.py:188} INFO - [2025-10-24T22:08:16.558+0000] {dag.py:3823} INFO - Setting next_dagrun for daily_summary to 2025-10-23 00:00:00+00:00, run_after=2025-10-24 00:00:00+00:00
[2025-10-24T22:08:16.575+0000] {processor.py:183} INFO - Processing /opt/airflow/dags/daily_summary.py took 0.116 seconds
[2025-10-24T22:08:46.877+0000] {processor.py:161} INFO - Started process (PID=2271) to work on /opt/airflow/dags/daily_summary.py
[2025-10-24T22:08:46.878+0000] {processor.py:830} INFO - Processing file /opt/airflow/dags/daily_summary.py for tasks to queue
[2025-10-24T22:08:46.879+0000] {logging_mixin.py:188} INFO - [2025-10-24T22:08:46.879+0000] {dagbag.py:538} INFO - Filling up the DagBag from /opt/airflow/dags/daily_summary.py
[2025-10-24T22:08:46.942+0000] {processor.py:840} INFO - DAG(s) 'daily_summary' retrieved from /opt/airflow/dags/daily_summary.py
[2025-10-24T22:08:46.965+0000] {logging_mixin.py:188} INFO - [2025-10-24T22:08:46.965+0000] {dag.py:3036} INFO - Sync 1 DAGs
[2025-10-24T22:08:46.983+0000] {logging_mixin.py:188} INFO - [2025-10-24T22:08:46.983+0000] {dag.py:3823} INFO - Setting next_dagrun for daily_summary to 2025-10-23 00:00:00+00:00, run_after=2025-10-24 00:00:00+00:00
[2025-10-24T22:08:47.002+0000] {processor.py:183} INFO - Processing /opt/airflow/dags/daily_summary.py took 0.129 seconds
[2025-10-24T22:09:17.139+0000] {processor.py:161} INFO - Started process (PID=2276) to work on /opt/airflow/dags/daily_summary.py
[2025-10-24T22:09:17.140+0000] {processor.py:830} INFO - Processing file /opt/airflow/dags/daily_summary.py for tasks to queue
[2025-10-24T22:09:17.141+0000] {logging_mixin.py:188} INFO - [2025-10-24T22:09:17.140+0000] {dagbag.py:538} INFO - Filling up the DagBag from /opt/airflow/dags/daily_summary.py
[2025-10-24T22:09:17.196+0000] {processor.py:840} INFO - DAG(s) 'daily_summary' retrieved from /opt/airflow/dags/daily_summary.py
[2025-10-24T22:09:17.221+0000] {logging_mixin.py:188} INFO - [2025-10-24T22:09:17.221+0000] {dag.py:3036} INFO - Sync 1 DAGs
[2025-10-24T22:09:17.238+0000] {logging_mixin.py:188} INFO - [2025-10-24T22:09:17.238+0000] {dag.py:3823} INFO - Setting next_dagrun for daily_summary to 2025-10-23 00:00:00+00:00, run_after=2025-10-24 00:00:00+00:00
[2025-10-24T22:09:17.259+0000] {processor.py:183} INFO - Processing /opt/airflow/dags/daily_summary.py took 0.123 seconds
[2025-10-24T22:09:47.428+0000] {processor.py:161} INFO - Started process (PID=2281) to work on /opt/airflow/dags/daily_summary.py
[2025-10-24T22:09:47.429+0000] {processor.py:830} INFO - Processing file /opt/airflow/dags/daily_summary.py for tasks to queue
[2025-10-24T22:09:47.430+0000] {logging_mixin.py:188} INFO - [2025-10-24T22:09:47.430+0000] {dagbag.py:538} INFO - Filling up the DagBag from /opt/airflow/dags/daily_summary.py
[2025-10-24T22:09:47.484+0000] {processor.py:840} INFO - DAG(s) 'daily_summary' retrieved from /opt/airflow/dags/daily_summary.py
[2025-10-24T22:09:47.506+0000] {logging_mixin.py:188} INFO - [2025-10-24T22:09:47.506+0000] {dag.py:3036} INFO - Sync 1 DAGs
[2025-10-24T22:09:47.522+0000] {logging_mixin.py:188} INFO - [2025-10-24T22:09:47.522+0000] {dag.py:3823} INFO - Setting next_dagrun for daily_summary to 2025-10-23 00:00:00+00:00, run_after=2025-10-24 00:00:00+00:00
[2025-10-24T22:09:47.551+0000] {processor.py:183} INFO - Processing /opt/airflow/dags/daily_summary.py took 0.126 seconds
[2025-10-24T22:10:17.763+0000] {processor.py:161} INFO - Started process (PID=2286) to work on /opt/airflow/dags/daily_summary.py
[2025-10-24T22:10:17.763+0000] {processor.py:830} INFO - Processing file /opt/airflow/dags/daily_summary.py for tasks to queue
[2025-10-24T22:10:17.764+0000] {logging_mixin.py:188} INFO - [2025-10-24T22:10:17.764+0000] {dagbag.py:538} INFO - Filling up the DagBag from /opt/airflow/dags/daily_summary.py
[2025-10-24T22:10:17.816+0000] {processor.py:840} INFO - DAG(s) 'daily_summary' retrieved from /opt/airflow/dags/daily_summary.py
[2025-10-24T22:10:17.840+0000] {logging_mixin.py:188} INFO - [2025-10-24T22:10:17.839+0000] {dag.py:3036} INFO - Sync 1 DAGs
[2025-10-24T22:10:17.857+0000] {logging_mixin.py:188} INFO - [2025-10-24T22:10:17.857+0000] {dag.py:3823} INFO - Setting next_dagrun for daily_summary to 2025-10-23 00:00:00+00:00, run_after=2025-10-24 00:00:00+00:00
[2025-10-24T22:10:17.877+0000] {processor.py:183} INFO - Processing /opt/airflow/dags/daily_summary.py took 0.117 seconds
[2025-10-24T22:10:48.183+0000] {processor.py:161} INFO - Started process (PID=2291) to work on /opt/airflow/dags/daily_summary.py
[2025-10-24T22:10:48.184+0000] {processor.py:830} INFO - Processing file /opt/airflow/dags/daily_summary.py for tasks to queue
[2025-10-24T22:10:48.185+0000] {logging_mixin.py:188} INFO - [2025-10-24T22:10:48.185+0000] {dagbag.py:538} INFO - Filling up the DagBag from /opt/airflow/dags/daily_summary.py
[2025-10-24T22:10:48.237+0000] {processor.py:840} INFO - DAG(s) 'daily_summary' retrieved from /opt/airflow/dags/daily_summary.py
[2025-10-24T22:10:48.260+0000] {logging_mixin.py:188} INFO - [2025-10-24T22:10:48.260+0000] {dag.py:3036} INFO - Sync 1 DAGs
[2025-10-24T22:10:48.278+0000] {logging_mixin.py:188} INFO - [2025-10-24T22:10:48.278+0000] {dag.py:3823} INFO - Setting next_dagrun for daily_summary to 2025-10-23 00:00:00+00:00, run_after=2025-10-24 00:00:00+00:00
[2025-10-24T22:10:48.298+0000] {processor.py:183} INFO - Processing /opt/airflow/dags/daily_summary.py took 0.117 seconds
[2025-10-24T22:11:18.525+0000] {processor.py:161} INFO - Started process (PID=2296) to work on /opt/airflow/dags/daily_summary.py
[2025-10-24T22:11:18.526+0000] {processor.py:830} INFO - Processing file /opt/airflow/dags/daily_summary.py for tasks to queue
[2025-10-24T22:11:18.526+0000] {logging_mixin.py:188} INFO - [2025-10-24T22:11:18.526+0000] {dagbag.py:538} INFO - Filling up the DagBag from /opt/airflow/dags/daily_summary.py
[2025-10-24T22:11:18.580+0000] {processor.py:840} INFO - DAG(s) 'daily_summary' retrieved from /opt/airflow/dags/daily_summary.py
[2025-10-24T22:11:18.603+0000] {logging_mixin.py:188} INFO - [2025-10-24T22:11:18.603+0000] {dag.py:3036} INFO - Sync 1 DAGs
[2025-10-24T22:11:18.621+0000] {logging_mixin.py:188} INFO - [2025-10-24T22:11:18.621+0000] {dag.py:3823} INFO - Setting next_dagrun for daily_summary to 2025-10-23 00:00:00+00:00, run_after=2025-10-24 00:00:00+00:00
[2025-10-24T22:11:18.640+0000] {processor.py:183} INFO - Processing /opt/airflow/dags/daily_summary.py took 0.118 seconds
[2025-10-24T22:11:48.965+0000] {processor.py:161} INFO - Started process (PID=2301) to work on /opt/airflow/dags/daily_summary.py
[2025-10-24T22:11:48.965+0000] {processor.py:830} INFO - Processing file /opt/airflow/dags/daily_summary.py for tasks to queue
[2025-10-24T22:11:48.966+0000] {logging_mixin.py:188} INFO - [2025-10-24T22:11:48.966+0000] {dagbag.py:538} INFO - Filling up the DagBag from /opt/airflow/dags/daily_summary.py
[2025-10-24T22:11:49.020+0000] {processor.py:840} INFO - DAG(s) 'daily_summary' retrieved from /opt/airflow/dags/daily_summary.py
[2025-10-24T22:11:49.041+0000] {logging_mixin.py:188} INFO - [2025-10-24T22:11:49.041+0000] {dag.py:3036} INFO - Sync 1 DAGs
[2025-10-24T22:11:49.056+0000] {logging_mixin.py:188} INFO - [2025-10-24T22:11:49.056+0000] {dag.py:3823} INFO - Setting next_dagrun for daily_summary to 2025-10-23 00:00:00+00:00, run_after=2025-10-24 00:00:00+00:00
[2025-10-24T22:11:49.084+0000] {processor.py:183} INFO - Processing /opt/airflow/dags/daily_summary.py took 0.122 seconds
[2025-10-24T22:12:19.247+0000] {processor.py:161} INFO - Started process (PID=2306) to work on /opt/airflow/dags/daily_summary.py
[2025-10-24T22:12:19.247+0000] {processor.py:830} INFO - Processing file /opt/airflow/dags/daily_summary.py for tasks to queue
[2025-10-24T22:12:19.248+0000] {logging_mixin.py:188} INFO - [2025-10-24T22:12:19.248+0000] {dagbag.py:538} INFO - Filling up the DagBag from /opt/airflow/dags/daily_summary.py
[2025-10-24T22:12:19.303+0000] {processor.py:840} INFO - DAG(s) 'daily_summary' retrieved from /opt/airflow/dags/daily_summary.py
[2025-10-24T22:12:19.324+0000] {logging_mixin.py:188} INFO - [2025-10-24T22:12:19.324+0000] {dag.py:3036} INFO - Sync 1 DAGs
[2025-10-24T22:12:19.342+0000] {logging_mixin.py:188} INFO - [2025-10-24T22:12:19.342+0000] {dag.py:3823} INFO - Setting next_dagrun for daily_summary to 2025-10-23 00:00:00+00:00, run_after=2025-10-24 00:00:00+00:00
[2025-10-24T22:12:19.369+0000] {processor.py:183} INFO - Processing /opt/airflow/dags/daily_summary.py took 0.125 seconds
[2025-10-24T22:12:49.753+0000] {processor.py:161} INFO - Started process (PID=2311) to work on /opt/airflow/dags/daily_summary.py
[2025-10-24T22:12:49.754+0000] {processor.py:830} INFO - Processing file /opt/airflow/dags/daily_summary.py for tasks to queue
[2025-10-24T22:12:49.755+0000] {logging_mixin.py:188} INFO - [2025-10-24T22:12:49.755+0000] {dagbag.py:538} INFO - Filling up the DagBag from /opt/airflow/dags/daily_summary.py
[2025-10-24T22:12:49.806+0000] {processor.py:840} INFO - DAG(s) 'daily_summary' retrieved from /opt/airflow/dags/daily_summary.py
[2025-10-24T22:12:49.827+0000] {logging_mixin.py:188} INFO - [2025-10-24T22:12:49.826+0000] {dag.py:3036} INFO - Sync 1 DAGs
[2025-10-24T22:12:49.842+0000] {logging_mixin.py:188} INFO - [2025-10-24T22:12:49.842+0000] {dag.py:3823} INFO - Setting next_dagrun for daily_summary to 2025-10-23 00:00:00+00:00, run_after=2025-10-24 00:00:00+00:00
[2025-10-24T22:12:49.865+0000] {processor.py:183} INFO - Processing /opt/airflow/dags/daily_summary.py took 0.114 seconds
[2025-10-24T22:13:20.105+0000] {processor.py:161} INFO - Started process (PID=2316) to work on /opt/airflow/dags/daily_summary.py
[2025-10-24T22:13:20.106+0000] {processor.py:830} INFO - Processing file /opt/airflow/dags/daily_summary.py for tasks to queue
[2025-10-24T22:13:20.107+0000] {logging_mixin.py:188} INFO - [2025-10-24T22:13:20.107+0000] {dagbag.py:538} INFO - Filling up the DagBag from /opt/airflow/dags/daily_summary.py
[2025-10-24T22:13:20.164+0000] {processor.py:840} INFO - DAG(s) 'daily_summary' retrieved from /opt/airflow/dags/daily_summary.py
[2025-10-24T22:13:20.185+0000] {logging_mixin.py:188} INFO - [2025-10-24T22:13:20.185+0000] {dag.py:3036} INFO - Sync 1 DAGs
[2025-10-24T22:13:20.204+0000] {logging_mixin.py:188} INFO - [2025-10-24T22:13:20.203+0000] {dag.py:3823} INFO - Setting next_dagrun for daily_summary to 2025-10-23 00:00:00+00:00, run_after=2025-10-24 00:00:00+00:00
[2025-10-24T22:13:20.227+0000] {processor.py:183} INFO - Processing /opt/airflow/dags/daily_summary.py took 0.124 seconds
[2025-10-24T22:13:50.468+0000] {processor.py:161} INFO - Started process (PID=2321) to work on /opt/airflow/dags/daily_summary.py
[2025-10-24T22:13:50.469+0000] {processor.py:830} INFO - Processing file /opt/airflow/dags/daily_summary.py for tasks to queue
[2025-10-24T22:13:50.470+0000] {logging_mixin.py:188} INFO - [2025-10-24T22:13:50.469+0000] {dagbag.py:538} INFO - Filling up the DagBag from /opt/airflow/dags/daily_summary.py
[2025-10-24T22:13:50.522+0000] {processor.py:840} INFO - DAG(s) 'daily_summary' retrieved from /opt/airflow/dags/daily_summary.py
[2025-10-24T22:13:50.542+0000] {logging_mixin.py:188} INFO - [2025-10-24T22:13:50.542+0000] {dag.py:3036} INFO - Sync 1 DAGs
[2025-10-24T22:13:50.558+0000] {logging_mixin.py:188} INFO - [2025-10-24T22:13:50.558+0000] {dag.py:3823} INFO - Setting next_dagrun for daily_summary to 2025-10-23 00:00:00+00:00, run_after=2025-10-24 00:00:00+00:00
[2025-10-24T22:13:50.576+0000] {processor.py:183} INFO - Processing /opt/airflow/dags/daily_summary.py took 0.111 seconds
[2025-10-24T22:14:20.800+0000] {processor.py:161} INFO - Started process (PID=2326) to work on /opt/airflow/dags/daily_summary.py
[2025-10-24T22:14:20.800+0000] {processor.py:830} INFO - Processing file /opt/airflow/dags/daily_summary.py for tasks to queue
[2025-10-24T22:14:20.801+0000] {logging_mixin.py:188} INFO - [2025-10-24T22:14:20.801+0000] {dagbag.py:538} INFO - Filling up the DagBag from /opt/airflow/dags/daily_summary.py
[2025-10-24T22:14:20.857+0000] {processor.py:840} INFO - DAG(s) 'daily_summary' retrieved from /opt/airflow/dags/daily_summary.py
[2025-10-24T22:14:20.878+0000] {logging_mixin.py:188} INFO - [2025-10-24T22:14:20.878+0000] {dag.py:3036} INFO - Sync 1 DAGs
[2025-10-24T22:14:20.896+0000] {logging_mixin.py:188} INFO - [2025-10-24T22:14:20.896+0000] {dag.py:3823} INFO - Setting next_dagrun for daily_summary to 2025-10-23 00:00:00+00:00, run_after=2025-10-24 00:00:00+00:00
[2025-10-24T22:14:20.915+0000] {processor.py:183} INFO - Processing /opt/airflow/dags/daily_summary.py took 0.118 seconds
[2025-10-24T22:14:51.095+0000] {processor.py:161} INFO - Started process (PID=2331) to work on /opt/airflow/dags/daily_summary.py
[2025-10-24T22:14:51.096+0000] {processor.py:830} INFO - Processing file /opt/airflow/dags/daily_summary.py for tasks to queue
[2025-10-24T22:14:51.097+0000] {logging_mixin.py:188} INFO - [2025-10-24T22:14:51.097+0000] {dagbag.py:538} INFO - Filling up the DagBag from /opt/airflow/dags/daily_summary.py
[2025-10-24T22:14:51.151+0000] {processor.py:840} INFO - DAG(s) 'daily_summary' retrieved from /opt/airflow/dags/daily_summary.py
[2025-10-24T22:14:51.173+0000] {logging_mixin.py:188} INFO - [2025-10-24T22:14:51.173+0000] {dag.py:3036} INFO - Sync 1 DAGs
[2025-10-24T22:14:51.190+0000] {logging_mixin.py:188} INFO - [2025-10-24T22:14:51.190+0000] {dag.py:3823} INFO - Setting next_dagrun for daily_summary to 2025-10-23 00:00:00+00:00, run_after=2025-10-24 00:00:00+00:00
[2025-10-24T22:14:51.208+0000] {processor.py:183} INFO - Processing /opt/airflow/dags/daily_summary.py took 0.116 seconds
[2025-10-24T22:15:21.468+0000] {processor.py:161} INFO - Started process (PID=2336) to work on /opt/airflow/dags/daily_summary.py
[2025-10-24T22:15:21.468+0000] {processor.py:830} INFO - Processing file /opt/airflow/dags/daily_summary.py for tasks to queue
[2025-10-24T22:15:21.469+0000] {logging_mixin.py:188} INFO - [2025-10-24T22:15:21.469+0000] {dagbag.py:538} INFO - Filling up the DagBag from /opt/airflow/dags/daily_summary.py
[2025-10-24T22:15:21.521+0000] {processor.py:840} INFO - DAG(s) 'daily_summary' retrieved from /opt/airflow/dags/daily_summary.py
[2025-10-24T22:15:21.545+0000] {logging_mixin.py:188} INFO - [2025-10-24T22:15:21.545+0000] {dag.py:3036} INFO - Sync 1 DAGs
[2025-10-24T22:15:21.564+0000] {logging_mixin.py:188} INFO - [2025-10-24T22:15:21.564+0000] {dag.py:3823} INFO - Setting next_dagrun for daily_summary to 2025-10-23 00:00:00+00:00, run_after=2025-10-24 00:00:00+00:00
[2025-10-24T22:15:21.584+0000] {processor.py:183} INFO - Processing /opt/airflow/dags/daily_summary.py took 0.119 seconds
[2025-10-24T22:15:51.816+0000] {processor.py:161} INFO - Started process (PID=2341) to work on /opt/airflow/dags/daily_summary.py
[2025-10-24T22:15:51.816+0000] {processor.py:830} INFO - Processing file /opt/airflow/dags/daily_summary.py for tasks to queue
[2025-10-24T22:15:51.817+0000] {logging_mixin.py:188} INFO - [2025-10-24T22:15:51.817+0000] {dagbag.py:538} INFO - Filling up the DagBag from /opt/airflow/dags/daily_summary.py
[2025-10-24T22:15:51.873+0000] {processor.py:840} INFO - DAG(s) 'daily_summary' retrieved from /opt/airflow/dags/daily_summary.py
[2025-10-24T22:15:51.894+0000] {logging_mixin.py:188} INFO - [2025-10-24T22:15:51.894+0000] {dag.py:3036} INFO - Sync 1 DAGs
[2025-10-24T22:15:51.912+0000] {logging_mixin.py:188} INFO - [2025-10-24T22:15:51.911+0000] {dag.py:3823} INFO - Setting next_dagrun for daily_summary to 2025-10-23 00:00:00+00:00, run_after=2025-10-24 00:00:00+00:00
[2025-10-24T22:15:51.940+0000] {processor.py:183} INFO - Processing /opt/airflow/dags/daily_summary.py took 0.128 seconds
[2025-10-24T22:16:22.174+0000] {processor.py:161} INFO - Started process (PID=2346) to work on /opt/airflow/dags/daily_summary.py
[2025-10-24T22:16:22.174+0000] {processor.py:830} INFO - Processing file /opt/airflow/dags/daily_summary.py for tasks to queue
[2025-10-24T22:16:22.175+0000] {logging_mixin.py:188} INFO - [2025-10-24T22:16:22.175+0000] {dagbag.py:538} INFO - Filling up the DagBag from /opt/airflow/dags/daily_summary.py
[2025-10-24T22:16:22.229+0000] {processor.py:840} INFO - DAG(s) 'daily_summary' retrieved from /opt/airflow/dags/daily_summary.py
[2025-10-24T22:16:22.252+0000] {logging_mixin.py:188} INFO - [2025-10-24T22:16:22.252+0000] {dag.py:3036} INFO - Sync 1 DAGs
[2025-10-24T22:16:22.270+0000] {logging_mixin.py:188} INFO - [2025-10-24T22:16:22.270+0000] {dag.py:3823} INFO - Setting next_dagrun for daily_summary to 2025-10-23 00:00:00+00:00, run_after=2025-10-24 00:00:00+00:00
[2025-10-24T22:16:22.289+0000] {processor.py:183} INFO - Processing /opt/airflow/dags/daily_summary.py took 0.118 seconds
[2025-10-24T22:16:52.544+0000] {processor.py:161} INFO - Started process (PID=2351) to work on /opt/airflow/dags/daily_summary.py
[2025-10-24T22:16:52.545+0000] {processor.py:830} INFO - Processing file /opt/airflow/dags/daily_summary.py for tasks to queue
[2025-10-24T22:16:52.546+0000] {logging_mixin.py:188} INFO - [2025-10-24T22:16:52.545+0000] {dagbag.py:538} INFO - Filling up the DagBag from /opt/airflow/dags/daily_summary.py
[2025-10-24T22:16:52.599+0000] {processor.py:840} INFO - DAG(s) 'daily_summary' retrieved from /opt/airflow/dags/daily_summary.py
[2025-10-24T22:16:52.620+0000] {logging_mixin.py:188} INFO - [2025-10-24T22:16:52.620+0000] {dag.py:3036} INFO - Sync 1 DAGs
[2025-10-24T22:16:52.638+0000] {logging_mixin.py:188} INFO - [2025-10-24T22:16:52.638+0000] {dag.py:3823} INFO - Setting next_dagrun for daily_summary to 2025-10-23 00:00:00+00:00, run_after=2025-10-24 00:00:00+00:00
[2025-10-24T22:16:52.670+0000] {processor.py:183} INFO - Processing /opt/airflow/dags/daily_summary.py took 0.128 seconds
[2025-10-24T22:17:22.875+0000] {processor.py:161} INFO - Started process (PID=2356) to work on /opt/airflow/dags/daily_summary.py
[2025-10-24T22:17:22.875+0000] {processor.py:830} INFO - Processing file /opt/airflow/dags/daily_summary.py for tasks to queue
[2025-10-24T22:17:22.876+0000] {logging_mixin.py:188} INFO - [2025-10-24T22:17:22.876+0000] {dagbag.py:538} INFO - Filling up the DagBag from /opt/airflow/dags/daily_summary.py
[2025-10-24T22:17:22.931+0000] {processor.py:840} INFO - DAG(s) 'daily_summary' retrieved from /opt/airflow/dags/daily_summary.py
[2025-10-24T22:17:22.954+0000] {logging_mixin.py:188} INFO - [2025-10-24T22:17:22.954+0000] {dag.py:3036} INFO - Sync 1 DAGs
[2025-10-24T22:17:22.971+0000] {logging_mixin.py:188} INFO - [2025-10-24T22:17:22.971+0000] {dag.py:3823} INFO - Setting next_dagrun for daily_summary to 2025-10-23 00:00:00+00:00, run_after=2025-10-24 00:00:00+00:00
[2025-10-24T22:17:22.991+0000] {processor.py:183} INFO - Processing /opt/airflow/dags/daily_summary.py took 0.119 seconds
[2025-10-24T22:17:53.345+0000] {processor.py:161} INFO - Started process (PID=2361) to work on /opt/airflow/dags/daily_summary.py
[2025-10-24T22:17:53.346+0000] {processor.py:830} INFO - Processing file /opt/airflow/dags/daily_summary.py for tasks to queue
[2025-10-24T22:17:53.347+0000] {logging_mixin.py:188} INFO - [2025-10-24T22:17:53.347+0000] {dagbag.py:538} INFO - Filling up the DagBag from /opt/airflow/dags/daily_summary.py
[2025-10-24T22:17:53.415+0000] {processor.py:840} INFO - DAG(s) 'daily_summary' retrieved from /opt/airflow/dags/daily_summary.py
[2025-10-24T22:17:53.443+0000] {logging_mixin.py:188} INFO - [2025-10-24T22:17:53.442+0000] {dag.py:3036} INFO - Sync 1 DAGs
[2025-10-24T22:17:53.462+0000] {logging_mixin.py:188} INFO - [2025-10-24T22:17:53.461+0000] {dag.py:3823} INFO - Setting next_dagrun for daily_summary to 2025-10-23 00:00:00+00:00, run_after=2025-10-24 00:00:00+00:00
[2025-10-24T22:17:53.478+0000] {processor.py:183} INFO - Processing /opt/airflow/dags/daily_summary.py took 0.135 seconds
[2025-10-24T22:18:23.642+0000] {processor.py:161} INFO - Started process (PID=2366) to work on /opt/airflow/dags/daily_summary.py
[2025-10-24T22:18:23.643+0000] {processor.py:830} INFO - Processing file /opt/airflow/dags/daily_summary.py for tasks to queue
[2025-10-24T22:18:23.643+0000] {logging_mixin.py:188} INFO - [2025-10-24T22:18:23.643+0000] {dagbag.py:538} INFO - Filling up the DagBag from /opt/airflow/dags/daily_summary.py
[2025-10-24T22:18:23.699+0000] {processor.py:840} INFO - DAG(s) 'daily_summary' retrieved from /opt/airflow/dags/daily_summary.py
[2025-10-24T22:18:23.723+0000] {logging_mixin.py:188} INFO - [2025-10-24T22:18:23.723+0000] {dag.py:3036} INFO - Sync 1 DAGs
[2025-10-24T22:18:23.740+0000] {logging_mixin.py:188} INFO - [2025-10-24T22:18:23.740+0000] {dag.py:3823} INFO - Setting next_dagrun for daily_summary to 2025-10-23 00:00:00+00:00, run_after=2025-10-24 00:00:00+00:00
[2025-10-24T22:18:23.765+0000] {processor.py:183} INFO - Processing /opt/airflow/dags/daily_summary.py took 0.126 seconds
[2025-10-24T22:18:54.084+0000] {processor.py:161} INFO - Started process (PID=2371) to work on /opt/airflow/dags/daily_summary.py
[2025-10-24T22:18:54.085+0000] {processor.py:830} INFO - Processing file /opt/airflow/dags/daily_summary.py for tasks to queue
[2025-10-24T22:18:54.086+0000] {logging_mixin.py:188} INFO - [2025-10-24T22:18:54.085+0000] {dagbag.py:538} INFO - Filling up the DagBag from /opt/airflow/dags/daily_summary.py
[2025-10-24T22:18:54.150+0000] {processor.py:840} INFO - DAG(s) 'daily_summary' retrieved from /opt/airflow/dags/daily_summary.py
[2025-10-24T22:18:54.171+0000] {logging_mixin.py:188} INFO - [2025-10-24T22:18:54.170+0000] {dag.py:3036} INFO - Sync 1 DAGs
[2025-10-24T22:18:54.190+0000] {logging_mixin.py:188} INFO - [2025-10-24T22:18:54.190+0000] {dag.py:3823} INFO - Setting next_dagrun for daily_summary to 2025-10-23 00:00:00+00:00, run_after=2025-10-24 00:00:00+00:00
[2025-10-24T22:18:54.211+0000] {processor.py:183} INFO - Processing /opt/airflow/dags/daily_summary.py took 0.131 seconds
[2025-10-24T22:19:24.400+0000] {processor.py:161} INFO - Started process (PID=2376) to work on /opt/airflow/dags/daily_summary.py
[2025-10-24T22:19:24.401+0000] {processor.py:830} INFO - Processing file /opt/airflow/dags/daily_summary.py for tasks to queue
[2025-10-24T22:19:24.402+0000] {logging_mixin.py:188} INFO - [2025-10-24T22:19:24.402+0000] {dagbag.py:538} INFO - Filling up the DagBag from /opt/airflow/dags/daily_summary.py
[2025-10-24T22:19:24.455+0000] {processor.py:840} INFO - DAG(s) 'daily_summary' retrieved from /opt/airflow/dags/daily_summary.py
[2025-10-24T22:19:24.476+0000] {logging_mixin.py:188} INFO - [2025-10-24T22:19:24.476+0000] {dag.py:3036} INFO - Sync 1 DAGs
[2025-10-24T22:19:24.492+0000] {logging_mixin.py:188} INFO - [2025-10-24T22:19:24.492+0000] {dag.py:3823} INFO - Setting next_dagrun for daily_summary to 2025-10-23 00:00:00+00:00, run_after=2025-10-24 00:00:00+00:00
[2025-10-24T22:19:24.519+0000] {processor.py:183} INFO - Processing /opt/airflow/dags/daily_summary.py took 0.122 seconds
[2025-10-24T22:19:54.843+0000] {processor.py:161} INFO - Started process (PID=2381) to work on /opt/airflow/dags/daily_summary.py
[2025-10-24T22:19:54.844+0000] {processor.py:830} INFO - Processing file /opt/airflow/dags/daily_summary.py for tasks to queue
[2025-10-24T22:19:54.845+0000] {logging_mixin.py:188} INFO - [2025-10-24T22:19:54.844+0000] {dagbag.py:538} INFO - Filling up the DagBag from /opt/airflow/dags/daily_summary.py
[2025-10-24T22:19:54.901+0000] {processor.py:840} INFO - DAG(s) 'daily_summary' retrieved from /opt/airflow/dags/daily_summary.py
[2025-10-24T22:19:54.921+0000] {logging_mixin.py:188} INFO - [2025-10-24T22:19:54.920+0000] {dag.py:3036} INFO - Sync 1 DAGs
[2025-10-24T22:19:54.936+0000] {logging_mixin.py:188} INFO - [2025-10-24T22:19:54.936+0000] {dag.py:3823} INFO - Setting next_dagrun for daily_summary to 2025-10-23 00:00:00+00:00, run_after=2025-10-24 00:00:00+00:00
[2025-10-24T22:19:54.954+0000] {processor.py:183} INFO - Processing /opt/airflow/dags/daily_summary.py took 0.114 seconds
[2025-10-24T22:20:25.146+0000] {processor.py:161} INFO - Started process (PID=2386) to work on /opt/airflow/dags/daily_summary.py
[2025-10-24T22:20:25.147+0000] {processor.py:830} INFO - Processing file /opt/airflow/dags/daily_summary.py for tasks to queue
[2025-10-24T22:20:25.148+0000] {logging_mixin.py:188} INFO - [2025-10-24T22:20:25.148+0000] {dagbag.py:538} INFO - Filling up the DagBag from /opt/airflow/dags/daily_summary.py
[2025-10-24T22:20:25.205+0000] {processor.py:840} INFO - DAG(s) 'daily_summary' retrieved from /opt/airflow/dags/daily_summary.py
[2025-10-24T22:20:25.227+0000] {logging_mixin.py:188} INFO - [2025-10-24T22:20:25.226+0000] {dag.py:3036} INFO - Sync 1 DAGs
[2025-10-24T22:20:25.243+0000] {logging_mixin.py:188} INFO - [2025-10-24T22:20:25.242+0000] {dag.py:3823} INFO - Setting next_dagrun for daily_summary to 2025-10-23 00:00:00+00:00, run_after=2025-10-24 00:00:00+00:00
[2025-10-24T22:20:25.259+0000] {processor.py:183} INFO - Processing /opt/airflow/dags/daily_summary.py took 0.117 seconds
[2025-10-24T22:20:55.571+0000] {processor.py:161} INFO - Started process (PID=2391) to work on /opt/airflow/dags/daily_summary.py
[2025-10-24T22:20:55.572+0000] {processor.py:830} INFO - Processing file /opt/airflow/dags/daily_summary.py for tasks to queue
[2025-10-24T22:20:55.573+0000] {logging_mixin.py:188} INFO - [2025-10-24T22:20:55.573+0000] {dagbag.py:538} INFO - Filling up the DagBag from /opt/airflow/dags/daily_summary.py
[2025-10-24T22:20:55.625+0000] {processor.py:840} INFO - DAG(s) 'daily_summary' retrieved from /opt/airflow/dags/daily_summary.py
[2025-10-24T22:20:55.646+0000] {logging_mixin.py:188} INFO - [2025-10-24T22:20:55.646+0000] {dag.py:3036} INFO - Sync 1 DAGs
[2025-10-24T22:20:55.663+0000] {logging_mixin.py:188} INFO - [2025-10-24T22:20:55.663+0000] {dag.py:3823} INFO - Setting next_dagrun for daily_summary to 2025-10-23 00:00:00+00:00, run_after=2025-10-24 00:00:00+00:00
[2025-10-24T22:20:55.682+0000] {processor.py:183} INFO - Processing /opt/airflow/dags/daily_summary.py took 0.113 seconds
[2025-10-24T22:21:25.893+0000] {processor.py:161} INFO - Started process (PID=2396) to work on /opt/airflow/dags/daily_summary.py
[2025-10-24T22:21:25.894+0000] {processor.py:830} INFO - Processing file /opt/airflow/dags/daily_summary.py for tasks to queue
[2025-10-24T22:21:25.895+0000] {logging_mixin.py:188} INFO - [2025-10-24T22:21:25.895+0000] {dagbag.py:538} INFO - Filling up the DagBag from /opt/airflow/dags/daily_summary.py
[2025-10-24T22:21:25.953+0000] {processor.py:840} INFO - DAG(s) 'daily_summary' retrieved from /opt/airflow/dags/daily_summary.py
[2025-10-24T22:21:25.980+0000] {logging_mixin.py:188} INFO - [2025-10-24T22:21:25.980+0000] {dag.py:3036} INFO - Sync 1 DAGs
[2025-10-24T22:21:25.997+0000] {logging_mixin.py:188} INFO - [2025-10-24T22:21:25.997+0000] {dag.py:3823} INFO - Setting next_dagrun for daily_summary to 2025-10-23 00:00:00+00:00, run_after=2025-10-24 00:00:00+00:00
[2025-10-24T22:21:26.017+0000] {processor.py:183} INFO - Processing /opt/airflow/dags/daily_summary.py took 0.127 seconds
[2025-10-24T22:21:56.186+0000] {processor.py:161} INFO - Started process (PID=2401) to work on /opt/airflow/dags/daily_summary.py
[2025-10-24T22:21:56.186+0000] {processor.py:830} INFO - Processing file /opt/airflow/dags/daily_summary.py for tasks to queue
[2025-10-24T22:21:56.187+0000] {logging_mixin.py:188} INFO - [2025-10-24T22:21:56.187+0000] {dagbag.py:538} INFO - Filling up the DagBag from /opt/airflow/dags/daily_summary.py
[2025-10-24T22:21:56.242+0000] {processor.py:840} INFO - DAG(s) 'daily_summary' retrieved from /opt/airflow/dags/daily_summary.py
[2025-10-24T22:21:56.263+0000] {logging_mixin.py:188} INFO - [2025-10-24T22:21:56.263+0000] {dag.py:3036} INFO - Sync 1 DAGs
[2025-10-24T22:21:56.288+0000] {logging_mixin.py:188} INFO - [2025-10-24T22:21:56.288+0000] {dag.py:3823} INFO - Setting next_dagrun for daily_summary to 2025-10-23 00:00:00+00:00, run_after=2025-10-24 00:00:00+00:00
[2025-10-24T22:21:56.316+0000] {processor.py:183} INFO - Processing /opt/airflow/dags/daily_summary.py took 0.134 seconds
[2025-10-24T22:22:26.657+0000] {processor.py:161} INFO - Started process (PID=2406) to work on /opt/airflow/dags/daily_summary.py
[2025-10-24T22:22:26.658+0000] {processor.py:830} INFO - Processing file /opt/airflow/dags/daily_summary.py for tasks to queue
[2025-10-24T22:22:26.658+0000] {logging_mixin.py:188} INFO - [2025-10-24T22:22:26.658+0000] {dagbag.py:538} INFO - Filling up the DagBag from /opt/airflow/dags/daily_summary.py
[2025-10-24T22:22:26.713+0000] {processor.py:840} INFO - DAG(s) 'daily_summary' retrieved from /opt/airflow/dags/daily_summary.py
[2025-10-24T22:22:26.736+0000] {logging_mixin.py:188} INFO - [2025-10-24T22:22:26.736+0000] {dag.py:3036} INFO - Sync 1 DAGs
[2025-10-24T22:22:26.754+0000] {logging_mixin.py:188} INFO - [2025-10-24T22:22:26.754+0000] {dag.py:3823} INFO - Setting next_dagrun for daily_summary to 2025-10-23 00:00:00+00:00, run_after=2025-10-24 00:00:00+00:00
[2025-10-24T22:22:26.772+0000] {processor.py:183} INFO - Processing /opt/airflow/dags/daily_summary.py took 0.118 seconds
[2025-10-24T22:22:57.004+0000] {processor.py:161} INFO - Started process (PID=2411) to work on /opt/airflow/dags/daily_summary.py
[2025-10-24T22:22:57.005+0000] {processor.py:830} INFO - Processing file /opt/airflow/dags/daily_summary.py for tasks to queue
[2025-10-24T22:22:57.006+0000] {logging_mixin.py:188} INFO - [2025-10-24T22:22:57.006+0000] {dagbag.py:538} INFO - Filling up the DagBag from /opt/airflow/dags/daily_summary.py
[2025-10-24T22:22:57.066+0000] {processor.py:840} INFO - DAG(s) 'daily_summary' retrieved from /opt/airflow/dags/daily_summary.py
[2025-10-24T22:22:57.089+0000] {logging_mixin.py:188} INFO - [2025-10-24T22:22:57.089+0000] {dag.py:3036} INFO - Sync 1 DAGs
[2025-10-24T22:22:57.107+0000] {logging_mixin.py:188} INFO - [2025-10-24T22:22:57.107+0000] {dag.py:3823} INFO - Setting next_dagrun for daily_summary to 2025-10-23 00:00:00+00:00, run_after=2025-10-24 00:00:00+00:00
[2025-10-24T22:22:57.130+0000] {processor.py:183} INFO - Processing /opt/airflow/dags/daily_summary.py took 0.129 seconds
[2025-10-24T22:23:27.400+0000] {processor.py:161} INFO - Started process (PID=2416) to work on /opt/airflow/dags/daily_summary.py
[2025-10-24T22:23:27.401+0000] {processor.py:830} INFO - Processing file /opt/airflow/dags/daily_summary.py for tasks to queue
[2025-10-24T22:23:27.402+0000] {logging_mixin.py:188} INFO - [2025-10-24T22:23:27.402+0000] {dagbag.py:538} INFO - Filling up the DagBag from /opt/airflow/dags/daily_summary.py
[2025-10-24T22:23:27.454+0000] {processor.py:840} INFO - DAG(s) 'daily_summary' retrieved from /opt/airflow/dags/daily_summary.py
[2025-10-24T22:23:27.476+0000] {logging_mixin.py:188} INFO - [2025-10-24T22:23:27.476+0000] {dag.py:3036} INFO - Sync 1 DAGs
[2025-10-24T22:23:27.493+0000] {logging_mixin.py:188} INFO - [2025-10-24T22:23:27.493+0000] {dag.py:3823} INFO - Setting next_dagrun for daily_summary to 2025-10-23 00:00:00+00:00, run_after=2025-10-24 00:00:00+00:00
[2025-10-24T22:23:27.518+0000] {processor.py:183} INFO - Processing /opt/airflow/dags/daily_summary.py took 0.120 seconds
[2025-10-24T22:23:57.740+0000] {processor.py:161} INFO - Started process (PID=2421) to work on /opt/airflow/dags/daily_summary.py
[2025-10-24T22:23:57.741+0000] {processor.py:830} INFO - Processing file /opt/airflow/dags/daily_summary.py for tasks to queue
[2025-10-24T22:23:57.742+0000] {logging_mixin.py:188} INFO - [2025-10-24T22:23:57.741+0000] {dagbag.py:538} INFO - Filling up the DagBag from /opt/airflow/dags/daily_summary.py
[2025-10-24T22:23:57.795+0000] {processor.py:840} INFO - DAG(s) 'daily_summary' retrieved from /opt/airflow/dags/daily_summary.py
[2025-10-24T22:23:57.815+0000] {logging_mixin.py:188} INFO - [2025-10-24T22:23:57.815+0000] {dag.py:3036} INFO - Sync 1 DAGs
[2025-10-24T22:23:57.831+0000] {logging_mixin.py:188} INFO - [2025-10-24T22:23:57.830+0000] {dag.py:3823} INFO - Setting next_dagrun for daily_summary to 2025-10-23 00:00:00+00:00, run_after=2025-10-24 00:00:00+00:00
[2025-10-24T22:23:57.859+0000] {processor.py:183} INFO - Processing /opt/airflow/dags/daily_summary.py took 0.122 seconds
[2025-10-24T22:24:28.120+0000] {processor.py:161} INFO - Started process (PID=2426) to work on /opt/airflow/dags/daily_summary.py
[2025-10-24T22:24:28.121+0000] {processor.py:830} INFO - Processing file /opt/airflow/dags/daily_summary.py for tasks to queue
[2025-10-24T22:24:28.122+0000] {logging_mixin.py:188} INFO - [2025-10-24T22:24:28.122+0000] {dagbag.py:538} INFO - Filling up the DagBag from /opt/airflow/dags/daily_summary.py
[2025-10-24T22:24:28.178+0000] {processor.py:840} INFO - DAG(s) 'daily_summary' retrieved from /opt/airflow/dags/daily_summary.py
[2025-10-24T22:24:28.198+0000] {logging_mixin.py:188} INFO - [2025-10-24T22:24:28.198+0000] {dag.py:3036} INFO - Sync 1 DAGs
[2025-10-24T22:24:28.214+0000] {logging_mixin.py:188} INFO - [2025-10-24T22:24:28.214+0000] {dag.py:3823} INFO - Setting next_dagrun for daily_summary to 2025-10-23 00:00:00+00:00, run_after=2025-10-24 00:00:00+00:00
[2025-10-24T22:24:28.232+0000] {processor.py:183} INFO - Processing /opt/airflow/dags/daily_summary.py took 0.114 seconds
[2025-10-24T22:24:58.460+0000] {processor.py:161} INFO - Started process (PID=2431) to work on /opt/airflow/dags/daily_summary.py
[2025-10-24T22:24:58.461+0000] {processor.py:830} INFO - Processing file /opt/airflow/dags/daily_summary.py for tasks to queue
[2025-10-24T22:24:58.462+0000] {logging_mixin.py:188} INFO - [2025-10-24T22:24:58.461+0000] {dagbag.py:538} INFO - Filling up the DagBag from /opt/airflow/dags/daily_summary.py
[2025-10-24T22:24:58.515+0000] {processor.py:840} INFO - DAG(s) 'daily_summary' retrieved from /opt/airflow/dags/daily_summary.py
[2025-10-24T22:24:58.537+0000] {logging_mixin.py:188} INFO - [2025-10-24T22:24:58.537+0000] {dag.py:3036} INFO - Sync 1 DAGs
[2025-10-24T22:24:58.555+0000] {logging_mixin.py:188} INFO - [2025-10-24T22:24:58.555+0000] {dag.py:3823} INFO - Setting next_dagrun for daily_summary to 2025-10-23 00:00:00+00:00, run_after=2025-10-24 00:00:00+00:00
[2025-10-24T22:24:58.572+0000] {processor.py:183} INFO - Processing /opt/airflow/dags/daily_summary.py took 0.114 seconds
[2025-10-24T22:25:28.901+0000] {processor.py:161} INFO - Started process (PID=2436) to work on /opt/airflow/dags/daily_summary.py
[2025-10-24T22:25:28.902+0000] {processor.py:830} INFO - Processing file /opt/airflow/dags/daily_summary.py for tasks to queue
[2025-10-24T22:25:28.903+0000] {logging_mixin.py:188} INFO - [2025-10-24T22:25:28.903+0000] {dagbag.py:538} INFO - Filling up the DagBag from /opt/airflow/dags/daily_summary.py
[2025-10-24T22:25:28.957+0000] {processor.py:840} INFO - DAG(s) 'daily_summary' retrieved from /opt/airflow/dags/daily_summary.py
[2025-10-24T22:25:28.978+0000] {logging_mixin.py:188} INFO - [2025-10-24T22:25:28.978+0000] {dag.py:3036} INFO - Sync 1 DAGs
[2025-10-24T22:25:28.994+0000] {logging_mixin.py:188} INFO - [2025-10-24T22:25:28.994+0000] {dag.py:3823} INFO - Setting next_dagrun for daily_summary to 2025-10-23 00:00:00+00:00, run_after=2025-10-24 00:00:00+00:00
[2025-10-24T22:25:29.022+0000] {processor.py:183} INFO - Processing /opt/airflow/dags/daily_summary.py took 0.123 seconds
[2025-10-24T22:25:59.186+0000] {processor.py:161} INFO - Started process (PID=2441) to work on /opt/airflow/dags/daily_summary.py
[2025-10-24T22:25:59.187+0000] {processor.py:830} INFO - Processing file /opt/airflow/dags/daily_summary.py for tasks to queue
[2025-10-24T22:25:59.188+0000] {logging_mixin.py:188} INFO - [2025-10-24T22:25:59.188+0000] {dagbag.py:538} INFO - Filling up the DagBag from /opt/airflow/dags/daily_summary.py
[2025-10-24T22:25:59.248+0000] {processor.py:840} INFO - DAG(s) 'daily_summary' retrieved from /opt/airflow/dags/daily_summary.py
[2025-10-24T22:25:59.269+0000] {logging_mixin.py:188} INFO - [2025-10-24T22:25:59.269+0000] {dag.py:3036} INFO - Sync 1 DAGs
[2025-10-24T22:25:59.285+0000] {logging_mixin.py:188} INFO - [2025-10-24T22:25:59.285+0000] {dag.py:3823} INFO - Setting next_dagrun for daily_summary to 2025-10-23 00:00:00+00:00, run_after=2025-10-24 00:00:00+00:00
[2025-10-24T22:25:59.310+0000] {processor.py:183} INFO - Processing /opt/airflow/dags/daily_summary.py took 0.127 seconds
[2025-10-24T22:26:29.529+0000] {processor.py:161} INFO - Started process (PID=2446) to work on /opt/airflow/dags/daily_summary.py
[2025-10-24T22:26:29.530+0000] {processor.py:830} INFO - Processing file /opt/airflow/dags/daily_summary.py for tasks to queue
[2025-10-24T22:26:29.531+0000] {logging_mixin.py:188} INFO - [2025-10-24T22:26:29.530+0000] {dagbag.py:538} INFO - Filling up the DagBag from /opt/airflow/dags/daily_summary.py
[2025-10-24T22:26:29.595+0000] {processor.py:840} INFO - DAG(s) 'daily_summary' retrieved from /opt/airflow/dags/daily_summary.py
[2025-10-24T22:26:29.619+0000] {logging_mixin.py:188} INFO - [2025-10-24T22:26:29.618+0000] {dag.py:3036} INFO - Sync 1 DAGs
[2025-10-24T22:26:29.639+0000] {logging_mixin.py:188} INFO - [2025-10-24T22:26:29.639+0000] {dag.py:3823} INFO - Setting next_dagrun for daily_summary to 2025-10-23 00:00:00+00:00, run_after=2025-10-24 00:00:00+00:00
[2025-10-24T22:26:29.658+0000] {processor.py:183} INFO - Processing /opt/airflow/dags/daily_summary.py took 0.133 seconds
[2025-10-24T22:26:59.966+0000] {processor.py:161} INFO - Started process (PID=2451) to work on /opt/airflow/dags/daily_summary.py
[2025-10-24T22:26:59.967+0000] {processor.py:830} INFO - Processing file /opt/airflow/dags/daily_summary.py for tasks to queue
[2025-10-24T22:26:59.968+0000] {logging_mixin.py:188} INFO - [2025-10-24T22:26:59.967+0000] {dagbag.py:538} INFO - Filling up the DagBag from /opt/airflow/dags/daily_summary.py
[2025-10-24T22:27:00.022+0000] {processor.py:840} INFO - DAG(s) 'daily_summary' retrieved from /opt/airflow/dags/daily_summary.py
[2025-10-24T22:27:00.046+0000] {logging_mixin.py:188} INFO - [2025-10-24T22:27:00.045+0000] {dag.py:3036} INFO - Sync 1 DAGs
[2025-10-24T22:27:00.063+0000] {logging_mixin.py:188} INFO - [2025-10-24T22:27:00.063+0000] {dag.py:3823} INFO - Setting next_dagrun for daily_summary to 2025-10-23 00:00:00+00:00, run_after=2025-10-24 00:00:00+00:00
[2025-10-24T22:27:00.080+0000] {processor.py:183} INFO - Processing /opt/airflow/dags/daily_summary.py took 0.117 seconds
[2025-10-24T22:27:30.274+0000] {processor.py:161} INFO - Started process (PID=2456) to work on /opt/airflow/dags/daily_summary.py
[2025-10-24T22:27:30.274+0000] {processor.py:830} INFO - Processing file /opt/airflow/dags/daily_summary.py for tasks to queue
[2025-10-24T22:27:30.275+0000] {logging_mixin.py:188} INFO - [2025-10-24T22:27:30.275+0000] {dagbag.py:538} INFO - Filling up the DagBag from /opt/airflow/dags/daily_summary.py
[2025-10-24T22:27:30.328+0000] {processor.py:840} INFO - DAG(s) 'daily_summary' retrieved from /opt/airflow/dags/daily_summary.py
[2025-10-24T22:27:30.351+0000] {logging_mixin.py:188} INFO - [2025-10-24T22:27:30.351+0000] {dag.py:3036} INFO - Sync 1 DAGs
[2025-10-24T22:27:30.369+0000] {logging_mixin.py:188} INFO - [2025-10-24T22:27:30.369+0000] {dag.py:3823} INFO - Setting next_dagrun for daily_summary to 2025-10-23 00:00:00+00:00, run_after=2025-10-24 00:00:00+00:00
[2025-10-24T22:27:30.388+0000] {processor.py:183} INFO - Processing /opt/airflow/dags/daily_summary.py took 0.118 seconds
[2025-10-24T22:28:00.646+0000] {processor.py:161} INFO - Started process (PID=2461) to work on /opt/airflow/dags/daily_summary.py
[2025-10-24T22:28:00.647+0000] {processor.py:830} INFO - Processing file /opt/airflow/dags/daily_summary.py for tasks to queue
[2025-10-24T22:28:00.648+0000] {logging_mixin.py:188} INFO - [2025-10-24T22:28:00.647+0000] {dagbag.py:538} INFO - Filling up the DagBag from /opt/airflow/dags/daily_summary.py
[2025-10-24T22:28:00.703+0000] {processor.py:840} INFO - DAG(s) 'daily_summary' retrieved from /opt/airflow/dags/daily_summary.py
[2025-10-24T22:28:00.724+0000] {logging_mixin.py:188} INFO - [2025-10-24T22:28:00.724+0000] {dag.py:3036} INFO - Sync 1 DAGs
[2025-10-24T22:28:00.740+0000] {logging_mixin.py:188} INFO - [2025-10-24T22:28:00.740+0000] {dag.py:3823} INFO - Setting next_dagrun for daily_summary to 2025-10-23 00:00:00+00:00, run_after=2025-10-24 00:00:00+00:00
[2025-10-24T22:28:00.767+0000] {processor.py:183} INFO - Processing /opt/airflow/dags/daily_summary.py took 0.124 seconds
[2025-10-24T22:28:30.999+0000] {processor.py:161} INFO - Started process (PID=2466) to work on /opt/airflow/dags/daily_summary.py
[2025-10-24T22:28:31.000+0000] {processor.py:830} INFO - Processing file /opt/airflow/dags/daily_summary.py for tasks to queue
[2025-10-24T22:28:31.001+0000] {logging_mixin.py:188} INFO - [2025-10-24T22:28:31.001+0000] {dagbag.py:538} INFO - Filling up the DagBag from /opt/airflow/dags/daily_summary.py
[2025-10-24T22:28:31.061+0000] {processor.py:840} INFO - DAG(s) 'daily_summary' retrieved from /opt/airflow/dags/daily_summary.py
[2025-10-24T22:28:31.084+0000] {logging_mixin.py:188} INFO - [2025-10-24T22:28:31.084+0000] {dag.py:3036} INFO - Sync 1 DAGs
[2025-10-24T22:28:31.102+0000] {logging_mixin.py:188} INFO - [2025-10-24T22:28:31.102+0000] {dag.py:3823} INFO - Setting next_dagrun for daily_summary to 2025-10-23 00:00:00+00:00, run_after=2025-10-24 00:00:00+00:00
[2025-10-24T22:28:31.121+0000] {processor.py:183} INFO - Processing /opt/airflow/dags/daily_summary.py took 0.125 seconds
[2025-10-24T22:29:01.359+0000] {processor.py:161} INFO - Started process (PID=2471) to work on /opt/airflow/dags/daily_summary.py
[2025-10-24T22:29:01.360+0000] {processor.py:830} INFO - Processing file /opt/airflow/dags/daily_summary.py for tasks to queue
[2025-10-24T22:29:01.361+0000] {logging_mixin.py:188} INFO - [2025-10-24T22:29:01.361+0000] {dagbag.py:538} INFO - Filling up the DagBag from /opt/airflow/dags/daily_summary.py
[2025-10-24T22:29:01.432+0000] {processor.py:840} INFO - DAG(s) 'daily_summary' retrieved from /opt/airflow/dags/daily_summary.py
[2025-10-24T22:29:01.452+0000] {logging_mixin.py:188} INFO - [2025-10-24T22:29:01.452+0000] {dag.py:3036} INFO - Sync 1 DAGs
[2025-10-24T22:29:01.468+0000] {logging_mixin.py:188} INFO - [2025-10-24T22:29:01.468+0000] {dag.py:3823} INFO - Setting next_dagrun for daily_summary to 2025-10-23 00:00:00+00:00, run_after=2025-10-24 00:00:00+00:00
[2025-10-24T22:29:01.495+0000] {processor.py:183} INFO - Processing /opt/airflow/dags/daily_summary.py took 0.140 seconds
[2025-10-24T22:29:31.779+0000] {processor.py:161} INFO - Started process (PID=2476) to work on /opt/airflow/dags/daily_summary.py
[2025-10-24T22:29:31.779+0000] {processor.py:830} INFO - Processing file /opt/airflow/dags/daily_summary.py for tasks to queue
[2025-10-24T22:29:31.780+0000] {logging_mixin.py:188} INFO - [2025-10-24T22:29:31.780+0000] {dagbag.py:538} INFO - Filling up the DagBag from /opt/airflow/dags/daily_summary.py
[2025-10-24T22:29:31.833+0000] {processor.py:840} INFO - DAG(s) 'daily_summary' retrieved from /opt/airflow/dags/daily_summary.py
[2025-10-24T22:29:31.855+0000] {logging_mixin.py:188} INFO - [2025-10-24T22:29:31.855+0000] {dag.py:3036} INFO - Sync 1 DAGs
[2025-10-24T22:29:31.872+0000] {logging_mixin.py:188} INFO - [2025-10-24T22:29:31.872+0000] {dag.py:3823} INFO - Setting next_dagrun for daily_summary to 2025-10-23 00:00:00+00:00, run_after=2025-10-24 00:00:00+00:00
[2025-10-24T22:29:31.899+0000] {processor.py:183} INFO - Processing /opt/airflow/dags/daily_summary.py took 0.123 seconds
[2025-10-24T22:30:02.132+0000] {processor.py:161} INFO - Started process (PID=2481) to work on /opt/airflow/dags/daily_summary.py
[2025-10-24T22:30:02.133+0000] {processor.py:830} INFO - Processing file /opt/airflow/dags/daily_summary.py for tasks to queue
[2025-10-24T22:30:02.134+0000] {logging_mixin.py:188} INFO - [2025-10-24T22:30:02.134+0000] {dagbag.py:538} INFO - Filling up the DagBag from /opt/airflow/dags/daily_summary.py
[2025-10-24T22:30:02.188+0000] {processor.py:840} INFO - DAG(s) 'daily_summary' retrieved from /opt/airflow/dags/daily_summary.py
[2025-10-24T22:30:02.208+0000] {logging_mixin.py:188} INFO - [2025-10-24T22:30:02.208+0000] {dag.py:3036} INFO - Sync 1 DAGs
[2025-10-24T22:30:02.228+0000] {logging_mixin.py:188} INFO - [2025-10-24T22:30:02.228+0000] {dag.py:3823} INFO - Setting next_dagrun for daily_summary to 2025-10-23 00:00:00+00:00, run_after=2025-10-24 00:00:00+00:00
[2025-10-24T22:30:02.250+0000] {processor.py:183} INFO - Processing /opt/airflow/dags/daily_summary.py took 0.121 seconds
[2025-10-24T22:30:32.484+0000] {processor.py:161} INFO - Started process (PID=2486) to work on /opt/airflow/dags/daily_summary.py
[2025-10-24T22:30:32.485+0000] {processor.py:830} INFO - Processing file /opt/airflow/dags/daily_summary.py for tasks to queue
[2025-10-24T22:30:32.486+0000] {logging_mixin.py:188} INFO - [2025-10-24T22:30:32.485+0000] {dagbag.py:538} INFO - Filling up the DagBag from /opt/airflow/dags/daily_summary.py
[2025-10-24T22:30:32.542+0000] {processor.py:840} INFO - DAG(s) 'daily_summary' retrieved from /opt/airflow/dags/daily_summary.py
[2025-10-24T22:30:32.562+0000] {logging_mixin.py:188} INFO - [2025-10-24T22:30:32.561+0000] {dag.py:3036} INFO - Sync 1 DAGs
[2025-10-24T22:30:32.578+0000] {logging_mixin.py:188} INFO - [2025-10-24T22:30:32.577+0000] {dag.py:3823} INFO - Setting next_dagrun for daily_summary to 2025-10-23 00:00:00+00:00, run_after=2025-10-24 00:00:00+00:00
[2025-10-24T22:30:32.595+0000] {processor.py:183} INFO - Processing /opt/airflow/dags/daily_summary.py took 0.113 seconds
[2025-10-24T22:31:02.793+0000] {processor.py:161} INFO - Started process (PID=2491) to work on /opt/airflow/dags/daily_summary.py
[2025-10-24T22:31:02.794+0000] {processor.py:830} INFO - Processing file /opt/airflow/dags/daily_summary.py for tasks to queue
[2025-10-24T22:31:02.795+0000] {logging_mixin.py:188} INFO - [2025-10-24T22:31:02.795+0000] {dagbag.py:538} INFO - Filling up the DagBag from /opt/airflow/dags/daily_summary.py
[2025-10-24T22:31:02.850+0000] {processor.py:840} INFO - DAG(s) 'daily_summary' retrieved from /opt/airflow/dags/daily_summary.py
[2025-10-24T22:31:02.870+0000] {logging_mixin.py:188} INFO - [2025-10-24T22:31:02.870+0000] {dag.py:3036} INFO - Sync 1 DAGs
[2025-10-24T22:31:02.886+0000] {logging_mixin.py:188} INFO - [2025-10-24T22:31:02.886+0000] {dag.py:3823} INFO - Setting next_dagrun for daily_summary to 2025-10-23 00:00:00+00:00, run_after=2025-10-24 00:00:00+00:00
[2025-10-24T22:31:02.902+0000] {processor.py:183} INFO - Processing /opt/airflow/dags/daily_summary.py took 0.112 seconds
[2025-10-24T22:31:33.204+0000] {processor.py:161} INFO - Started process (PID=2496) to work on /opt/airflow/dags/daily_summary.py
[2025-10-24T22:31:33.204+0000] {processor.py:830} INFO - Processing file /opt/airflow/dags/daily_summary.py for tasks to queue
[2025-10-24T22:31:33.205+0000] {logging_mixin.py:188} INFO - [2025-10-24T22:31:33.205+0000] {dagbag.py:538} INFO - Filling up the DagBag from /opt/airflow/dags/daily_summary.py
[2025-10-24T22:31:33.258+0000] {processor.py:840} INFO - DAG(s) 'daily_summary' retrieved from /opt/airflow/dags/daily_summary.py
[2025-10-24T22:31:33.278+0000] {logging_mixin.py:188} INFO - [2025-10-24T22:31:33.278+0000] {dag.py:3036} INFO - Sync 1 DAGs
[2025-10-24T22:31:33.293+0000] {logging_mixin.py:188} INFO - [2025-10-24T22:31:33.293+0000] {dag.py:3823} INFO - Setting next_dagrun for daily_summary to 2025-10-23 00:00:00+00:00, run_after=2025-10-24 00:00:00+00:00
[2025-10-24T22:31:33.311+0000] {processor.py:183} INFO - Processing /opt/airflow/dags/daily_summary.py took 0.110 seconds
[2025-10-24T22:32:03.518+0000] {processor.py:161} INFO - Started process (PID=2501) to work on /opt/airflow/dags/daily_summary.py
[2025-10-24T22:32:03.519+0000] {processor.py:830} INFO - Processing file /opt/airflow/dags/daily_summary.py for tasks to queue
[2025-10-24T22:32:03.520+0000] {logging_mixin.py:188} INFO - [2025-10-24T22:32:03.520+0000] {dagbag.py:538} INFO - Filling up the DagBag from /opt/airflow/dags/daily_summary.py
[2025-10-24T22:32:03.575+0000] {processor.py:840} INFO - DAG(s) 'daily_summary' retrieved from /opt/airflow/dags/daily_summary.py
[2025-10-24T22:32:03.598+0000] {logging_mixin.py:188} INFO - [2025-10-24T22:32:03.597+0000] {dag.py:3036} INFO - Sync 1 DAGs
[2025-10-24T22:32:03.616+0000] {logging_mixin.py:188} INFO - [2025-10-24T22:32:03.616+0000] {dag.py:3823} INFO - Setting next_dagrun for daily_summary to 2025-10-23 00:00:00+00:00, run_after=2025-10-24 00:00:00+00:00
[2025-10-24T22:32:03.632+0000] {processor.py:183} INFO - Processing /opt/airflow/dags/daily_summary.py took 0.117 seconds
[2025-10-24T22:32:33.957+0000] {processor.py:161} INFO - Started process (PID=2506) to work on /opt/airflow/dags/daily_summary.py
[2025-10-24T22:32:33.958+0000] {processor.py:830} INFO - Processing file /opt/airflow/dags/daily_summary.py for tasks to queue
[2025-10-24T22:32:33.959+0000] {logging_mixin.py:188} INFO - [2025-10-24T22:32:33.958+0000] {dagbag.py:538} INFO - Filling up the DagBag from /opt/airflow/dags/daily_summary.py
[2025-10-24T22:32:34.017+0000] {processor.py:840} INFO - DAG(s) 'daily_summary' retrieved from /opt/airflow/dags/daily_summary.py
[2025-10-24T22:32:34.041+0000] {logging_mixin.py:188} INFO - [2025-10-24T22:32:34.041+0000] {dag.py:3036} INFO - Sync 1 DAGs
[2025-10-24T22:32:34.064+0000] {logging_mixin.py:188} INFO - [2025-10-24T22:32:34.064+0000] {dag.py:3823} INFO - Setting next_dagrun for daily_summary to 2025-10-23 00:00:00+00:00, run_after=2025-10-24 00:00:00+00:00
[2025-10-24T22:32:34.081+0000] {processor.py:183} INFO - Processing /opt/airflow/dags/daily_summary.py took 0.127 seconds
[2025-10-24T22:33:04.304+0000] {processor.py:161} INFO - Started process (PID=2511) to work on /opt/airflow/dags/daily_summary.py
[2025-10-24T22:33:04.305+0000] {processor.py:830} INFO - Processing file /opt/airflow/dags/daily_summary.py for tasks to queue
[2025-10-24T22:33:04.306+0000] {logging_mixin.py:188} INFO - [2025-10-24T22:33:04.306+0000] {dagbag.py:538} INFO - Filling up the DagBag from /opt/airflow/dags/daily_summary.py
[2025-10-24T22:33:04.365+0000] {processor.py:840} INFO - DAG(s) 'daily_summary' retrieved from /opt/airflow/dags/daily_summary.py
[2025-10-24T22:33:04.387+0000] {logging_mixin.py:188} INFO - [2025-10-24T22:33:04.387+0000] {dag.py:3036} INFO - Sync 1 DAGs
[2025-10-24T22:33:04.406+0000] {logging_mixin.py:188} INFO - [2025-10-24T22:33:04.405+0000] {dag.py:3823} INFO - Setting next_dagrun for daily_summary to 2025-10-23 00:00:00+00:00, run_after=2025-10-24 00:00:00+00:00
[2025-10-24T22:33:04.425+0000] {processor.py:183} INFO - Processing /opt/airflow/dags/daily_summary.py took 0.125 seconds
[2025-10-24T22:33:34.764+0000] {processor.py:161} INFO - Started process (PID=2516) to work on /opt/airflow/dags/daily_summary.py
[2025-10-24T22:33:34.765+0000] {processor.py:830} INFO - Processing file /opt/airflow/dags/daily_summary.py for tasks to queue
[2025-10-24T22:33:34.766+0000] {logging_mixin.py:188} INFO - [2025-10-24T22:33:34.765+0000] {dagbag.py:538} INFO - Filling up the DagBag from /opt/airflow/dags/daily_summary.py
[2025-10-24T22:33:34.821+0000] {processor.py:840} INFO - DAG(s) 'daily_summary' retrieved from /opt/airflow/dags/daily_summary.py
[2025-10-24T22:33:34.844+0000] {logging_mixin.py:188} INFO - [2025-10-24T22:33:34.844+0000] {dag.py:3036} INFO - Sync 1 DAGs
[2025-10-24T22:33:34.862+0000] {logging_mixin.py:188} INFO - [2025-10-24T22:33:34.862+0000] {dag.py:3823} INFO - Setting next_dagrun for daily_summary to 2025-10-23 00:00:00+00:00, run_after=2025-10-24 00:00:00+00:00
[2025-10-24T22:33:34.879+0000] {processor.py:183} INFO - Processing /opt/airflow/dags/daily_summary.py took 0.117 seconds
[2025-10-24T22:34:05.096+0000] {processor.py:161} INFO - Started process (PID=2521) to work on /opt/airflow/dags/daily_summary.py
[2025-10-24T22:34:05.097+0000] {processor.py:830} INFO - Processing file /opt/airflow/dags/daily_summary.py for tasks to queue
[2025-10-24T22:34:05.097+0000] {logging_mixin.py:188} INFO - [2025-10-24T22:34:05.097+0000] {dagbag.py:538} INFO - Filling up the DagBag from /opt/airflow/dags/daily_summary.py
[2025-10-24T22:34:05.150+0000] {processor.py:840} INFO - DAG(s) 'daily_summary' retrieved from /opt/airflow/dags/daily_summary.py
[2025-10-24T22:34:05.171+0000] {logging_mixin.py:188} INFO - [2025-10-24T22:34:05.171+0000] {dag.py:3036} INFO - Sync 1 DAGs
[2025-10-24T22:34:05.189+0000] {logging_mixin.py:188} INFO - [2025-10-24T22:34:05.189+0000] {dag.py:3823} INFO - Setting next_dagrun for daily_summary to 2025-10-23 00:00:00+00:00, run_after=2025-10-24 00:00:00+00:00
[2025-10-24T22:34:05.208+0000] {processor.py:183} INFO - Processing /opt/airflow/dags/daily_summary.py took 0.115 seconds
[2025-10-24T22:34:35.415+0000] {processor.py:161} INFO - Started process (PID=2526) to work on /opt/airflow/dags/daily_summary.py
[2025-10-24T22:34:35.416+0000] {processor.py:830} INFO - Processing file /opt/airflow/dags/daily_summary.py for tasks to queue
[2025-10-24T22:34:35.417+0000] {logging_mixin.py:188} INFO - [2025-10-24T22:34:35.416+0000] {dagbag.py:538} INFO - Filling up the DagBag from /opt/airflow/dags/daily_summary.py
[2025-10-24T22:34:35.469+0000] {processor.py:840} INFO - DAG(s) 'daily_summary' retrieved from /opt/airflow/dags/daily_summary.py
[2025-10-24T22:34:35.489+0000] {logging_mixin.py:188} INFO - [2025-10-24T22:34:35.489+0000] {dag.py:3036} INFO - Sync 1 DAGs
[2025-10-24T22:34:35.506+0000] {logging_mixin.py:188} INFO - [2025-10-24T22:34:35.506+0000] {dag.py:3823} INFO - Setting next_dagrun for daily_summary to 2025-10-23 00:00:00+00:00, run_after=2025-10-24 00:00:00+00:00
[2025-10-24T22:34:35.532+0000] {processor.py:183} INFO - Processing /opt/airflow/dags/daily_summary.py took 0.120 seconds
[2025-10-24T22:35:05.848+0000] {processor.py:161} INFO - Started process (PID=2531) to work on /opt/airflow/dags/daily_summary.py
[2025-10-24T22:35:05.849+0000] {processor.py:830} INFO - Processing file /opt/airflow/dags/daily_summary.py for tasks to queue
[2025-10-24T22:35:05.850+0000] {logging_mixin.py:188} INFO - [2025-10-24T22:35:05.850+0000] {dagbag.py:538} INFO - Filling up the DagBag from /opt/airflow/dags/daily_summary.py
[2025-10-24T22:35:05.902+0000] {processor.py:840} INFO - DAG(s) 'daily_summary' retrieved from /opt/airflow/dags/daily_summary.py
[2025-10-24T22:35:05.925+0000] {logging_mixin.py:188} INFO - [2025-10-24T22:35:05.925+0000] {dag.py:3036} INFO - Sync 1 DAGs
[2025-10-24T22:35:05.942+0000] {logging_mixin.py:188} INFO - [2025-10-24T22:35:05.942+0000] {dag.py:3823} INFO - Setting next_dagrun for daily_summary to 2025-10-23 00:00:00+00:00, run_after=2025-10-24 00:00:00+00:00
[2025-10-24T22:35:05.971+0000] {processor.py:183} INFO - Processing /opt/airflow/dags/daily_summary.py took 0.125 seconds
[2025-10-24T22:35:36.184+0000] {processor.py:161} INFO - Started process (PID=2536) to work on /opt/airflow/dags/daily_summary.py
[2025-10-24T22:35:36.185+0000] {processor.py:830} INFO - Processing file /opt/airflow/dags/daily_summary.py for tasks to queue
[2025-10-24T22:35:36.186+0000] {logging_mixin.py:188} INFO - [2025-10-24T22:35:36.186+0000] {dagbag.py:538} INFO - Filling up the DagBag from /opt/airflow/dags/daily_summary.py
[2025-10-24T22:35:36.241+0000] {processor.py:840} INFO - DAG(s) 'daily_summary' retrieved from /opt/airflow/dags/daily_summary.py
[2025-10-24T22:35:36.263+0000] {logging_mixin.py:188} INFO - [2025-10-24T22:35:36.263+0000] {dag.py:3036} INFO - Sync 1 DAGs
[2025-10-24T22:35:36.280+0000] {logging_mixin.py:188} INFO - [2025-10-24T22:35:36.280+0000] {dag.py:3823} INFO - Setting next_dagrun for daily_summary to 2025-10-23 00:00:00+00:00, run_after=2025-10-24 00:00:00+00:00
[2025-10-24T22:35:36.309+0000] {processor.py:183} INFO - Processing /opt/airflow/dags/daily_summary.py took 0.128 seconds
[2025-10-24T22:36:06.545+0000] {processor.py:161} INFO - Started process (PID=2541) to work on /opt/airflow/dags/daily_summary.py
[2025-10-24T22:36:06.546+0000] {processor.py:830} INFO - Processing file /opt/airflow/dags/daily_summary.py for tasks to queue
[2025-10-24T22:36:06.547+0000] {logging_mixin.py:188} INFO - [2025-10-24T22:36:06.546+0000] {dagbag.py:538} INFO - Filling up the DagBag from /opt/airflow/dags/daily_summary.py
[2025-10-24T22:36:06.603+0000] {processor.py:840} INFO - DAG(s) 'daily_summary' retrieved from /opt/airflow/dags/daily_summary.py
[2025-10-24T22:36:06.625+0000] {logging_mixin.py:188} INFO - [2025-10-24T22:36:06.625+0000] {dag.py:3036} INFO - Sync 1 DAGs
[2025-10-24T22:36:06.644+0000] {logging_mixin.py:188} INFO - [2025-10-24T22:36:06.644+0000] {dag.py:3823} INFO - Setting next_dagrun for daily_summary to 2025-10-23 00:00:00+00:00, run_after=2025-10-24 00:00:00+00:00
[2025-10-24T22:36:06.672+0000] {processor.py:183} INFO - Processing /opt/airflow/dags/daily_summary.py took 0.130 seconds
[2025-10-24T22:36:36.836+0000] {processor.py:161} INFO - Started process (PID=2546) to work on /opt/airflow/dags/daily_summary.py
[2025-10-24T22:36:36.837+0000] {processor.py:830} INFO - Processing file /opt/airflow/dags/daily_summary.py for tasks to queue
[2025-10-24T22:36:36.838+0000] {logging_mixin.py:188} INFO - [2025-10-24T22:36:36.837+0000] {dagbag.py:538} INFO - Filling up the DagBag from /opt/airflow/dags/daily_summary.py
[2025-10-24T22:36:36.891+0000] {processor.py:840} INFO - DAG(s) 'daily_summary' retrieved from /opt/airflow/dags/daily_summary.py
[2025-10-24T22:36:36.915+0000] {logging_mixin.py:188} INFO - [2025-10-24T22:36:36.915+0000] {dag.py:3036} INFO - Sync 1 DAGs
[2025-10-24T22:36:36.933+0000] {logging_mixin.py:188} INFO - [2025-10-24T22:36:36.933+0000] {dag.py:3823} INFO - Setting next_dagrun for daily_summary to 2025-10-23 00:00:00+00:00, run_after=2025-10-24 00:00:00+00:00
[2025-10-24T22:36:36.958+0000] {processor.py:183} INFO - Processing /opt/airflow/dags/daily_summary.py took 0.124 seconds
[2025-10-24T22:37:07.287+0000] {processor.py:161} INFO - Started process (PID=2551) to work on /opt/airflow/dags/daily_summary.py
[2025-10-24T22:37:07.287+0000] {processor.py:830} INFO - Processing file /opt/airflow/dags/daily_summary.py for tasks to queue
[2025-10-24T22:37:07.288+0000] {logging_mixin.py:188} INFO - [2025-10-24T22:37:07.288+0000] {dagbag.py:538} INFO - Filling up the DagBag from /opt/airflow/dags/daily_summary.py
[2025-10-24T22:37:07.342+0000] {processor.py:840} INFO - DAG(s) 'daily_summary' retrieved from /opt/airflow/dags/daily_summary.py
[2025-10-24T22:37:07.374+0000] {logging_mixin.py:188} INFO - [2025-10-24T22:37:07.374+0000] {dag.py:3036} INFO - Sync 1 DAGs
[2025-10-24T22:37:07.390+0000] {logging_mixin.py:188} INFO - [2025-10-24T22:37:07.390+0000] {dag.py:3823} INFO - Setting next_dagrun for daily_summary to 2025-10-23 00:00:00+00:00, run_after=2025-10-24 00:00:00+00:00
[2025-10-24T22:37:07.410+0000] {processor.py:183} INFO - Processing /opt/airflow/dags/daily_summary.py took 0.125 seconds
[2025-10-24T22:37:37.617+0000] {processor.py:161} INFO - Started process (PID=2556) to work on /opt/airflow/dags/daily_summary.py
[2025-10-24T22:37:37.618+0000] {processor.py:830} INFO - Processing file /opt/airflow/dags/daily_summary.py for tasks to queue
[2025-10-24T22:37:37.619+0000] {logging_mixin.py:188} INFO - [2025-10-24T22:37:37.619+0000] {dagbag.py:538} INFO - Filling up the DagBag from /opt/airflow/dags/daily_summary.py
[2025-10-24T22:37:37.672+0000] {processor.py:840} INFO - DAG(s) 'daily_summary' retrieved from /opt/airflow/dags/daily_summary.py
[2025-10-24T22:37:37.693+0000] {logging_mixin.py:188} INFO - [2025-10-24T22:37:37.692+0000] {dag.py:3036} INFO - Sync 1 DAGs
[2025-10-24T22:37:37.708+0000] {logging_mixin.py:188} INFO - [2025-10-24T22:37:37.708+0000] {dag.py:3823} INFO - Setting next_dagrun for daily_summary to 2025-10-23 00:00:00+00:00, run_after=2025-10-24 00:00:00+00:00
[2025-10-24T22:37:37.723+0000] {processor.py:183} INFO - Processing /opt/airflow/dags/daily_summary.py took 0.109 seconds
[2025-10-24T22:38:08.073+0000] {processor.py:161} INFO - Started process (PID=2561) to work on /opt/airflow/dags/daily_summary.py
[2025-10-24T22:38:08.074+0000] {processor.py:830} INFO - Processing file /opt/airflow/dags/daily_summary.py for tasks to queue
[2025-10-24T22:38:08.075+0000] {logging_mixin.py:188} INFO - [2025-10-24T22:38:08.074+0000] {dagbag.py:538} INFO - Filling up the DagBag from /opt/airflow/dags/daily_summary.py
[2025-10-24T22:38:08.129+0000] {processor.py:840} INFO - DAG(s) 'daily_summary' retrieved from /opt/airflow/dags/daily_summary.py
[2025-10-24T22:38:08.149+0000] {logging_mixin.py:188} INFO - [2025-10-24T22:38:08.148+0000] {dag.py:3036} INFO - Sync 1 DAGs
[2025-10-24T22:38:08.164+0000] {logging_mixin.py:188} INFO - [2025-10-24T22:38:08.164+0000] {dag.py:3823} INFO - Setting next_dagrun for daily_summary to 2025-10-23 00:00:00+00:00, run_after=2025-10-24 00:00:00+00:00
[2025-10-24T22:38:08.184+0000] {processor.py:183} INFO - Processing /opt/airflow/dags/daily_summary.py took 0.114 seconds
[2025-10-24T22:38:38.414+0000] {processor.py:161} INFO - Started process (PID=2566) to work on /opt/airflow/dags/daily_summary.py
[2025-10-24T22:38:38.415+0000] {processor.py:830} INFO - Processing file /opt/airflow/dags/daily_summary.py for tasks to queue
[2025-10-24T22:38:38.416+0000] {logging_mixin.py:188} INFO - [2025-10-24T22:38:38.415+0000] {dagbag.py:538} INFO - Filling up the DagBag from /opt/airflow/dags/daily_summary.py
[2025-10-24T22:38:38.471+0000] {processor.py:840} INFO - DAG(s) 'daily_summary' retrieved from /opt/airflow/dags/daily_summary.py
[2025-10-24T22:38:38.493+0000] {logging_mixin.py:188} INFO - [2025-10-24T22:38:38.493+0000] {dag.py:3036} INFO - Sync 1 DAGs
[2025-10-24T22:38:38.511+0000] {logging_mixin.py:188} INFO - [2025-10-24T22:38:38.511+0000] {dag.py:3823} INFO - Setting next_dagrun for daily_summary to 2025-10-23 00:00:00+00:00, run_after=2025-10-24 00:00:00+00:00
[2025-10-24T22:38:38.539+0000] {processor.py:183} INFO - Processing /opt/airflow/dags/daily_summary.py took 0.127 seconds
[2025-10-24T22:39:08.795+0000] {processor.py:161} INFO - Started process (PID=2571) to work on /opt/airflow/dags/daily_summary.py
[2025-10-24T22:39:08.795+0000] {processor.py:830} INFO - Processing file /opt/airflow/dags/daily_summary.py for tasks to queue
[2025-10-24T22:39:08.796+0000] {logging_mixin.py:188} INFO - [2025-10-24T22:39:08.796+0000] {dagbag.py:538} INFO - Filling up the DagBag from /opt/airflow/dags/daily_summary.py
[2025-10-24T22:39:08.854+0000] {processor.py:840} INFO - DAG(s) 'daily_summary' retrieved from /opt/airflow/dags/daily_summary.py
[2025-10-24T22:39:08.873+0000] {logging_mixin.py:188} INFO - [2025-10-24T22:39:08.873+0000] {dag.py:3036} INFO - Sync 1 DAGs
[2025-10-24T22:39:08.889+0000] {logging_mixin.py:188} INFO - [2025-10-24T22:39:08.889+0000] {dag.py:3823} INFO - Setting next_dagrun for daily_summary to 2025-10-23 00:00:00+00:00, run_after=2025-10-24 00:00:00+00:00
[2025-10-24T22:39:08.917+0000] {processor.py:183} INFO - Processing /opt/airflow/dags/daily_summary.py took 0.125 seconds
[2025-10-24T22:39:39.133+0000] {processor.py:161} INFO - Started process (PID=2576) to work on /opt/airflow/dags/daily_summary.py
[2025-10-24T22:39:39.134+0000] {processor.py:830} INFO - Processing file /opt/airflow/dags/daily_summary.py for tasks to queue
[2025-10-24T22:39:39.135+0000] {logging_mixin.py:188} INFO - [2025-10-24T22:39:39.135+0000] {dagbag.py:538} INFO - Filling up the DagBag from /opt/airflow/dags/daily_summary.py
[2025-10-24T22:39:39.187+0000] {processor.py:840} INFO - DAG(s) 'daily_summary' retrieved from /opt/airflow/dags/daily_summary.py
[2025-10-24T22:39:39.211+0000] {logging_mixin.py:188} INFO - [2025-10-24T22:39:39.211+0000] {dag.py:3036} INFO - Sync 1 DAGs
[2025-10-24T22:39:39.228+0000] {logging_mixin.py:188} INFO - [2025-10-24T22:39:39.228+0000] {dag.py:3823} INFO - Setting next_dagrun for daily_summary to 2025-10-23 00:00:00+00:00, run_after=2025-10-24 00:00:00+00:00
[2025-10-24T22:39:39.255+0000] {processor.py:183} INFO - Processing /opt/airflow/dags/daily_summary.py took 0.125 seconds
[2025-10-24T22:40:09.569+0000] {processor.py:161} INFO - Started process (PID=2581) to work on /opt/airflow/dags/daily_summary.py
[2025-10-24T22:40:09.570+0000] {processor.py:830} INFO - Processing file /opt/airflow/dags/daily_summary.py for tasks to queue
[2025-10-24T22:40:09.571+0000] {logging_mixin.py:188} INFO - [2025-10-24T22:40:09.571+0000] {dagbag.py:538} INFO - Filling up the DagBag from /opt/airflow/dags/daily_summary.py
[2025-10-24T22:40:09.627+0000] {processor.py:840} INFO - DAG(s) 'daily_summary' retrieved from /opt/airflow/dags/daily_summary.py
[2025-10-24T22:40:09.647+0000] {logging_mixin.py:188} INFO - [2025-10-24T22:40:09.647+0000] {dag.py:3036} INFO - Sync 1 DAGs
[2025-10-24T22:40:09.667+0000] {logging_mixin.py:188} INFO - [2025-10-24T22:40:09.667+0000] {dag.py:3823} INFO - Setting next_dagrun for daily_summary to 2025-10-23 00:00:00+00:00, run_after=2025-10-24 00:00:00+00:00
[2025-10-24T22:40:09.694+0000] {processor.py:183} INFO - Processing /opt/airflow/dags/daily_summary.py took 0.127 seconds
[2025-10-24T22:40:39.867+0000] {processor.py:161} INFO - Started process (PID=2586) to work on /opt/airflow/dags/daily_summary.py
[2025-10-24T22:40:39.868+0000] {processor.py:830} INFO - Processing file /opt/airflow/dags/daily_summary.py for tasks to queue
[2025-10-24T22:40:39.869+0000] {logging_mixin.py:188} INFO - [2025-10-24T22:40:39.869+0000] {dagbag.py:538} INFO - Filling up the DagBag from /opt/airflow/dags/daily_summary.py
[2025-10-24T22:40:39.929+0000] {processor.py:840} INFO - DAG(s) 'daily_summary' retrieved from /opt/airflow/dags/daily_summary.py
[2025-10-24T22:40:39.953+0000] {logging_mixin.py:188} INFO - [2025-10-24T22:40:39.953+0000] {dag.py:3036} INFO - Sync 1 DAGs
[2025-10-24T22:40:39.972+0000] {logging_mixin.py:188} INFO - [2025-10-24T22:40:39.972+0000] {dag.py:3823} INFO - Setting next_dagrun for daily_summary to 2025-10-23 00:00:00+00:00, run_after=2025-10-24 00:00:00+00:00
[2025-10-24T22:40:39.999+0000] {processor.py:183} INFO - Processing /opt/airflow/dags/daily_summary.py took 0.135 seconds
[2025-10-24T22:41:10.300+0000] {processor.py:161} INFO - Started process (PID=2591) to work on /opt/airflow/dags/daily_summary.py
[2025-10-24T22:41:10.301+0000] {processor.py:830} INFO - Processing file /opt/airflow/dags/daily_summary.py for tasks to queue
[2025-10-24T22:41:10.301+0000] {logging_mixin.py:188} INFO - [2025-10-24T22:41:10.301+0000] {dagbag.py:538} INFO - Filling up the DagBag from /opt/airflow/dags/daily_summary.py
[2025-10-24T22:41:10.354+0000] {processor.py:840} INFO - DAG(s) 'daily_summary' retrieved from /opt/airflow/dags/daily_summary.py
[2025-10-24T22:41:10.376+0000] {logging_mixin.py:188} INFO - [2025-10-24T22:41:10.376+0000] {dag.py:3036} INFO - Sync 1 DAGs
[2025-10-24T22:41:10.393+0000] {logging_mixin.py:188} INFO - [2025-10-24T22:41:10.393+0000] {dag.py:3823} INFO - Setting next_dagrun for daily_summary to 2025-10-23 00:00:00+00:00, run_after=2025-10-24 00:00:00+00:00
[2025-10-24T22:41:10.412+0000] {processor.py:183} INFO - Processing /opt/airflow/dags/daily_summary.py took 0.115 seconds
[2025-10-24T22:41:40.628+0000] {processor.py:161} INFO - Started process (PID=2596) to work on /opt/airflow/dags/daily_summary.py
[2025-10-24T22:41:40.629+0000] {processor.py:830} INFO - Processing file /opt/airflow/dags/daily_summary.py for tasks to queue
[2025-10-24T22:41:40.630+0000] {logging_mixin.py:188} INFO - [2025-10-24T22:41:40.629+0000] {dagbag.py:538} INFO - Filling up the DagBag from /opt/airflow/dags/daily_summary.py
[2025-10-24T22:41:40.690+0000] {processor.py:840} INFO - DAG(s) 'daily_summary' retrieved from /opt/airflow/dags/daily_summary.py
[2025-10-24T22:41:40.715+0000] {logging_mixin.py:188} INFO - [2025-10-24T22:41:40.714+0000] {dag.py:3036} INFO - Sync 1 DAGs
[2025-10-24T22:41:40.734+0000] {logging_mixin.py:188} INFO - [2025-10-24T22:41:40.733+0000] {dag.py:3823} INFO - Setting next_dagrun for daily_summary to 2025-10-23 00:00:00+00:00, run_after=2025-10-24 00:00:00+00:00
[2025-10-24T22:41:40.753+0000] {processor.py:183} INFO - Processing /opt/airflow/dags/daily_summary.py took 0.128 seconds
[2025-10-24T22:42:11.050+0000] {processor.py:161} INFO - Started process (PID=2601) to work on /opt/airflow/dags/daily_summary.py
[2025-10-24T22:42:11.050+0000] {processor.py:830} INFO - Processing file /opt/airflow/dags/daily_summary.py for tasks to queue
[2025-10-24T22:42:11.051+0000] {logging_mixin.py:188} INFO - [2025-10-24T22:42:11.051+0000] {dagbag.py:538} INFO - Filling up the DagBag from /opt/airflow/dags/daily_summary.py
[2025-10-24T22:42:11.102+0000] {processor.py:840} INFO - DAG(s) 'daily_summary' retrieved from /opt/airflow/dags/daily_summary.py
[2025-10-24T22:42:11.123+0000] {logging_mixin.py:188} INFO - [2025-10-24T22:42:11.123+0000] {dag.py:3036} INFO - Sync 1 DAGs
[2025-10-24T22:42:11.139+0000] {logging_mixin.py:188} INFO - [2025-10-24T22:42:11.139+0000] {dag.py:3823} INFO - Setting next_dagrun for daily_summary to 2025-10-23 00:00:00+00:00, run_after=2025-10-24 00:00:00+00:00
[2025-10-24T22:42:11.165+0000] {processor.py:183} INFO - Processing /opt/airflow/dags/daily_summary.py took 0.118 seconds
[2025-10-24T22:42:41.393+0000] {processor.py:161} INFO - Started process (PID=2606) to work on /opt/airflow/dags/daily_summary.py
[2025-10-24T22:42:41.394+0000] {processor.py:830} INFO - Processing file /opt/airflow/dags/daily_summary.py for tasks to queue
[2025-10-24T22:42:41.395+0000] {logging_mixin.py:188} INFO - [2025-10-24T22:42:41.395+0000] {dagbag.py:538} INFO - Filling up the DagBag from /opt/airflow/dags/daily_summary.py
[2025-10-24T22:42:41.449+0000] {processor.py:840} INFO - DAG(s) 'daily_summary' retrieved from /opt/airflow/dags/daily_summary.py
[2025-10-24T22:42:41.470+0000] {logging_mixin.py:188} INFO - [2025-10-24T22:42:41.470+0000] {dag.py:3036} INFO - Sync 1 DAGs
[2025-10-24T22:42:41.485+0000] {logging_mixin.py:188} INFO - [2025-10-24T22:42:41.485+0000] {dag.py:3823} INFO - Setting next_dagrun for daily_summary to 2025-10-23 00:00:00+00:00, run_after=2025-10-24 00:00:00+00:00
[2025-10-24T22:42:41.504+0000] {processor.py:183} INFO - Processing /opt/airflow/dags/daily_summary.py took 0.113 seconds
[2025-10-24T22:43:11.828+0000] {processor.py:161} INFO - Started process (PID=2611) to work on /opt/airflow/dags/daily_summary.py
[2025-10-24T22:43:11.829+0000] {processor.py:830} INFO - Processing file /opt/airflow/dags/daily_summary.py for tasks to queue
[2025-10-24T22:43:11.830+0000] {logging_mixin.py:188} INFO - [2025-10-24T22:43:11.830+0000] {dagbag.py:538} INFO - Filling up the DagBag from /opt/airflow/dags/daily_summary.py
[2025-10-24T22:43:11.882+0000] {processor.py:840} INFO - DAG(s) 'daily_summary' retrieved from /opt/airflow/dags/daily_summary.py
[2025-10-24T22:43:11.904+0000] {logging_mixin.py:188} INFO - [2025-10-24T22:43:11.904+0000] {dag.py:3036} INFO - Sync 1 DAGs
[2025-10-24T22:43:11.920+0000] {logging_mixin.py:188} INFO - [2025-10-24T22:43:11.920+0000] {dag.py:3823} INFO - Setting next_dagrun for daily_summary to 2025-10-23 00:00:00+00:00, run_after=2025-10-24 00:00:00+00:00
[2025-10-24T22:43:11.946+0000] {processor.py:183} INFO - Processing /opt/airflow/dags/daily_summary.py took 0.120 seconds
[2025-10-24T22:43:42.120+0000] {processor.py:161} INFO - Started process (PID=2616) to work on /opt/airflow/dags/daily_summary.py
[2025-10-24T22:43:42.121+0000] {processor.py:830} INFO - Processing file /opt/airflow/dags/daily_summary.py for tasks to queue
[2025-10-24T22:43:42.122+0000] {logging_mixin.py:188} INFO - [2025-10-24T22:43:42.122+0000] {dagbag.py:538} INFO - Filling up the DagBag from /opt/airflow/dags/daily_summary.py
[2025-10-24T22:43:42.173+0000] {processor.py:840} INFO - DAG(s) 'daily_summary' retrieved from /opt/airflow/dags/daily_summary.py
[2025-10-24T22:43:42.194+0000] {logging_mixin.py:188} INFO - [2025-10-24T22:43:42.194+0000] {dag.py:3036} INFO - Sync 1 DAGs
[2025-10-24T22:43:42.210+0000] {logging_mixin.py:188} INFO - [2025-10-24T22:43:42.210+0000] {dag.py:3823} INFO - Setting next_dagrun for daily_summary to 2025-10-23 00:00:00+00:00, run_after=2025-10-24 00:00:00+00:00
[2025-10-24T22:43:42.236+0000] {processor.py:183} INFO - Processing /opt/airflow/dags/daily_summary.py took 0.119 seconds
[2025-10-24T22:44:12.468+0000] {processor.py:161} INFO - Started process (PID=2621) to work on /opt/airflow/dags/daily_summary.py
[2025-10-24T22:44:12.469+0000] {processor.py:830} INFO - Processing file /opt/airflow/dags/daily_summary.py for tasks to queue
[2025-10-24T22:44:12.469+0000] {logging_mixin.py:188} INFO - [2025-10-24T22:44:12.469+0000] {dagbag.py:538} INFO - Filling up the DagBag from /opt/airflow/dags/daily_summary.py
[2025-10-24T22:44:12.525+0000] {processor.py:840} INFO - DAG(s) 'daily_summary' retrieved from /opt/airflow/dags/daily_summary.py
[2025-10-24T22:44:12.549+0000] {logging_mixin.py:188} INFO - [2025-10-24T22:44:12.549+0000] {dag.py:3036} INFO - Sync 1 DAGs
[2025-10-24T22:44:12.568+0000] {logging_mixin.py:188} INFO - [2025-10-24T22:44:12.568+0000] {dag.py:3823} INFO - Setting next_dagrun for daily_summary to 2025-10-23 00:00:00+00:00, run_after=2025-10-24 00:00:00+00:00
[2025-10-24T22:44:12.595+0000] {processor.py:183} INFO - Processing /opt/airflow/dags/daily_summary.py took 0.130 seconds
[2025-10-24T22:44:42.910+0000] {processor.py:161} INFO - Started process (PID=2626) to work on /opt/airflow/dags/daily_summary.py
[2025-10-24T22:44:42.911+0000] {processor.py:830} INFO - Processing file /opt/airflow/dags/daily_summary.py for tasks to queue
[2025-10-24T22:44:42.912+0000] {logging_mixin.py:188} INFO - [2025-10-24T22:44:42.912+0000] {dagbag.py:538} INFO - Filling up the DagBag from /opt/airflow/dags/daily_summary.py
[2025-10-24T22:44:42.966+0000] {processor.py:840} INFO - DAG(s) 'daily_summary' retrieved from /opt/airflow/dags/daily_summary.py
[2025-10-24T22:44:42.988+0000] {logging_mixin.py:188} INFO - [2025-10-24T22:44:42.988+0000] {dag.py:3036} INFO - Sync 1 DAGs
[2025-10-24T22:44:43.006+0000] {logging_mixin.py:188} INFO - [2025-10-24T22:44:43.006+0000] {dag.py:3823} INFO - Setting next_dagrun for daily_summary to 2025-10-23 00:00:00+00:00, run_after=2025-10-24 00:00:00+00:00
[2025-10-24T22:44:43.025+0000] {processor.py:183} INFO - Processing /opt/airflow/dags/daily_summary.py took 0.117 seconds
[2025-10-24T22:45:13.227+0000] {processor.py:161} INFO - Started process (PID=2631) to work on /opt/airflow/dags/daily_summary.py
[2025-10-24T22:45:13.228+0000] {processor.py:830} INFO - Processing file /opt/airflow/dags/daily_summary.py for tasks to queue
[2025-10-24T22:45:13.228+0000] {logging_mixin.py:188} INFO - [2025-10-24T22:45:13.228+0000] {dagbag.py:538} INFO - Filling up the DagBag from /opt/airflow/dags/daily_summary.py
[2025-10-24T22:45:13.282+0000] {processor.py:840} INFO - DAG(s) 'daily_summary' retrieved from /opt/airflow/dags/daily_summary.py
[2025-10-24T22:45:13.302+0000] {logging_mixin.py:188} INFO - [2025-10-24T22:45:13.302+0000] {dag.py:3036} INFO - Sync 1 DAGs
[2025-10-24T22:45:13.320+0000] {logging_mixin.py:188} INFO - [2025-10-24T22:45:13.320+0000] {dag.py:3823} INFO - Setting next_dagrun for daily_summary to 2025-10-23 00:00:00+00:00, run_after=2025-10-24 00:00:00+00:00
[2025-10-24T22:45:13.347+0000] {processor.py:183} INFO - Processing /opt/airflow/dags/daily_summary.py took 0.123 seconds
[2025-10-24T22:45:43.681+0000] {processor.py:161} INFO - Started process (PID=2636) to work on /opt/airflow/dags/daily_summary.py
[2025-10-24T22:45:43.682+0000] {processor.py:830} INFO - Processing file /opt/airflow/dags/daily_summary.py for tasks to queue
[2025-10-24T22:45:43.684+0000] {logging_mixin.py:188} INFO - [2025-10-24T22:45:43.684+0000] {dagbag.py:538} INFO - Filling up the DagBag from /opt/airflow/dags/daily_summary.py
[2025-10-24T22:45:43.739+0000] {processor.py:840} INFO - DAG(s) 'daily_summary' retrieved from /opt/airflow/dags/daily_summary.py
[2025-10-24T22:45:43.758+0000] {logging_mixin.py:188} INFO - [2025-10-24T22:45:43.758+0000] {dag.py:3036} INFO - Sync 1 DAGs
[2025-10-24T22:45:43.774+0000] {logging_mixin.py:188} INFO - [2025-10-24T22:45:43.774+0000] {dag.py:3823} INFO - Setting next_dagrun for daily_summary to 2025-10-23 00:00:00+00:00, run_after=2025-10-24 00:00:00+00:00
[2025-10-24T22:45:43.801+0000] {processor.py:183} INFO - Processing /opt/airflow/dags/daily_summary.py took 0.122 seconds
[2025-10-24T22:46:13.996+0000] {processor.py:161} INFO - Started process (PID=2641) to work on /opt/airflow/dags/daily_summary.py
[2025-10-24T22:46:13.997+0000] {processor.py:830} INFO - Processing file /opt/airflow/dags/daily_summary.py for tasks to queue
[2025-10-24T22:46:13.997+0000] {logging_mixin.py:188} INFO - [2025-10-24T22:46:13.997+0000] {dagbag.py:538} INFO - Filling up the DagBag from /opt/airflow/dags/daily_summary.py
[2025-10-24T22:46:14.051+0000] {processor.py:840} INFO - DAG(s) 'daily_summary' retrieved from /opt/airflow/dags/daily_summary.py
[2025-10-24T22:46:14.074+0000] {logging_mixin.py:188} INFO - [2025-10-24T22:46:14.073+0000] {dag.py:3036} INFO - Sync 1 DAGs
[2025-10-24T22:46:14.092+0000] {logging_mixin.py:188} INFO - [2025-10-24T22:46:14.092+0000] {dag.py:3823} INFO - Setting next_dagrun for daily_summary to 2025-10-23 00:00:00+00:00, run_after=2025-10-24 00:00:00+00:00
[2025-10-24T22:46:14.110+0000] {processor.py:183} INFO - Processing /opt/airflow/dags/daily_summary.py took 0.117 seconds
[2025-10-24T22:46:44.357+0000] {processor.py:161} INFO - Started process (PID=2646) to work on /opt/airflow/dags/daily_summary.py
[2025-10-24T22:46:44.358+0000] {processor.py:830} INFO - Processing file /opt/airflow/dags/daily_summary.py for tasks to queue
[2025-10-24T22:46:44.359+0000] {logging_mixin.py:188} INFO - [2025-10-24T22:46:44.359+0000] {dagbag.py:538} INFO - Filling up the DagBag from /opt/airflow/dags/daily_summary.py
[2025-10-24T22:46:44.413+0000] {processor.py:840} INFO - DAG(s) 'daily_summary' retrieved from /opt/airflow/dags/daily_summary.py
[2025-10-24T22:46:44.434+0000] {logging_mixin.py:188} INFO - [2025-10-24T22:46:44.434+0000] {dag.py:3036} INFO - Sync 1 DAGs
[2025-10-24T22:46:44.451+0000] {logging_mixin.py:188} INFO - [2025-10-24T22:46:44.451+0000] {dag.py:3823} INFO - Setting next_dagrun for daily_summary to 2025-10-23 00:00:00+00:00, run_after=2025-10-24 00:00:00+00:00
[2025-10-24T22:46:44.469+0000] {processor.py:183} INFO - Processing /opt/airflow/dags/daily_summary.py took 0.115 seconds
[2025-10-24T22:47:14.710+0000] {processor.py:161} INFO - Started process (PID=2651) to work on /opt/airflow/dags/daily_summary.py
[2025-10-24T22:47:14.711+0000] {processor.py:830} INFO - Processing file /opt/airflow/dags/daily_summary.py for tasks to queue
[2025-10-24T22:47:14.712+0000] {logging_mixin.py:188} INFO - [2025-10-24T22:47:14.712+0000] {dagbag.py:538} INFO - Filling up the DagBag from /opt/airflow/dags/daily_summary.py
[2025-10-24T22:47:14.767+0000] {processor.py:840} INFO - DAG(s) 'daily_summary' retrieved from /opt/airflow/dags/daily_summary.py
[2025-10-24T22:47:14.788+0000] {logging_mixin.py:188} INFO - [2025-10-24T22:47:14.788+0000] {dag.py:3036} INFO - Sync 1 DAGs
[2025-10-24T22:47:14.806+0000] {logging_mixin.py:188} INFO - [2025-10-24T22:47:14.806+0000] {dag.py:3823} INFO - Setting next_dagrun for daily_summary to 2025-10-23 00:00:00+00:00, run_after=2025-10-24 00:00:00+00:00
[2025-10-24T22:47:14.837+0000] {processor.py:183} INFO - Processing /opt/airflow/dags/daily_summary.py took 0.129 seconds
[2025-10-24T22:47:45.085+0000] {processor.py:161} INFO - Started process (PID=2656) to work on /opt/airflow/dags/daily_summary.py
[2025-10-24T22:47:45.086+0000] {processor.py:830} INFO - Processing file /opt/airflow/dags/daily_summary.py for tasks to queue
[2025-10-24T22:47:45.087+0000] {logging_mixin.py:188} INFO - [2025-10-24T22:47:45.086+0000] {dagbag.py:538} INFO - Filling up the DagBag from /opt/airflow/dags/daily_summary.py
[2025-10-24T22:47:45.142+0000] {processor.py:840} INFO - DAG(s) 'daily_summary' retrieved from /opt/airflow/dags/daily_summary.py
[2025-10-24T22:47:45.164+0000] {logging_mixin.py:188} INFO - [2025-10-24T22:47:45.164+0000] {dag.py:3036} INFO - Sync 1 DAGs
[2025-10-24T22:47:45.182+0000] {logging_mixin.py:188} INFO - [2025-10-24T22:47:45.182+0000] {dag.py:3823} INFO - Setting next_dagrun for daily_summary to 2025-10-23 00:00:00+00:00, run_after=2025-10-24 00:00:00+00:00
[2025-10-24T22:47:45.213+0000] {processor.py:183} INFO - Processing /opt/airflow/dags/daily_summary.py took 0.130 seconds
[2025-10-24T22:48:15.443+0000] {processor.py:161} INFO - Started process (PID=2661) to work on /opt/airflow/dags/daily_summary.py
[2025-10-24T22:48:15.443+0000] {processor.py:830} INFO - Processing file /opt/airflow/dags/daily_summary.py for tasks to queue
[2025-10-24T22:48:15.444+0000] {logging_mixin.py:188} INFO - [2025-10-24T22:48:15.444+0000] {dagbag.py:538} INFO - Filling up the DagBag from /opt/airflow/dags/daily_summary.py
[2025-10-24T22:48:15.498+0000] {processor.py:840} INFO - DAG(s) 'daily_summary' retrieved from /opt/airflow/dags/daily_summary.py
[2025-10-24T22:48:15.522+0000] {logging_mixin.py:188} INFO - [2025-10-24T22:48:15.522+0000] {dag.py:3036} INFO - Sync 1 DAGs
[2025-10-24T22:48:15.541+0000] {logging_mixin.py:188} INFO - [2025-10-24T22:48:15.541+0000] {dag.py:3823} INFO - Setting next_dagrun for daily_summary to 2025-10-23 00:00:00+00:00, run_after=2025-10-24 00:00:00+00:00
[2025-10-24T22:48:15.560+0000] {processor.py:183} INFO - Processing /opt/airflow/dags/daily_summary.py took 0.121 seconds
[2025-10-24T22:48:45.897+0000] {processor.py:161} INFO - Started process (PID=2666) to work on /opt/airflow/dags/daily_summary.py
[2025-10-24T22:48:45.898+0000] {processor.py:830} INFO - Processing file /opt/airflow/dags/daily_summary.py for tasks to queue
[2025-10-24T22:48:45.899+0000] {logging_mixin.py:188} INFO - [2025-10-24T22:48:45.898+0000] {dagbag.py:538} INFO - Filling up the DagBag from /opt/airflow/dags/daily_summary.py
[2025-10-24T22:48:45.956+0000] {processor.py:840} INFO - DAG(s) 'daily_summary' retrieved from /opt/airflow/dags/daily_summary.py
[2025-10-24T22:48:45.979+0000] {logging_mixin.py:188} INFO - [2025-10-24T22:48:45.979+0000] {dag.py:3036} INFO - Sync 1 DAGs
[2025-10-24T22:48:45.995+0000] {logging_mixin.py:188} INFO - [2025-10-24T22:48:45.995+0000] {dag.py:3823} INFO - Setting next_dagrun for daily_summary to 2025-10-23 00:00:00+00:00, run_after=2025-10-24 00:00:00+00:00
[2025-10-24T22:48:46.024+0000] {processor.py:183} INFO - Processing /opt/airflow/dags/daily_summary.py took 0.129 seconds
[2025-10-24T22:49:16.239+0000] {processor.py:161} INFO - Started process (PID=2671) to work on /opt/airflow/dags/daily_summary.py
[2025-10-24T22:49:16.240+0000] {processor.py:830} INFO - Processing file /opt/airflow/dags/daily_summary.py for tasks to queue
[2025-10-24T22:49:16.241+0000] {logging_mixin.py:188} INFO - [2025-10-24T22:49:16.240+0000] {dagbag.py:538} INFO - Filling up the DagBag from /opt/airflow/dags/daily_summary.py
[2025-10-24T22:49:16.293+0000] {processor.py:840} INFO - DAG(s) 'daily_summary' retrieved from /opt/airflow/dags/daily_summary.py
[2025-10-24T22:49:16.314+0000] {logging_mixin.py:188} INFO - [2025-10-24T22:49:16.314+0000] {dag.py:3036} INFO - Sync 1 DAGs
[2025-10-24T22:49:16.330+0000] {logging_mixin.py:188} INFO - [2025-10-24T22:49:16.330+0000] {dag.py:3823} INFO - Setting next_dagrun for daily_summary to 2025-10-23 00:00:00+00:00, run_after=2025-10-24 00:00:00+00:00
[2025-10-24T22:49:16.357+0000] {processor.py:183} INFO - Processing /opt/airflow/dags/daily_summary.py took 0.121 seconds
[2025-10-24T22:49:46.688+0000] {processor.py:161} INFO - Started process (PID=2676) to work on /opt/airflow/dags/daily_summary.py
[2025-10-24T22:49:46.688+0000] {processor.py:830} INFO - Processing file /opt/airflow/dags/daily_summary.py for tasks to queue
[2025-10-24T22:49:46.689+0000] {logging_mixin.py:188} INFO - [2025-10-24T22:49:46.689+0000] {dagbag.py:538} INFO - Filling up the DagBag from /opt/airflow/dags/daily_summary.py
[2025-10-24T22:49:46.748+0000] {processor.py:840} INFO - DAG(s) 'daily_summary' retrieved from /opt/airflow/dags/daily_summary.py
[2025-10-24T22:49:46.769+0000] {logging_mixin.py:188} INFO - [2025-10-24T22:49:46.769+0000] {dag.py:3036} INFO - Sync 1 DAGs
[2025-10-24T22:49:46.786+0000] {logging_mixin.py:188} INFO - [2025-10-24T22:49:46.786+0000] {dag.py:3823} INFO - Setting next_dagrun for daily_summary to 2025-10-23 00:00:00+00:00, run_after=2025-10-24 00:00:00+00:00
[2025-10-24T22:49:46.806+0000] {processor.py:183} INFO - Processing /opt/airflow/dags/daily_summary.py took 0.121 seconds
[2025-10-24T22:50:16.992+0000] {processor.py:161} INFO - Started process (PID=2681) to work on /opt/airflow/dags/daily_summary.py
[2025-10-24T22:50:16.993+0000] {processor.py:830} INFO - Processing file /opt/airflow/dags/daily_summary.py for tasks to queue
[2025-10-24T22:50:16.994+0000] {logging_mixin.py:188} INFO - [2025-10-24T22:50:16.994+0000] {dagbag.py:538} INFO - Filling up the DagBag from /opt/airflow/dags/daily_summary.py
[2025-10-24T22:50:17.052+0000] {processor.py:840} INFO - DAG(s) 'daily_summary' retrieved from /opt/airflow/dags/daily_summary.py
[2025-10-24T22:50:17.076+0000] {logging_mixin.py:188} INFO - [2025-10-24T22:50:17.076+0000] {dag.py:3036} INFO - Sync 1 DAGs
[2025-10-24T22:50:17.094+0000] {logging_mixin.py:188} INFO - [2025-10-24T22:50:17.094+0000] {dag.py:3823} INFO - Setting next_dagrun for daily_summary to 2025-10-23 00:00:00+00:00, run_after=2025-10-24 00:00:00+00:00
[2025-10-24T22:50:17.122+0000] {processor.py:183} INFO - Processing /opt/airflow/dags/daily_summary.py took 0.132 seconds
[2025-10-24T22:50:47.408+0000] {processor.py:161} INFO - Started process (PID=2686) to work on /opt/airflow/dags/daily_summary.py
[2025-10-24T22:50:47.408+0000] {processor.py:830} INFO - Processing file /opt/airflow/dags/daily_summary.py for tasks to queue
[2025-10-24T22:50:47.409+0000] {logging_mixin.py:188} INFO - [2025-10-24T22:50:47.409+0000] {dagbag.py:538} INFO - Filling up the DagBag from /opt/airflow/dags/daily_summary.py
[2025-10-24T22:50:47.471+0000] {processor.py:840} INFO - DAG(s) 'daily_summary' retrieved from /opt/airflow/dags/daily_summary.py
[2025-10-24T22:50:47.490+0000] {logging_mixin.py:188} INFO - [2025-10-24T22:50:47.490+0000] {dag.py:3036} INFO - Sync 1 DAGs
[2025-10-24T22:50:47.509+0000] {logging_mixin.py:188} INFO - [2025-10-24T22:50:47.509+0000] {dag.py:3823} INFO - Setting next_dagrun for daily_summary to 2025-10-23 00:00:00+00:00, run_after=2025-10-24 00:00:00+00:00
[2025-10-24T22:50:47.538+0000] {processor.py:183} INFO - Processing /opt/airflow/dags/daily_summary.py took 0.133 seconds
[2025-10-24T22:51:17.761+0000] {processor.py:161} INFO - Started process (PID=2691) to work on /opt/airflow/dags/daily_summary.py
[2025-10-24T22:51:17.762+0000] {processor.py:830} INFO - Processing file /opt/airflow/dags/daily_summary.py for tasks to queue
[2025-10-24T22:51:17.763+0000] {logging_mixin.py:188} INFO - [2025-10-24T22:51:17.763+0000] {dagbag.py:538} INFO - Filling up the DagBag from /opt/airflow/dags/daily_summary.py
[2025-10-24T22:51:17.820+0000] {processor.py:840} INFO - DAG(s) 'daily_summary' retrieved from /opt/airflow/dags/daily_summary.py
[2025-10-24T22:51:17.844+0000] {logging_mixin.py:188} INFO - [2025-10-24T22:51:17.844+0000] {dag.py:3036} INFO - Sync 1 DAGs
[2025-10-24T22:51:17.863+0000] {logging_mixin.py:188} INFO - [2025-10-24T22:51:17.863+0000] {dag.py:3823} INFO - Setting next_dagrun for daily_summary to 2025-10-23 00:00:00+00:00, run_after=2025-10-24 00:00:00+00:00
[2025-10-24T22:51:17.891+0000] {processor.py:183} INFO - Processing /opt/airflow/dags/daily_summary.py took 0.133 seconds
[2025-10-24T22:51:48.078+0000] {processor.py:161} INFO - Started process (PID=2696) to work on /opt/airflow/dags/daily_summary.py
[2025-10-24T22:51:48.079+0000] {processor.py:830} INFO - Processing file /opt/airflow/dags/daily_summary.py for tasks to queue
[2025-10-24T22:51:48.080+0000] {logging_mixin.py:188} INFO - [2025-10-24T22:51:48.080+0000] {dagbag.py:538} INFO - Filling up the DagBag from /opt/airflow/dags/daily_summary.py
[2025-10-24T22:51:48.133+0000] {processor.py:840} INFO - DAG(s) 'daily_summary' retrieved from /opt/airflow/dags/daily_summary.py
[2025-10-24T22:51:48.157+0000] {logging_mixin.py:188} INFO - [2025-10-24T22:51:48.157+0000] {dag.py:3036} INFO - Sync 1 DAGs
[2025-10-24T22:51:48.174+0000] {logging_mixin.py:188} INFO - [2025-10-24T22:51:48.174+0000] {dag.py:3823} INFO - Setting next_dagrun for daily_summary to 2025-10-23 00:00:00+00:00, run_after=2025-10-24 00:00:00+00:00
[2025-10-24T22:51:48.194+0000] {processor.py:183} INFO - Processing /opt/airflow/dags/daily_summary.py took 0.119 seconds
[2025-10-24T22:52:18.332+0000] {processor.py:161} INFO - Started process (PID=2701) to work on /opt/airflow/dags/daily_summary.py
[2025-10-24T22:52:18.333+0000] {processor.py:830} INFO - Processing file /opt/airflow/dags/daily_summary.py for tasks to queue
[2025-10-24T22:52:18.334+0000] {logging_mixin.py:188} INFO - [2025-10-24T22:52:18.333+0000] {dagbag.py:538} INFO - Filling up the DagBag from /opt/airflow/dags/daily_summary.py
[2025-10-24T22:52:18.387+0000] {processor.py:840} INFO - DAG(s) 'daily_summary' retrieved from /opt/airflow/dags/daily_summary.py
[2025-10-24T22:52:18.408+0000] {logging_mixin.py:188} INFO - [2025-10-24T22:52:18.408+0000] {dag.py:3036} INFO - Sync 1 DAGs
[2025-10-24T22:52:18.425+0000] {logging_mixin.py:188} INFO - [2025-10-24T22:52:18.425+0000] {dag.py:3823} INFO - Setting next_dagrun for daily_summary to 2025-10-23 00:00:00+00:00, run_after=2025-10-24 00:00:00+00:00
[2025-10-24T22:52:18.445+0000] {processor.py:183} INFO - Processing /opt/airflow/dags/daily_summary.py took 0.116 seconds
[2025-10-24T22:52:48.674+0000] {processor.py:161} INFO - Started process (PID=2706) to work on /opt/airflow/dags/daily_summary.py
[2025-10-24T22:52:48.674+0000] {processor.py:830} INFO - Processing file /opt/airflow/dags/daily_summary.py for tasks to queue
[2025-10-24T22:52:48.675+0000] {logging_mixin.py:188} INFO - [2025-10-24T22:52:48.675+0000] {dagbag.py:538} INFO - Filling up the DagBag from /opt/airflow/dags/daily_summary.py
[2025-10-24T22:52:48.731+0000] {processor.py:840} INFO - DAG(s) 'daily_summary' retrieved from /opt/airflow/dags/daily_summary.py
[2025-10-24T22:52:48.756+0000] {logging_mixin.py:188} INFO - [2025-10-24T22:52:48.756+0000] {dag.py:3036} INFO - Sync 1 DAGs
[2025-10-24T22:52:48.775+0000] {logging_mixin.py:188} INFO - [2025-10-24T22:52:48.774+0000] {dag.py:3823} INFO - Setting next_dagrun for daily_summary to 2025-10-23 00:00:00+00:00, run_after=2025-10-24 00:00:00+00:00
[2025-10-24T22:52:48.794+0000] {processor.py:183} INFO - Processing /opt/airflow/dags/daily_summary.py took 0.124 seconds
[2025-10-24T22:53:19.099+0000] {processor.py:161} INFO - Started process (PID=2711) to work on /opt/airflow/dags/daily_summary.py
[2025-10-24T22:53:19.100+0000] {processor.py:830} INFO - Processing file /opt/airflow/dags/daily_summary.py for tasks to queue
[2025-10-24T22:53:19.101+0000] {logging_mixin.py:188} INFO - [2025-10-24T22:53:19.100+0000] {dagbag.py:538} INFO - Filling up the DagBag from /opt/airflow/dags/daily_summary.py
[2025-10-24T22:53:19.157+0000] {processor.py:840} INFO - DAG(s) 'daily_summary' retrieved from /opt/airflow/dags/daily_summary.py
[2025-10-24T22:53:19.179+0000] {logging_mixin.py:188} INFO - [2025-10-24T22:53:19.179+0000] {dag.py:3036} INFO - Sync 1 DAGs
[2025-10-24T22:53:19.197+0000] {logging_mixin.py:188} INFO - [2025-10-24T22:53:19.197+0000] {dag.py:3823} INFO - Setting next_dagrun for daily_summary to 2025-10-23 00:00:00+00:00, run_after=2025-10-24 00:00:00+00:00
[2025-10-24T22:53:19.228+0000] {processor.py:183} INFO - Processing /opt/airflow/dags/daily_summary.py took 0.132 seconds
[2025-10-24T22:53:49.415+0000] {processor.py:161} INFO - Started process (PID=2716) to work on /opt/airflow/dags/daily_summary.py
[2025-10-24T22:53:49.416+0000] {processor.py:830} INFO - Processing file /opt/airflow/dags/daily_summary.py for tasks to queue
[2025-10-24T22:53:49.416+0000] {logging_mixin.py:188} INFO - [2025-10-24T22:53:49.416+0000] {dagbag.py:538} INFO - Filling up the DagBag from /opt/airflow/dags/daily_summary.py
[2025-10-24T22:53:49.468+0000] {processor.py:840} INFO - DAG(s) 'daily_summary' retrieved from /opt/airflow/dags/daily_summary.py
[2025-10-24T22:53:49.491+0000] {logging_mixin.py:188} INFO - [2025-10-24T22:53:49.490+0000] {dag.py:3036} INFO - Sync 1 DAGs
[2025-10-24T22:53:49.508+0000] {logging_mixin.py:188} INFO - [2025-10-24T22:53:49.508+0000] {dag.py:3823} INFO - Setting next_dagrun for daily_summary to 2025-10-23 00:00:00+00:00, run_after=2025-10-24 00:00:00+00:00
[2025-10-24T22:53:49.528+0000] {processor.py:183} INFO - Processing /opt/airflow/dags/daily_summary.py took 0.116 seconds
[2025-10-24T22:54:19.755+0000] {processor.py:161} INFO - Started process (PID=2721) to work on /opt/airflow/dags/daily_summary.py
[2025-10-24T22:54:19.756+0000] {processor.py:830} INFO - Processing file /opt/airflow/dags/daily_summary.py for tasks to queue
[2025-10-24T22:54:19.756+0000] {logging_mixin.py:188} INFO - [2025-10-24T22:54:19.756+0000] {dagbag.py:538} INFO - Filling up the DagBag from /opt/airflow/dags/daily_summary.py
[2025-10-24T22:54:19.814+0000] {processor.py:840} INFO - DAG(s) 'daily_summary' retrieved from /opt/airflow/dags/daily_summary.py
[2025-10-24T22:54:19.837+0000] {logging_mixin.py:188} INFO - [2025-10-24T22:54:19.837+0000] {dag.py:3036} INFO - Sync 1 DAGs
[2025-10-24T22:54:19.855+0000] {logging_mixin.py:188} INFO - [2025-10-24T22:54:19.854+0000] {dag.py:3823} INFO - Setting next_dagrun for daily_summary to 2025-10-23 00:00:00+00:00, run_after=2025-10-24 00:00:00+00:00
[2025-10-24T22:54:19.873+0000] {processor.py:183} INFO - Processing /opt/airflow/dags/daily_summary.py took 0.121 seconds
[2025-10-24T22:54:50.174+0000] {processor.py:161} INFO - Started process (PID=2726) to work on /opt/airflow/dags/daily_summary.py
[2025-10-24T22:54:50.174+0000] {processor.py:830} INFO - Processing file /opt/airflow/dags/daily_summary.py for tasks to queue
[2025-10-24T22:54:50.175+0000] {logging_mixin.py:188} INFO - [2025-10-24T22:54:50.175+0000] {dagbag.py:538} INFO - Filling up the DagBag from /opt/airflow/dags/daily_summary.py
[2025-10-24T22:54:50.228+0000] {processor.py:840} INFO - DAG(s) 'daily_summary' retrieved from /opt/airflow/dags/daily_summary.py
[2025-10-24T22:54:50.247+0000] {logging_mixin.py:188} INFO - [2025-10-24T22:54:50.247+0000] {dag.py:3036} INFO - Sync 1 DAGs
[2025-10-24T22:54:50.263+0000] {logging_mixin.py:188} INFO - [2025-10-24T22:54:50.263+0000] {dag.py:3823} INFO - Setting next_dagrun for daily_summary to 2025-10-23 00:00:00+00:00, run_after=2025-10-24 00:00:00+00:00
[2025-10-24T22:54:50.289+0000] {processor.py:183} INFO - Processing /opt/airflow/dags/daily_summary.py took 0.118 seconds
[2025-10-24T22:55:20.483+0000] {processor.py:161} INFO - Started process (PID=2731) to work on /opt/airflow/dags/daily_summary.py
[2025-10-24T22:55:20.483+0000] {processor.py:830} INFO - Processing file /opt/airflow/dags/daily_summary.py for tasks to queue
[2025-10-24T22:55:20.484+0000] {logging_mixin.py:188} INFO - [2025-10-24T22:55:20.484+0000] {dagbag.py:538} INFO - Filling up the DagBag from /opt/airflow/dags/daily_summary.py
[2025-10-24T22:55:20.536+0000] {processor.py:840} INFO - DAG(s) 'daily_summary' retrieved from /opt/airflow/dags/daily_summary.py
[2025-10-24T22:55:20.556+0000] {logging_mixin.py:188} INFO - [2025-10-24T22:55:20.556+0000] {dag.py:3036} INFO - Sync 1 DAGs
[2025-10-24T22:55:20.572+0000] {logging_mixin.py:188} INFO - [2025-10-24T22:55:20.572+0000] {dag.py:3823} INFO - Setting next_dagrun for daily_summary to 2025-10-23 00:00:00+00:00, run_after=2025-10-24 00:00:00+00:00
[2025-10-24T22:55:20.598+0000] {processor.py:183} INFO - Processing /opt/airflow/dags/daily_summary.py took 0.119 seconds
[2025-10-24T22:55:50.865+0000] {processor.py:161} INFO - Started process (PID=2736) to work on /opt/airflow/dags/daily_summary.py
[2025-10-24T22:55:50.866+0000] {processor.py:830} INFO - Processing file /opt/airflow/dags/daily_summary.py for tasks to queue
[2025-10-24T22:55:50.867+0000] {logging_mixin.py:188} INFO - [2025-10-24T22:55:50.866+0000] {dagbag.py:538} INFO - Filling up the DagBag from /opt/airflow/dags/daily_summary.py
[2025-10-24T22:55:50.930+0000] {processor.py:840} INFO - DAG(s) 'daily_summary' retrieved from /opt/airflow/dags/daily_summary.py
[2025-10-24T22:55:50.953+0000] {logging_mixin.py:188} INFO - [2025-10-24T22:55:50.953+0000] {dag.py:3036} INFO - Sync 1 DAGs
[2025-10-24T22:55:50.973+0000] {logging_mixin.py:188} INFO - [2025-10-24T22:55:50.972+0000] {dag.py:3823} INFO - Setting next_dagrun for daily_summary to 2025-10-23 00:00:00+00:00, run_after=2025-10-24 00:00:00+00:00
[2025-10-24T22:55:50.999+0000] {processor.py:183} INFO - Processing /opt/airflow/dags/daily_summary.py took 0.137 seconds
[2025-10-24T22:56:21.239+0000] {processor.py:161} INFO - Started process (PID=2741) to work on /opt/airflow/dags/daily_summary.py
[2025-10-24T22:56:21.239+0000] {processor.py:830} INFO - Processing file /opt/airflow/dags/daily_summary.py for tasks to queue
[2025-10-24T22:56:21.240+0000] {logging_mixin.py:188} INFO - [2025-10-24T22:56:21.240+0000] {dagbag.py:538} INFO - Filling up the DagBag from /opt/airflow/dags/daily_summary.py
[2025-10-24T22:56:21.294+0000] {processor.py:840} INFO - DAG(s) 'daily_summary' retrieved from /opt/airflow/dags/daily_summary.py
[2025-10-24T22:56:21.315+0000] {logging_mixin.py:188} INFO - [2025-10-24T22:56:21.315+0000] {dag.py:3036} INFO - Sync 1 DAGs
[2025-10-24T22:56:21.333+0000] {logging_mixin.py:188} INFO - [2025-10-24T22:56:21.333+0000] {dag.py:3823} INFO - Setting next_dagrun for daily_summary to 2025-10-23 00:00:00+00:00, run_after=2025-10-24 00:00:00+00:00
[2025-10-24T22:56:21.358+0000] {processor.py:183} INFO - Processing /opt/airflow/dags/daily_summary.py took 0.122 seconds
[2025-10-24T22:56:51.648+0000] {processor.py:161} INFO - Started process (PID=2746) to work on /opt/airflow/dags/daily_summary.py
[2025-10-24T22:56:51.649+0000] {processor.py:830} INFO - Processing file /opt/airflow/dags/daily_summary.py for tasks to queue
[2025-10-24T22:56:51.649+0000] {logging_mixin.py:188} INFO - [2025-10-24T22:56:51.649+0000] {dagbag.py:538} INFO - Filling up the DagBag from /opt/airflow/dags/daily_summary.py
[2025-10-24T22:56:51.701+0000] {processor.py:840} INFO - DAG(s) 'daily_summary' retrieved from /opt/airflow/dags/daily_summary.py
[2025-10-24T22:56:51.721+0000] {logging_mixin.py:188} INFO - [2025-10-24T22:56:51.721+0000] {dag.py:3036} INFO - Sync 1 DAGs
[2025-10-24T22:56:51.737+0000] {logging_mixin.py:188} INFO - [2025-10-24T22:56:51.737+0000] {dag.py:3823} INFO - Setting next_dagrun for daily_summary to 2025-10-23 00:00:00+00:00, run_after=2025-10-24 00:00:00+00:00
[2025-10-24T22:56:51.755+0000] {processor.py:183} INFO - Processing /opt/airflow/dags/daily_summary.py took 0.110 seconds
[2025-10-24T22:57:21.970+0000] {processor.py:161} INFO - Started process (PID=2751) to work on /opt/airflow/dags/daily_summary.py
[2025-10-24T22:57:21.971+0000] {processor.py:830} INFO - Processing file /opt/airflow/dags/daily_summary.py for tasks to queue
[2025-10-24T22:57:21.971+0000] {logging_mixin.py:188} INFO - [2025-10-24T22:57:21.971+0000] {dagbag.py:538} INFO - Filling up the DagBag from /opt/airflow/dags/daily_summary.py
[2025-10-24T22:57:22.026+0000] {processor.py:840} INFO - DAG(s) 'daily_summary' retrieved from /opt/airflow/dags/daily_summary.py
[2025-10-24T22:57:22.048+0000] {logging_mixin.py:188} INFO - [2025-10-24T22:57:22.048+0000] {dag.py:3036} INFO - Sync 1 DAGs
[2025-10-24T22:57:22.070+0000] {logging_mixin.py:188} INFO - [2025-10-24T22:57:22.070+0000] {dag.py:3823} INFO - Setting next_dagrun for daily_summary to 2025-10-23 00:00:00+00:00, run_after=2025-10-24 00:00:00+00:00
[2025-10-24T22:57:22.089+0000] {processor.py:183} INFO - Processing /opt/airflow/dags/daily_summary.py took 0.122 seconds
[2025-10-24T22:57:52.362+0000] {processor.py:161} INFO - Started process (PID=2756) to work on /opt/airflow/dags/daily_summary.py
[2025-10-24T22:57:52.362+0000] {processor.py:830} INFO - Processing file /opt/airflow/dags/daily_summary.py for tasks to queue
[2025-10-24T22:57:52.363+0000] {logging_mixin.py:188} INFO - [2025-10-24T22:57:52.363+0000] {dagbag.py:538} INFO - Filling up the DagBag from /opt/airflow/dags/daily_summary.py
[2025-10-24T22:57:52.414+0000] {processor.py:840} INFO - DAG(s) 'daily_summary' retrieved from /opt/airflow/dags/daily_summary.py
[2025-10-24T22:57:52.436+0000] {logging_mixin.py:188} INFO - [2025-10-24T22:57:52.436+0000] {dag.py:3036} INFO - Sync 1 DAGs
[2025-10-24T22:57:52.453+0000] {logging_mixin.py:188} INFO - [2025-10-24T22:57:52.453+0000] {dag.py:3823} INFO - Setting next_dagrun for daily_summary to 2025-10-23 00:00:00+00:00, run_after=2025-10-24 00:00:00+00:00
[2025-10-24T22:57:52.471+0000] {processor.py:183} INFO - Processing /opt/airflow/dags/daily_summary.py took 0.112 seconds
[2025-10-24T22:58:22.647+0000] {processor.py:161} INFO - Started process (PID=2761) to work on /opt/airflow/dags/daily_summary.py
[2025-10-24T22:58:22.648+0000] {processor.py:830} INFO - Processing file /opt/airflow/dags/daily_summary.py for tasks to queue
[2025-10-24T22:58:22.649+0000] {logging_mixin.py:188} INFO - [2025-10-24T22:58:22.649+0000] {dagbag.py:538} INFO - Filling up the DagBag from /opt/airflow/dags/daily_summary.py
[2025-10-24T22:58:22.701+0000] {processor.py:840} INFO - DAG(s) 'daily_summary' retrieved from /opt/airflow/dags/daily_summary.py
[2025-10-24T22:58:22.722+0000] {logging_mixin.py:188} INFO - [2025-10-24T22:58:22.722+0000] {dag.py:3036} INFO - Sync 1 DAGs
[2025-10-24T22:58:22.739+0000] {logging_mixin.py:188} INFO - [2025-10-24T22:58:22.739+0000] {dag.py:3823} INFO - Setting next_dagrun for daily_summary to 2025-10-23 00:00:00+00:00, run_after=2025-10-24 00:00:00+00:00
[2025-10-24T22:58:22.769+0000] {processor.py:183} INFO - Processing /opt/airflow/dags/daily_summary.py took 0.125 seconds
[2025-10-24T22:58:53.099+0000] {processor.py:161} INFO - Started process (PID=2766) to work on /opt/airflow/dags/daily_summary.py
[2025-10-24T22:58:53.100+0000] {processor.py:830} INFO - Processing file /opt/airflow/dags/daily_summary.py for tasks to queue
[2025-10-24T22:58:53.100+0000] {logging_mixin.py:188} INFO - [2025-10-24T22:58:53.100+0000] {dagbag.py:538} INFO - Filling up the DagBag from /opt/airflow/dags/daily_summary.py
[2025-10-24T22:58:53.153+0000] {processor.py:840} INFO - DAG(s) 'daily_summary' retrieved from /opt/airflow/dags/daily_summary.py
[2025-10-24T22:58:53.173+0000] {logging_mixin.py:188} INFO - [2025-10-24T22:58:53.173+0000] {dag.py:3036} INFO - Sync 1 DAGs
[2025-10-24T22:58:53.189+0000] {logging_mixin.py:188} INFO - [2025-10-24T22:58:53.189+0000] {dag.py:3823} INFO - Setting next_dagrun for daily_summary to 2025-10-23 00:00:00+00:00, run_after=2025-10-24 00:00:00+00:00
[2025-10-24T22:58:53.215+0000] {processor.py:183} INFO - Processing /opt/airflow/dags/daily_summary.py took 0.119 seconds
[2025-10-24T22:59:23.424+0000] {processor.py:161} INFO - Started process (PID=2771) to work on /opt/airflow/dags/daily_summary.py
[2025-10-24T22:59:23.425+0000] {processor.py:830} INFO - Processing file /opt/airflow/dags/daily_summary.py for tasks to queue
[2025-10-24T22:59:23.426+0000] {logging_mixin.py:188} INFO - [2025-10-24T22:59:23.425+0000] {dagbag.py:538} INFO - Filling up the DagBag from /opt/airflow/dags/daily_summary.py
[2025-10-24T22:59:23.477+0000] {processor.py:840} INFO - DAG(s) 'daily_summary' retrieved from /opt/airflow/dags/daily_summary.py
[2025-10-24T22:59:23.501+0000] {logging_mixin.py:188} INFO - [2025-10-24T22:59:23.501+0000] {dag.py:3036} INFO - Sync 1 DAGs
[2025-10-24T22:59:23.518+0000] {logging_mixin.py:188} INFO - [2025-10-24T22:59:23.518+0000] {dag.py:3823} INFO - Setting next_dagrun for daily_summary to 2025-10-23 00:00:00+00:00, run_after=2025-10-24 00:00:00+00:00
[2025-10-24T22:59:23.547+0000] {processor.py:183} INFO - Processing /opt/airflow/dags/daily_summary.py took 0.126 seconds
[2025-10-24T22:59:53.866+0000] {processor.py:161} INFO - Started process (PID=2776) to work on /opt/airflow/dags/daily_summary.py
[2025-10-24T22:59:53.866+0000] {processor.py:830} INFO - Processing file /opt/airflow/dags/daily_summary.py for tasks to queue
[2025-10-24T22:59:53.867+0000] {logging_mixin.py:188} INFO - [2025-10-24T22:59:53.867+0000] {dagbag.py:538} INFO - Filling up the DagBag from /opt/airflow/dags/daily_summary.py
[2025-10-24T22:59:53.920+0000] {processor.py:840} INFO - DAG(s) 'daily_summary' retrieved from /opt/airflow/dags/daily_summary.py
[2025-10-24T22:59:53.941+0000] {logging_mixin.py:188} INFO - [2025-10-24T22:59:53.940+0000] {dag.py:3036} INFO - Sync 1 DAGs
[2025-10-24T22:59:53.956+0000] {logging_mixin.py:188} INFO - [2025-10-24T22:59:53.956+0000] {dag.py:3823} INFO - Setting next_dagrun for daily_summary to 2025-10-23 00:00:00+00:00, run_after=2025-10-24 00:00:00+00:00
[2025-10-24T22:59:53.975+0000] {processor.py:183} INFO - Processing /opt/airflow/dags/daily_summary.py took 0.112 seconds
[2025-10-24T23:00:24.199+0000] {processor.py:161} INFO - Started process (PID=2781) to work on /opt/airflow/dags/daily_summary.py
[2025-10-24T23:00:24.200+0000] {processor.py:830} INFO - Processing file /opt/airflow/dags/daily_summary.py for tasks to queue
[2025-10-24T23:00:24.201+0000] {logging_mixin.py:188} INFO - [2025-10-24T23:00:24.200+0000] {dagbag.py:538} INFO - Filling up the DagBag from /opt/airflow/dags/daily_summary.py
[2025-10-24T23:00:24.255+0000] {processor.py:840} INFO - DAG(s) 'daily_summary' retrieved from /opt/airflow/dags/daily_summary.py
[2025-10-24T23:00:24.277+0000] {logging_mixin.py:188} INFO - [2025-10-24T23:00:24.277+0000] {dag.py:3036} INFO - Sync 1 DAGs
[2025-10-24T23:00:24.293+0000] {logging_mixin.py:188} INFO - [2025-10-24T23:00:24.292+0000] {dag.py:3823} INFO - Setting next_dagrun for daily_summary to 2025-10-23 00:00:00+00:00, run_after=2025-10-24 00:00:00+00:00
[2025-10-24T23:00:24.319+0000] {processor.py:183} INFO - Processing /opt/airflow/dags/daily_summary.py took 0.123 seconds
[2025-10-24T23:00:54.633+0000] {processor.py:161} INFO - Started process (PID=2786) to work on /opt/airflow/dags/daily_summary.py
[2025-10-24T23:00:54.634+0000] {processor.py:830} INFO - Processing file /opt/airflow/dags/daily_summary.py for tasks to queue
[2025-10-24T23:00:54.634+0000] {logging_mixin.py:188} INFO - [2025-10-24T23:00:54.634+0000] {dagbag.py:538} INFO - Filling up the DagBag from /opt/airflow/dags/daily_summary.py
[2025-10-24T23:00:54.685+0000] {processor.py:840} INFO - DAG(s) 'daily_summary' retrieved from /opt/airflow/dags/daily_summary.py
[2025-10-24T23:00:54.706+0000] {logging_mixin.py:188} INFO - [2025-10-24T23:00:54.705+0000] {dag.py:3036} INFO - Sync 1 DAGs
[2025-10-24T23:00:54.721+0000] {logging_mixin.py:188} INFO - [2025-10-24T23:00:54.721+0000] {dag.py:3823} INFO - Setting next_dagrun for daily_summary to 2025-10-23 00:00:00+00:00, run_after=2025-10-24 00:00:00+00:00
[2025-10-24T23:00:54.740+0000] {processor.py:183} INFO - Processing /opt/airflow/dags/daily_summary.py took 0.110 seconds
[2025-10-24T23:01:24.944+0000] {processor.py:161} INFO - Started process (PID=2791) to work on /opt/airflow/dags/daily_summary.py
[2025-10-24T23:01:24.945+0000] {processor.py:830} INFO - Processing file /opt/airflow/dags/daily_summary.py for tasks to queue
[2025-10-24T23:01:24.946+0000] {logging_mixin.py:188} INFO - [2025-10-24T23:01:24.945+0000] {dagbag.py:538} INFO - Filling up the DagBag from /opt/airflow/dags/daily_summary.py
[2025-10-24T23:01:24.998+0000] {processor.py:840} INFO - DAG(s) 'daily_summary' retrieved from /opt/airflow/dags/daily_summary.py
[2025-10-24T23:01:25.018+0000] {logging_mixin.py:188} INFO - [2025-10-24T23:01:25.018+0000] {dag.py:3036} INFO - Sync 1 DAGs
[2025-10-24T23:01:25.034+0000] {logging_mixin.py:188} INFO - [2025-10-24T23:01:25.034+0000] {dag.py:3823} INFO - Setting next_dagrun for daily_summary to 2025-10-23 00:00:00+00:00, run_after=2025-10-24 00:00:00+00:00
[2025-10-24T23:01:25.061+0000] {processor.py:183} INFO - Processing /opt/airflow/dags/daily_summary.py took 0.120 seconds
[2025-10-24T23:01:55.348+0000] {processor.py:161} INFO - Started process (PID=2796) to work on /opt/airflow/dags/daily_summary.py
[2025-10-24T23:01:55.349+0000] {processor.py:830} INFO - Processing file /opt/airflow/dags/daily_summary.py for tasks to queue
[2025-10-24T23:01:55.350+0000] {logging_mixin.py:188} INFO - [2025-10-24T23:01:55.350+0000] {dagbag.py:538} INFO - Filling up the DagBag from /opt/airflow/dags/daily_summary.py
[2025-10-24T23:01:55.411+0000] {processor.py:840} INFO - DAG(s) 'daily_summary' retrieved from /opt/airflow/dags/daily_summary.py
[2025-10-24T23:01:55.434+0000] {logging_mixin.py:188} INFO - [2025-10-24T23:01:55.434+0000] {dag.py:3036} INFO - Sync 1 DAGs
[2025-10-24T23:01:55.453+0000] {logging_mixin.py:188} INFO - [2025-10-24T23:01:55.452+0000] {dag.py:3823} INFO - Setting next_dagrun for daily_summary to 2025-10-23 00:00:00+00:00, run_after=2025-10-24 00:00:00+00:00
[2025-10-24T23:01:55.471+0000] {processor.py:183} INFO - Processing /opt/airflow/dags/daily_summary.py took 0.126 seconds
[2025-10-24T23:02:25.677+0000] {processor.py:161} INFO - Started process (PID=2801) to work on /opt/airflow/dags/daily_summary.py
[2025-10-24T23:02:25.678+0000] {processor.py:830} INFO - Processing file /opt/airflow/dags/daily_summary.py for tasks to queue
[2025-10-24T23:02:25.679+0000] {logging_mixin.py:188} INFO - [2025-10-24T23:02:25.679+0000] {dagbag.py:538} INFO - Filling up the DagBag from /opt/airflow/dags/daily_summary.py
[2025-10-24T23:02:25.743+0000] {processor.py:840} INFO - DAG(s) 'daily_summary' retrieved from /opt/airflow/dags/daily_summary.py
[2025-10-24T23:02:25.767+0000] {logging_mixin.py:188} INFO - [2025-10-24T23:02:25.767+0000] {dag.py:3036} INFO - Sync 1 DAGs
[2025-10-24T23:02:25.785+0000] {logging_mixin.py:188} INFO - [2025-10-24T23:02:25.785+0000] {dag.py:3823} INFO - Setting next_dagrun for daily_summary to 2025-10-23 00:00:00+00:00, run_after=2025-10-24 00:00:00+00:00
[2025-10-24T23:02:25.813+0000] {processor.py:183} INFO - Processing /opt/airflow/dags/daily_summary.py took 0.142 seconds
[2025-10-24T23:02:56.075+0000] {processor.py:161} INFO - Started process (PID=2806) to work on /opt/airflow/dags/daily_summary.py
[2025-10-24T23:02:56.075+0000] {processor.py:830} INFO - Processing file /opt/airflow/dags/daily_summary.py for tasks to queue
[2025-10-24T23:02:56.076+0000] {logging_mixin.py:188} INFO - [2025-10-24T23:02:56.076+0000] {dagbag.py:538} INFO - Filling up the DagBag from /opt/airflow/dags/daily_summary.py
[2025-10-24T23:02:56.131+0000] {processor.py:840} INFO - DAG(s) 'daily_summary' retrieved from /opt/airflow/dags/daily_summary.py
[2025-10-24T23:02:56.151+0000] {logging_mixin.py:188} INFO - [2025-10-24T23:02:56.151+0000] {dag.py:3036} INFO - Sync 1 DAGs
[2025-10-24T23:02:56.169+0000] {logging_mixin.py:188} INFO - [2025-10-24T23:02:56.169+0000] {dag.py:3823} INFO - Setting next_dagrun for daily_summary to 2025-10-23 00:00:00+00:00, run_after=2025-10-24 00:00:00+00:00
[2025-10-24T23:02:56.190+0000] {processor.py:183} INFO - Processing /opt/airflow/dags/daily_summary.py took 0.117 seconds
[2025-10-24T23:03:26.423+0000] {processor.py:161} INFO - Started process (PID=2811) to work on /opt/airflow/dags/daily_summary.py
[2025-10-24T23:03:26.423+0000] {processor.py:830} INFO - Processing file /opt/airflow/dags/daily_summary.py for tasks to queue
[2025-10-24T23:03:26.424+0000] {logging_mixin.py:188} INFO - [2025-10-24T23:03:26.424+0000] {dagbag.py:538} INFO - Filling up the DagBag from /opt/airflow/dags/daily_summary.py
[2025-10-24T23:03:26.484+0000] {processor.py:840} INFO - DAG(s) 'daily_summary' retrieved from /opt/airflow/dags/daily_summary.py
[2025-10-24T23:03:26.507+0000] {logging_mixin.py:188} INFO - [2025-10-24T23:03:26.507+0000] {dag.py:3036} INFO - Sync 1 DAGs
[2025-10-24T23:03:26.524+0000] {logging_mixin.py:188} INFO - [2025-10-24T23:03:26.524+0000] {dag.py:3823} INFO - Setting next_dagrun for daily_summary to 2025-10-23 00:00:00+00:00, run_after=2025-10-24 00:00:00+00:00
[2025-10-24T23:03:26.551+0000] {processor.py:183} INFO - Processing /opt/airflow/dags/daily_summary.py took 0.131 seconds
[2025-10-24T23:03:56.829+0000] {processor.py:161} INFO - Started process (PID=2816) to work on /opt/airflow/dags/daily_summary.py
[2025-10-24T23:03:56.830+0000] {processor.py:830} INFO - Processing file /opt/airflow/dags/daily_summary.py for tasks to queue
[2025-10-24T23:03:56.830+0000] {logging_mixin.py:188} INFO - [2025-10-24T23:03:56.830+0000] {dagbag.py:538} INFO - Filling up the DagBag from /opt/airflow/dags/daily_summary.py
[2025-10-24T23:03:56.888+0000] {processor.py:840} INFO - DAG(s) 'daily_summary' retrieved from /opt/airflow/dags/daily_summary.py
[2025-10-24T23:03:56.913+0000] {logging_mixin.py:188} INFO - [2025-10-24T23:03:56.913+0000] {dag.py:3036} INFO - Sync 1 DAGs
[2025-10-24T23:03:56.933+0000] {logging_mixin.py:188} INFO - [2025-10-24T23:03:56.933+0000] {dag.py:3823} INFO - Setting next_dagrun for daily_summary to 2025-10-23 00:00:00+00:00, run_after=2025-10-24 00:00:00+00:00
[2025-10-24T23:03:56.959+0000] {processor.py:183} INFO - Processing /opt/airflow/dags/daily_summary.py took 0.133 seconds
[2025-10-24T23:04:27.074+0000] {processor.py:161} INFO - Started process (PID=2821) to work on /opt/airflow/dags/daily_summary.py
[2025-10-24T23:04:27.075+0000] {processor.py:830} INFO - Processing file /opt/airflow/dags/daily_summary.py for tasks to queue
[2025-10-24T23:04:27.076+0000] {logging_mixin.py:188} INFO - [2025-10-24T23:04:27.076+0000] {dagbag.py:538} INFO - Filling up the DagBag from /opt/airflow/dags/daily_summary.py
[2025-10-24T23:04:27.128+0000] {processor.py:840} INFO - DAG(s) 'daily_summary' retrieved from /opt/airflow/dags/daily_summary.py
[2025-10-24T23:04:27.149+0000] {logging_mixin.py:188} INFO - [2025-10-24T23:04:27.149+0000] {dag.py:3036} INFO - Sync 1 DAGs
[2025-10-24T23:04:27.166+0000] {logging_mixin.py:188} INFO - [2025-10-24T23:04:27.165+0000] {dag.py:3823} INFO - Setting next_dagrun for daily_summary to 2025-10-23 00:00:00+00:00, run_after=2025-10-24 00:00:00+00:00
[2025-10-24T23:04:27.184+0000] {processor.py:183} INFO - Processing /opt/airflow/dags/daily_summary.py took 0.113 seconds
[2025-10-24T23:04:57.374+0000] {processor.py:161} INFO - Started process (PID=2826) to work on /opt/airflow/dags/daily_summary.py
[2025-10-24T23:04:57.375+0000] {processor.py:830} INFO - Processing file /opt/airflow/dags/daily_summary.py for tasks to queue
[2025-10-24T23:04:57.376+0000] {logging_mixin.py:188} INFO - [2025-10-24T23:04:57.376+0000] {dagbag.py:538} INFO - Filling up the DagBag from /opt/airflow/dags/daily_summary.py
[2025-10-24T23:04:57.429+0000] {processor.py:840} INFO - DAG(s) 'daily_summary' retrieved from /opt/airflow/dags/daily_summary.py
[2025-10-24T23:04:57.449+0000] {logging_mixin.py:188} INFO - [2025-10-24T23:04:57.449+0000] {dag.py:3036} INFO - Sync 1 DAGs
[2025-10-24T23:04:57.465+0000] {logging_mixin.py:188} INFO - [2025-10-24T23:04:57.465+0000] {dag.py:3823} INFO - Setting next_dagrun for daily_summary to 2025-10-23 00:00:00+00:00, run_after=2025-10-24 00:00:00+00:00
[2025-10-24T23:04:57.485+0000] {processor.py:183} INFO - Processing /opt/airflow/dags/daily_summary.py took 0.113 seconds
[2025-10-24T23:05:27.692+0000] {processor.py:161} INFO - Started process (PID=2831) to work on /opt/airflow/dags/daily_summary.py
[2025-10-24T23:05:27.693+0000] {processor.py:830} INFO - Processing file /opt/airflow/dags/daily_summary.py for tasks to queue
[2025-10-24T23:05:27.694+0000] {logging_mixin.py:188} INFO - [2025-10-24T23:05:27.694+0000] {dagbag.py:538} INFO - Filling up the DagBag from /opt/airflow/dags/daily_summary.py
[2025-10-24T23:05:27.749+0000] {processor.py:840} INFO - DAG(s) 'daily_summary' retrieved from /opt/airflow/dags/daily_summary.py
[2025-10-24T23:05:27.773+0000] {logging_mixin.py:188} INFO - [2025-10-24T23:05:27.773+0000] {dag.py:3036} INFO - Sync 1 DAGs
[2025-10-24T23:05:27.791+0000] {logging_mixin.py:188} INFO - [2025-10-24T23:05:27.791+0000] {dag.py:3823} INFO - Setting next_dagrun for daily_summary to 2025-10-23 00:00:00+00:00, run_after=2025-10-24 00:00:00+00:00
[2025-10-24T23:05:27.809+0000] {processor.py:183} INFO - Processing /opt/airflow/dags/daily_summary.py took 0.120 seconds
[2025-10-24T23:05:58.045+0000] {processor.py:161} INFO - Started process (PID=2836) to work on /opt/airflow/dags/daily_summary.py
[2025-10-24T23:05:58.046+0000] {processor.py:830} INFO - Processing file /opt/airflow/dags/daily_summary.py for tasks to queue
[2025-10-24T23:05:58.047+0000] {logging_mixin.py:188} INFO - [2025-10-24T23:05:58.047+0000] {dagbag.py:538} INFO - Filling up the DagBag from /opt/airflow/dags/daily_summary.py
[2025-10-24T23:05:58.100+0000] {processor.py:840} INFO - DAG(s) 'daily_summary' retrieved from /opt/airflow/dags/daily_summary.py
[2025-10-24T23:05:58.122+0000] {logging_mixin.py:188} INFO - [2025-10-24T23:05:58.122+0000] {dag.py:3036} INFO - Sync 1 DAGs
[2025-10-24T23:05:58.138+0000] {logging_mixin.py:188} INFO - [2025-10-24T23:05:58.138+0000] {dag.py:3823} INFO - Setting next_dagrun for daily_summary to 2025-10-23 00:00:00+00:00, run_after=2025-10-24 00:00:00+00:00
[2025-10-24T23:05:58.165+0000] {processor.py:183} INFO - Processing /opt/airflow/dags/daily_summary.py took 0.122 seconds
[2025-10-24T23:06:28.345+0000] {processor.py:161} INFO - Started process (PID=2841) to work on /opt/airflow/dags/daily_summary.py
[2025-10-24T23:06:28.346+0000] {processor.py:830} INFO - Processing file /opt/airflow/dags/daily_summary.py for tasks to queue
[2025-10-24T23:06:28.347+0000] {logging_mixin.py:188} INFO - [2025-10-24T23:06:28.346+0000] {dagbag.py:538} INFO - Filling up the DagBag from /opt/airflow/dags/daily_summary.py
[2025-10-24T23:06:28.400+0000] {processor.py:840} INFO - DAG(s) 'daily_summary' retrieved from /opt/airflow/dags/daily_summary.py
[2025-10-24T23:06:28.419+0000] {logging_mixin.py:188} INFO - [2025-10-24T23:06:28.419+0000] {dag.py:3036} INFO - Sync 1 DAGs
[2025-10-24T23:06:28.440+0000] {logging_mixin.py:188} INFO - [2025-10-24T23:06:28.439+0000] {dag.py:3823} INFO - Setting next_dagrun for daily_summary to 2025-10-23 00:00:00+00:00, run_after=2025-10-24 00:00:00+00:00
[2025-10-24T23:06:28.461+0000] {processor.py:183} INFO - Processing /opt/airflow/dags/daily_summary.py took 0.118 seconds
[2025-10-24T23:06:58.797+0000] {processor.py:161} INFO - Started process (PID=2846) to work on /opt/airflow/dags/daily_summary.py
[2025-10-24T23:06:58.797+0000] {processor.py:830} INFO - Processing file /opt/airflow/dags/daily_summary.py for tasks to queue
[2025-10-24T23:06:58.798+0000] {logging_mixin.py:188} INFO - [2025-10-24T23:06:58.798+0000] {dagbag.py:538} INFO - Filling up the DagBag from /opt/airflow/dags/daily_summary.py
[2025-10-24T23:06:58.850+0000] {processor.py:840} INFO - DAG(s) 'daily_summary' retrieved from /opt/airflow/dags/daily_summary.py
[2025-10-24T23:06:58.870+0000] {logging_mixin.py:188} INFO - [2025-10-24T23:06:58.869+0000] {dag.py:3036} INFO - Sync 1 DAGs
[2025-10-24T23:06:58.886+0000] {logging_mixin.py:188} INFO - [2025-10-24T23:06:58.885+0000] {dag.py:3823} INFO - Setting next_dagrun for daily_summary to 2025-10-23 00:00:00+00:00, run_after=2025-10-24 00:00:00+00:00
[2025-10-24T23:06:58.903+0000] {processor.py:183} INFO - Processing /opt/airflow/dags/daily_summary.py took 0.109 seconds
[2025-10-24T23:07:29.103+0000] {processor.py:161} INFO - Started process (PID=2851) to work on /opt/airflow/dags/daily_summary.py
[2025-10-24T23:07:29.104+0000] {processor.py:830} INFO - Processing file /opt/airflow/dags/daily_summary.py for tasks to queue
[2025-10-24T23:07:29.105+0000] {logging_mixin.py:188} INFO - [2025-10-24T23:07:29.105+0000] {dagbag.py:538} INFO - Filling up the DagBag from /opt/airflow/dags/daily_summary.py
[2025-10-24T23:07:29.158+0000] {processor.py:840} INFO - DAG(s) 'daily_summary' retrieved from /opt/airflow/dags/daily_summary.py
[2025-10-24T23:07:29.178+0000] {logging_mixin.py:188} INFO - [2025-10-24T23:07:29.178+0000] {dag.py:3036} INFO - Sync 1 DAGs
[2025-10-24T23:07:29.194+0000] {logging_mixin.py:188} INFO - [2025-10-24T23:07:29.194+0000] {dag.py:3823} INFO - Setting next_dagrun for daily_summary to 2025-10-23 00:00:00+00:00, run_after=2025-10-24 00:00:00+00:00
[2025-10-24T23:07:29.221+0000] {processor.py:183} INFO - Processing /opt/airflow/dags/daily_summary.py took 0.120 seconds
[2025-10-24T23:07:59.515+0000] {processor.py:161} INFO - Started process (PID=2856) to work on /opt/airflow/dags/daily_summary.py
[2025-10-24T23:07:59.516+0000] {processor.py:830} INFO - Processing file /opt/airflow/dags/daily_summary.py for tasks to queue
[2025-10-24T23:07:59.517+0000] {logging_mixin.py:188} INFO - [2025-10-24T23:07:59.516+0000] {dagbag.py:538} INFO - Filling up the DagBag from /opt/airflow/dags/daily_summary.py
[2025-10-24T23:07:59.571+0000] {processor.py:840} INFO - DAG(s) 'daily_summary' retrieved from /opt/airflow/dags/daily_summary.py
[2025-10-24T23:07:59.592+0000] {logging_mixin.py:188} INFO - [2025-10-24T23:07:59.592+0000] {dag.py:3036} INFO - Sync 1 DAGs
[2025-10-24T23:07:59.607+0000] {logging_mixin.py:188} INFO - [2025-10-24T23:07:59.607+0000] {dag.py:3823} INFO - Setting next_dagrun for daily_summary to 2025-10-23 00:00:00+00:00, run_after=2025-10-24 00:00:00+00:00
[2025-10-24T23:07:59.634+0000] {processor.py:183} INFO - Processing /opt/airflow/dags/daily_summary.py took 0.122 seconds
[2025-10-24T23:08:29.855+0000] {processor.py:161} INFO - Started process (PID=2861) to work on /opt/airflow/dags/daily_summary.py
[2025-10-24T23:08:29.856+0000] {processor.py:830} INFO - Processing file /opt/airflow/dags/daily_summary.py for tasks to queue
[2025-10-24T23:08:29.857+0000] {logging_mixin.py:188} INFO - [2025-10-24T23:08:29.857+0000] {dagbag.py:538} INFO - Filling up the DagBag from /opt/airflow/dags/daily_summary.py
[2025-10-24T23:08:29.915+0000] {processor.py:840} INFO - DAG(s) 'daily_summary' retrieved from /opt/airflow/dags/daily_summary.py
[2025-10-24T23:08:29.941+0000] {logging_mixin.py:188} INFO - [2025-10-24T23:08:29.940+0000] {dag.py:3036} INFO - Sync 1 DAGs
[2025-10-24T23:08:29.961+0000] {logging_mixin.py:188} INFO - [2025-10-24T23:08:29.961+0000] {dag.py:3823} INFO - Setting next_dagrun for daily_summary to 2025-10-23 00:00:00+00:00, run_after=2025-10-24 00:00:00+00:00
[2025-10-24T23:08:29.981+0000] {processor.py:183} INFO - Processing /opt/airflow/dags/daily_summary.py took 0.130 seconds
[2025-10-24T23:09:00.216+0000] {processor.py:161} INFO - Started process (PID=2866) to work on /opt/airflow/dags/daily_summary.py
[2025-10-24T23:09:00.217+0000] {processor.py:830} INFO - Processing file /opt/airflow/dags/daily_summary.py for tasks to queue
[2025-10-24T23:09:00.217+0000] {logging_mixin.py:188} INFO - [2025-10-24T23:09:00.217+0000] {dagbag.py:538} INFO - Filling up the DagBag from /opt/airflow/dags/daily_summary.py
[2025-10-24T23:09:00.271+0000] {processor.py:840} INFO - DAG(s) 'daily_summary' retrieved from /opt/airflow/dags/daily_summary.py
[2025-10-24T23:09:00.292+0000] {logging_mixin.py:188} INFO - [2025-10-24T23:09:00.292+0000] {dag.py:3036} INFO - Sync 1 DAGs
[2025-10-24T23:09:00.309+0000] {logging_mixin.py:188} INFO - [2025-10-24T23:09:00.309+0000] {dag.py:3823} INFO - Setting next_dagrun for daily_summary to 2025-10-23 00:00:00+00:00, run_after=2025-10-24 00:00:00+00:00
[2025-10-24T23:09:00.328+0000] {processor.py:183} INFO - Processing /opt/airflow/dags/daily_summary.py took 0.115 seconds
[2025-10-24T23:09:30.523+0000] {processor.py:161} INFO - Started process (PID=2871) to work on /opt/airflow/dags/daily_summary.py
[2025-10-24T23:09:30.524+0000] {processor.py:830} INFO - Processing file /opt/airflow/dags/daily_summary.py for tasks to queue
[2025-10-24T23:09:30.525+0000] {logging_mixin.py:188} INFO - [2025-10-24T23:09:30.525+0000] {dagbag.py:538} INFO - Filling up the DagBag from /opt/airflow/dags/daily_summary.py
[2025-10-24T23:09:30.578+0000] {processor.py:840} INFO - DAG(s) 'daily_summary' retrieved from /opt/airflow/dags/daily_summary.py
[2025-10-24T23:09:30.601+0000] {logging_mixin.py:188} INFO - [2025-10-24T23:09:30.601+0000] {dag.py:3036} INFO - Sync 1 DAGs
[2025-10-24T23:09:30.619+0000] {logging_mixin.py:188} INFO - [2025-10-24T23:09:30.619+0000] {dag.py:3823} INFO - Setting next_dagrun for daily_summary to 2025-10-23 00:00:00+00:00, run_after=2025-10-24 00:00:00+00:00
[2025-10-24T23:09:30.638+0000] {processor.py:183} INFO - Processing /opt/airflow/dags/daily_summary.py took 0.117 seconds
[2025-10-24T23:10:00.970+0000] {processor.py:161} INFO - Started process (PID=2876) to work on /opt/airflow/dags/daily_summary.py
[2025-10-24T23:10:00.971+0000] {processor.py:830} INFO - Processing file /opt/airflow/dags/daily_summary.py for tasks to queue
[2025-10-24T23:10:00.972+0000] {logging_mixin.py:188} INFO - [2025-10-24T23:10:00.971+0000] {dagbag.py:538} INFO - Filling up the DagBag from /opt/airflow/dags/daily_summary.py
[2025-10-24T23:10:01.027+0000] {processor.py:840} INFO - DAG(s) 'daily_summary' retrieved from /opt/airflow/dags/daily_summary.py
[2025-10-24T23:10:01.046+0000] {logging_mixin.py:188} INFO - [2025-10-24T23:10:01.046+0000] {dag.py:3036} INFO - Sync 1 DAGs
[2025-10-24T23:10:01.063+0000] {logging_mixin.py:188} INFO - [2025-10-24T23:10:01.063+0000] {dag.py:3823} INFO - Setting next_dagrun for daily_summary to 2025-10-23 00:00:00+00:00, run_after=2025-10-24 00:00:00+00:00
[2025-10-24T23:10:01.083+0000] {processor.py:183} INFO - Processing /opt/airflow/dags/daily_summary.py took 0.115 seconds
[2025-10-24T23:10:31.266+0000] {processor.py:161} INFO - Started process (PID=2881) to work on /opt/airflow/dags/daily_summary.py
[2025-10-24T23:10:31.267+0000] {processor.py:830} INFO - Processing file /opt/airflow/dags/daily_summary.py for tasks to queue
[2025-10-24T23:10:31.268+0000] {logging_mixin.py:188} INFO - [2025-10-24T23:10:31.268+0000] {dagbag.py:538} INFO - Filling up the DagBag from /opt/airflow/dags/daily_summary.py
[2025-10-24T23:10:31.320+0000] {processor.py:840} INFO - DAG(s) 'daily_summary' retrieved from /opt/airflow/dags/daily_summary.py
[2025-10-24T23:10:31.342+0000] {logging_mixin.py:188} INFO - [2025-10-24T23:10:31.342+0000] {dag.py:3036} INFO - Sync 1 DAGs
[2025-10-24T23:10:31.359+0000] {logging_mixin.py:188} INFO - [2025-10-24T23:10:31.359+0000] {dag.py:3823} INFO - Setting next_dagrun for daily_summary to 2025-10-23 00:00:00+00:00, run_after=2025-10-24 00:00:00+00:00
[2025-10-24T23:10:31.378+0000] {processor.py:183} INFO - Processing /opt/airflow/dags/daily_summary.py took 0.115 seconds
[2025-10-24T23:11:01.720+0000] {processor.py:161} INFO - Started process (PID=2886) to work on /opt/airflow/dags/daily_summary.py
[2025-10-24T23:11:01.721+0000] {processor.py:830} INFO - Processing file /opt/airflow/dags/daily_summary.py for tasks to queue
[2025-10-24T23:11:01.722+0000] {logging_mixin.py:188} INFO - [2025-10-24T23:11:01.722+0000] {dagbag.py:538} INFO - Filling up the DagBag from /opt/airflow/dags/daily_summary.py
[2025-10-24T23:11:01.786+0000] {processor.py:840} INFO - DAG(s) 'daily_summary' retrieved from /opt/airflow/dags/daily_summary.py
[2025-10-24T23:11:01.807+0000] {logging_mixin.py:188} INFO - [2025-10-24T23:11:01.807+0000] {dag.py:3036} INFO - Sync 1 DAGs
[2025-10-24T23:11:01.823+0000] {logging_mixin.py:188} INFO - [2025-10-24T23:11:01.823+0000] {dag.py:3823} INFO - Setting next_dagrun for daily_summary to 2025-10-23 00:00:00+00:00, run_after=2025-10-24 00:00:00+00:00
[2025-10-24T23:11:01.849+0000] {processor.py:183} INFO - Processing /opt/airflow/dags/daily_summary.py took 0.132 seconds
[2025-10-24T23:11:32.045+0000] {processor.py:161} INFO - Started process (PID=2891) to work on /opt/airflow/dags/daily_summary.py
[2025-10-24T23:11:32.046+0000] {processor.py:830} INFO - Processing file /opt/airflow/dags/daily_summary.py for tasks to queue
[2025-10-24T23:11:32.046+0000] {logging_mixin.py:188} INFO - [2025-10-24T23:11:32.046+0000] {dagbag.py:538} INFO - Filling up the DagBag from /opt/airflow/dags/daily_summary.py
[2025-10-24T23:11:32.098+0000] {processor.py:840} INFO - DAG(s) 'daily_summary' retrieved from /opt/airflow/dags/daily_summary.py
[2025-10-24T23:11:32.120+0000] {logging_mixin.py:188} INFO - [2025-10-24T23:11:32.120+0000] {dag.py:3036} INFO - Sync 1 DAGs
[2025-10-24T23:11:32.136+0000] {logging_mixin.py:188} INFO - [2025-10-24T23:11:32.135+0000] {dag.py:3823} INFO - Setting next_dagrun for daily_summary to 2025-10-23 00:00:00+00:00, run_after=2025-10-24 00:00:00+00:00
[2025-10-24T23:11:32.155+0000] {processor.py:183} INFO - Processing /opt/airflow/dags/daily_summary.py took 0.113 seconds
[2025-10-24T23:12:02.447+0000] {processor.py:161} INFO - Started process (PID=2896) to work on /opt/airflow/dags/daily_summary.py
[2025-10-24T23:12:02.448+0000] {processor.py:830} INFO - Processing file /opt/airflow/dags/daily_summary.py for tasks to queue
[2025-10-24T23:12:02.449+0000] {logging_mixin.py:188} INFO - [2025-10-24T23:12:02.448+0000] {dagbag.py:538} INFO - Filling up the DagBag from /opt/airflow/dags/daily_summary.py
[2025-10-24T23:12:02.503+0000] {processor.py:840} INFO - DAG(s) 'daily_summary' retrieved from /opt/airflow/dags/daily_summary.py
[2025-10-24T23:12:02.524+0000] {logging_mixin.py:188} INFO - [2025-10-24T23:12:02.523+0000] {dag.py:3036} INFO - Sync 1 DAGs
[2025-10-24T23:12:02.539+0000] {logging_mixin.py:188} INFO - [2025-10-24T23:12:02.539+0000] {dag.py:3823} INFO - Setting next_dagrun for daily_summary to 2025-10-23 00:00:00+00:00, run_after=2025-10-24 00:00:00+00:00
[2025-10-24T23:12:02.560+0000] {processor.py:183} INFO - Processing /opt/airflow/dags/daily_summary.py took 0.115 seconds
[2025-10-24T23:12:32.792+0000] {processor.py:161} INFO - Started process (PID=2901) to work on /opt/airflow/dags/daily_summary.py
[2025-10-24T23:12:32.793+0000] {processor.py:830} INFO - Processing file /opt/airflow/dags/daily_summary.py for tasks to queue
[2025-10-24T23:12:32.794+0000] {logging_mixin.py:188} INFO - [2025-10-24T23:12:32.794+0000] {dagbag.py:538} INFO - Filling up the DagBag from /opt/airflow/dags/daily_summary.py
[2025-10-24T23:12:32.866+0000] {processor.py:840} INFO - DAG(s) 'daily_summary' retrieved from /opt/airflow/dags/daily_summary.py
[2025-10-24T23:12:32.886+0000] {logging_mixin.py:188} INFO - [2025-10-24T23:12:32.886+0000] {dag.py:3036} INFO - Sync 1 DAGs
[2025-10-24T23:12:32.902+0000] {logging_mixin.py:188} INFO - [2025-10-24T23:12:32.902+0000] {dag.py:3823} INFO - Setting next_dagrun for daily_summary to 2025-10-23 00:00:00+00:00, run_after=2025-10-24 00:00:00+00:00
[2025-10-24T23:12:32.929+0000] {processor.py:183} INFO - Processing /opt/airflow/dags/daily_summary.py took 0.140 seconds
[2025-10-24T23:13:03.174+0000] {processor.py:161} INFO - Started process (PID=2906) to work on /opt/airflow/dags/daily_summary.py
[2025-10-24T23:13:03.175+0000] {processor.py:830} INFO - Processing file /opt/airflow/dags/daily_summary.py for tasks to queue
[2025-10-24T23:13:03.176+0000] {logging_mixin.py:188} INFO - [2025-10-24T23:13:03.175+0000] {dagbag.py:538} INFO - Filling up the DagBag from /opt/airflow/dags/daily_summary.py
[2025-10-24T23:13:03.228+0000] {processor.py:840} INFO - DAG(s) 'daily_summary' retrieved from /opt/airflow/dags/daily_summary.py
[2025-10-24T23:13:03.250+0000] {logging_mixin.py:188} INFO - [2025-10-24T23:13:03.249+0000] {dag.py:3036} INFO - Sync 1 DAGs
[2025-10-24T23:13:03.266+0000] {logging_mixin.py:188} INFO - [2025-10-24T23:13:03.266+0000] {dag.py:3823} INFO - Setting next_dagrun for daily_summary to 2025-10-23 00:00:00+00:00, run_after=2025-10-24 00:00:00+00:00
[2025-10-24T23:13:03.292+0000] {processor.py:183} INFO - Processing /opt/airflow/dags/daily_summary.py took 0.120 seconds
[2025-10-24T23:13:33.546+0000] {processor.py:161} INFO - Started process (PID=2911) to work on /opt/airflow/dags/daily_summary.py
[2025-10-24T23:13:33.547+0000] {processor.py:830} INFO - Processing file /opt/airflow/dags/daily_summary.py for tasks to queue
[2025-10-24T23:13:33.548+0000] {logging_mixin.py:188} INFO - [2025-10-24T23:13:33.548+0000] {dagbag.py:538} INFO - Filling up the DagBag from /opt/airflow/dags/daily_summary.py
[2025-10-24T23:13:33.600+0000] {processor.py:840} INFO - DAG(s) 'daily_summary' retrieved from /opt/airflow/dags/daily_summary.py
[2025-10-24T23:13:33.621+0000] {logging_mixin.py:188} INFO - [2025-10-24T23:13:33.621+0000] {dag.py:3036} INFO - Sync 1 DAGs
[2025-10-24T23:13:33.636+0000] {logging_mixin.py:188} INFO - [2025-10-24T23:13:33.636+0000] {dag.py:3823} INFO - Setting next_dagrun for daily_summary to 2025-10-23 00:00:00+00:00, run_after=2025-10-24 00:00:00+00:00
[2025-10-24T23:13:33.662+0000] {processor.py:183} INFO - Processing /opt/airflow/dags/daily_summary.py took 0.118 seconds
[2025-10-24T23:14:03.902+0000] {processor.py:161} INFO - Started process (PID=2916) to work on /opt/airflow/dags/daily_summary.py
[2025-10-24T23:14:03.902+0000] {processor.py:830} INFO - Processing file /opt/airflow/dags/daily_summary.py for tasks to queue
[2025-10-24T23:14:03.903+0000] {logging_mixin.py:188} INFO - [2025-10-24T23:14:03.903+0000] {dagbag.py:538} INFO - Filling up the DagBag from /opt/airflow/dags/daily_summary.py
[2025-10-24T23:14:03.964+0000] {processor.py:840} INFO - DAG(s) 'daily_summary' retrieved from /opt/airflow/dags/daily_summary.py
[2025-10-24T23:14:03.985+0000] {logging_mixin.py:188} INFO - [2025-10-24T23:14:03.984+0000] {dag.py:3036} INFO - Sync 1 DAGs
[2025-10-24T23:14:04.002+0000] {logging_mixin.py:188} INFO - [2025-10-24T23:14:04.001+0000] {dag.py:3823} INFO - Setting next_dagrun for daily_summary to 2025-10-23 00:00:00+00:00, run_after=2025-10-24 00:00:00+00:00
[2025-10-24T23:14:04.019+0000] {processor.py:183} INFO - Processing /opt/airflow/dags/daily_summary.py took 0.120 seconds
[2025-10-24T23:14:34.254+0000] {processor.py:161} INFO - Started process (PID=2921) to work on /opt/airflow/dags/daily_summary.py
[2025-10-24T23:14:34.255+0000] {processor.py:830} INFO - Processing file /opt/airflow/dags/daily_summary.py for tasks to queue
[2025-10-24T23:14:34.256+0000] {logging_mixin.py:188} INFO - [2025-10-24T23:14:34.256+0000] {dagbag.py:538} INFO - Filling up the DagBag from /opt/airflow/dags/daily_summary.py
[2025-10-24T23:14:34.312+0000] {processor.py:840} INFO - DAG(s) 'daily_summary' retrieved from /opt/airflow/dags/daily_summary.py
[2025-10-24T23:14:34.334+0000] {logging_mixin.py:188} INFO - [2025-10-24T23:14:34.333+0000] {dag.py:3036} INFO - Sync 1 DAGs
[2025-10-24T23:14:34.351+0000] {logging_mixin.py:188} INFO - [2025-10-24T23:14:34.350+0000] {dag.py:3823} INFO - Setting next_dagrun for daily_summary to 2025-10-23 00:00:00+00:00, run_after=2025-10-24 00:00:00+00:00
[2025-10-24T23:14:34.370+0000] {processor.py:183} INFO - Processing /opt/airflow/dags/daily_summary.py took 0.118 seconds
[2025-10-24T23:15:04.588+0000] {processor.py:161} INFO - Started process (PID=2926) to work on /opt/airflow/dags/daily_summary.py
[2025-10-24T23:15:04.589+0000] {processor.py:830} INFO - Processing file /opt/airflow/dags/daily_summary.py for tasks to queue
[2025-10-24T23:15:04.590+0000] {logging_mixin.py:188} INFO - [2025-10-24T23:15:04.589+0000] {dagbag.py:538} INFO - Filling up the DagBag from /opt/airflow/dags/daily_summary.py
[2025-10-24T23:15:04.642+0000] {processor.py:840} INFO - DAG(s) 'daily_summary' retrieved from /opt/airflow/dags/daily_summary.py
[2025-10-24T23:15:04.663+0000] {logging_mixin.py:188} INFO - [2025-10-24T23:15:04.663+0000] {dag.py:3036} INFO - Sync 1 DAGs
[2025-10-24T23:15:04.683+0000] {logging_mixin.py:188} INFO - [2025-10-24T23:15:04.683+0000] {dag.py:3823} INFO - Setting next_dagrun for daily_summary to 2025-10-23 00:00:00+00:00, run_after=2025-10-24 00:00:00+00:00
[2025-10-24T23:15:04.701+0000] {processor.py:183} INFO - Processing /opt/airflow/dags/daily_summary.py took 0.116 seconds
[2025-10-24T23:15:35.001+0000] {processor.py:161} INFO - Started process (PID=2931) to work on /opt/airflow/dags/daily_summary.py
[2025-10-24T23:15:35.002+0000] {processor.py:830} INFO - Processing file /opt/airflow/dags/daily_summary.py for tasks to queue
[2025-10-24T23:15:35.003+0000] {logging_mixin.py:188} INFO - [2025-10-24T23:15:35.003+0000] {dagbag.py:538} INFO - Filling up the DagBag from /opt/airflow/dags/daily_summary.py
[2025-10-24T23:15:35.060+0000] {processor.py:840} INFO - DAG(s) 'daily_summary' retrieved from /opt/airflow/dags/daily_summary.py
[2025-10-24T23:15:35.082+0000] {logging_mixin.py:188} INFO - [2025-10-24T23:15:35.082+0000] {dag.py:3036} INFO - Sync 1 DAGs
[2025-10-24T23:15:35.101+0000] {logging_mixin.py:188} INFO - [2025-10-24T23:15:35.101+0000] {dag.py:3823} INFO - Setting next_dagrun for daily_summary to 2025-10-23 00:00:00+00:00, run_after=2025-10-24 00:00:00+00:00
[2025-10-24T23:15:35.118+0000] {processor.py:183} INFO - Processing /opt/airflow/dags/daily_summary.py took 0.120 seconds
[2025-10-24T23:16:05.341+0000] {processor.py:161} INFO - Started process (PID=2936) to work on /opt/airflow/dags/daily_summary.py
[2025-10-24T23:16:05.342+0000] {processor.py:830} INFO - Processing file /opt/airflow/dags/daily_summary.py for tasks to queue
[2025-10-24T23:16:05.343+0000] {logging_mixin.py:188} INFO - [2025-10-24T23:16:05.342+0000] {dagbag.py:538} INFO - Filling up the DagBag from /opt/airflow/dags/daily_summary.py
[2025-10-24T23:16:05.399+0000] {processor.py:840} INFO - DAG(s) 'daily_summary' retrieved from /opt/airflow/dags/daily_summary.py
[2025-10-24T23:16:05.419+0000] {logging_mixin.py:188} INFO - [2025-10-24T23:16:05.419+0000] {dag.py:3036} INFO - Sync 1 DAGs
[2025-10-24T23:16:05.435+0000] {logging_mixin.py:188} INFO - [2025-10-24T23:16:05.435+0000] {dag.py:3823} INFO - Setting next_dagrun for daily_summary to 2025-10-23 00:00:00+00:00, run_after=2025-10-24 00:00:00+00:00
[2025-10-24T23:16:05.463+0000] {processor.py:183} INFO - Processing /opt/airflow/dags/daily_summary.py took 0.125 seconds
[2025-10-24T23:16:35.764+0000] {processor.py:161} INFO - Started process (PID=2941) to work on /opt/airflow/dags/daily_summary.py
[2025-10-24T23:16:35.765+0000] {processor.py:830} INFO - Processing file /opt/airflow/dags/daily_summary.py for tasks to queue
[2025-10-24T23:16:35.766+0000] {logging_mixin.py:188} INFO - [2025-10-24T23:16:35.766+0000] {dagbag.py:538} INFO - Filling up the DagBag from /opt/airflow/dags/daily_summary.py
[2025-10-24T23:16:35.824+0000] {processor.py:840} INFO - DAG(s) 'daily_summary' retrieved from /opt/airflow/dags/daily_summary.py
[2025-10-24T23:16:35.846+0000] {logging_mixin.py:188} INFO - [2025-10-24T23:16:35.846+0000] {dag.py:3036} INFO - Sync 1 DAGs
[2025-10-24T23:16:35.865+0000] {logging_mixin.py:188} INFO - [2025-10-24T23:16:35.865+0000] {dag.py:3823} INFO - Setting next_dagrun for daily_summary to 2025-10-23 00:00:00+00:00, run_after=2025-10-24 00:00:00+00:00
[2025-10-24T23:16:35.896+0000] {processor.py:183} INFO - Processing /opt/airflow/dags/daily_summary.py took 0.134 seconds
[2025-10-24T23:17:06.074+0000] {processor.py:161} INFO - Started process (PID=2946) to work on /opt/airflow/dags/daily_summary.py
[2025-10-24T23:17:06.074+0000] {processor.py:830} INFO - Processing file /opt/airflow/dags/daily_summary.py for tasks to queue
[2025-10-24T23:17:06.075+0000] {logging_mixin.py:188} INFO - [2025-10-24T23:17:06.075+0000] {dagbag.py:538} INFO - Filling up the DagBag from /opt/airflow/dags/daily_summary.py
[2025-10-24T23:17:06.132+0000] {processor.py:840} INFO - DAG(s) 'daily_summary' retrieved from /opt/airflow/dags/daily_summary.py
[2025-10-24T23:17:06.152+0000] {logging_mixin.py:188} INFO - [2025-10-24T23:17:06.152+0000] {dag.py:3036} INFO - Sync 1 DAGs
[2025-10-24T23:17:06.167+0000] {logging_mixin.py:188} INFO - [2025-10-24T23:17:06.167+0000] {dag.py:3823} INFO - Setting next_dagrun for daily_summary to 2025-10-23 00:00:00+00:00, run_after=2025-10-24 00:00:00+00:00
[2025-10-24T23:17:06.185+0000] {processor.py:183} INFO - Processing /opt/airflow/dags/daily_summary.py took 0.114 seconds
[2025-10-24T23:17:36.479+0000] {processor.py:161} INFO - Started process (PID=2951) to work on /opt/airflow/dags/daily_summary.py
[2025-10-24T23:17:36.480+0000] {processor.py:830} INFO - Processing file /opt/airflow/dags/daily_summary.py for tasks to queue
[2025-10-24T23:17:36.480+0000] {logging_mixin.py:188} INFO - [2025-10-24T23:17:36.480+0000] {dagbag.py:538} INFO - Filling up the DagBag from /opt/airflow/dags/daily_summary.py
[2025-10-24T23:17:36.537+0000] {processor.py:840} INFO - DAG(s) 'daily_summary' retrieved from /opt/airflow/dags/daily_summary.py
[2025-10-24T23:17:36.560+0000] {logging_mixin.py:188} INFO - [2025-10-24T23:17:36.560+0000] {dag.py:3036} INFO - Sync 1 DAGs
[2025-10-24T23:17:36.579+0000] {logging_mixin.py:188} INFO - [2025-10-24T23:17:36.579+0000] {dag.py:3823} INFO - Setting next_dagrun for daily_summary to 2025-10-23 00:00:00+00:00, run_after=2025-10-24 00:00:00+00:00
[2025-10-24T23:17:36.596+0000] {processor.py:183} INFO - Processing /opt/airflow/dags/daily_summary.py took 0.120 seconds
[2025-10-24T23:18:06.810+0000] {processor.py:161} INFO - Started process (PID=2956) to work on /opt/airflow/dags/daily_summary.py
[2025-10-24T23:18:06.811+0000] {processor.py:830} INFO - Processing file /opt/airflow/dags/daily_summary.py for tasks to queue
[2025-10-24T23:18:06.812+0000] {logging_mixin.py:188} INFO - [2025-10-24T23:18:06.812+0000] {dagbag.py:538} INFO - Filling up the DagBag from /opt/airflow/dags/daily_summary.py
[2025-10-24T23:18:06.864+0000] {processor.py:840} INFO - DAG(s) 'daily_summary' retrieved from /opt/airflow/dags/daily_summary.py
[2025-10-24T23:18:06.884+0000] {logging_mixin.py:188} INFO - [2025-10-24T23:18:06.884+0000] {dag.py:3036} INFO - Sync 1 DAGs
[2025-10-24T23:18:06.902+0000] {logging_mixin.py:188} INFO - [2025-10-24T23:18:06.902+0000] {dag.py:3823} INFO - Setting next_dagrun for daily_summary to 2025-10-23 00:00:00+00:00, run_after=2025-10-24 00:00:00+00:00
[2025-10-24T23:18:06.922+0000] {processor.py:183} INFO - Processing /opt/airflow/dags/daily_summary.py took 0.115 seconds
[2025-10-24T23:18:37.167+0000] {processor.py:161} INFO - Started process (PID=2961) to work on /opt/airflow/dags/daily_summary.py
[2025-10-24T23:18:37.167+0000] {processor.py:830} INFO - Processing file /opt/airflow/dags/daily_summary.py for tasks to queue
[2025-10-24T23:18:37.168+0000] {logging_mixin.py:188} INFO - [2025-10-24T23:18:37.168+0000] {dagbag.py:538} INFO - Filling up the DagBag from /opt/airflow/dags/daily_summary.py
[2025-10-24T23:18:37.219+0000] {processor.py:840} INFO - DAG(s) 'daily_summary' retrieved from /opt/airflow/dags/daily_summary.py
[2025-10-24T23:18:37.239+0000] {logging_mixin.py:188} INFO - [2025-10-24T23:18:37.239+0000] {dag.py:3036} INFO - Sync 1 DAGs
[2025-10-24T23:18:37.255+0000] {logging_mixin.py:188} INFO - [2025-10-24T23:18:37.255+0000] {dag.py:3823} INFO - Setting next_dagrun for daily_summary to 2025-10-23 00:00:00+00:00, run_after=2025-10-24 00:00:00+00:00
[2025-10-24T23:18:37.280+0000] {processor.py:183} INFO - Processing /opt/airflow/dags/daily_summary.py took 0.116 seconds
[2025-10-24T23:19:07.417+0000] {processor.py:161} INFO - Started process (PID=2966) to work on /opt/airflow/dags/daily_summary.py
[2025-10-24T23:19:07.418+0000] {processor.py:830} INFO - Processing file /opt/airflow/dags/daily_summary.py for tasks to queue
[2025-10-24T23:19:07.419+0000] {logging_mixin.py:188} INFO - [2025-10-24T23:19:07.419+0000] {dagbag.py:538} INFO - Filling up the DagBag from /opt/airflow/dags/daily_summary.py
[2025-10-24T23:19:07.474+0000] {processor.py:840} INFO - DAG(s) 'daily_summary' retrieved from /opt/airflow/dags/daily_summary.py
[2025-10-24T23:19:07.495+0000] {logging_mixin.py:188} INFO - [2025-10-24T23:19:07.495+0000] {dag.py:3036} INFO - Sync 1 DAGs
[2025-10-24T23:19:07.513+0000] {logging_mixin.py:188} INFO - [2025-10-24T23:19:07.513+0000] {dag.py:3823} INFO - Setting next_dagrun for daily_summary to 2025-10-23 00:00:00+00:00, run_after=2025-10-24 00:00:00+00:00
[2025-10-24T23:19:07.528+0000] {processor.py:183} INFO - Processing /opt/airflow/dags/daily_summary.py took 0.114 seconds
[2025-10-24T23:19:37.698+0000] {processor.py:161} INFO - Started process (PID=2971) to work on /opt/airflow/dags/daily_summary.py
[2025-10-24T23:19:37.704+0000] {processor.py:830} INFO - Processing file /opt/airflow/dags/daily_summary.py for tasks to queue
[2025-10-24T23:19:37.705+0000] {logging_mixin.py:188} INFO - [2025-10-24T23:19:37.705+0000] {dagbag.py:538} INFO - Filling up the DagBag from /opt/airflow/dags/daily_summary.py
[2025-10-24T23:19:37.769+0000] {processor.py:840} INFO - DAG(s) 'daily_summary' retrieved from /opt/airflow/dags/daily_summary.py
[2025-10-24T23:19:37.793+0000] {logging_mixin.py:188} INFO - [2025-10-24T23:19:37.792+0000] {dag.py:3036} INFO - Sync 1 DAGs
[2025-10-24T23:19:37.810+0000] {logging_mixin.py:188} INFO - [2025-10-24T23:19:37.810+0000] {dag.py:3823} INFO - Setting next_dagrun for daily_summary to 2025-10-23 00:00:00+00:00, run_after=2025-10-24 00:00:00+00:00
[2025-10-24T23:19:37.830+0000] {processor.py:183} INFO - Processing /opt/airflow/dags/daily_summary.py took 0.135 seconds
[2025-10-24T23:20:08.124+0000] {processor.py:161} INFO - Started process (PID=2976) to work on /opt/airflow/dags/daily_summary.py
[2025-10-24T23:20:08.124+0000] {processor.py:830} INFO - Processing file /opt/airflow/dags/daily_summary.py for tasks to queue
[2025-10-24T23:20:08.125+0000] {logging_mixin.py:188} INFO - [2025-10-24T23:20:08.125+0000] {dagbag.py:538} INFO - Filling up the DagBag from /opt/airflow/dags/daily_summary.py
[2025-10-24T23:20:08.178+0000] {processor.py:840} INFO - DAG(s) 'daily_summary' retrieved from /opt/airflow/dags/daily_summary.py
[2025-10-24T23:20:08.200+0000] {logging_mixin.py:188} INFO - [2025-10-24T23:20:08.199+0000] {dag.py:3036} INFO - Sync 1 DAGs
[2025-10-24T23:20:08.218+0000] {logging_mixin.py:188} INFO - [2025-10-24T23:20:08.218+0000] {dag.py:3823} INFO - Setting next_dagrun for daily_summary to 2025-10-23 00:00:00+00:00, run_after=2025-10-24 00:00:00+00:00
[2025-10-24T23:20:08.248+0000] {processor.py:183} INFO - Processing /opt/airflow/dags/daily_summary.py took 0.127 seconds
[2025-10-24T23:20:38.494+0000] {processor.py:161} INFO - Started process (PID=2981) to work on /opt/airflow/dags/daily_summary.py
[2025-10-24T23:20:38.495+0000] {processor.py:830} INFO - Processing file /opt/airflow/dags/daily_summary.py for tasks to queue
[2025-10-24T23:20:38.495+0000] {logging_mixin.py:188} INFO - [2025-10-24T23:20:38.495+0000] {dagbag.py:538} INFO - Filling up the DagBag from /opt/airflow/dags/daily_summary.py
[2025-10-24T23:20:38.550+0000] {processor.py:840} INFO - DAG(s) 'daily_summary' retrieved from /opt/airflow/dags/daily_summary.py
[2025-10-24T23:20:38.573+0000] {logging_mixin.py:188} INFO - [2025-10-24T23:20:38.572+0000] {dag.py:3036} INFO - Sync 1 DAGs
[2025-10-24T23:20:38.591+0000] {logging_mixin.py:188} INFO - [2025-10-24T23:20:38.591+0000] {dag.py:3823} INFO - Setting next_dagrun for daily_summary to 2025-10-23 00:00:00+00:00, run_after=2025-10-24 00:00:00+00:00
[2025-10-24T23:20:38.608+0000] {processor.py:183} INFO - Processing /opt/airflow/dags/daily_summary.py took 0.117 seconds
[2025-10-24T23:21:08.845+0000] {processor.py:161} INFO - Started process (PID=2986) to work on /opt/airflow/dags/daily_summary.py
[2025-10-24T23:21:08.846+0000] {processor.py:830} INFO - Processing file /opt/airflow/dags/daily_summary.py for tasks to queue
[2025-10-24T23:21:08.847+0000] {logging_mixin.py:188} INFO - [2025-10-24T23:21:08.846+0000] {dagbag.py:538} INFO - Filling up the DagBag from /opt/airflow/dags/daily_summary.py
[2025-10-24T23:21:08.904+0000] {processor.py:840} INFO - DAG(s) 'daily_summary' retrieved from /opt/airflow/dags/daily_summary.py
[2025-10-24T23:21:08.926+0000] {logging_mixin.py:188} INFO - [2025-10-24T23:21:08.926+0000] {dag.py:3036} INFO - Sync 1 DAGs
[2025-10-24T23:21:08.943+0000] {logging_mixin.py:188} INFO - [2025-10-24T23:21:08.943+0000] {dag.py:3823} INFO - Setting next_dagrun for daily_summary to 2025-10-23 00:00:00+00:00, run_after=2025-10-24 00:00:00+00:00
[2025-10-24T23:21:08.962+0000] {processor.py:183} INFO - Processing /opt/airflow/dags/daily_summary.py took 0.119 seconds
[2025-10-24T23:21:39.162+0000] {processor.py:161} INFO - Started process (PID=2991) to work on /opt/airflow/dags/daily_summary.py
[2025-10-24T23:21:39.163+0000] {processor.py:830} INFO - Processing file /opt/airflow/dags/daily_summary.py for tasks to queue
[2025-10-24T23:21:39.164+0000] {logging_mixin.py:188} INFO - [2025-10-24T23:21:39.163+0000] {dagbag.py:538} INFO - Filling up the DagBag from /opt/airflow/dags/daily_summary.py
[2025-10-24T23:21:39.216+0000] {processor.py:840} INFO - DAG(s) 'daily_summary' retrieved from /opt/airflow/dags/daily_summary.py
[2025-10-24T23:21:39.244+0000] {logging_mixin.py:188} INFO - [2025-10-24T23:21:39.243+0000] {dag.py:3036} INFO - Sync 1 DAGs
[2025-10-24T23:21:39.264+0000] {logging_mixin.py:188} INFO - [2025-10-24T23:21:39.264+0000] {dag.py:3823} INFO - Setting next_dagrun for daily_summary to 2025-10-23 00:00:00+00:00, run_after=2025-10-24 00:00:00+00:00
[2025-10-24T23:21:39.284+0000] {processor.py:183} INFO - Processing /opt/airflow/dags/daily_summary.py took 0.124 seconds
[2025-10-24T23:22:09.582+0000] {processor.py:161} INFO - Started process (PID=2996) to work on /opt/airflow/dags/daily_summary.py
[2025-10-24T23:22:09.583+0000] {processor.py:830} INFO - Processing file /opt/airflow/dags/daily_summary.py for tasks to queue
[2025-10-24T23:22:09.583+0000] {logging_mixin.py:188} INFO - [2025-10-24T23:22:09.583+0000] {dagbag.py:538} INFO - Filling up the DagBag from /opt/airflow/dags/daily_summary.py
[2025-10-24T23:22:09.638+0000] {processor.py:840} INFO - DAG(s) 'daily_summary' retrieved from /opt/airflow/dags/daily_summary.py
[2025-10-24T23:22:09.661+0000] {logging_mixin.py:188} INFO - [2025-10-24T23:22:09.661+0000] {dag.py:3036} INFO - Sync 1 DAGs
[2025-10-24T23:22:09.679+0000] {logging_mixin.py:188} INFO - [2025-10-24T23:22:09.678+0000] {dag.py:3823} INFO - Setting next_dagrun for daily_summary to 2025-10-23 00:00:00+00:00, run_after=2025-10-24 00:00:00+00:00
[2025-10-24T23:22:09.706+0000] {processor.py:183} INFO - Processing /opt/airflow/dags/daily_summary.py took 0.127 seconds
[2025-10-24T23:22:39.895+0000] {processor.py:161} INFO - Started process (PID=3001) to work on /opt/airflow/dags/daily_summary.py
[2025-10-24T23:22:39.896+0000] {processor.py:830} INFO - Processing file /opt/airflow/dags/daily_summary.py for tasks to queue
[2025-10-24T23:22:39.897+0000] {logging_mixin.py:188} INFO - [2025-10-24T23:22:39.897+0000] {dagbag.py:538} INFO - Filling up the DagBag from /opt/airflow/dags/daily_summary.py
[2025-10-24T23:22:39.949+0000] {processor.py:840} INFO - DAG(s) 'daily_summary' retrieved from /opt/airflow/dags/daily_summary.py
[2025-10-24T23:22:39.973+0000] {logging_mixin.py:188} INFO - [2025-10-24T23:22:39.972+0000] {dag.py:3036} INFO - Sync 1 DAGs
[2025-10-24T23:22:39.990+0000] {logging_mixin.py:188} INFO - [2025-10-24T23:22:39.990+0000] {dag.py:3823} INFO - Setting next_dagrun for daily_summary to 2025-10-23 00:00:00+00:00, run_after=2025-10-24 00:00:00+00:00
[2025-10-24T23:22:40.016+0000] {processor.py:183} INFO - Processing /opt/airflow/dags/daily_summary.py took 0.123 seconds
[2025-10-24T23:23:10.361+0000] {processor.py:161} INFO - Started process (PID=3006) to work on /opt/airflow/dags/daily_summary.py
[2025-10-24T23:23:10.362+0000] {processor.py:830} INFO - Processing file /opt/airflow/dags/daily_summary.py for tasks to queue
[2025-10-24T23:23:10.363+0000] {logging_mixin.py:188} INFO - [2025-10-24T23:23:10.362+0000] {dagbag.py:538} INFO - Filling up the DagBag from /opt/airflow/dags/daily_summary.py
[2025-10-24T23:23:10.414+0000] {processor.py:840} INFO - DAG(s) 'daily_summary' retrieved from /opt/airflow/dags/daily_summary.py
[2025-10-24T23:23:10.434+0000] {logging_mixin.py:188} INFO - [2025-10-24T23:23:10.434+0000] {dag.py:3036} INFO - Sync 1 DAGs
[2025-10-24T23:23:10.452+0000] {logging_mixin.py:188} INFO - [2025-10-24T23:23:10.452+0000] {dag.py:3823} INFO - Setting next_dagrun for daily_summary to 2025-10-23 00:00:00+00:00, run_after=2025-10-24 00:00:00+00:00
[2025-10-24T23:23:10.469+0000] {processor.py:183} INFO - Processing /opt/airflow/dags/daily_summary.py took 0.111 seconds
[2025-10-24T23:23:40.688+0000] {processor.py:161} INFO - Started process (PID=3011) to work on /opt/airflow/dags/daily_summary.py
[2025-10-24T23:23:40.689+0000] {processor.py:830} INFO - Processing file /opt/airflow/dags/daily_summary.py for tasks to queue
[2025-10-24T23:23:40.690+0000] {logging_mixin.py:188} INFO - [2025-10-24T23:23:40.689+0000] {dagbag.py:538} INFO - Filling up the DagBag from /opt/airflow/dags/daily_summary.py
[2025-10-24T23:23:40.742+0000] {processor.py:840} INFO - DAG(s) 'daily_summary' retrieved from /opt/airflow/dags/daily_summary.py
[2025-10-24T23:23:40.763+0000] {logging_mixin.py:188} INFO - [2025-10-24T23:23:40.763+0000] {dag.py:3036} INFO - Sync 1 DAGs
[2025-10-24T23:23:40.781+0000] {logging_mixin.py:188} INFO - [2025-10-24T23:23:40.781+0000] {dag.py:3823} INFO - Setting next_dagrun for daily_summary to 2025-10-23 00:00:00+00:00, run_after=2025-10-24 00:00:00+00:00
[2025-10-24T23:23:40.807+0000] {processor.py:183} INFO - Processing /opt/airflow/dags/daily_summary.py took 0.122 seconds
[2025-10-24T23:24:11.058+0000] {processor.py:161} INFO - Started process (PID=3016) to work on /opt/airflow/dags/daily_summary.py
[2025-10-24T23:24:11.059+0000] {processor.py:830} INFO - Processing file /opt/airflow/dags/daily_summary.py for tasks to queue
[2025-10-24T23:24:11.059+0000] {logging_mixin.py:188} INFO - [2025-10-24T23:24:11.059+0000] {dagbag.py:538} INFO - Filling up the DagBag from /opt/airflow/dags/daily_summary.py
[2025-10-24T23:24:11.111+0000] {processor.py:840} INFO - DAG(s) 'daily_summary' retrieved from /opt/airflow/dags/daily_summary.py
[2025-10-24T23:24:11.130+0000] {logging_mixin.py:188} INFO - [2025-10-24T23:24:11.130+0000] {dag.py:3036} INFO - Sync 1 DAGs
[2025-10-24T23:24:11.146+0000] {logging_mixin.py:188} INFO - [2025-10-24T23:24:11.146+0000] {dag.py:3823} INFO - Setting next_dagrun for daily_summary to 2025-10-23 00:00:00+00:00, run_after=2025-10-24 00:00:00+00:00
[2025-10-24T23:24:11.163+0000] {processor.py:183} INFO - Processing /opt/airflow/dags/daily_summary.py took 0.108 seconds
[2025-10-24T23:24:41.463+0000] {processor.py:161} INFO - Started process (PID=3021) to work on /opt/airflow/dags/daily_summary.py
[2025-10-24T23:24:41.464+0000] {processor.py:830} INFO - Processing file /opt/airflow/dags/daily_summary.py for tasks to queue
[2025-10-24T23:24:41.464+0000] {logging_mixin.py:188} INFO - [2025-10-24T23:24:41.464+0000] {dagbag.py:538} INFO - Filling up the DagBag from /opt/airflow/dags/daily_summary.py
[2025-10-24T23:24:41.516+0000] {processor.py:840} INFO - DAG(s) 'daily_summary' retrieved from /opt/airflow/dags/daily_summary.py
[2025-10-24T23:24:41.535+0000] {logging_mixin.py:188} INFO - [2025-10-24T23:24:41.535+0000] {dag.py:3036} INFO - Sync 1 DAGs
[2025-10-24T23:24:41.551+0000] {logging_mixin.py:188} INFO - [2025-10-24T23:24:41.551+0000] {dag.py:3823} INFO - Setting next_dagrun for daily_summary to 2025-10-23 00:00:00+00:00, run_after=2025-10-24 00:00:00+00:00
[2025-10-24T23:24:41.568+0000] {processor.py:183} INFO - Processing /opt/airflow/dags/daily_summary.py took 0.107 seconds
[2025-10-24T23:25:11.804+0000] {processor.py:161} INFO - Started process (PID=3026) to work on /opt/airflow/dags/daily_summary.py
[2025-10-24T23:25:11.805+0000] {processor.py:830} INFO - Processing file /opt/airflow/dags/daily_summary.py for tasks to queue
[2025-10-24T23:25:11.806+0000] {logging_mixin.py:188} INFO - [2025-10-24T23:25:11.805+0000] {dagbag.py:538} INFO - Filling up the DagBag from /opt/airflow/dags/daily_summary.py
[2025-10-24T23:25:11.857+0000] {processor.py:840} INFO - DAG(s) 'daily_summary' retrieved from /opt/airflow/dags/daily_summary.py
[2025-10-24T23:25:11.876+0000] {logging_mixin.py:188} INFO - [2025-10-24T23:25:11.876+0000] {dag.py:3036} INFO - Sync 1 DAGs
[2025-10-24T23:25:11.892+0000] {logging_mixin.py:188} INFO - [2025-10-24T23:25:11.891+0000] {dag.py:3823} INFO - Setting next_dagrun for daily_summary to 2025-10-23 00:00:00+00:00, run_after=2025-10-24 00:00:00+00:00
[2025-10-24T23:25:11.909+0000] {processor.py:183} INFO - Processing /opt/airflow/dags/daily_summary.py took 0.108 seconds
[2025-10-24T23:25:42.114+0000] {processor.py:161} INFO - Started process (PID=3031) to work on /opt/airflow/dags/daily_summary.py
[2025-10-24T23:25:42.115+0000] {processor.py:830} INFO - Processing file /opt/airflow/dags/daily_summary.py for tasks to queue
[2025-10-24T23:25:42.116+0000] {logging_mixin.py:188} INFO - [2025-10-24T23:25:42.116+0000] {dagbag.py:538} INFO - Filling up the DagBag from /opt/airflow/dags/daily_summary.py
[2025-10-24T23:25:42.171+0000] {processor.py:840} INFO - DAG(s) 'daily_summary' retrieved from /opt/airflow/dags/daily_summary.py
[2025-10-24T23:25:42.193+0000] {logging_mixin.py:188} INFO - [2025-10-24T23:25:42.193+0000] {dag.py:3036} INFO - Sync 1 DAGs
[2025-10-24T23:25:42.211+0000] {logging_mixin.py:188} INFO - [2025-10-24T23:25:42.211+0000] {dag.py:3823} INFO - Setting next_dagrun for daily_summary to 2025-10-23 00:00:00+00:00, run_after=2025-10-24 00:00:00+00:00
[2025-10-24T23:25:42.235+0000] {processor.py:183} INFO - Processing /opt/airflow/dags/daily_summary.py took 0.124 seconds
[2025-10-24T23:26:12.549+0000] {processor.py:161} INFO - Started process (PID=3036) to work on /opt/airflow/dags/daily_summary.py
[2025-10-24T23:26:12.549+0000] {processor.py:830} INFO - Processing file /opt/airflow/dags/daily_summary.py for tasks to queue
[2025-10-24T23:26:12.550+0000] {logging_mixin.py:188} INFO - [2025-10-24T23:26:12.550+0000] {dagbag.py:538} INFO - Filling up the DagBag from /opt/airflow/dags/daily_summary.py
[2025-10-24T23:26:12.607+0000] {processor.py:840} INFO - DAG(s) 'daily_summary' retrieved from /opt/airflow/dags/daily_summary.py
[2025-10-24T23:26:12.629+0000] {logging_mixin.py:188} INFO - [2025-10-24T23:26:12.628+0000] {dag.py:3036} INFO - Sync 1 DAGs
[2025-10-24T23:26:12.646+0000] {logging_mixin.py:188} INFO - [2025-10-24T23:26:12.646+0000] {dag.py:3823} INFO - Setting next_dagrun for daily_summary to 2025-10-23 00:00:00+00:00, run_after=2025-10-24 00:00:00+00:00
[2025-10-24T23:26:12.666+0000] {processor.py:183} INFO - Processing /opt/airflow/dags/daily_summary.py took 0.120 seconds
[2025-10-24T23:26:42.891+0000] {processor.py:161} INFO - Started process (PID=3041) to work on /opt/airflow/dags/daily_summary.py
[2025-10-24T23:26:42.892+0000] {processor.py:830} INFO - Processing file /opt/airflow/dags/daily_summary.py for tasks to queue
[2025-10-24T23:26:42.893+0000] {logging_mixin.py:188} INFO - [2025-10-24T23:26:42.892+0000] {dagbag.py:538} INFO - Filling up the DagBag from /opt/airflow/dags/daily_summary.py
[2025-10-24T23:26:42.947+0000] {processor.py:840} INFO - DAG(s) 'daily_summary' retrieved from /opt/airflow/dags/daily_summary.py
[2025-10-24T23:26:42.969+0000] {logging_mixin.py:188} INFO - [2025-10-24T23:26:42.969+0000] {dag.py:3036} INFO - Sync 1 DAGs
[2025-10-24T23:26:42.987+0000] {logging_mixin.py:188} INFO - [2025-10-24T23:26:42.987+0000] {dag.py:3823} INFO - Setting next_dagrun for daily_summary to 2025-10-23 00:00:00+00:00, run_after=2025-10-24 00:00:00+00:00
[2025-10-24T23:26:43.004+0000] {processor.py:183} INFO - Processing /opt/airflow/dags/daily_summary.py took 0.115 seconds
[2025-10-24T23:27:13.253+0000] {processor.py:161} INFO - Started process (PID=3046) to work on /opt/airflow/dags/daily_summary.py
[2025-10-24T23:27:13.253+0000] {processor.py:830} INFO - Processing file /opt/airflow/dags/daily_summary.py for tasks to queue
[2025-10-24T23:27:13.254+0000] {logging_mixin.py:188} INFO - [2025-10-24T23:27:13.254+0000] {dagbag.py:538} INFO - Filling up the DagBag from /opt/airflow/dags/daily_summary.py
[2025-10-24T23:27:13.313+0000] {processor.py:840} INFO - DAG(s) 'daily_summary' retrieved from /opt/airflow/dags/daily_summary.py
[2025-10-24T23:27:13.336+0000] {logging_mixin.py:188} INFO - [2025-10-24T23:27:13.336+0000] {dag.py:3036} INFO - Sync 1 DAGs
[2025-10-24T23:27:13.354+0000] {logging_mixin.py:188} INFO - [2025-10-24T23:27:13.354+0000] {dag.py:3823} INFO - Setting next_dagrun for daily_summary to 2025-10-23 00:00:00+00:00, run_after=2025-10-24 00:00:00+00:00
[2025-10-24T23:27:13.384+0000] {processor.py:183} INFO - Processing /opt/airflow/dags/daily_summary.py took 0.134 seconds
[2025-10-24T23:27:43.616+0000] {processor.py:161} INFO - Started process (PID=3051) to work on /opt/airflow/dags/daily_summary.py
[2025-10-24T23:27:43.617+0000] {processor.py:830} INFO - Processing file /opt/airflow/dags/daily_summary.py for tasks to queue
[2025-10-24T23:27:43.617+0000] {logging_mixin.py:188} INFO - [2025-10-24T23:27:43.617+0000] {dagbag.py:538} INFO - Filling up the DagBag from /opt/airflow/dags/daily_summary.py
[2025-10-24T23:27:43.671+0000] {processor.py:840} INFO - DAG(s) 'daily_summary' retrieved from /opt/airflow/dags/daily_summary.py
[2025-10-24T23:27:43.695+0000] {logging_mixin.py:188} INFO - [2025-10-24T23:27:43.695+0000] {dag.py:3036} INFO - Sync 1 DAGs
[2025-10-24T23:27:43.712+0000] {logging_mixin.py:188} INFO - [2025-10-24T23:27:43.712+0000] {dag.py:3823} INFO - Setting next_dagrun for daily_summary to 2025-10-23 00:00:00+00:00, run_after=2025-10-24 00:00:00+00:00
[2025-10-24T23:27:43.730+0000] {processor.py:183} INFO - Processing /opt/airflow/dags/daily_summary.py took 0.117 seconds
[2025-10-24T23:28:14.024+0000] {processor.py:161} INFO - Started process (PID=3056) to work on /opt/airflow/dags/daily_summary.py
[2025-10-24T23:28:14.025+0000] {processor.py:830} INFO - Processing file /opt/airflow/dags/daily_summary.py for tasks to queue
[2025-10-24T23:28:14.026+0000] {logging_mixin.py:188} INFO - [2025-10-24T23:28:14.026+0000] {dagbag.py:538} INFO - Filling up the DagBag from /opt/airflow/dags/daily_summary.py
[2025-10-24T23:28:14.081+0000] {processor.py:840} INFO - DAG(s) 'daily_summary' retrieved from /opt/airflow/dags/daily_summary.py
[2025-10-24T23:28:14.101+0000] {logging_mixin.py:188} INFO - [2025-10-24T23:28:14.100+0000] {dag.py:3036} INFO - Sync 1 DAGs
[2025-10-24T23:28:14.116+0000] {logging_mixin.py:188} INFO - [2025-10-24T23:28:14.116+0000] {dag.py:3823} INFO - Setting next_dagrun for daily_summary to 2025-10-23 00:00:00+00:00, run_after=2025-10-24 00:00:00+00:00
[2025-10-24T23:28:14.131+0000] {processor.py:183} INFO - Processing /opt/airflow/dags/daily_summary.py took 0.110 seconds
[2025-10-24T23:28:44.340+0000] {processor.py:161} INFO - Started process (PID=3061) to work on /opt/airflow/dags/daily_summary.py
[2025-10-24T23:28:44.341+0000] {processor.py:830} INFO - Processing file /opt/airflow/dags/daily_summary.py for tasks to queue
[2025-10-24T23:28:44.342+0000] {logging_mixin.py:188} INFO - [2025-10-24T23:28:44.342+0000] {dagbag.py:538} INFO - Filling up the DagBag from /opt/airflow/dags/daily_summary.py
[2025-10-24T23:28:44.400+0000] {processor.py:840} INFO - DAG(s) 'daily_summary' retrieved from /opt/airflow/dags/daily_summary.py
[2025-10-24T23:28:44.424+0000] {logging_mixin.py:188} INFO - [2025-10-24T23:28:44.423+0000] {dag.py:3036} INFO - Sync 1 DAGs
[2025-10-24T23:28:44.442+0000] {logging_mixin.py:188} INFO - [2025-10-24T23:28:44.441+0000] {dag.py:3823} INFO - Setting next_dagrun for daily_summary to 2025-10-23 00:00:00+00:00, run_after=2025-10-24 00:00:00+00:00
[2025-10-24T23:28:44.458+0000] {processor.py:183} INFO - Processing /opt/airflow/dags/daily_summary.py took 0.121 seconds
[2025-10-24T23:29:14.800+0000] {processor.py:161} INFO - Started process (PID=3066) to work on /opt/airflow/dags/daily_summary.py
[2025-10-24T23:29:14.801+0000] {processor.py:830} INFO - Processing file /opt/airflow/dags/daily_summary.py for tasks to queue
[2025-10-24T23:29:14.802+0000] {logging_mixin.py:188} INFO - [2025-10-24T23:29:14.801+0000] {dagbag.py:538} INFO - Filling up the DagBag from /opt/airflow/dags/daily_summary.py
[2025-10-24T23:29:14.853+0000] {processor.py:840} INFO - DAG(s) 'daily_summary' retrieved from /opt/airflow/dags/daily_summary.py
[2025-10-24T23:29:14.873+0000] {logging_mixin.py:188} INFO - [2025-10-24T23:29:14.873+0000] {dag.py:3036} INFO - Sync 1 DAGs
[2025-10-24T23:29:14.890+0000] {logging_mixin.py:188} INFO - [2025-10-24T23:29:14.890+0000] {dag.py:3823} INFO - Setting next_dagrun for daily_summary to 2025-10-23 00:00:00+00:00, run_after=2025-10-24 00:00:00+00:00
[2025-10-24T23:29:14.918+0000] {processor.py:183} INFO - Processing /opt/airflow/dags/daily_summary.py took 0.121 seconds
[2025-10-24T23:29:45.136+0000] {processor.py:161} INFO - Started process (PID=3071) to work on /opt/airflow/dags/daily_summary.py
[2025-10-24T23:29:45.137+0000] {processor.py:830} INFO - Processing file /opt/airflow/dags/daily_summary.py for tasks to queue
[2025-10-24T23:29:45.138+0000] {logging_mixin.py:188} INFO - [2025-10-24T23:29:45.137+0000] {dagbag.py:538} INFO - Filling up the DagBag from /opt/airflow/dags/daily_summary.py
[2025-10-24T23:29:45.190+0000] {processor.py:840} INFO - DAG(s) 'daily_summary' retrieved from /opt/airflow/dags/daily_summary.py
[2025-10-24T23:29:45.209+0000] {logging_mixin.py:188} INFO - [2025-10-24T23:29:45.209+0000] {dag.py:3036} INFO - Sync 1 DAGs
[2025-10-24T23:29:45.226+0000] {logging_mixin.py:188} INFO - [2025-10-24T23:29:45.226+0000] {dag.py:3823} INFO - Setting next_dagrun for daily_summary to 2025-10-23 00:00:00+00:00, run_after=2025-10-24 00:00:00+00:00
[2025-10-24T23:29:45.253+0000] {processor.py:183} INFO - Processing /opt/airflow/dags/daily_summary.py took 0.120 seconds
[2025-10-24T23:30:15.487+0000] {processor.py:161} INFO - Started process (PID=3076) to work on /opt/airflow/dags/daily_summary.py
[2025-10-24T23:30:15.487+0000] {processor.py:830} INFO - Processing file /opt/airflow/dags/daily_summary.py for tasks to queue
[2025-10-24T23:30:15.488+0000] {logging_mixin.py:188} INFO - [2025-10-24T23:30:15.488+0000] {dagbag.py:538} INFO - Filling up the DagBag from /opt/airflow/dags/daily_summary.py
[2025-10-24T23:30:15.545+0000] {processor.py:840} INFO - DAG(s) 'daily_summary' retrieved from /opt/airflow/dags/daily_summary.py
[2025-10-24T23:30:15.567+0000] {logging_mixin.py:188} INFO - [2025-10-24T23:30:15.567+0000] {dag.py:3036} INFO - Sync 1 DAGs
[2025-10-24T23:30:15.582+0000] {logging_mixin.py:188} INFO - [2025-10-24T23:30:15.582+0000] {dag.py:3823} INFO - Setting next_dagrun for daily_summary to 2025-10-23 00:00:00+00:00, run_after=2025-10-24 00:00:00+00:00
[2025-10-24T23:30:15.601+0000] {processor.py:183} INFO - Processing /opt/airflow/dags/daily_summary.py took 0.117 seconds
[2025-10-24T23:30:45.829+0000] {processor.py:161} INFO - Started process (PID=3081) to work on /opt/airflow/dags/daily_summary.py
[2025-10-24T23:30:45.830+0000] {processor.py:830} INFO - Processing file /opt/airflow/dags/daily_summary.py for tasks to queue
[2025-10-24T23:30:45.831+0000] {logging_mixin.py:188} INFO - [2025-10-24T23:30:45.831+0000] {dagbag.py:538} INFO - Filling up the DagBag from /opt/airflow/dags/daily_summary.py
[2025-10-24T23:30:45.884+0000] {processor.py:840} INFO - DAG(s) 'daily_summary' retrieved from /opt/airflow/dags/daily_summary.py
[2025-10-24T23:30:45.906+0000] {logging_mixin.py:188} INFO - [2025-10-24T23:30:45.905+0000] {dag.py:3036} INFO - Sync 1 DAGs
[2025-10-24T23:30:45.922+0000] {logging_mixin.py:188} INFO - [2025-10-24T23:30:45.922+0000] {dag.py:3823} INFO - Setting next_dagrun for daily_summary to 2025-10-23 00:00:00+00:00, run_after=2025-10-24 00:00:00+00:00
[2025-10-24T23:30:45.940+0000] {processor.py:183} INFO - Processing /opt/airflow/dags/daily_summary.py took 0.114 seconds
[2025-10-24T23:31:16.205+0000] {processor.py:161} INFO - Started process (PID=3086) to work on /opt/airflow/dags/daily_summary.py
[2025-10-24T23:31:16.206+0000] {processor.py:830} INFO - Processing file /opt/airflow/dags/daily_summary.py for tasks to queue
[2025-10-24T23:31:16.207+0000] {logging_mixin.py:188} INFO - [2025-10-24T23:31:16.207+0000] {dagbag.py:538} INFO - Filling up the DagBag from /opt/airflow/dags/daily_summary.py
[2025-10-24T23:31:16.263+0000] {processor.py:840} INFO - DAG(s) 'daily_summary' retrieved from /opt/airflow/dags/daily_summary.py
[2025-10-24T23:31:16.283+0000] {logging_mixin.py:188} INFO - [2025-10-24T23:31:16.283+0000] {dag.py:3036} INFO - Sync 1 DAGs
[2025-10-24T23:31:16.298+0000] {logging_mixin.py:188} INFO - [2025-10-24T23:31:16.298+0000] {dag.py:3823} INFO - Setting next_dagrun for daily_summary to 2025-10-23 00:00:00+00:00, run_after=2025-10-24 00:00:00+00:00
[2025-10-24T23:31:16.325+0000] {processor.py:183} INFO - Processing /opt/airflow/dags/daily_summary.py took 0.122 seconds
[2025-10-24T23:31:46.556+0000] {processor.py:161} INFO - Started process (PID=3091) to work on /opt/airflow/dags/daily_summary.py
[2025-10-24T23:31:46.556+0000] {processor.py:830} INFO - Processing file /opt/airflow/dags/daily_summary.py for tasks to queue
[2025-10-24T23:31:46.557+0000] {logging_mixin.py:188} INFO - [2025-10-24T23:31:46.557+0000] {dagbag.py:538} INFO - Filling up the DagBag from /opt/airflow/dags/daily_summary.py
[2025-10-24T23:31:46.608+0000] {processor.py:840} INFO - DAG(s) 'daily_summary' retrieved from /opt/airflow/dags/daily_summary.py
[2025-10-24T23:31:46.629+0000] {logging_mixin.py:188} INFO - [2025-10-24T23:31:46.629+0000] {dag.py:3036} INFO - Sync 1 DAGs
[2025-10-24T23:31:46.646+0000] {logging_mixin.py:188} INFO - [2025-10-24T23:31:46.646+0000] {dag.py:3823} INFO - Setting next_dagrun for daily_summary to 2025-10-23 00:00:00+00:00, run_after=2025-10-24 00:00:00+00:00
[2025-10-24T23:31:46.673+0000] {processor.py:183} INFO - Processing /opt/airflow/dags/daily_summary.py took 0.120 seconds
[2025-10-24T23:32:16.935+0000] {processor.py:161} INFO - Started process (PID=3096) to work on /opt/airflow/dags/daily_summary.py
[2025-10-24T23:32:16.936+0000] {processor.py:830} INFO - Processing file /opt/airflow/dags/daily_summary.py for tasks to queue
[2025-10-24T23:32:16.937+0000] {logging_mixin.py:188} INFO - [2025-10-24T23:32:16.937+0000] {dagbag.py:538} INFO - Filling up the DagBag from /opt/airflow/dags/daily_summary.py
[2025-10-24T23:32:16.996+0000] {processor.py:840} INFO - DAG(s) 'daily_summary' retrieved from /opt/airflow/dags/daily_summary.py
[2025-10-24T23:32:17.021+0000] {logging_mixin.py:188} INFO - [2025-10-24T23:32:17.021+0000] {dag.py:3036} INFO - Sync 1 DAGs
[2025-10-24T23:32:17.046+0000] {logging_mixin.py:188} INFO - [2025-10-24T23:32:17.046+0000] {dag.py:3823} INFO - Setting next_dagrun for daily_summary to 2025-10-23 00:00:00+00:00, run_after=2025-10-24 00:00:00+00:00
[2025-10-24T23:32:17.066+0000] {processor.py:183} INFO - Processing /opt/airflow/dags/daily_summary.py took 0.133 seconds
[2025-10-24T23:32:47.209+0000] {processor.py:161} INFO - Started process (PID=3101) to work on /opt/airflow/dags/daily_summary.py
[2025-10-24T23:32:47.209+0000] {processor.py:830} INFO - Processing file /opt/airflow/dags/daily_summary.py for tasks to queue
[2025-10-24T23:32:47.210+0000] {logging_mixin.py:188} INFO - [2025-10-24T23:32:47.210+0000] {dagbag.py:538} INFO - Filling up the DagBag from /opt/airflow/dags/daily_summary.py
[2025-10-24T23:32:47.264+0000] {processor.py:840} INFO - DAG(s) 'daily_summary' retrieved from /opt/airflow/dags/daily_summary.py
[2025-10-24T23:32:47.283+0000] {logging_mixin.py:188} INFO - [2025-10-24T23:32:47.283+0000] {dag.py:3036} INFO - Sync 1 DAGs
[2025-10-24T23:32:47.300+0000] {logging_mixin.py:188} INFO - [2025-10-24T23:32:47.300+0000] {dag.py:3823} INFO - Setting next_dagrun for daily_summary to 2025-10-23 00:00:00+00:00, run_after=2025-10-24 00:00:00+00:00
[2025-10-24T23:32:47.319+0000] {processor.py:183} INFO - Processing /opt/airflow/dags/daily_summary.py took 0.113 seconds
[2025-10-24T23:33:17.495+0000] {processor.py:161} INFO - Started process (PID=3106) to work on /opt/airflow/dags/daily_summary.py
[2025-10-24T23:33:17.496+0000] {processor.py:830} INFO - Processing file /opt/airflow/dags/daily_summary.py for tasks to queue
[2025-10-24T23:33:17.497+0000] {logging_mixin.py:188} INFO - [2025-10-24T23:33:17.497+0000] {dagbag.py:538} INFO - Filling up the DagBag from /opt/airflow/dags/daily_summary.py
[2025-10-24T23:33:17.551+0000] {processor.py:840} INFO - DAG(s) 'daily_summary' retrieved from /opt/airflow/dags/daily_summary.py
[2025-10-24T23:33:17.573+0000] {logging_mixin.py:188} INFO - [2025-10-24T23:33:17.573+0000] {dag.py:3036} INFO - Sync 1 DAGs
[2025-10-24T23:33:17.591+0000] {logging_mixin.py:188} INFO - [2025-10-24T23:33:17.591+0000] {dag.py:3823} INFO - Setting next_dagrun for daily_summary to 2025-10-23 00:00:00+00:00, run_after=2025-10-24 00:00:00+00:00
[2025-10-24T23:33:17.619+0000] {processor.py:183} INFO - Processing /opt/airflow/dags/daily_summary.py took 0.127 seconds
[2025-10-24T23:33:48.005+0000] {processor.py:161} INFO - Started process (PID=3111) to work on /opt/airflow/dags/daily_summary.py
[2025-10-24T23:33:48.006+0000] {processor.py:830} INFO - Processing file /opt/airflow/dags/daily_summary.py for tasks to queue
[2025-10-24T23:33:48.007+0000] {logging_mixin.py:188} INFO - [2025-10-24T23:33:48.007+0000] {dagbag.py:538} INFO - Filling up the DagBag from /opt/airflow/dags/daily_summary.py
[2025-10-24T23:33:48.065+0000] {processor.py:840} INFO - DAG(s) 'daily_summary' retrieved from /opt/airflow/dags/daily_summary.py
[2025-10-24T23:33:48.088+0000] {logging_mixin.py:188} INFO - [2025-10-24T23:33:48.088+0000] {dag.py:3036} INFO - Sync 1 DAGs
[2025-10-24T23:33:48.107+0000] {logging_mixin.py:188} INFO - [2025-10-24T23:33:48.107+0000] {dag.py:3823} INFO - Setting next_dagrun for daily_summary to 2025-10-23 00:00:00+00:00, run_after=2025-10-24 00:00:00+00:00
[2025-10-24T23:33:48.128+0000] {processor.py:183} INFO - Processing /opt/airflow/dags/daily_summary.py took 0.125 seconds
[2025-10-24T23:34:18.317+0000] {processor.py:161} INFO - Started process (PID=3116) to work on /opt/airflow/dags/daily_summary.py
[2025-10-24T23:34:18.317+0000] {processor.py:830} INFO - Processing file /opt/airflow/dags/daily_summary.py for tasks to queue
[2025-10-24T23:34:18.319+0000] {logging_mixin.py:188} INFO - [2025-10-24T23:34:18.318+0000] {dagbag.py:538} INFO - Filling up the DagBag from /opt/airflow/dags/daily_summary.py
[2025-10-24T23:34:18.374+0000] {processor.py:840} INFO - DAG(s) 'daily_summary' retrieved from /opt/airflow/dags/daily_summary.py
[2025-10-24T23:34:18.396+0000] {logging_mixin.py:188} INFO - [2025-10-24T23:34:18.396+0000] {dag.py:3036} INFO - Sync 1 DAGs
[2025-10-24T23:34:18.414+0000] {logging_mixin.py:188} INFO - [2025-10-24T23:34:18.413+0000] {dag.py:3823} INFO - Setting next_dagrun for daily_summary to 2025-10-23 00:00:00+00:00, run_after=2025-10-24 00:00:00+00:00
[2025-10-24T23:34:18.432+0000] {processor.py:183} INFO - Processing /opt/airflow/dags/daily_summary.py took 0.118 seconds
[2025-10-24T23:34:48.759+0000] {processor.py:161} INFO - Started process (PID=3121) to work on /opt/airflow/dags/daily_summary.py
[2025-10-24T23:34:48.760+0000] {processor.py:830} INFO - Processing file /opt/airflow/dags/daily_summary.py for tasks to queue
[2025-10-24T23:34:48.761+0000] {logging_mixin.py:188} INFO - [2025-10-24T23:34:48.761+0000] {dagbag.py:538} INFO - Filling up the DagBag from /opt/airflow/dags/daily_summary.py
[2025-10-24T23:34:48.813+0000] {processor.py:840} INFO - DAG(s) 'daily_summary' retrieved from /opt/airflow/dags/daily_summary.py
[2025-10-24T23:34:48.834+0000] {logging_mixin.py:188} INFO - [2025-10-24T23:34:48.834+0000] {dag.py:3036} INFO - Sync 1 DAGs
[2025-10-24T23:34:48.870+0000] {logging_mixin.py:188} INFO - [2025-10-24T23:34:48.870+0000] {dag.py:3823} INFO - Setting next_dagrun for daily_summary to 2025-10-23 00:00:00+00:00, run_after=2025-10-24 00:00:00+00:00
[2025-10-24T23:34:48.897+0000] {processor.py:183} INFO - Processing /opt/airflow/dags/daily_summary.py took 0.140 seconds
[2025-10-24T23:35:19.111+0000] {processor.py:161} INFO - Started process (PID=3126) to work on /opt/airflow/dags/daily_summary.py
[2025-10-24T23:35:19.112+0000] {processor.py:830} INFO - Processing file /opt/airflow/dags/daily_summary.py for tasks to queue
[2025-10-24T23:35:19.113+0000] {logging_mixin.py:188} INFO - [2025-10-24T23:35:19.113+0000] {dagbag.py:538} INFO - Filling up the DagBag from /opt/airflow/dags/daily_summary.py
[2025-10-24T23:35:19.168+0000] {processor.py:840} INFO - DAG(s) 'daily_summary' retrieved from /opt/airflow/dags/daily_summary.py
[2025-10-24T23:35:19.189+0000] {logging_mixin.py:188} INFO - [2025-10-24T23:35:19.189+0000] {dag.py:3036} INFO - Sync 1 DAGs
[2025-10-24T23:35:19.206+0000] {logging_mixin.py:188} INFO - [2025-10-24T23:35:19.206+0000] {dag.py:3823} INFO - Setting next_dagrun for daily_summary to 2025-10-23 00:00:00+00:00, run_after=2025-10-24 00:00:00+00:00
[2025-10-24T23:35:19.225+0000] {processor.py:183} INFO - Processing /opt/airflow/dags/daily_summary.py took 0.116 seconds
[2025-10-24T23:35:49.520+0000] {processor.py:161} INFO - Started process (PID=3131) to work on /opt/airflow/dags/daily_summary.py
[2025-10-24T23:35:49.521+0000] {processor.py:830} INFO - Processing file /opt/airflow/dags/daily_summary.py for tasks to queue
[2025-10-24T23:35:49.522+0000] {logging_mixin.py:188} INFO - [2025-10-24T23:35:49.522+0000] {dagbag.py:538} INFO - Filling up the DagBag from /opt/airflow/dags/daily_summary.py
[2025-10-24T23:35:49.573+0000] {processor.py:840} INFO - DAG(s) 'daily_summary' retrieved from /opt/airflow/dags/daily_summary.py
[2025-10-24T23:35:49.593+0000] {logging_mixin.py:188} INFO - [2025-10-24T23:35:49.593+0000] {dag.py:3036} INFO - Sync 1 DAGs
[2025-10-24T23:35:49.609+0000] {logging_mixin.py:188} INFO - [2025-10-24T23:35:49.609+0000] {dag.py:3823} INFO - Setting next_dagrun for daily_summary to 2025-10-23 00:00:00+00:00, run_after=2025-10-24 00:00:00+00:00
[2025-10-24T23:35:49.637+0000] {processor.py:183} INFO - Processing /opt/airflow/dags/daily_summary.py took 0.119 seconds
[2025-10-24T23:36:19.865+0000] {processor.py:161} INFO - Started process (PID=3136) to work on /opt/airflow/dags/daily_summary.py
[2025-10-24T23:36:19.866+0000] {processor.py:830} INFO - Processing file /opt/airflow/dags/daily_summary.py for tasks to queue
[2025-10-24T23:36:19.867+0000] {logging_mixin.py:188} INFO - [2025-10-24T23:36:19.867+0000] {dagbag.py:538} INFO - Filling up the DagBag from /opt/airflow/dags/daily_summary.py
[2025-10-24T23:36:19.926+0000] {processor.py:840} INFO - DAG(s) 'daily_summary' retrieved from /opt/airflow/dags/daily_summary.py
[2025-10-24T23:36:19.948+0000] {logging_mixin.py:188} INFO - [2025-10-24T23:36:19.948+0000] {dag.py:3036} INFO - Sync 1 DAGs
[2025-10-24T23:36:19.966+0000] {logging_mixin.py:188} INFO - [2025-10-24T23:36:19.966+0000] {dag.py:3823} INFO - Setting next_dagrun for daily_summary to 2025-10-23 00:00:00+00:00, run_after=2025-10-24 00:00:00+00:00
[2025-10-24T23:36:19.985+0000] {processor.py:183} INFO - Processing /opt/airflow/dags/daily_summary.py took 0.123 seconds
[2025-10-24T23:36:50.258+0000] {processor.py:161} INFO - Started process (PID=3141) to work on /opt/airflow/dags/daily_summary.py
[2025-10-24T23:36:50.259+0000] {processor.py:830} INFO - Processing file /opt/airflow/dags/daily_summary.py for tasks to queue
[2025-10-24T23:36:50.260+0000] {logging_mixin.py:188} INFO - [2025-10-24T23:36:50.260+0000] {dagbag.py:538} INFO - Filling up the DagBag from /opt/airflow/dags/daily_summary.py
[2025-10-24T23:36:50.313+0000] {processor.py:840} INFO - DAG(s) 'daily_summary' retrieved from /opt/airflow/dags/daily_summary.py
[2025-10-24T23:36:50.333+0000] {logging_mixin.py:188} INFO - [2025-10-24T23:36:50.333+0000] {dag.py:3036} INFO - Sync 1 DAGs
[2025-10-24T23:36:50.349+0000] {logging_mixin.py:188} INFO - [2025-10-24T23:36:50.349+0000] {dag.py:3823} INFO - Setting next_dagrun for daily_summary to 2025-10-23 00:00:00+00:00, run_after=2025-10-24 00:00:00+00:00
[2025-10-24T23:36:50.368+0000] {processor.py:183} INFO - Processing /opt/airflow/dags/daily_summary.py took 0.112 seconds
[2025-10-24T23:37:20.530+0000] {processor.py:161} INFO - Started process (PID=3146) to work on /opt/airflow/dags/daily_summary.py
[2025-10-24T23:37:20.531+0000] {processor.py:830} INFO - Processing file /opt/airflow/dags/daily_summary.py for tasks to queue
[2025-10-24T23:37:20.532+0000] {logging_mixin.py:188} INFO - [2025-10-24T23:37:20.531+0000] {dagbag.py:538} INFO - Filling up the DagBag from /opt/airflow/dags/daily_summary.py
[2025-10-24T23:37:20.594+0000] {processor.py:840} INFO - DAG(s) 'daily_summary' retrieved from /opt/airflow/dags/daily_summary.py
[2025-10-24T23:37:20.620+0000] {logging_mixin.py:188} INFO - [2025-10-24T23:37:20.620+0000] {dag.py:3036} INFO - Sync 1 DAGs
[2025-10-24T23:37:20.639+0000] {logging_mixin.py:188} INFO - [2025-10-24T23:37:20.639+0000] {dag.py:3823} INFO - Setting next_dagrun for daily_summary to 2025-10-23 00:00:00+00:00, run_after=2025-10-24 00:00:00+00:00
[2025-10-24T23:37:20.655+0000] {processor.py:183} INFO - Processing /opt/airflow/dags/daily_summary.py took 0.130 seconds
[2025-10-24T23:37:50.993+0000] {processor.py:161} INFO - Started process (PID=3151) to work on /opt/airflow/dags/daily_summary.py
[2025-10-24T23:37:50.994+0000] {processor.py:830} INFO - Processing file /opt/airflow/dags/daily_summary.py for tasks to queue
[2025-10-24T23:37:50.994+0000] {logging_mixin.py:188} INFO - [2025-10-24T23:37:50.994+0000] {dagbag.py:538} INFO - Filling up the DagBag from /opt/airflow/dags/daily_summary.py
[2025-10-24T23:37:51.044+0000] {processor.py:840} INFO - DAG(s) 'daily_summary' retrieved from /opt/airflow/dags/daily_summary.py
[2025-10-24T23:37:51.064+0000] {logging_mixin.py:188} INFO - [2025-10-24T23:37:51.064+0000] {dag.py:3036} INFO - Sync 1 DAGs
[2025-10-24T23:37:51.081+0000] {logging_mixin.py:188} INFO - [2025-10-24T23:37:51.081+0000] {dag.py:3823} INFO - Setting next_dagrun for daily_summary to 2025-10-23 00:00:00+00:00, run_after=2025-10-24 00:00:00+00:00
[2025-10-24T23:37:51.099+0000] {processor.py:183} INFO - Processing /opt/airflow/dags/daily_summary.py took 0.108 seconds
[2025-10-24T23:38:21.320+0000] {processor.py:161} INFO - Started process (PID=3156) to work on /opt/airflow/dags/daily_summary.py
[2025-10-24T23:38:21.320+0000] {processor.py:830} INFO - Processing file /opt/airflow/dags/daily_summary.py for tasks to queue
[2025-10-24T23:38:21.321+0000] {logging_mixin.py:188} INFO - [2025-10-24T23:38:21.321+0000] {dagbag.py:538} INFO - Filling up the DagBag from /opt/airflow/dags/daily_summary.py
[2025-10-24T23:38:21.372+0000] {processor.py:840} INFO - DAG(s) 'daily_summary' retrieved from /opt/airflow/dags/daily_summary.py
[2025-10-24T23:38:21.395+0000] {logging_mixin.py:188} INFO - [2025-10-24T23:38:21.395+0000] {dag.py:3036} INFO - Sync 1 DAGs
[2025-10-24T23:38:21.414+0000] {logging_mixin.py:188} INFO - [2025-10-24T23:38:21.414+0000] {dag.py:3823} INFO - Setting next_dagrun for daily_summary to 2025-10-23 00:00:00+00:00, run_after=2025-10-24 00:00:00+00:00
[2025-10-24T23:38:21.439+0000] {processor.py:183} INFO - Processing /opt/airflow/dags/daily_summary.py took 0.123 seconds
[2025-10-24T23:38:51.711+0000] {processor.py:161} INFO - Started process (PID=3161) to work on /opt/airflow/dags/daily_summary.py
[2025-10-24T23:38:51.712+0000] {processor.py:830} INFO - Processing file /opt/airflow/dags/daily_summary.py for tasks to queue
[2025-10-24T23:38:51.712+0000] {logging_mixin.py:188} INFO - [2025-10-24T23:38:51.712+0000] {dagbag.py:538} INFO - Filling up the DagBag from /opt/airflow/dags/daily_summary.py
[2025-10-24T23:38:51.763+0000] {processor.py:840} INFO - DAG(s) 'daily_summary' retrieved from /opt/airflow/dags/daily_summary.py
[2025-10-24T23:38:51.785+0000] {logging_mixin.py:188} INFO - [2025-10-24T23:38:51.785+0000] {dag.py:3036} INFO - Sync 1 DAGs
[2025-10-24T23:38:51.800+0000] {logging_mixin.py:188} INFO - [2025-10-24T23:38:51.800+0000] {dag.py:3823} INFO - Setting next_dagrun for daily_summary to 2025-10-23 00:00:00+00:00, run_after=2025-10-24 00:00:00+00:00
[2025-10-24T23:38:51.827+0000] {processor.py:183} INFO - Processing /opt/airflow/dags/daily_summary.py took 0.118 seconds
[2025-10-24T23:39:22.031+0000] {processor.py:161} INFO - Started process (PID=3166) to work on /opt/airflow/dags/daily_summary.py
[2025-10-24T23:39:22.032+0000] {processor.py:830} INFO - Processing file /opt/airflow/dags/daily_summary.py for tasks to queue
[2025-10-24T23:39:22.033+0000] {logging_mixin.py:188} INFO - [2025-10-24T23:39:22.033+0000] {dagbag.py:538} INFO - Filling up the DagBag from /opt/airflow/dags/daily_summary.py
[2025-10-24T23:39:22.086+0000] {processor.py:840} INFO - DAG(s) 'daily_summary' retrieved from /opt/airflow/dags/daily_summary.py
[2025-10-24T23:39:22.107+0000] {logging_mixin.py:188} INFO - [2025-10-24T23:39:22.106+0000] {dag.py:3036} INFO - Sync 1 DAGs
[2025-10-24T23:39:22.124+0000] {logging_mixin.py:188} INFO - [2025-10-24T23:39:22.124+0000] {dag.py:3823} INFO - Setting next_dagrun for daily_summary to 2025-10-23 00:00:00+00:00, run_after=2025-10-24 00:00:00+00:00
[2025-10-24T23:39:22.142+0000] {processor.py:183} INFO - Processing /opt/airflow/dags/daily_summary.py took 0.114 seconds
[2025-10-24T23:39:52.461+0000] {processor.py:161} INFO - Started process (PID=3171) to work on /opt/airflow/dags/daily_summary.py
[2025-10-24T23:39:52.461+0000] {processor.py:830} INFO - Processing file /opt/airflow/dags/daily_summary.py for tasks to queue
[2025-10-24T23:39:52.462+0000] {logging_mixin.py:188} INFO - [2025-10-24T23:39:52.462+0000] {dagbag.py:538} INFO - Filling up the DagBag from /opt/airflow/dags/daily_summary.py
[2025-10-24T23:39:52.512+0000] {processor.py:840} INFO - DAG(s) 'daily_summary' retrieved from /opt/airflow/dags/daily_summary.py
[2025-10-24T23:39:52.534+0000] {logging_mixin.py:188} INFO - [2025-10-24T23:39:52.534+0000] {dag.py:3036} INFO - Sync 1 DAGs
[2025-10-24T23:39:52.552+0000] {logging_mixin.py:188} INFO - [2025-10-24T23:39:52.552+0000] {dag.py:3823} INFO - Setting next_dagrun for daily_summary to 2025-10-23 00:00:00+00:00, run_after=2025-10-24 00:00:00+00:00
[2025-10-24T23:39:52.581+0000] {processor.py:183} INFO - Processing /opt/airflow/dags/daily_summary.py took 0.123 seconds
[2025-10-24T23:40:22.751+0000] {processor.py:161} INFO - Started process (PID=3176) to work on /opt/airflow/dags/daily_summary.py
[2025-10-24T23:40:22.752+0000] {processor.py:830} INFO - Processing file /opt/airflow/dags/daily_summary.py for tasks to queue
[2025-10-24T23:40:22.753+0000] {logging_mixin.py:188} INFO - [2025-10-24T23:40:22.753+0000] {dagbag.py:538} INFO - Filling up the DagBag from /opt/airflow/dags/daily_summary.py
[2025-10-24T23:40:22.807+0000] {processor.py:840} INFO - DAG(s) 'daily_summary' retrieved from /opt/airflow/dags/daily_summary.py
[2025-10-24T23:40:22.828+0000] {logging_mixin.py:188} INFO - [2025-10-24T23:40:22.827+0000] {dag.py:3036} INFO - Sync 1 DAGs
[2025-10-24T23:40:22.843+0000] {logging_mixin.py:188} INFO - [2025-10-24T23:40:22.843+0000] {dag.py:3823} INFO - Setting next_dagrun for daily_summary to 2025-10-23 00:00:00+00:00, run_after=2025-10-24 00:00:00+00:00
[2025-10-24T23:40:22.871+0000] {processor.py:183} INFO - Processing /opt/airflow/dags/daily_summary.py took 0.122 seconds
[2025-10-24T23:40:53.090+0000] {processor.py:161} INFO - Started process (PID=3181) to work on /opt/airflow/dags/daily_summary.py
[2025-10-24T23:40:53.090+0000] {processor.py:830} INFO - Processing file /opt/airflow/dags/daily_summary.py for tasks to queue
[2025-10-24T23:40:53.091+0000] {logging_mixin.py:188} INFO - [2025-10-24T23:40:53.091+0000] {dagbag.py:538} INFO - Filling up the DagBag from /opt/airflow/dags/daily_summary.py
[2025-10-24T23:40:53.143+0000] {processor.py:840} INFO - DAG(s) 'daily_summary' retrieved from /opt/airflow/dags/daily_summary.py
[2025-10-24T23:40:53.163+0000] {logging_mixin.py:188} INFO - [2025-10-24T23:40:53.163+0000] {dag.py:3036} INFO - Sync 1 DAGs
[2025-10-24T23:40:53.180+0000] {logging_mixin.py:188} INFO - [2025-10-24T23:40:53.180+0000] {dag.py:3823} INFO - Setting next_dagrun for daily_summary to 2025-10-23 00:00:00+00:00, run_after=2025-10-24 00:00:00+00:00
[2025-10-24T23:40:53.197+0000] {processor.py:183} INFO - Processing /opt/airflow/dags/daily_summary.py took 0.110 seconds
[2025-10-24T23:41:23.527+0000] {processor.py:161} INFO - Started process (PID=3186) to work on /opt/airflow/dags/daily_summary.py
[2025-10-24T23:41:23.528+0000] {processor.py:830} INFO - Processing file /opt/airflow/dags/daily_summary.py for tasks to queue
[2025-10-24T23:41:23.529+0000] {logging_mixin.py:188} INFO - [2025-10-24T23:41:23.528+0000] {dagbag.py:538} INFO - Filling up the DagBag from /opt/airflow/dags/daily_summary.py
[2025-10-24T23:41:23.579+0000] {processor.py:840} INFO - DAG(s) 'daily_summary' retrieved from /opt/airflow/dags/daily_summary.py
[2025-10-24T23:41:23.599+0000] {logging_mixin.py:188} INFO - [2025-10-24T23:41:23.599+0000] {dag.py:3036} INFO - Sync 1 DAGs
[2025-10-24T23:41:23.618+0000] {logging_mixin.py:188} INFO - [2025-10-24T23:41:23.617+0000] {dag.py:3823} INFO - Setting next_dagrun for daily_summary to 2025-10-23 00:00:00+00:00, run_after=2025-10-24 00:00:00+00:00
[2025-10-24T23:41:23.642+0000] {processor.py:183} INFO - Processing /opt/airflow/dags/daily_summary.py took 0.118 seconds
[2025-10-24T23:41:53.859+0000] {processor.py:161} INFO - Started process (PID=3191) to work on /opt/airflow/dags/daily_summary.py
[2025-10-24T23:41:53.860+0000] {processor.py:830} INFO - Processing file /opt/airflow/dags/daily_summary.py for tasks to queue
[2025-10-24T23:41:53.861+0000] {logging_mixin.py:188} INFO - [2025-10-24T23:41:53.860+0000] {dagbag.py:538} INFO - Filling up the DagBag from /opt/airflow/dags/daily_summary.py
[2025-10-24T23:41:53.915+0000] {processor.py:840} INFO - DAG(s) 'daily_summary' retrieved from /opt/airflow/dags/daily_summary.py
[2025-10-24T23:41:53.937+0000] {logging_mixin.py:188} INFO - [2025-10-24T23:41:53.937+0000] {dag.py:3036} INFO - Sync 1 DAGs
[2025-10-24T23:41:53.952+0000] {logging_mixin.py:188} INFO - [2025-10-24T23:41:53.952+0000] {dag.py:3823} INFO - Setting next_dagrun for daily_summary to 2025-10-23 00:00:00+00:00, run_after=2025-10-24 00:00:00+00:00
[2025-10-24T23:41:53.979+0000] {processor.py:183} INFO - Processing /opt/airflow/dags/daily_summary.py took 0.122 seconds
[2025-10-24T23:42:24.294+0000] {processor.py:161} INFO - Started process (PID=3196) to work on /opt/airflow/dags/daily_summary.py
[2025-10-24T23:42:24.295+0000] {processor.py:830} INFO - Processing file /opt/airflow/dags/daily_summary.py for tasks to queue
[2025-10-24T23:42:24.296+0000] {logging_mixin.py:188} INFO - [2025-10-24T23:42:24.295+0000] {dagbag.py:538} INFO - Filling up the DagBag from /opt/airflow/dags/daily_summary.py
[2025-10-24T23:42:24.346+0000] {processor.py:840} INFO - DAG(s) 'daily_summary' retrieved from /opt/airflow/dags/daily_summary.py
[2025-10-24T23:42:24.365+0000] {logging_mixin.py:188} INFO - [2025-10-24T23:42:24.365+0000] {dag.py:3036} INFO - Sync 1 DAGs
[2025-10-24T23:42:24.381+0000] {logging_mixin.py:188} INFO - [2025-10-24T23:42:24.381+0000] {dag.py:3823} INFO - Setting next_dagrun for daily_summary to 2025-10-23 00:00:00+00:00, run_after=2025-10-24 00:00:00+00:00
[2025-10-24T23:42:24.398+0000] {processor.py:183} INFO - Processing /opt/airflow/dags/daily_summary.py took 0.106 seconds
[2025-10-24T23:42:54.621+0000] {processor.py:161} INFO - Started process (PID=3201) to work on /opt/airflow/dags/daily_summary.py
[2025-10-24T23:42:54.621+0000] {processor.py:830} INFO - Processing file /opt/airflow/dags/daily_summary.py for tasks to queue
[2025-10-24T23:42:54.622+0000] {logging_mixin.py:188} INFO - [2025-10-24T23:42:54.622+0000] {dagbag.py:538} INFO - Filling up the DagBag from /opt/airflow/dags/daily_summary.py
[2025-10-24T23:42:54.675+0000] {processor.py:840} INFO - DAG(s) 'daily_summary' retrieved from /opt/airflow/dags/daily_summary.py
[2025-10-24T23:42:54.696+0000] {logging_mixin.py:188} INFO - [2025-10-24T23:42:54.695+0000] {dag.py:3036} INFO - Sync 1 DAGs
[2025-10-24T23:42:54.711+0000] {logging_mixin.py:188} INFO - [2025-10-24T23:42:54.711+0000] {dag.py:3823} INFO - Setting next_dagrun for daily_summary to 2025-10-23 00:00:00+00:00, run_after=2025-10-24 00:00:00+00:00
[2025-10-24T23:42:54.734+0000] {processor.py:183} INFO - Processing /opt/airflow/dags/daily_summary.py took 0.116 seconds
[2025-10-24T23:43:24.920+0000] {processor.py:161} INFO - Started process (PID=3206) to work on /opt/airflow/dags/daily_summary.py
[2025-10-24T23:43:24.920+0000] {processor.py:830} INFO - Processing file /opt/airflow/dags/daily_summary.py for tasks to queue
[2025-10-24T23:43:24.921+0000] {logging_mixin.py:188} INFO - [2025-10-24T23:43:24.921+0000] {dagbag.py:538} INFO - Filling up the DagBag from /opt/airflow/dags/daily_summary.py
[2025-10-24T23:43:24.981+0000] {processor.py:840} INFO - DAG(s) 'daily_summary' retrieved from /opt/airflow/dags/daily_summary.py
[2025-10-24T23:43:25.006+0000] {logging_mixin.py:188} INFO - [2025-10-24T23:43:25.006+0000] {dag.py:3036} INFO - Sync 1 DAGs
[2025-10-24T23:43:25.024+0000] {logging_mixin.py:188} INFO - [2025-10-24T23:43:25.024+0000] {dag.py:3823} INFO - Setting next_dagrun for daily_summary to 2025-10-23 00:00:00+00:00, run_after=2025-10-24 00:00:00+00:00
[2025-10-24T23:43:25.044+0000] {processor.py:183} INFO - Processing /opt/airflow/dags/daily_summary.py took 0.128 seconds
[2025-10-24T23:43:55.396+0000] {processor.py:161} INFO - Started process (PID=3211) to work on /opt/airflow/dags/daily_summary.py
[2025-10-24T23:43:55.396+0000] {processor.py:830} INFO - Processing file /opt/airflow/dags/daily_summary.py for tasks to queue
[2025-10-24T23:43:55.398+0000] {logging_mixin.py:188} INFO - [2025-10-24T23:43:55.397+0000] {dagbag.py:538} INFO - Filling up the DagBag from /opt/airflow/dags/daily_summary.py
[2025-10-24T23:43:55.454+0000] {processor.py:840} INFO - DAG(s) 'daily_summary' retrieved from /opt/airflow/dags/daily_summary.py
[2025-10-24T23:43:55.474+0000] {logging_mixin.py:188} INFO - [2025-10-24T23:43:55.474+0000] {dag.py:3036} INFO - Sync 1 DAGs
[2025-10-24T23:43:55.490+0000] {logging_mixin.py:188} INFO - [2025-10-24T23:43:55.490+0000] {dag.py:3823} INFO - Setting next_dagrun for daily_summary to 2025-10-23 00:00:00+00:00, run_after=2025-10-24 00:00:00+00:00
[2025-10-24T23:43:55.509+0000] {processor.py:183} INFO - Processing /opt/airflow/dags/daily_summary.py took 0.116 seconds
[2025-10-24T23:44:25.713+0000] {processor.py:161} INFO - Started process (PID=3216) to work on /opt/airflow/dags/daily_summary.py
[2025-10-24T23:44:25.714+0000] {processor.py:830} INFO - Processing file /opt/airflow/dags/daily_summary.py for tasks to queue
[2025-10-24T23:44:25.715+0000] {logging_mixin.py:188} INFO - [2025-10-24T23:44:25.715+0000] {dagbag.py:538} INFO - Filling up the DagBag from /opt/airflow/dags/daily_summary.py
[2025-10-24T23:44:25.769+0000] {processor.py:840} INFO - DAG(s) 'daily_summary' retrieved from /opt/airflow/dags/daily_summary.py
[2025-10-24T23:44:25.794+0000] {logging_mixin.py:188} INFO - [2025-10-24T23:44:25.793+0000] {dag.py:3036} INFO - Sync 1 DAGs
[2025-10-24T23:44:25.811+0000] {logging_mixin.py:188} INFO - [2025-10-24T23:44:25.811+0000] {dag.py:3823} INFO - Setting next_dagrun for daily_summary to 2025-10-23 00:00:00+00:00, run_after=2025-10-24 00:00:00+00:00
[2025-10-24T23:44:25.837+0000] {processor.py:183} INFO - Processing /opt/airflow/dags/daily_summary.py took 0.127 seconds
